class,label,def
http://purl.obolibrary.org/obo/DOID_0050328,congenital hypothyroidism,A hypothyroidism that is present at birth.
http://purl.obolibrary.org/obo/DOID_0080015,physical disorder,"A disease that has_material_basis_in a genetic abnormality, error with embryonic development, infection or compromised intrauterine environment."
http://purl.obolibrary.org/obo/DOID_0050453,lissencephaly,A congenital nervous system abnormality characterized by the absence of folds in the cerebral cortex and caused_by defective neuronal migration during the 12th to 24th weeks of gestation.
http://purl.obolibrary.org/obo/DOID_2490,congenital nervous system abnormality,
http://purl.obolibrary.org/obo/DOID_0050454,periventricular nodular heterotopia,A congenital nervous system abnormality characterized by non proper migration of neurons during the early development of the fetal brain.
http://purl.obolibrary.org/obo/DOID_0050488,early congenital syphilis,"A congenital syphilis that is manifested during the first 3 months of life. The infection has_symptom skin lesions, has_symptom lymphadenopathy, has_symptom hepatosplenomegaly, has_symptom failure to thrive, has_symptom blood-stained nasal discharge, has_symptom perioral fissures, has_symptom meningitis, has_symptom choroiditis, has_symptom hydrocephalus, has_symptom seizures, has_symptom intellectual disability, has_symptom osteochondritis, and has_symptom pseudoparalysis."
http://purl.obolibrary.org/obo/DOID_9856,congenital syphilis,A syphilis that results_in a multisystem infection in the fetus via the placenta.
http://purl.obolibrary.org/obo/DOID_0050534,congenital stationary night blindness,A hereditary night blindness that is characterized by hemeralopia with a moderate loss of visual acuity and caused by defective photoreceptor-to-bipolar cell signaling with common ERG findings of reduced or absent b-waves and generally normal a-waves.
http://purl.obolibrary.org/obo/DOID_0050545,visceral heterotaxy,A physical disorder characterized by the abnormal distribution of the major visceral organs within the chest and abdomen.
http://purl.obolibrary.org/obo/DOID_0050546,congenital adrenal insufficiency,"An adrenal gland disease that is characterized by cortisol deficiency, hypoaldosteronism and excessive or insufficient sex hormones, has_material_basis_in the mutation in the gene for 21-hydroxylase, 11beta-hydroxylase, 3beta-hydroxysteroid, 17alpha-hydroxylase or 20,22-desmolase."
http://purl.obolibrary.org/obo/DOID_0050557,congenital muscular dystrophy,"A muscular dystrophy that is characterized by diminished muscle tone (hypotonia), progressive muscle weakness and degeneration (atrophy), abnormally fixed joints, spinal rigidity, and delays in reaching motor milestones such as sitting or standing unassisted."
http://purl.obolibrary.org/obo/DOID_0050558,Ullrich congenital muscular dystrophy,"A congenital muscular dystrophy that is characterized by muscle weakness and respiratory depression and has_material_basis_in mutation in the COL6A1, COL6A2 and COL6A3 that produce components of type VI collagen."
http://purl.obolibrary.org/obo/DOID_0050559,Fukuyama congenital muscular dystrophy,"A congenital muscular dystrophy-dystroglycanopathy type A that is characterized by muscle weakness, failure to thrive, severe intellectual and developmental disability, impaired vision and cardiac abnormalities and has_material_basis_in mutation in the FKTN gene that produces the fukutin protein."
http://purl.obolibrary.org/obo/DOID_0111229,congenital muscular dystrophy-dystroglycanopathy type A,"A congenital muscular dystrophy-dystroglycanopathy characterized by cobblestone lissencephaly, muscle weakness, and brain and eye anomalies that has_material_basis_in autosomal recessive inheritance a defect in alpha-dystroglycan post-translational processing."
http://purl.obolibrary.org/obo/DOID_0050560,Walker-Warburg syndrome,"A congenital muscular dystrophy that is characterized by hypotonia, seizures, severe intellectual and developmental disability, eye abnormalities and early death and has_material_basis_in mutations in multiple genes including POMT1, POMT2, ISPD, FKTN, FKRP, and LARGE1."
http://purl.obolibrary.org/obo/DOID_0050567,orofacial cleft,"A physical disorder that is characterized by cleft lip and/or cleft palate that result in feeding, speech and hearing problems caused by failures during development."
http://purl.obolibrary.org/obo/DOID_0050570,congenital disorder of glycosylation type I,A congenital disorder of glycosylation characterized by under-glycosylated serum glycoproteins.
http://purl.obolibrary.org/obo/DOID_5212,congenital disorder of glycosylation,A carbohydrate metabolic disorder that involves deficient or defective glycosylation of a variety of tissue proteins and/or lipids.
http://purl.obolibrary.org/obo/DOID_0050571,congenital disorder of glycosylation type II,A congenital disorder of glycosylation that involves malfunctioning trimming or processing of the protein-bound oligosaccharide chain.
http://purl.obolibrary.org/obo/DOID_0050585,congenital generalized lipodystrophy,"A lipodystrophy that is characterized by extreme scarcity of subcutaneous fat, muscular hypertrophy, fatty liver, hypertriglyceremia and metabolic complications including insulin resistance."
http://purl.obolibrary.org/obo/DOID_0050588,muscular dystrophy-dystroglycanopathy type B1,"A congenital muscular dystrophy characterized by muscle weakness, cognitive impairment and brain abnormalities and has_material_basis_in mutation to the POMT1 gene that encodes O-mannosyltransferase."
http://purl.obolibrary.org/obo/DOID_0112375,muscular dystrophy-dystroglycanopathy type B,"A muscular dystrophy-dystroglycanopathy characterized by early onset of muscle weakness, intellectual disability in most cases, and variable presence of mild brain anomalies."
http://purl.obolibrary.org/obo/DOID_0050590,severe congenital neutropenia,A neutropenia characterized by a maturation arrest of granulopoiesis at the level or promyelocytes and early onset of severe bacterial infections.
http://purl.obolibrary.org/obo/DOID_0050593,primary congenital glaucoma,"A glaucoma that is characterized by damage to the optic nerves that reduces peripheral vision and leads to blindness, has_material_basis_in mutation in the MYOC gene and appears before the age of 5 without other associated abnormalities."
http://purl.obolibrary.org/obo/DOID_0050651,atrioventricular septal defect,"A congenital heart septal defect characterized by an abnormal or inadequate fusion of the superior and inferior endocardial cushions with the mid portion of the atrial septum and the muscular portion of the ventricular septum, thus allowing extra blood to circulate the lungs."
http://purl.obolibrary.org/obo/DOID_1681,heart septal defect,
http://purl.obolibrary.org/obo/DOID_0050663,Bethlem myopathy,"A congenital muscular dystrophy that is characterized by myopathy and joint contractures that progresses slowly, has_material_basis_in autosomal dominant inheritance of heterozygous mutation in the COL6A1 gene, the COL6A2 gene, or the COL6A3 gene."
http://purl.obolibrary.org/obo/DOID_0050674,congenital bile acid synthesis defect,A steroid inherited metabolic disorder characterized by abnormal conversion of cholesterol into bile acids which occurs predominantly in the liver.
http://purl.obolibrary.org/obo/DOID_0050734,congenital intrinsic factor deficiency,A vitamin B12 deficiency that is characterized by megaloblastic anemia due to the absence of gastric intrinsic factor which results in abnormal vitamin B12 absorption.
http://purl.obolibrary.org/obo/DOID_10907,microcephaly,A congenital nervous system abnormality that is characterized by a significantly smaller than normal head in infants.
http://purl.obolibrary.org/obo/DOID_0050811,congenital adrenal hyperplasia,A steroid inherited metabolic disorder that is characterized by adrenal insufficiency and variable degrees of hyper or hypo androgeny manifestations resulting from steroidogenic enzyme deficiency.
http://purl.obolibrary.org/obo/DOID_0050813,spondyloepiphyseal dysplasia with congenital joint dislocations,"A spondyloepiphyseal dysplasia that is characterized by short stature of prenatal onset, joint dislocations (knees, hips, radial heads), club feet, and limitation of range of motion that can involve all large joints."
http://purl.obolibrary.org/obo/DOID_0060259,renal-hepatic-pancreatic dysplasia,"A physical disorder characterized by pancreatic fibrosis, renal dysplasia and hepatic dysgenesis; it is usual fatal soon after birth."
http://purl.obolibrary.org/obo/DOID_0060261,congenital ptosis,A ptosis characterized by eyelid drop present at birth.
http://purl.obolibrary.org/obo/DOID_0060285,parietal foramina,"An inherited neural tube defect that is characterized by enlarged openings in the parietal bones of the skull, has_material_basis_in mutation in the ALX4 gene or MSX2 gene."
http://purl.obolibrary.org/obo/DOID_0080074,neural tube defect,A physical disorder characterized by incomplete closure of the neural tube.
http://purl.obolibrary.org/obo/DOID_0060296,congenital secretory chloride diarrhea 1,A secretory diarrhea that has_material_basis_in mutation in the SLC26A3 gene.
http://purl.obolibrary.org/obo/DOID_0060326,myelomeningocele,"A spina bifida characterized by protrusion of the spinal cord through an opening, covered by meningeal membranes."
http://purl.obolibrary.org/obo/DOID_0080016,spina bifida,A neural tube defect that is characterized by incomplete closing of the spine and membranes around the spinal cord during early development.
http://purl.obolibrary.org/obo/DOID_0060327,omphalocele,"A physical disorder characterized by a defect in the development of the abdominal wall muscles, resulting in the intestines, liver and other organs to remain outside of the abdomen in a sac."
http://purl.obolibrary.org/obo/DOID_0060341,agnathia-otocephaly complex,"A physical disorder characterized by mandibular hypoplasia or agnathia, ventromedial auricular malposition (melotia) and/or auricular fusion (synotia), and microstomia with oroglossal hypoplasia or aglossia. Holoprosencephaly is the most commonly identified association, but skeletal, genitourinary and cardiovascular anomalies and situs inversus have been reported."
http://purl.obolibrary.org/obo/DOID_0060445,congenital stromal corneal dystrophy,A stromal dystrophy that is characterized by the presence of bilateral corneal opacities that can be seen at or shortly after birth.
http://purl.obolibrary.org/obo/DOID_0060558,lethal congenital contracture syndrome,"A syndrome characterized by congenital nonprogressive joint contractures. The contractures can involve the upper or lower limbs and/or the vertebral column, leading to various degrees of flexion or extension limitations evident at birth."
http://purl.obolibrary.org/obo/DOID_0060559,lethal congenital contracture syndrome 1,A lethal congenital contracture syndrome that has_material_basis_in homozygous or compound heterozygous mutation in the mRNA export mediator the GLE1 gene on chromosome 9q34.
http://purl.obolibrary.org/obo/DOID_0060560,lethal congenital contracture syndrome 2,A lethal congenital contracture syndrome that can be that has_material_basis_in homozygous mutation in the ERBB3 gene on chromosome 12q13.
http://purl.obolibrary.org/obo/DOID_0060563,Char syndrome,A patent ductus arteriosus with facial dysmorphism and abnormal fifth digits.
http://purl.obolibrary.org/obo/DOID_13832,patent ductus arteriosus,
http://purl.obolibrary.org/obo/DOID_0060613,X-linked cleft palate with or without ankyloglossia,A cleft palate that has_material_basis_in mutation in the TBX22 gene on chromosome Xq21.
http://purl.obolibrary.org/obo/DOID_674,cleft palate,"An orofacial cleft characterized by a fissure of the soft and/or hard palate, due to faulty fusion of the two plates of the skull that form the hard palate."
http://purl.obolibrary.org/obo/DOID_0060638,neonatal diabetes mellitus with congenital hypothyroidism,"A neonatal diabetes that is characterized by intrauterine growth retardation, hypothyroidism and onset of nonimmune diabetes mellitus within the first few weeks of life, and that has_material_basis_in homozygous or compound heterozygous mutations in the GLIS3 gene on chromosome 9p24."
http://purl.obolibrary.org/obo/DOID_0060646,congenital chylothorax,"A pleural disease characterized by the accumulation of chyle within the pleural space leading to respiratory distress, malnutrition and immunological compromise, either immediately after birth or within the first few weeks of life."
http://purl.obolibrary.org/obo/DOID_0060649,congenital hereditary endothelial dystrophy of cornea,"A corneal endothelial dystrophy that has_material_basis_in homozygous or compound heterozygous mutation in the SLC4A11 gene, which encodes a sodium borate cotransporter, on chromosome 20p13 and is characterized by thickening and opacification of the cornea, altered morphology of the endothelium, and secretion of an abnormal collagenous layer at the Descemet membrane."
http://purl.obolibrary.org/obo/DOID_0060653,lethal congenital contracture syndrome 3,A lethal congenital contracture syndrome that has_material_basis_in homozygous mutation in the PIP5K1C gene on chromosome 19p13.
http://purl.obolibrary.org/obo/DOID_0060654,lethal congenital contracture syndrome 4,A lethal congenital contracture syndrome that has_material_basis_in homozygous mutation in the MYBPC1 gene on chromosome 12q23.
http://purl.obolibrary.org/obo/DOID_0060655,autosomal recessive congenital ichthyosis,An ichthyosis that is characterized by autosomal recessive inheritance and abnormal skin scaling over the whole body due to a defect in keratinization.
http://purl.obolibrary.org/obo/DOID_0060656,autosomal recessive congenital ichthyosis 1,"An autosomal recessive congenital ichthyosis that is characterized by lamellar ichthyosis, ectropion, eclabium and hyperkeratosis that has_material_basis_in homozygous or compound heterozygous mutation in the TGM1 gene on chromosome 14q11.2."
http://purl.obolibrary.org/obo/DOID_0060668,anencephaly,"A congenital nervous system abnormality characterized by failure of the anterior neuropore to close resulting in partial or complete absence of the cranial vault accompanied by absence of overlying tissues, including the brain and cerebral hemispheres, skull and scalp."
http://purl.obolibrary.org/obo/DOID_0060710,autosomal recessive congenital ichthyosis 2,"An autosomal recessive congenital ichthyosis characterized by fine scales on the scalp, face, trunk and limbs, marked palmoplantar hyperlinearity, hyperkeratosis, acanthosis, mild hypergranulosis and thickened stratum corneum that has_material_basis_in homozygous or compound heterozygous mutation in the ALOX12B gene on chromosome 17p13."
http://purl.obolibrary.org/obo/DOID_0060711,autosomal recessive congenital ichthyosis 3,"An autosomal recessive congenital ichthyosis characterized by mild ichthyosis, fine scales on the scalp, face, trunk and limbs, dark brown adherent scales on the neck, elbow and knees, and hypohydrosis that has_material_basis_in homozygous or compound heterozygous mutation in the ALOXE3 gene on chromosome 17p13."
http://purl.obolibrary.org/obo/DOID_0060712,autosomal recessive congenital ichthyosis 4A,An autosomal recessive congenital ichthyosis characterized by generalized ichthyosis and ectropion that has_material_basis_in homozygous or compound heterozygous mutation in the ABCA12 gene on chromosome 2q35.
http://purl.obolibrary.org/obo/DOID_0060713,autosomal recessive congenital ichthyosis 4B,"An autosomal recessive congenital ichthyosis characterized by severe neonatal ichthyosis with bilateral ectropion and eclabium, flattened and rudimentary nose and ears, constricting bands around the extremities and frequently lethality during infancy that has_material_basis_in homozygous or compound heterozygous mutation in the ABCA12 gene on chromosome 2q35."
http://purl.obolibrary.org/obo/DOID_0060714,autosomal recessive congenital ichthyosis 5,"An autosomal recessive congenital ichthyosis characterized by fine white or greyish-white scales, hyperkeratosis, moderate acanthosis, and moderate parakeratosis that has_material_basis_in homozygous mutation in the CYP4F22 gene on chromosome 19p13."
http://purl.obolibrary.org/obo/DOID_0060715,autosomal recessive congenital ichthyosis 6,"An autosomal recessive congenital ichthyosis characterized by generalized ichthyosis, hyperkeratosis, parakeratosis and moderate acanthosis that has_material_basis_in homozygous or compound heterozygous mutation in the NIPAL4 gene on chromosome 5q33."
http://purl.obolibrary.org/obo/DOID_0060716,autosomal recessive congenital ichthyosis 7,"An autosomal recessive congenital ichthyosis characterized by fine whitish scales, moderate to severe erythroderma, compact hyperkeratosis, hypergranulosis, acanthosis, and papillomatosis that has_material_basis_in variation in the chromosome region 12p11.2-q13.1."
http://purl.obolibrary.org/obo/DOID_0060717,autosomal recessive congenital ichthyosis 8,"An autosomal recessive congenital ichthyosis characterized by diffuse lamellar ichthyosis, slight facial erythema, hyperkeratosis, orthokeratosis, hypergranulosis, and acanthosis that has_material_basis_in homozygous mutation in the LIPN gene on chromosome 10q23."
http://purl.obolibrary.org/obo/DOID_0060718,autosomal recessive congenital ichthyosis 9,"An autosomal recessive congenital ichthyosis characterized by fine erythrodermic scales, palmoplantar hyperlinearity, thick orthohyperkeratosis, hypergranulosis, moderate acanthosis and mild alopecia that has_material_basis_in homozygous mutation in the CERS3 gene on chromosome 15q26."
http://purl.obolibrary.org/obo/DOID_0060719,autosomal recessive congenital ichthyosis 10,"An autosomal recessive congenital ichthyosis characterized by generalized ichthyosis, moderade erythroderma, palmoplantar keratoderma and hypergranulosis that has_material_basis_in homozygous mutation in the PNPLA1 gene on chromosome 6p21."
http://purl.obolibrary.org/obo/DOID_0060720,autosomal recessive congenital ichthyosis 11,"An autosomal recessive congenital ichthyosis characterized by ichthyosis, hypotrichosis, photophobia, corneal opacity, pingueculum, blepharitis, marked acanthosis, otrhohyperkeratosis and hyperkeratosis that has_material_basis_in homozygous mutation in the ST14 gene on chromosome 11q24."
http://purl.obolibrary.org/obo/DOID_0060731,congenital central hypoventilation syndrome,"An autonomic nervous system disease characterized by reduced responsiveness of the respiratory center to carbon dioxide, diminished pupillary light responses, and other symptoms related to defects in the autonomic nervous system and that has_material_basis_in most commonly heterozygous mutation in the PHOX2B gene on chromosome 4p13 and less frequently mutations in the RET, GDNF, EDN3, BDNF, or ASCL1 genes."
http://purl.obolibrary.org/obo/DOID_0060769,"T-cell immunodeficiency, congenital alopecia, and nail dystrophy","A severe combined immunodeficiency characterized by congenital alopecia, severe T-cell immunodeficiency, and ridging, pitting or curving of all nails that has_material_basis_in homozygous mutation in the FOXN1 gene on chromosome 17q11-q12."
http://purl.obolibrary.org/obo/DOID_0060770,dextro-looped transposition of the great arteries,A congenital heart disease characterized by complete inversion of the great vessels where the aorta incorrectly arises from the right ventricle and the pulmonary artery incorrectly arises from the left ventricle.
http://purl.obolibrary.org/obo/DOID_1682,congenital heart disease,
http://purl.obolibrary.org/obo/DOID_0060772,multiple types of congenital heart defects 6,"A congenital heart disease that is characterized by a congenital cardiac malformation characterized by atrioventricular concordance and ventriculoarterial discordance and that 
has_material_basis_in heterozygous mutation in the GDF1 gene on chromosome 19p13."
http://purl.obolibrary.org/obo/DOID_0060774,congenital diarrhea,A diarrhea that is characterized by frequent loose or liquid bowel movements where the disease is present from birth.
http://purl.obolibrary.org/obo/DOID_0060775,microvillus inclusion disease,"A congenital diarrhea characterized by onset of intractable life-threatening watery diarrhea during infancy, lack of microvilli on the surface of enterocytes and occurrence of intracellular vacuolar structures containing microvilli that has_material_basis_in homozygous or compound heterozygous mutation in the MYO5B gene on chromosome 18q21."
http://purl.obolibrary.org/obo/DOID_0060776,congenital diarrhea 5 with tufting enteropathy,"A congenital diarrhea characterized by intractable diarrhea of infancy with villous atrophy, absence of inflammation, and intestinal epithelial cell dysplasia manifesting as focal epithelial tufts in the duodenum and jejunum that has_material_basis_in homozygous or compound heterozygous mutation in the EPCAM gene on chromosome 2p21."
http://purl.obolibrary.org/obo/DOID_0060777,congenital secretory sodium diarrhea 8,A secretory diarrhea that has_material_basis_in homozygous or compound heterozygous mutation in the SLC9A3 gene on chromosome 5p15.
http://purl.obolibrary.org/obo/DOID_0060778,congenital diarrhea 7 with exudative enteropathy,"A congenital diarrhea characterized by watery diarrhea, protein-losing enteropathy, patchy areas of dystrophic microvilli in the duodenum and patchy areas of villous atrophy that has_material_basis_in homozygous mutation in the DGAT1 gene on chromosome 8q24.3."
http://purl.obolibrary.org/obo/DOID_0060779,congenital malabsorptive diarrhea 4,A congenital diarrhea characterized by chronic unremitting malabsorptive diarrhea and a profound dysgenesis of the enteroendocrine cells that has_material_basis_in mutation in the gene encoding neurogenin-3 (NEUROG3) on chromosome 10q21.3.
http://purl.obolibrary.org/obo/DOID_0060780,congenital diarrhea 6,"A congenital diarrhea characterized by mild, early-onset chronic diarrhea that has_material_basis_in heterozygous mutation in the GUCY2C gene on chromosome 12p12."
http://purl.obolibrary.org/obo/DOID_0060781,congenital secretory sodium diarrhea 3,A secretory diarrhea that has_material_basis_in homozygous or compound heterozygous mutation in the SPINT2 gene on chromosome 19q13.
http://purl.obolibrary.org/obo/DOID_0060856,right atrial isomerism,"A visceral heterotaxy that is characterized by complete atrioventricular septal defect with a common atrium and univentricular AV connection, total anomalous pulmonary drainage, and transposition or malposition of the great arteries and that has_material_basis_in homozygous mutation in the GDF1 gene on chromosome 19p12."
http://purl.obolibrary.org/obo/DOID_0060902,Norman-Roberts syndrome,A lissencephaly that has_material_basis_in homozygous mutation in the gene encoding reelin (RELN) on chromosome 7q22.
http://purl.obolibrary.org/obo/DOID_0070123,congenital nongoitrous hypothyroidism 4,A congenital hypothyroidism characterized by a permanent thyroid deficiency present at birth and resulting from deficiency in TSH synthesis that has_material_basis_in homozygous mutation in the TSHB gene on chromosome 1p13.
http://purl.obolibrary.org/obo/DOID_0070124,congenital nongoitrous hypothyroidism 2,A congenital hypothyroidism that has_material_basis_in heterozygous mutation in the PAX8 gene on chromosome 2q13.
http://purl.obolibrary.org/obo/DOID_0070125,congenital nongoitrous hypothyroidism 5,A congenital hypothyroidism that has_material_basis_in heterozygous mutation in the NKX2-5 gene on chromosome 5q35.
http://purl.obolibrary.org/obo/DOID_0070126,congenital nongoitrous hypothyroidism 1,A congenital hypothyroidism that has_material_basis_in mutation in the TSHR gene on chromosome 14q31.
http://purl.obolibrary.org/obo/DOID_0070127,congenital nongoitrous hypothyroidism 3,A congenital hypothyroidism characterized by autosomal dominant inheritance of resistance to thyrotropin that has_material_basis_in variation in the chromosome region 15q25.3-q26.1.
http://purl.obolibrary.org/obo/DOID_0070128,congenital nongoitrous hypothyroidism 6,A congenital hypothyroidism that has_material_basis_in heterozygous mutation in the THRA gene on chromosome 17q21.1.
http://purl.obolibrary.org/obo/DOID_0070253,congenital disorder of glycosylation type IIa,A congenital disorder of glycosylation type II that has_material_basis_in an autosomal recessive mutation of the MGAT2 gene on chromosome 14q21.3.
http://purl.obolibrary.org/obo/DOID_0070254,congenital disorder of glycosylation type IIb,A congenital disorder of glycosylation type II that has_material_basis_in an autosomal recessive mutation of the MOGS gene on chromosome 2p13.1.
http://purl.obolibrary.org/obo/DOID_0070255,congenital disorder of glycosylation type IIc,A congenital disorder of glycosylation type II that has_material_basis_in an autosomal recessive mutation of the SLC35C1 gene on chromosome 11p11.2.
http://purl.obolibrary.org/obo/DOID_0070256,congenital disorder of glycosylation type IId,A congenital disorder of glycosylation type II that has_material_basis_in an autosomal recessive mutation of the B4GALT1 gene on chromosome 9p21.1.
http://purl.obolibrary.org/obo/DOID_0070257,congenital disorder of glycosylation type IIe,A congenital disorder of glycosylation type II that has_material_basis_in a mutation of the COG7 gene on chromosome 16p12.2.
http://purl.obolibrary.org/obo/DOID_0070258,congenital disorder of glycosylation type IIf,A congenital disorder of glycosylation type II that has_material_basis_in an autosomal recessive mutation of the SLC35A1 gene on chromosome 6q15.
http://purl.obolibrary.org/obo/DOID_0070259,congenital disorder of glycosylation type IIg,A congenital disorder of glycosylation type II that has_material_basis_in a mutation of the COG1 gene on chromosome 17q25.1.
http://purl.obolibrary.org/obo/DOID_0070260,congenital disorder of glycosylation type IIh,A congenital disorder of glycosylation type II that has_material_basis_in a mutation of the COG8 gene on chromosome 16q22.1.
http://purl.obolibrary.org/obo/DOID_0070261,congenital disorder of glycosylation type IIi,A congenital disorder of glycosylation type II that has_material_basis_in a mutation of the COG5 gene on chromosome 7q22.3.
http://purl.obolibrary.org/obo/DOID_0070262,congenital disorder of glycosylation type IIj,A congenital disorder of glycosylation type II that has_material_basis_in an autosomal recessive mutation of the COG4 gene on chromosome 16q22.1.
http://purl.obolibrary.org/obo/DOID_0070263,congenital disorder of glycosylation type IIk,A congenital disorder of glycosylation type II that has_material_basis_in an autosomal recessive mutation of the TMEM165 gene on chromosome 4q12.
http://purl.obolibrary.org/obo/DOID_0070264,congenital disorder of glycosylation type IIl,A congenital disorder of glycosylation type II that has_material_basis_in an autosomal recessive mutation of the COG6 gene on chromosome 13q14.11.
http://purl.obolibrary.org/obo/DOID_0070265,congenital disorder of glycosylation type IIm,"A congenital disorder of glycosylation type II that is characterized by infantile onset seizures, hypsarrhythmia, hypotonia, and severe intellectual disability with lack of speech and that has_material_basis_in X-linked dominant inheritance of hemizygous or heterozygous mutation in the SLC35A2 gene on chromosome Xp11.23."
http://purl.obolibrary.org/obo/DOID_0070266,congenital disorder of glycosylation type IIn,A congenital disorder of glycosylation type II that has_material_basis_in an autosomal recessive mutation of the SLC39A8 gene on chromosome 4q24.
http://purl.obolibrary.org/obo/DOID_0070267,congenital disorder of glycosylation type IIo,A congenital disorder of glycosylation type II that has_material_basis_in an autosomal recessive mutation of the CCDC115 gene on chromosome 2q21.1.
http://purl.obolibrary.org/obo/DOID_0070268,congenital disorder of glycosylation type IIp,A congenital disorder of glycosylation type II that has_material_basis_in an autosomal recessive mutation of the TMEM199 gene on chromosome 17q11.2.
http://purl.obolibrary.org/obo/DOID_0070269,congenital disorder of glycosylation type IIq,A congenital disorder of glycosylation type II that has_material_basis_in an autosomal recessive mutation of the COG2 gene on chromosome 1q42.2.
http://purl.obolibrary.org/obo/DOID_0070277,primary autosomal recessive microcephaly 15,"A primary autosomal recessive microcephaly characterized by impaired intellectual development with poor speech, progressive microcephaly, and appendicular spasticity that has_material_basis_in homozygous or compound heterozygous mutation in the MFSD2A gene on chromosome 1p34."
http://purl.obolibrary.org/obo/DOID_0070296,primary autosomal recessive microcephaly,"A primary microcephaly characterized by microcephaly present at birth, where the brain is small but has normal architecture, and nonprogressive mental retardation that has_material_basis_in an autosomal recessive mutation."
http://purl.obolibrary.org/obo/DOID_0070278,primary autosomal recessive microcephaly 7,A primary autosomal recessive microcephaly that has_material_basis_in homozygous or compound heterozygous mutation in the STIL gene on chromosome 1p33.
http://purl.obolibrary.org/obo/DOID_0070279,primary autosomal recessive microcephaly 14,A primary autosomal recessive microcephaly that has_material_basis_in homozygous or compound heterozygous mutation in the SASS6 gene on chromosome 1p21.
http://purl.obolibrary.org/obo/DOID_0070280,primary autosomal recessive microcephaly 5,A primary autosomal recessive microcephaly that has_material_basis_in homozygous or compound heterozygous mutation in the ASPM gene on chromosome 1q31.
http://purl.obolibrary.org/obo/DOID_0070281,primary autosomal recessive microcephaly 19,A primary autosomal recessive microcephaly that has_material_basis_in homozygous or compound heterozygous mutation in the COPB2 gene on chromosome 3q23.
http://purl.obolibrary.org/obo/DOID_0070282,primary autosomal recessive microcephaly 8,A primary autosomal recessive microcephaly that has_material_basis_in homozygous or compound heterozygous mutation in the CEP135 gene on chromosome 4q.
http://purl.obolibrary.org/obo/DOID_0070283,primary autosomal recessive microcephaly 13,A primary autosomal recessive microcephaly that has_material_basis_in homozygous or compound heterozygous mutation in the CENPE gene on chromosome 4q24.
http://purl.obolibrary.org/obo/DOID_0070284,primary autosomal recessive microcephaly 12,A primary autosomal recessive microcephaly that has_material_basis_in homozygous or compound heterozygous mutation in the CDK6 gene on chromosome 7q21.
http://purl.obolibrary.org/obo/DOID_0070285,primary autosomal recessive microcephaly 1,A primary autosomal recessive microcephaly that has_material_basis_in homozygous or compound heterozygous mutation in the MCPH1 gene on chromosome 8p23.
http://purl.obolibrary.org/obo/DOID_0070286,primary autosomal recessive microcephaly 3,A primary autosomal recessive microcephaly that has_material_basis_in homozygous or compound heterozygous mutation in the CDK5RAP2 gene on chromosome 9q33.
http://purl.obolibrary.org/obo/DOID_0070287,primary autosomal recessive microcephaly 11,A primary autosomal recessive microcephaly that has_material_basis_in homozygous or compound heterozygous mutation in the PHC1 gene on chromosome 12p13.
http://purl.obolibrary.org/obo/DOID_0070288,primary autosomal recessive microcephaly 17,A primary autosomal recessive microcephaly that has_material_basis_in homozygous or compound heterozygous mutation in the CIT gene on chromosome 12q24.
http://purl.obolibrary.org/obo/DOID_0070289,primary autosomal recessive microcephaly 16,A primary autosomal recessive microcephaly that has_material_basis_in homozygous or compound heterozygous mutation in the ANKLE2 gene on chromosome 12q24.
http://purl.obolibrary.org/obo/DOID_0070290,primary autosomal recessive microcephaly 6,A primary autosomal recessive microcephaly that has_material_basis_in homozygous or compound heterozygous mutation in the CENPJ gene on chromosome 13q12.
http://purl.obolibrary.org/obo/DOID_0070291,primary autosomal recessive microcephaly 4,A primary autosomal recessive microcephaly that has_material_basis_in homozygous or compound heterozygous mutation in the KNL1 gene on chromosome 15q15.
http://purl.obolibrary.org/obo/DOID_0070292,primary autosomal recessive microcephaly 9,A primary autosomal recessive microcephaly that has_material_basis_in homozygous or compound heterozygous mutation in the CEP152 gene on chromosome 15q21.
http://purl.obolibrary.org/obo/DOID_0070293,primary autosomal recessive microcephaly 2 with or without cortical malformations,A primary autosomal recessive microcephaly that has_material_basis_in homozygous or compound heterozygous mutation in the WDR62 gene on chromosome 19q13.
http://purl.obolibrary.org/obo/DOID_0070294,primary autosomal recessive microcephaly 10,A primary autosomal recessive microcephaly that has_material_basis_in homozygous or compound heterozygous mutation in the ZNF335 gene on chromosome 20q13.
http://purl.obolibrary.org/obo/DOID_0070295,primary autosomal dominant microcephaly 18,A primary microcephaly that has_material_basis_in heterozygous mutation in the WDFY3 gene on chromosome 4q21.
http://purl.obolibrary.org/obo/DOID_0070297,primary microcephaly,"A microcephaly characterized by microcephaly present at birth, where the brain is small but has normal architecture, and nonprogressive mental retardation."
http://purl.obolibrary.org/obo/DOID_0070315,hypoplastic right heart syndrome,A congenital heart disease characterized by underdevelopment of the structures on the right side of the heart commonly associated with atrial septal defect.
http://purl.obolibrary.org/obo/DOID_0070336,arthrogryposis multiplex congenita-6,"An arthrogryposis multiplex congenita characterized by congenital joint contractures, dysmorphic facial features, distal skeletal anomalies with clenched hands and clubfeet, and edema with fetal hydrops and that has_material_basis_in homozygous or compound heterozygous mutation in the NEB gene on chromosome 2q23."
http://purl.obolibrary.org/obo/DOID_0080954,arthrogryposis multiplex congenita,A nervous system disease that is characterized by development of multiple joint contractures affecting two or more areas of the body prior to birth.
http://purl.obolibrary.org/obo/DOID_0080073,spina bifida occulta,A spina bifida that is characterized by minor splits in the vertebrae where the outer part of some of the vertebrae is not completely closed.
http://purl.obolibrary.org/obo/DOID_0080079,nonsyndromic congenital nail disorder 1,"A nonsyndromic congenital nail disorder that is characterized by excessive longitudinal striations and numerous superficial pits on the nails, which have a distinctive rough, sand paper-like appearance."
http://purl.obolibrary.org/obo/DOID_0080683,nonsyndromic congenital nail disorder,A nail disease that is characterized by underdevelopment of nails.
http://purl.obolibrary.org/obo/DOID_0080080,nonsyndromic congenital nail disorder 2,"A nonsyndromic congenital nail disorder that is characterized by nails that are abnormally thin and concave from side to side, with turned up edges."
http://purl.obolibrary.org/obo/DOID_0080081,nonsyndromic congenital nail disorder 3,A nonsyndromic congenital nail disorder that is characterized by white discoloration of the nails.
http://purl.obolibrary.org/obo/DOID_0080082,nonsyndromic congenital nail disorder 4,"A nonsyndromic congenital nail disorder that is characterized by complete absence or severe hypoplasia of all fingernails and toenails without significant bone anomalies, and that has_material_basis_in homozygous or compound heterozygous mutation in the R-spondin-4 gene on chromosome 20p13."
http://purl.obolibrary.org/obo/DOID_0080083,nonsyndromic congenital nail disorder 5,"A nonsyndromic congenital nail disorder that is characterized by a decreased growth rate, thick and hard nails, and a straight or concave proximal edge of detachment."
http://purl.obolibrary.org/obo/DOID_0080084,nonsyndromic congenital nail disorder 6,A nonsyndromic congenital nail disorder that is characterized by partial absences of nails.
http://purl.obolibrary.org/obo/DOID_0080085,nonsyndromic congenital nail disorder 7,"A nonsyndromic congenital nail disorder that is characterized by nails with longi- tudinal streaks, thinning of the nail plate, poorly developed or absent lunulae, along with variously disturbed formation of the nail plate leading to increased vulnerability of the free nail margins."
http://purl.obolibrary.org/obo/DOID_0080086,nonsyndromic congenital nail disorder 8,A nonsyndromic congenital nail disorder that is characterized by dystrophy of the toenails only.
http://purl.obolibrary.org/obo/DOID_0080087,nonsyndromic congenital nail disorder 9,"A nonsyndromic congenital nail disorder that is characterized by normal nails at birth with dystrophic changes developing within the first decade of life, resulting in onycholysis of fingernails and anonychia of toenails."
http://purl.obolibrary.org/obo/DOID_0080101,Compton-North congenital myopathy,"A congenital myopathy that has_material_basis_in homozygous mutation in the CNTN1 gene on chromosome 12q12 and that is characterized antenatally, by fetal akinesia, intrauterine growth restriction and polyhydramnios, and, following birth, by severe neonatal hypotonia, severe generalized skeletal, bulbar and respiratory muscle weakness, multiple flexion contractures, and normal creatine kinase serum levels."
http://purl.obolibrary.org/obo/DOID_0080102,congenital myopathy 4A,"A congenital myopathy that is characterized by skeletal muscle weakness, particularly in the muscles of the shoulders, upper arms, hips, and thighs."
http://purl.obolibrary.org/obo/DOID_0080138,multiple congenital anomalies-hypotonia-seizures syndrome 1,"A multiple congenital anomalies-hypotonia-seizures syndrome that is characterized by neonatal hypotonia, lack of psychomotor development, seizures, dysmorphic features, and variable congenital anomalies involving the cardiac, urinary, and gastrointestinal systems and has_material_basis_in homozygous mutation in the PIGN gene on chromosome 18q21."
http://purl.obolibrary.org/obo/DOID_0080503,multiple congenital anomalies-hypotonia-seizures syndrome,"A lipid metabolism disorder that is characterized by severe global developmental delay, hypotonia, and early-onset seizures, associated with multiple cardiac, genitourinary, and gastrointestinal congenital anomalies."
http://purl.obolibrary.org/obo/DOID_0080139,multiple congenital anomalies-hypotonia-seizures syndrome 2,"A multiple congenital anomalies-hypotonia-seizures syndrome that is characterized by X-linked recessive inheritance of dysmorphic features, neonatal hypotonia, myoclonic seizures and variable abnormalities involving the central nervous, cardiac, and urinary systems that has_material_basis_in mutation in the PIGA gene on chromosome Xp22."
http://purl.obolibrary.org/obo/DOID_0080140,multiple congenital anomalies-hypotonia-seizures syndrome 3,"A multiple congenital anomalies-hypotonia-seizures syndrome that is characterized by neonatal hypotonia, lack of psychomotor development, seizures, dysmorphic features, and variable congenital anomalies involving the cardiac, urinary, and gastrointestinal systems and that has_material_basis_in homozygous or compound heterozygous mutation in the PIGT gene on chromosome 20q13."
http://purl.obolibrary.org/obo/DOID_0080143,congenital fibrosis of the extraocular muscles,"An ocular motility disease that is characterized by the inability to move the eyes in certain directions, droopy eyelids and eyes that are fixed in an abnormal position."
http://purl.obolibrary.org/obo/DOID_0080173,bladder exstrophy-epispadias-cloacal exstrophy complex,"A physical disorder that is characterized as a spectrum of anomalies involving the urinary tract, genital tract, musculoskeletal system and sometimes the intestinal tract."
http://purl.obolibrary.org/obo/DOID_0080174,bladder exstrophy,"A bladder exstrophy-epispadias-cloacal exstrophy complex that is characterized by an evaginated bladder plate, epispadias and an anterior defect of the pelvis, pelvic floor and abdominal wall. The rear portion of the bladder wall (posterior vesical wall) turns outward (exstrophy) through an opening in the abdominal wall and urine is excreted through this opening."
http://purl.obolibrary.org/obo/DOID_0080175,cloacal exstrophy,"A bladder exstrophy-epispadias-cloacal exstrophy complex that is characterized by a defect in the urethra, bladder and bowel."
http://purl.obolibrary.org/obo/DOID_0080180,Zika virus congenital syndrome,"A syndrome that is characterized in neonates by microcephaly, craniofacial disproportion, spasticity, seizures, irritability and brainstem dysfunction including feeding difficulties, ocular abnormalities and findings on neuroimaging such as calcifications, cortical disorders and ventriculomegaly and has_material_basis_in the acquisition of Zika virus infection in utero."
http://purl.obolibrary.org/obo/DOID_0080197,congenital muscular dystrophy with cataracts and intellectual disability,A congenital muscular dystrophy characterized by onset of progressive muscle weakness in early childhood with autosomal recessive inheritance that has_material_basis_in homozygous or compound heterozygous mutation in the INPP5K gene (607875) on chromosome 17p13.
http://purl.obolibrary.org/obo/DOID_0080257,autosomal recessive congenital ichthyosis 13,"An autosomal recessive congenital ichthyosis that is characterized by lamellar ichthyosis, ectropion, eclabium and hyperkeratosis that has_material_basis_in homozygous mutation in the SDR9C7 gene on chromosome 12q13."
http://purl.obolibrary.org/obo/DOID_0080258,autosomal recessive congenital ichthyosis 14,"An autosomal recessive congenital ichthyosis that is characterized by lamellar ichthyosis, ectropion, eclabium and hyperkeratosis that has_material_basis_in homozygous or compound heterozygous mutation in the SULT2B1 gene on chromosome 19q13."
http://purl.obolibrary.org/obo/DOID_0080313,cleft palate-lateral synechia syndrome,A physical disorder that is characterized by fusion of maxilla and mandible.
http://purl.obolibrary.org/obo/DOID_0080395,orofacial cleft 1,An orofacial cleft characterized by autosomal dominant inheritance that has_material_basis_in variation in chromosome region 6p24.3.
http://purl.obolibrary.org/obo/DOID_0080396,orofacial cleft 2,An orofacial cleft that has_material_basis_in variation in the chromosome region 2p13.
http://purl.obolibrary.org/obo/DOID_0080397,orofacial cleft 3,An orofacial cleft that has_material_basis_in variation in the chromosomal region 19q13.
http://purl.obolibrary.org/obo/DOID_0080398,orofacial cleft 4,An orofacial cleft that has_material_basis_in variation in the 4q21-q31 chromosomal region.
http://purl.obolibrary.org/obo/DOID_0080399,orofacial cleft 5,An orofacial cleft that has_material_basis_in mutation in the MSX1 gene on chromosome 4p16.
http://purl.obolibrary.org/obo/DOID_0080400,orofacial cleft 7,An orofacial cleft that has_material_basis_in by homozygous mutation in the PVRL1 gene on chromosome 11q23.
http://purl.obolibrary.org/obo/DOID_0080401,orofacial cleft 8,An orofacial cleft that has_material_basis_in heterozygous mutation in the TP63 gene on chromosome 3q28.
http://purl.obolibrary.org/obo/DOID_0080402,orofacial cleft 9,An orofacial cleft that has_material_basis_in variation in the chromosome region 13q33.1-q34.
http://purl.obolibrary.org/obo/DOID_0080403,orofacial cleft 10,An orofacial cleft that has_material_basis_in mutation in the SUMO1 gene on chromosome 2q33.
http://purl.obolibrary.org/obo/DOID_0080404,orofacial cleft 11,An orofacial cleft that has_material_basis_in heterozygous mutation in the BMP4 gene on chromosome 14q22.
http://purl.obolibrary.org/obo/DOID_0080405,orofacial cleft 12,An orofacial cleft that has_material_basis_in variation in the chromosome region 8q24.3.
http://purl.obolibrary.org/obo/DOID_0080406,orofacial cleft 13,An orofacial cleft characterized by autosomal doninant inhertitance that has_material_basis_in variation in chromosome region 1p33 associated with enrichment of the T allele of SNP rs3827730.
http://purl.obolibrary.org/obo/DOID_0080407,orofacial cleft 14,"An orofacial cleft that is characterized by incomplete median clefts of both the lower lip and upper lip, double labial frenulum and fusion of the upper gingival and upper labial mucosa, in addition to poor dental alignment, and increased interdental distance between the lower and upper median incisors."
http://purl.obolibrary.org/obo/DOID_0080408,orofacial cleft 15,An orofacial cleft that has_material_basis_in mutation in the DLX4 gene on chromosome 17q21.
http://purl.obolibrary.org/obo/DOID_0080552,congenital disorder of glycosylation Ia,"A congenital disorder of glycosylation I that is characterized by a severe encephalopathy with axial hypotonia, abnormal eye movement, pronounced psychomotor retardation, peripheral neuropathy, cerebellar hypoplasia, and retinitis pigmentosa and has_material_basis_in homozygous or compound heterozygous mutation in the gene encoding phosphomannomutase-2 on chromosome 16p13."
http://purl.obolibrary.org/obo/DOID_0080553,congenital disorder of glycosylation Iaa,A congenital disorder of glycosylation I that is characterized by fibroblasts with reduced dolichol profiles and enhanced accumulation of free cholesterol and has_material_basis_in homozygous mutation in the NUS1 gene on chromosome 6q22.
http://purl.obolibrary.org/obo/DOID_0080554,congenital disorder of glycosylation Ib,"A congenital disorder of glycosylation I that is characterized by protein-losing enteropathy, cyclic vomiting, profound hypoglycemia, failure to thrive, liver fibrosis, protein-losing enteropathy with hypoalbuminaemia, life-threatening intestinal bleeding of diffuse origin, protein C and S deficiency, low anti-thrombine III levels and has_material_basis_in compound heterozygous mutation in the gene encoding mannosephosphate isomerase on chromosome 15q24."
http://purl.obolibrary.org/obo/DOID_0080555,congenital disorder of glycosylation Ic,"A congenital disorder of glycosylation I that is characterized by psychomotor retardation with delayed walking and speech, hypotonia, seizures, and sometimes protein-losing enteropathy and has_material_basis_in homozygous or compound heterozygous mutation in the ALG6 gene on chromosome 1p31."
http://purl.obolibrary.org/obo/DOID_0080556,congenital disorder of glycosylation Id,A congenital disorder of glycosylation I that is characterized by severe neurologic involvement associated with dysmorphism and visual impairment and has_material_basis_in homozygous or compound heterozygous mutation in the ALG3 gene on chromosome 3q27.
http://purl.obolibrary.org/obo/DOID_0080557,congenital disorder of glycosylation Ie,"A congenital disorder of glycosylation I that is characterized by psychomotor delay, seizures, hypotonia, facial dysmorphism and microcephaly and has_material_basis_in homozygous or compound heterozygous mutation in the DPM1 gene on chromosome 20q13."
http://purl.obolibrary.org/obo/DOID_0080558,congenital disorder of glycosylation If,"A congenital disorder of glycosylation I that is characterized by psychomotor delay, seizures, failure to thrive, and cutaneous and ocular anomalies and has_material_basis_in homozygous or compound heterozygous mutation in the MPDU1 gene on chromosome 17p13."
http://purl.obolibrary.org/obo/DOID_0080559,congenital disorder of glycosylation Ig,"A congenital disorder of glycosylation I that is characterized by facial dysmorphism (prominent forehead, large ears, thin upper lip), generalized hypotonia, feeding difficulties, moderate to severe developmental delay, progressive microcephaly, frequent upper respiratory tract infections due to impaired immunity with decreased immunoglobulin levels, and decreased coagulation factors and has_material_basis_in homozygous or compound heterozygous mutation in the gene encoding dolichyl-P-mannose:Man-7-GlcNAc-2-PP-dolichyl-alpha-6-mannosyltransferase on chromosome 22q13."
http://purl.obolibrary.org/obo/DOID_0080560,congenital disorder of glycosylation Ih,"A congenital disorder of glycosylation I that is characterized by gastrointestinal symptoms (diarrhea, vomiting, feeding problems with failure to thrive, protein-losing enteropathy), edema and ascites (including hydrops fetalis), hepatomegaly, renal tubulopathy, coagulation anomalies due to thrombocytopenia, brain involvement (psychomotor delay, seizures, ataxia), facial dysmorphism (low-set ears and retrognathia), pes equinovarus, and muscular hypotonia and has_material_basis_in heterozygous mutation in the gene encoding dolichyl-P-glucose:Glc-1-Man-9-GlcNAc-2-PP-dolichyl-alpha-3-glucosyltransferase on chromosome 11q14."
http://purl.obolibrary.org/obo/DOID_0080561,congenital disorder of glycosylation Ii,"A congenital disorder of glycosylation I that is characterized by iris coloboma, cataract, infantile spasms, developmental delay and abnormal coagulation factors and has_material_basis_in compound heterozygous mutation in the ALG2 gene on chromosome 9q22."
http://purl.obolibrary.org/obo/DOID_0080562,congenital disorder of glycosylation Ij,"A congenital disorder of glycosylation I that is characterized by hypotonia, intractable seizures, developmental delay, microcephaly and severe fetal hypokinesia and has_material_basis_in homozygous or compound heterozygous mutation in the DPAGT1 gene, which encodes UDP-GlcNAc:dolichyl-phosphate N-acetylglucosamine phosphotransferase, on chromosome 11q23."
http://purl.obolibrary.org/obo/DOID_0080563,congenital disorder of glycosylation Ik,"A congenital disorder of glycosylation I that is characterized by severe developmental and psychomotor delay, muscular hypotonia, intractable early-onset seizures, and microcephaly and has_material_basis_in homozygous or compound heterozygous mutation in the gene encoding beta-1,4-mannosyltransferase on chromosome 16p13."
http://purl.obolibrary.org/obo/DOID_0080564,congenital disorder of glycosylation Il,"A congenital disorder of glycosylation I that is characterized by progressive microcephaly, hypotonia, developmental delay, drug-resistant infantile epilepsy, and hepatomegaly and has_material_basis_in homozygous mutation in the ALG9 gene on chromosome 11q23."
http://purl.obolibrary.org/obo/DOID_0080565,congenital disorder of glycosylation Im,"A congenital disorder of glycosylation I that is characterized by muscular hypotonia and ichthyosis and has_material_basis_in homozygous mutation in the DOLK gene, which encodes the enzyme responsible for the final step of the de novo biosynthesis of dolichol phosphate, on chromosome 9q34."
http://purl.obolibrary.org/obo/DOID_0080566,congenital disorder of glycosylation In,"A congenital disorder of glycosylation I that is characterized by poorly coordinated suck resulting in difficulty feeding and failure to thrive, myoclonic jerks with hypotonia and brisk reflexes progressing to a seizure disorder, roving eyes, developmental delay, poor to absent visual contact, and sensorineural hearing loss and has_material_basis_in homozygous or compound heterozygous mutation in the RFT1 gene on chromosome 3p21."
http://purl.obolibrary.org/obo/DOID_0080567,congenital disorder of glycosylation Ip,"A congenital disorder of glycosylation I that is characterized by facial dysmorphism (microcephaly, high forehead, low posterior hairline, strabismus), hypotonia, failure to thrive, intractable seizures, developmental delay, persistent vomiting and gastric bleeding and has_material_basis_in homozygous or compound heterozygous mutation in the ALG11 gene on chromosome 13q14."
http://purl.obolibrary.org/obo/DOID_0080568,congenital disorder of glycosylation Iq,"A congenital disorder of glycosylation I that is characterized by a highly variable phenotype typically presenting with severe visual impairment, variable ocular anomalies (such as optic nerve hypoplasia/atrophy, iris and optic nerve coloboma, congenital cataract, glaucoma), intellectual disability, cerebellar abnormalities, nystagmus, hypotonia, ataxia, and/or ichthyosiform skin lesions and has_material_basis_in homozygous or compound heterozygous mutation in the SRD5A3 gene on chromosome 4q12."
http://purl.obolibrary.org/obo/DOID_0080569,congenital disorder of glycosylation Ir,"A congenital disorder of glycosylation I that is characterized by failure to thrive, developmental delay, hypotonia, strabismus and hepatic dysfunction and has_material_basis_in compound heterozygous mutation in the DDOST gene on chromosome 1p36."
http://purl.obolibrary.org/obo/DOID_0080570,congenital disorder of glycosylation It,"A congenital disorder of glycosylation I that is characterized by a wide range of clinical manifestations, most commonly presenting with bifid uvula with or without cleft palate at birth, associated with growth delay, hepatopathy with elevated aminotransferase serum levels, myopathy (including exercise-related fatigue, exercise intolerance, muscle weakness), intermittent hypoglycemia, and dilated cardiomyopathy and/or cardiac arrest, due to decreased phosphoglucomutase 1 enzyme activity and has_material_basis_in homozygous or compound heterozygous mutation in the PGM1 gene on chromosome 1p31."
http://purl.obolibrary.org/obo/DOID_0080571,congenital disorder of glycosylation Iu,"A congenital disorder of glycosylation I that is characterized by respiratory distress and severe hypotonia at birth, severe global developmental delay, early-onset intractable seizures, myopathic fascies with craniofacial dysmorphism (trigonocephaly/progressive microcephaly, low anterior hairline, arched eyebrows, hypotelorism, strabismus, small nose, prominent philtrum, thin upper lip, high-arched palate, micrognathia, malocclusion), severe, congenital flexion joint contractures and elevated serum creatine kinase levels and has_material_basis_in homozygous or compound heterozygous mutation in the DPM2 gene on chromosome 9q34."
http://purl.obolibrary.org/obo/DOID_0080572,congenital disorder of glycosylation Iw,"A congenital disorder of glycosylation I that is characterized by developmental delay, intellectual disability, failure to thrive, hypotonia and seizures and has_material_basis_in homozygous mutation in the STT3A gene on chromosome 11q24."
http://purl.obolibrary.org/obo/DOID_0080573,congenital disorder of glycosylation Ix,"A congenital disorder of glycosylation I that is characterized by intrauterine growth retardation, microcephaly, failure to thrive, developmental delay, intellectual disability, hypotonia, seizures, optic nerve atrophy and respiratory difficulties and has_material_basis_in homozygous mutation in the STT3B gene on chromosome 3p23."
http://purl.obolibrary.org/obo/DOID_0080574,congenital disorder of glycosylation Iy,"A congenital disorder of glycosylation I that is characterized by neurologic abnormalities (global developmental delay in language, social skills and fine and gross motor development, intellectual disability, hypotonia, microcephaly, seizures/epilepsy), facial dysmorphism (deep set eyes, large ears, hypoplastic vermillion of upper lip, large mouth with widely spaced teeth), feeding problems often due to chewing difficulties and aversion to food with certain textures, failure to thrive, gastrointestinal abnormalities (reflux or vomiting) and strabismus and has_material_basis_in hemizygous mutation in the SSR4 gene on chromosome Xq28."
http://purl.obolibrary.org/obo/DOID_0080587,congenital myasthenic syndrome 22,"A congenital myasthenic syndrome characterized by neonatal hypotonia, neonatal feeding problems, and nasal dysarthria and that has_material_basis_in homozygous or compound heterozygous mutation in the PREPL gene on chromosome 2p21."
http://purl.obolibrary.org/obo/DOID_3635,congenital myasthenic syndrome,"A neuromuscular junction disease that is characterized by weakness and easy fatiguability resulting from a genetic defect at the junction where the nerve stimulates muscle activity that result in muscle weakness and may affect nerve cells (presynaptic), muscle cells (postsynaptic) or the space between nerve and muscle cells (synaptic)."
http://purl.obolibrary.org/obo/DOID_0080589,Klippel-Feil syndrome 1,A Klippel-Feil syndrome that has_material_basis_in heterozygous mutation in the GDF6 gene on chromosome 8q22.
http://purl.obolibrary.org/obo/DOID_10426,Klippel-Feil syndrome,A physical disorder that is characterized by abnormal segmentation of the vertebra during fetal development which results in fusion located in cervical vertebra.
http://purl.obolibrary.org/obo/DOID_0080590,Klippel-Feil syndrome 2,A Klippel-Feil syndrome that has_material_basis_in homozygous mutation in the MEOX1 gene on chromosome 17q21.
http://purl.obolibrary.org/obo/DOID_0080591,Klippel-Feil syndrome 3,A Klippel-Feil syndrome that has_material_basis_in heterozygous mutation in the GDF3 gene on chromosome 12p13.
http://purl.obolibrary.org/obo/DOID_0080592,Klippel-Feil syndrome 4,A Klippel-Feil syndrome that has_material_basis_in homozygous mutation in the MYO18B gene on chromosome 22q12.
http://purl.obolibrary.org/obo/DOID_0080593,orofacial cleft 6,An orofacial cleft that has_material_basis_in variation in an enhancer of the IRF6 gene on chromosome 1q32.
http://purl.obolibrary.org/obo/DOID_0080625,severe congenital neutropenia 1,A severe congenital neutropenia that has_material_basis_in heterozygous mutation in the neutrophil elastase gene on chromosome 19p13.
http://purl.obolibrary.org/obo/DOID_0080633,developmental cardiac valvular defect,A physical disorder that has_material_basis_in homozygous or compound heterozygous mutation in the PLD1 gene on chromosome 3q26.
http://purl.obolibrary.org/obo/DOID_0080700,caudal regression syndrome,A physical disorder that is characterized by impairment of the development of the lower half of the body.
http://purl.obolibrary.org/obo/DOID_0080720,autosomal dominant congenital deafness with onychodystrophy,A syndrome that is characterized by autosomal dominant inheritance of congenital deafness and onychodystrophy and that has_material_basis_in heterozygous mutation in the ATP6V1B2 gene on chromosome 8p21.
http://purl.obolibrary.org/obo/DOID_0080833,laryngomalacia,A laryngeal disease that is characterized by inward collapse of flaccid supraglottic structures during inspiration. The most common symptom is noisy breathing (stridor) that is often worse when the infant is on his/her back or crying.
http://purl.obolibrary.org/obo/DOID_0080835,TORCH syndrome,"A syndrome that is characterized by congenital infection with toxoplasmosis, rubella, cytomegalovirus, herpes simplex, and other organisms."
http://purl.obolibrary.org/obo/DOID_0080895,rapidly involuting congenital hemangioma,A hemangioma that is characterized by complete regression.
http://purl.obolibrary.org/obo/DOID_0080978,arthrogryposis multiplex congenita-1,An arthrogryposis multiplex congenita that has_material_basis_in homozygous or compound heterozygous mutation in the LGI4 gene on chromosome 19q13.
http://purl.obolibrary.org/obo/DOID_0080979,arthrogryposis multiplex congenita-3,"An arthrogryposis multiplex congenita that is characterized by decreased fetal movements, hypotonia, variable skeletal defects, including clubfoot and scoliosis, and delayed motor milestones with difficulty walking and that has_material_basis_in homozygous or compound heterozygous mutation in the SYNE1 gene on chromosome 6q25."
http://purl.obolibrary.org/obo/DOID_0080980,arthrogryposis multiplex congenita-4,An arthrogryposis multiplex congenita that has_material_basis_in homozygous mutation in the SCYL2 gene on chromosome 12q23.
http://purl.obolibrary.org/obo/DOID_0080981,arthrogryposis multiplex congenita-5,An arthrogryposis multiplex congenita that has_material_basis_in homozygous or compound heterozygous mutation in the TOR1A gene on chromosome 9q34.
http://purl.obolibrary.org/obo/DOID_0081015,congenital fibrosis of the extraocular muscles 1,A congenital fibrosis of the extraocular muscles that is characterized by bilateral blepharoptosis and ophthalmoplegia with the eyes fixed in an infraducted position about 20 to 30 degrees below the horizontal midline and that has_material_basis_in heterozygous mutation in the KIF21A gene on chromosome 12q12.
http://purl.obolibrary.org/obo/DOID_0081016,congenital fibrosis of the extraocular muscles 2,A congenital fibrosis of the extraocular muscles that is characterized by bilateral ptosis and restrictive ophthalmoplegia with the globes fixed in extreme abduction (exotropia) and that has_material_basis_in homozygous mutation in the ARIX gene on chromosome 11q13.
http://purl.obolibrary.org/obo/DOID_0081017,congenital fibrosis of the extraocular muscles 3A,"A congenital fibrosis of the extraocular muscles that is characterized by a variable phenotype where individuals may not have bilateral involvement, may be able to raise the eyes above midline, or may not have blepharoptosis and that has_material_basis_in heterozygous mutation in the TUBB3 gene on chromosome 16q24."
http://purl.obolibrary.org/obo/DOID_0081019,congenital fibrosis of the extraocular muscles 3C,A congenital fibrosis of the extraocular muscles that is characterized by congenital bilateral ptosis and limitation of the superior rectus and that has_material_basis_in a reciprocal translocation t(2;13)(q37.3;q12.11).
http://purl.obolibrary.org/obo/DOID_0081020,congenital fibrosis of the extraocular muscles 5,A congenital fibrosis of the extraocular muscles that has_material_basis_in homozygous or compound heterozygous mutation in the COL25A1 gene on chromosome 4q25.
http://purl.obolibrary.org/obo/DOID_0081021,Tukel syndrome,"A congenital fibrosis of the extraocular muscles that is characterized by nonprogressive restrictive ophthalmoplegia with blepharoptosis of the right eye and postaxial oligodactyly/oligosyndactyly of the hands, with the right more severely affected than the left."
http://purl.obolibrary.org/obo/DOID_0081169,Leber congenital amaurosis 19,A Leber congenital amaurosis that has_material_basis_in mutation in the USP45 gene on chromosome 6q16.
http://purl.obolibrary.org/obo/DOID_14791,Leber congenital amaurosis,"A retinal disease that is characterized by nystagmus, sluggish or no pupillary responses, and severe vision loss or blindness."
http://purl.obolibrary.org/obo/DOID_0081266,"pachygyria, microcephaly, developmental delay, and dysmorphic facies, with or without seizures","A lissencephaly that is characterized by progressive microcephaly associated with abnormal facial features, hypotonia, and variable global developmental delay with impaired intellectual development and that has_material_basis_in homozygous or compound heterozygous mutation in the TUBGCP2 gene on chromosome 10q26."
http://purl.obolibrary.org/obo/DOID_0081335,Becker disease,A myotonia congenita that is characterized by muscle stiffness and an inability of the muscle to relax after voluntary contraction and that has_material_basis_in homozygous or compound heterozygous mutation in the gene encoding skeletal muscle chloride channel-1 (CLCN1) on chromosome 7q34.
http://purl.obolibrary.org/obo/DOID_2106,myotonia congenita,A muscle tissue disease that is characterised by slow muscle relaxation associated with hyperexcitation of the muscle fibres.
http://purl.obolibrary.org/obo/DOID_0081336,Thomsen disease,A myotonia congenita that is characterized by muscle stiffness and an inability of the muscle to relax after voluntary contraction and that has_material_basis_in heterozygous mutation in the gene encoding skeletal muscle chloride channel-1 (CLCN1) on chromosome 7q34.
http://purl.obolibrary.org/obo/DOID_0090101,lethal congenital glycogen storage disease of heart,"A glycogen storage disease characterized by glycogenosis confined to the heart, hypoglycemia and cyanosis, and has_material_basis_in autosomal dominant inheritance of heterozygous mutation in the gene encoding the noncatalytic gamma-2 subunit of AMP-activated protein kinase (PRKAG2) on chromosome 7q36."
http://purl.obolibrary.org/obo/DOID_0090118,congenital amegakaryocytic thrombocytopenia,"A thrombocytopenia that is characterized by a severe reduction in megakaryocyte and platelet numbers, and has_material_basis_in autosomal recessive inheritance of homozygous or compound heterozygous mutation in the myeloproliferative leukemia virus oncogene (MPL) on chromosome 1p34."
http://purl.obolibrary.org/obo/DOID_0090124,neurogenic-type arthrogryposis multiplex congenita-2,"An arthrogryposis multiplex congenita that is characterized by congenital contractures at the elbows and knees, myopathy, absence of muscle spindles, congenital heart disease and spinal motor neuron depletion, and has_material_basis_in autosomal recessive inheritance of homozygous mutation in the endoplasmic reticulum-golgi intermediate compartment protein 1 gene (ERGIC1) on chromosome region 5q35."
http://purl.obolibrary.org/obo/DOID_0110005,Leber congenital amaurosis 9,A Leber congenital amaurosis that has_material_basis_in mutation in the NMNAT1 gene on chromosome 1p36.
http://purl.obolibrary.org/obo/DOID_0110016,Leber congenital amaurosis 2,"A Leber congenital amaurosis that is characterized by night blindness, some transient improvement in vision, and eventual progressive visual loss and has_material_basis_in mutation in the RPE65 gene on chromosome 1."
http://purl.obolibrary.org/obo/DOID_0110078,Leber congenital amaurosis 1,"A Leber congenital amaurosis characterized by severe cone-rod dystrophy with photophobia, high hyperopia, and poor but stable vision with no visual improvement and that has_material_basis_in mutation in the GUCY2D gene on chromosome 17p13."
http://purl.obolibrary.org/obo/DOID_0110079,Leber congenital amaurosis 8,A Leber congenital amaurosis that is characterized by night blindness and thick unlaminated retinas and has_material_basis_in mutation in the CRB1 gene on chromosome 1q31-q32.
http://purl.obolibrary.org/obo/DOID_0110080,Leber congenital amaurosis 12,A Leber congenital amaurosis that has_material_basis_in mutation in the RD3 gene on chromosome 1q32.
http://purl.obolibrary.org/obo/DOID_0110106,atrial heart septal defect 1,An atrial heart septal defect type 1 associated with variation in the region 5p.
http://purl.obolibrary.org/obo/DOID_1882,atrial heart septal defect,A heart septal defect located_in in the septum that separates the two atria of the heart.
http://purl.obolibrary.org/obo/DOID_0110107,atrial heart septal defect 2,An atrial heart septal defect type 2 that has_material_basis_in heterozygous mutation in the GATA4 gene on chromosome 8p23.
http://purl.obolibrary.org/obo/DOID_0110108,atrial heart septal defect 3,An atrial heart septal defect type 3 that has_material_basis_in heterozygous mutation in the myosin heavy chain-6 gene (MYH6) on chromosome 14q12.
http://purl.obolibrary.org/obo/DOID_0110109,atrial heart septal defect 4,An atrial heart septal defect type 4 that has_material_basis_in mutation in the TBX20 gene.
http://purl.obolibrary.org/obo/DOID_0110110,atrial heart septal defect 5,An atrial heart septal defect type 5 that has_material_basis_in heterozygous mutation in the ACTC1 gene on chromosome 15q14.
http://purl.obolibrary.org/obo/DOID_0110111,atrial heart septal defect 6,An atrial heart septal defect type 6 that has_material_basis_in heterozygous mutation in the TLL1 gene on chromosome 4q32.
http://purl.obolibrary.org/obo/DOID_0110112,atrial heart septal defect 7,An atrial heart septal defect that has_material_basis_in heterozygous mutation in the NKX2-5 gene on chromosome 5q35.
http://purl.obolibrary.org/obo/DOID_0110113,atrial heart septal defect 8,An atrial heart septal defect that has_material_basis_in heterozygous mutation in the CITED2 gene on chromosome 6q23.3.
http://purl.obolibrary.org/obo/DOID_0110114,atrial heart septal defect 9,An atrial heart septal defect that has_material_basis_in heterozygous mutation in the GATA6 gene on chromosome 18q11.
http://purl.obolibrary.org/obo/DOID_0110118,Leber congenital amaurosis 16,A Leber congenital amaurosis that has_material_basis_in mutation in the KCNJ13 gene on chromosome 2q37.
http://purl.obolibrary.org/obo/DOID_0110188,Leber congenital amaurosis 14,A Leber congenital amaurosis that has_material_basis_in mutation in the LRAT gene on chromosome 4q31.
http://purl.obolibrary.org/obo/DOID_0110189,Leber congenital amaurosis 15,A Leber congenital amaurosis that has_material_basis_in mutation in the TULP1 gene on chromosome 6p21.3.
http://purl.obolibrary.org/obo/DOID_0110213,isolated cleft palate,"A cleft palate seen as an isolated malformation, distinct from cleft lip with or without cleft palate."
http://purl.obolibrary.org/obo/DOID_0110214,cleft soft palate,A cleft palate that is characterized as a fissure type embryopathy that affects in varying degrees the soft palate.
http://purl.obolibrary.org/obo/DOID_0110215,Leber congenital amaurosis 5,"A Leber congenital amaurosis that is characterized by severe visual dysfunction, nystagmus, the oculodigital sign, and a normal fundus with onset in infancy and has_material_basis_in mutation in the LCA5 gene on chromosome 6q14.1."
http://purl.obolibrary.org/obo/DOID_0110216,Leber congenital amaurosis 11,A Leber congenital amaurosis that has_material_basis_in mutation n the IMPDH1 gene on chromosome 7q31.3-q32.
http://purl.obolibrary.org/obo/DOID_0110217,Leber congenital amaurosis 17,A Leber congenital amaurosis that has_material_basis_in mutation in the GDF6 gene on chromosome 8q22.
http://purl.obolibrary.org/obo/DOID_0110291,Leber congenital amaurosis 10,A Leber congenital amaurosis that is characterized by severe infantile-onset cone-rod dystrophy with high hyperopia and severe ERG abnormalities and has_material_basis_in mutation in the CEP290 gene on chromosome 12q21.32.
http://purl.obolibrary.org/obo/DOID_0110329,Leber congenital amaurosis 6,"A Leber congenital amaurosis that is characterized by early photophobia, hypermetropia less than +7 diopters, and visual acuity in the range of 20/400 to count fingers and has_material_basis_in mutation in the RPGRIP1 gene on chromosome 14q11."
http://purl.obolibrary.org/obo/DOID_0110330,Leber congenital amaurosis 13,"A Leber congenital amaurosis thatis characterized by mild or absent hyperopia, transient improvement of visual acuity, and eventual macular atrophy with severe disease progression and has_material_basis_in mutation in the RDH12 gene on chromosome 14q23.3."
http://purl.obolibrary.org/obo/DOID_0110331,Leber congenital amaurosis 3,A Leber congenital amaurosis that has_material_basis_in mutation in the SPATA7 gene on chromosome 14q31.
http://purl.obolibrary.org/obo/DOID_0110332,Leber congenital amaurosis 4,"A Leber congenital amaurosis that is characterized by a relatively severe phenotype, with maculopathy and marked bone-spicule pigmentary retinopathy in most and keratoconus and cataract in a large subset and that has_material_basis_in mutation in the AIPL1 gene on chromosome 17p13."
http://purl.obolibrary.org/obo/DOID_0110333,Leber congenital amaurosis 7,A Leber congenital amaurosis that has_material_basis_in mutation in the CRX gene on chromosome 19q13.
http://purl.obolibrary.org/obo/DOID_0110632,megaconial type congenital muscular dystrophy,A congenital muscular dystrophy characterized by autosomal recessive inheritance of early-onset muscle wasting and intellectual disability with enlarged mitochondria that are more prevalent towards the periphery of the fibers that has_material_basis_in homozygous or compound heterozygous mutation in the CHKB gene on chromosome 22q13.
http://purl.obolibrary.org/obo/DOID_0110633,rigid spine muscular dystrophy 1,"A congenital muscular dystrophy characterized by intrasarcoplasmic aggregates of desmin resulting in spinal rigidity, abnormal posture (limitation of neck and trunk flexure), progressive scoliosis of the spine, early marked cervico-axial muscle weakness with relatively preserved strength and function of the extremities and progressive respiratory insufficiency that has_material_basis_in homozygous or compound heterozygous mutation in the SEPN1 gene on chromosome 1p36."
http://purl.obolibrary.org/obo/DOID_0110634,congenital muscular dystrophy 1B,"A congenital muscular dystrophy characterized by autosomal recessive inheritance of proximal muscle weakness, muscle hypertrophy, and early respiratory failure that has_material_basis_in variation in the chromosome region 1q42."
http://purl.obolibrary.org/obo/DOID_0110635,muscular dystrophy-dystroglycanopathy type B5,A congenital muscular dystrophy characterized by autosomal recessive inheritance of muscular dystrophy with variable penetrance of intellectual disability and structural brain abnormalities that has_material_basis_in homozygous or compound heterozygous mutation in the FKRP gene on chromosome 19q13.3.
http://purl.obolibrary.org/obo/DOID_0110636,congenital merosin-deficient muscular dystrophy 1A,A congenital muscular dystrophy characterized by autosomal recessive inheritance of muscle weakness that is apparent at birth or in the first 6 months of life and frequent development of periventricular white matter abnormalities that has_material_basis_in homozygous or compound heterozygous mutation in the LAMA2 gene on chromosome 6q22.
http://purl.obolibrary.org/obo/DOID_0110637,muscular dystrophy-dystroglycanopathy type B6,A congenital muscular dystrophy characterized by autosomal recessive inheritance of muscular dystrophy with mental retardation and structural brain abnormalities that has_material_basis_in homozygous or compound heterozygous mutation in the LARGE gene on chromosome 22q12.
http://purl.obolibrary.org/obo/DOID_0110668,congenital myasthenic syndrome 10,A congenital myasthenic syndrome characterized by autosomal recessive inheritance of a postsynaptic defect affecting endplate maintenance of the NMJ and development of limb-girdle weakness in the first decade of life that has_material_basis_in homozygous or compound heterozygous mutation in the DOK7 gene on chromosome 4p16.3.
http://purl.obolibrary.org/obo/DOID_0110639,congenital muscular dystrophy due to integrin alpha-7 deficiency,A congenital muscular dystrophy characterized by autosomal recessive inheritance that has_material_basis_in compound heterozygous mutation in the ITGA7 gene on chromosome 12q13.
http://purl.obolibrary.org/obo/DOID_0110640,congenital muscular dystrophy due to LMNA mutation,A congenital muscular dystrophy characterized by autosomal dominant inheritance that has_material_basis_in heterozygous mutation in the LMNA gene on chromosome 1q22.
http://purl.obolibrary.org/obo/DOID_0110657,congenital myasthenic syndrome 8,A congenital myasthenic syndrome characterized by autosomal recessive inheritance of prominent defects of both the pre- and postsynaptic regions and muscle weakness that has_material_basis_in homozygous or compound heterozygous mutation in the AGRN gene on chromosome 1p.
http://purl.obolibrary.org/obo/DOID_0110658,congenital myasthenic syndrome 15,A congenital myasthenic syndrome characterized by onset of progressive fatigable proximal muscle weakness in childhood that has_material_basis_in compound heterozygous mutation in the ALG14 gene on chromosome 1p21.
http://purl.obolibrary.org/obo/DOID_0110659,congenital myasthenic syndrome 7,A congenital myasthenic syndrome characterized by autosomal dominant inheritance of presynaptic defects with onset of symptoms in early childhood that has_material_basis_in heterozygous mutation in the SYT2 gene on chromosome 1q32.
http://purl.obolibrary.org/obo/DOID_0110660,congenital myasthenic syndrome 12,A congenital myasthenic syndrome characterized by autosomal recessive inheritance of onset of proximal muscle weakness in the first decade that generally responds well to acetylcholinesterase inhibitor treatment that has_material_basis_in homozygous or compound heterozygous mutation in the GFPT1 gene on chromosome 2p13.
http://purl.obolibrary.org/obo/DOID_0110661,congenital myasthenic syndrome 20,A congenital myasthenic syndrome characterized by autosomal recessive inheritance of severe hypotonia associated with episodic apnea that has_material_basis_in homozygous or compound heterozygous mutation in the SLC5A7 gene on chromosome 2q12.
http://purl.obolibrary.org/obo/DOID_0110662,congenital myasthenic syndrome 1B,A congenital myasthenic syndrome characterized by defects in postsynaptic neuromuscular junctions with early-onset progressive muscle weakness that has_material_basis_in mutation in the CHRNA1 gene on chromosome 2q.
http://purl.obolibrary.org/obo/DOID_0110663,congenital myasthenic syndrome 1A,A congenital myasthenic syndrome characterized by predominantly autosomal dominant inheritance of defects in postsynaptic neuromuscular junctions and early-onset progressive muscle weakness that has_material_basis_in mutation in the CHRNA1 gene on chromosome 2q.
http://purl.obolibrary.org/obo/DOID_0110664,congenital myasthenic syndrome 3C,"A congenital myasthenic syndrome characterized by autosomal recessive inheritance of postsynaptic neuromuscular junction defects, low amplitude of the miniature endplate potential and current, and early-onset muscle weakness that has_material_basis_in compound heterozygous mutation in the CHRND gene on chromosome 2q37."
http://purl.obolibrary.org/obo/DOID_0110665,congenital myasthenic syndrome 3B,A congenital myasthenic syndrome characterized by autosomal recessive inheritance of postsynaptic neuromuscular junction defects resulting in rapid decay in endplate current and a failure to reach the threshold for depolarization and early onset progressive muscular weakness that has_material_basis_in homozygous or compound heterozygous mutation in the CHRND gene on chromosome 2q37.
http://purl.obolibrary.org/obo/DOID_0110666,congenital myasthenic syndrome 3A,A congenital myasthenic syndrome characterized by autosomal dominant inheritance of postsynaptic neuromuscular junction defects resulting in prolonged synaptic currents and early-onset progressive muscle weakness that has_material_basis_in heterozygous mutation in the CHRND gene on chromosome 2q37.
http://purl.obolibrary.org/obo/DOID_0110667,congenital myasthenic syndrome 5,A congenital myasthenic syndrome characterized by autosomal recessive inheritance of a defect within the synapse at the neuromuscular junction resulting in prolonged synaptic currents and action potentials that has_material_basis_in homozygous or compound heterozygous mutation in the COLQ gene on chromosome 3p25.
http://purl.obolibrary.org/obo/DOID_0110669,congenital myasthenic syndrome 14,A congenital myasthenic syndrome characterized by autosomal recessive inheritance of slowly progressive development of limb-girdle muscle weakness with onset in early childhood that has_material_basis_in homozygous mutation in the ALG2 gene on chromosome 9q22.
http://purl.obolibrary.org/obo/DOID_0110670,congenital myasthenic syndrome 9,"A congenital myasthenic syndrome characterized by autosomal recessive inheritance of defects in postsynaptic neuromuscular junctions, reduced miniature endplate potential amplitude, proximal muscle weakness and episodic respiratory insufficiency that has_material_basis_in homozygous or compound heterozygous mutation in the MUSK gene on chromosome 9q31."
http://purl.obolibrary.org/obo/DOID_0110671,congenital myasthenic syndrome 6,A congenital myasthenic syndrome characterized by autosomal recessive inheritance of a presynaptic defect resulting in onset of muscle weakeness in infancy or early childhood and a tendency to have sudden apneic episodes that has_material_basis_in homozygous or compound heterozygous mutation in the CHAT gene on chromosome 10q.
http://purl.obolibrary.org/obo/DOID_0110672,congenital myasthenic syndrome 21,"A congenital myasthenic syndrome characterized by autosomal recessive inheritance of hypotonia, apneas, and feeding difficulties that has_material_basis_in homozygous or compound heterozygous mutation in the SLC18A3 gene on chromosome 10q11."
http://purl.obolibrary.org/obo/DOID_0110673,congenital myasthenic syndrome 19,"A congenital myasthenic syndrome characterized by autosomal recessive inheritance of defects in the neuromuscular junction resulting in generalized muscle weakness, exercise intolerance, and respiratory insufficiency that has_material_basis_in homozygous mutation in the COL13A1 gene on chromosome 10q22."
http://purl.obolibrary.org/obo/DOID_0110674,congenital myasthenic syndrome 17,A congenital myasthenic syndrome that has_material_basis_in compound heterozygous mutation in the LRP4 gene on chromosome 11p11.
http://purl.obolibrary.org/obo/DOID_0110675,congenital myasthenic syndrome 11,A congenital myasthenic syndrome characterized by autosomal recessive inheritance of low amplitude of the miniature endplate potential and current resulting from deficiency of Acetylcholine Receptor (AChR) at the endplate that has_material_basis_in homozygous or compound heterozygous mutation in the RAPSN gene on chromosome 11p11.
http://purl.obolibrary.org/obo/DOID_0110676,congenital myasthenic syndrome 13,"A congenital myasthenic syndrome characterized by autosomal recessive inheritance of proximal muscle weakness, decremental response to repeated nerve stimulation in EMG studies, and favorable response to acetylcholinesterase inhibitors that has_material_basis_in compound heterozygous mutation in the DPAGT1 gene on chromosome 11q23."
http://purl.obolibrary.org/obo/DOID_0110677,congenital myasthenic syndrome 4B,"A congenital myasthenic syndrome characterized by autosomal recessive inheritance of postsynaptic neuromuscular junction defects, early-onset progressive muscle weakness, and kinetic abnormalities of the AChR channel that has_material_basis_in homozygous or compound heterozygous mutation in the CHRNE gene on chromosome 17p13."
http://purl.obolibrary.org/obo/DOID_0110678,congenital myasthenic syndrome 4A,"A congenital myasthenic syndrome characterized by postsynaptic neuromuscular junction defects, early-onset progressive muscle weakness, and prolonged opening and activity of the acetylcholine receptor channel that has_material_basis_in heterozygous or rarely biallelic mutation in the CHRNE gene on chromosome 17p13."
http://purl.obolibrary.org/obo/DOID_0110679,congenital myasthenic syndrome 4C,"A congenital myasthenic syndrome characterized by autosomal recessive inheritance of postsynaptic neuromuscular junction defects, early-onset muscle weakness, and low amplitude of the miniature endplate potential and current that has_material_basis_in homozygous or compound heterozygous mutation in the CHRNE gene on chromosome 17p13."
http://purl.obolibrary.org/obo/DOID_0110680,congenital myasthenic syndrome 2C,"A congenital myasthenic syndrome characterized by autosomal recessive inheritance of postsynaptic neuromuscular junction defects, early-onset muscle weakness, and low amplitude of the miniature endplate potential and current that has_material_basis_in compound heterozygous mutation in the CHRNB1 gene on chromosome 17p13."
http://purl.obolibrary.org/obo/DOID_0110681,congenital myasthenic syndrome 2A,"A congenital myasthenic syndrome characterized by autosomal dominant inheritance of postsynaptic neuromuscular junction defects, early-onset progressive muscle weakness, and prolonged opening and activity of the acetylcholine receptor channel that has_material_basis_in heterozygous mutation in the CHRNB1 gene on chromosome 17p13."
http://purl.obolibrary.org/obo/DOID_0110682,congenital myasthenic syndrome 16,A congenital myasthenic syndrome that has_material_basis_in heterozygous or homozygous mutation in the SCN4A gene on chromosome 17q23.
http://purl.obolibrary.org/obo/DOID_0110683,congenital myasthenic syndrome 18,"A congenital myasthenic syndrome characterized by autosomal dominant inheritance of presynaptic neuromuscular junction defects, early-onset muscle weakness, easy fatigability, delayed psychomotor development and ataxia that has_material_basis_in heterozygous mutation in the SNAP25 gene on chromosome 20p11."
http://purl.obolibrary.org/obo/DOID_0110711,congenital hypotrichosis with juvenile macular dystrophy,A hypotrichosis that has_material_basis_in a autosomal recessive mutation of the CDH3 gene on chromosome 16q22.1.
http://purl.obolibrary.org/obo/DOID_0110712,Oguchi disease-1,"A congenital stationary night blindness characterized by congenital static night blindness, a golden or gray-white discoloration of the fundus that disappears in the dark-adapted state and typically normal function of all other visual functions that has_material_basis_in homozygous or compound heterozygous mutation in the SAG gene on chromosome 2q37."
http://purl.obolibrary.org/obo/DOID_0110713,Oguchi disease-2,"A congenital stationary night blindness characterized by congenital static night blindness, a golden or gray-white discoloration of the fundus that disappears in the dark-adapted state and typically normal function of all other visual functions that has_material_basis_in homozygous mutation in the GRK1 gene on chromosome 13q34."
http://purl.obolibrary.org/obo/DOID_0110714,congenital stationary night blindness 1G,A congenital stationary night blindness characterized by autosomal recessive inheritance that has_material_basis_in homozygous mutation in the GNAT1 gene on chromosome 3p21.
http://purl.obolibrary.org/obo/DOID_0110715,congenital stationary night blindness autosomal dominant 3,A congenital stationary night blindness characterized by autosomal dominant inheritance that has_material_basis_in heterozygous mutation in the GNAT1 gene on chromosome 3p21.
http://purl.obolibrary.org/obo/DOID_0110862,congenital stationary night blindness autosomal dominant 1,A congenital stationary night blindness characterized by autosomal dominant inheritance that has_material_basis_in mutations in the RHO gene on chromosome 3q22.1.
http://purl.obolibrary.org/obo/DOID_0110863,congenital stationary night blindness autosomal dominant 2,A congenital stationary night blindness characterized by autosomal dominant inhertance that has_material_basis_in heterozygous mutation in the PDE6B gene on chromosome 4p16.
http://purl.obolibrary.org/obo/DOID_0110864,congenital stationary night blindness 1F,A congenital stationary night blindness characterized by autosomal recessive inheritance that has_material_basis_in compound heterozygous mutation in the LRIT3 gene on chromosome 4q25.
http://purl.obolibrary.org/obo/DOID_0110865,congenital stationary night blindness 1B,A congenital stationary night blindness characterized by autosomal recessive inheritance that has_material_basis_in mutation in the GRM6 gene on chromosome 5q35.
http://purl.obolibrary.org/obo/DOID_0110866,congenital stationary night blindness 1H,A congenital stationary night blindness characterized by autosomal recessive inheritance that has_material_basis_in homozygous or compound heterozygous mutation in the GNB3 gene on chromosome 12p13.
http://purl.obolibrary.org/obo/DOID_0110867,congenital stationary night blindness 1C,A congenital stationary night blindness characterized by autosomal recessive that has_material_basis_in homozygous or compound heterozygous mutation in the TRPM1 gene on chromosome 15q13-q14.
http://purl.obolibrary.org/obo/DOID_0110868,congenital stationary night blindness 1D,A congenital stationary night blindness characterized by autosomal recessive inheritance that has_material_basis_in homozygous mutation in the SLC24A1 gene on chromosome 15q22.
http://purl.obolibrary.org/obo/DOID_0110869,congenital stationary night blindness 1E,A congenital stationary night blindness characterized by autosomal recessive inheritance that has_material_basis_in homozygous or compound heterozygous mutation in the GPR179 gene on chromosome 17q12.
http://purl.obolibrary.org/obo/DOID_0110870,congenital stationary night blindness 1A,A congenital stationary night blindness that has_material_basis_in mutation in the NYX gene on chromosome Xp11.4.
http://purl.obolibrary.org/obo/DOID_0110871,congenital stationary night blindness 2A,A congenital stationary night blindness that has_material_basis_in mutation in the CACNA1F gene on chromosome Xp11.23.
http://purl.obolibrary.org/obo/DOID_0110872,holoprosencephaly 2,A holoprosencephaly that has_material_basis_in mutation in the homeobox-containing SIX3 gene on chromosome 2p21.
http://purl.obolibrary.org/obo/DOID_4621,holoprosencephaly,A congenital nervous system abnormality characterized by failed or incomplete separation of the forebrain early in gestation; it is accompanied by a spectrum of characteristic craniofacial anomalies.
http://purl.obolibrary.org/obo/DOID_0110873,holoprosencephaly 9,A holoprosencephaly that has_material_basis_in heterozygous mutation in the GLI2 gene on chromosome 2q14.
http://purl.obolibrary.org/obo/DOID_0110874,holoprosencephaly 6,A holoprosencephaly that has_material_basis_in variation in the chromosome region 2q37.1-q37.3.
http://purl.obolibrary.org/obo/DOID_0110875,holoprosencephaly 3,A holoprosencephaly that has_material_basis_in heterozygous mutation in the SHH gene on chromosome 7q36.
http://purl.obolibrary.org/obo/DOID_0110876,holoprosencephaly 7,A holoprosencephaly that has_material_basis_in heterozygous mutation in the PTCH1 gene on chromosome 9q22.
http://purl.obolibrary.org/obo/DOID_0110877,holoprosencephaly 11,A holoprosencephaly that has_material_basis_in heterozygous mutation in the CDON gene on chromosome 11q24.
http://purl.obolibrary.org/obo/DOID_0110878,holoprosencephaly 5,A holoprosencephaly that has_material_basis_in heterozygous mutation in the ZIC2 gene on chromosome 13q32.
http://purl.obolibrary.org/obo/DOID_0110879,holoprosencephaly 8,A holoprosencephaly that has_material_basis_in variation in the chromosome region 14q13.
http://purl.obolibrary.org/obo/DOID_0110880,holoprosencephaly 4,A holoprosencephaly that has_material_basis_in heterozygous mutation in the TGIF gene on chromosome 18p11.
http://purl.obolibrary.org/obo/DOID_0110881,holoprosencephaly 1,A holoprosencephaly that has_material_basis_in variation in the chromosome region 21q22.3.
http://purl.obolibrary.org/obo/DOID_0110916,hereditary spherocytosis type 1,A hereditary spherocytosis that has_material_basis_in an autosomal dominant mutation of the ANK1 gene on chromosome 8p11.21.
http://purl.obolibrary.org/obo/DOID_12971,hereditary spherocytosis,"A congenital hemolytic anemia characterized by the production of red blood cells with a sphere shape, rather than the normal biconcave disk shape."
http://purl.obolibrary.org/obo/DOID_0110917,hereditary spherocytosis type 2,A hereditary spherocytosis that has_material_basis_in an autosomal dominant mutation of the SPTB gene on chromosome 14q23.3.
http://purl.obolibrary.org/obo/DOID_0110918,hereditary spherocytosis type 3,A hereditary spherocytosis that has_material_basis_in an autosomal dominant mutation of the SPTA1 gene on chromosome 1q23.1.
http://purl.obolibrary.org/obo/DOID_0110919,hereditary spherocytosis type 4,A hereditary spherocytosis that has_material_basis_in an autosomal dominant mutation of the SLC4A1 gene on chromosome 17q21.31.
http://purl.obolibrary.org/obo/DOID_0110920,hereditary spherocytosis type 5,A hereditary spherocytosis that has_material_basis_in a mutation of the EPB42 gene on chromosome 15q15.2.
http://purl.obolibrary.org/obo/DOID_0111066,congenital bile acid synthesis defect 5,"A congenital bile acid synthesis defect characterized by hepatomegaly, liver fibrosis and failure, splenomegaly, and elevated plasma levels of bile acid intermediates that has_material_basis_in homozygous mutation in the ABCD3 gene on chromosome 1p21."
http://purl.obolibrary.org/obo/DOID_0111067,congenital bile acid synthesis defect 6,"A congenital bile acid synthesis defect characterized by increased liver enzymes, decreased cholesterol, and increased serum and urine levels of bile acid intermediates that has_material_basis_in homozygous mutation in the ACOX2 gene on chromosome 3p14."
http://purl.obolibrary.org/obo/DOID_0111068,congenital bile acid synthesis defect 4,"A congenital bile acid synthesis defect characterized by intrahepatic cholestasis, malabsorption of fat and fat-soluble vitamins, decreased serum cholesterol, and increased levels of THCA in bile, serum and urine that has_material_basis_in homozygous mutation in the AMACR gene on chromosome 5p13."
http://purl.obolibrary.org/obo/DOID_0111069,congenital bile acid synthesis defect 2,"A congenital bile acid synthesis defect characterized by rapid progession of severe cholestatic liver disease, decreased levels of chenodeoxycholic acid and cholic acid in the serum and urine, and malabsorption of fat and fat-soluble vitamins that has_material_basis_in homozygous or compound heterozygous mutation in the AKR1D1 gene on chromosome 7q33."
http://purl.obolibrary.org/obo/DOID_0111070,congenital bile acid synthesis defect 3,"A congenital bile acid synthesis defect characterized by intrahepatic cholestasis, malabsorption of fat and fat-soluble vitamins, and increased serum bilirubin that has_material_basis_in homozygous mutation in the CYP7B1 gene on chromosome 8q12."
http://purl.obolibrary.org/obo/DOID_0111071,congenital bile acid synthesis defect 1,"A congenital bile acid synthesis defect characterized by progressive cholestatic liver disease, giant cell hepatitis, malabsorption of fat and fat-soluble vitamins, increased serum bilirubin and decreased serum cholesterol that has_material_basis_in homozygous or compound heterozygous mutation in the HSD3B7 gene on chromosome 16p."
http://purl.obolibrary.org/obo/DOID_0111077,pyruvate kinase deficiency of red cells,A congenital nonspherocytic hemolytic anemia that has_material_basis_in homozygous or compound heterozygous mutation in the PKLR gene on chromosome 1q22.
http://purl.obolibrary.org/obo/DOID_2861,congenital nonspherocytic hemolytic anemia,
http://purl.obolibrary.org/obo/DOID_0111080,Fanconi anemia complementation group V,A Fanconi anemia that has_material_basis_in homozygous mutation in the MAD2L2 gene on chromosome 1p36.
http://purl.obolibrary.org/obo/DOID_13636,Fanconi anemia,"A congenital hypoplastic anemia characterized by progressive pancytopenia with bone marrow failure, variable congenital malformations and predisposition to develop hematological or solid tumors. It is a result of a genetic defect in a cluster of proteins responsible for DNA repair."
http://purl.obolibrary.org/obo/DOID_0111081,Fanconi anemia complementation group T,A Fanconi anemia that has_material_basis_in compound heterozygous mutation in the UBE2T gene on chromosome 1q32.
http://purl.obolibrary.org/obo/DOID_0111082,Fanconi anemia complementation group L,A Fanconi anemia that has_material_basis_in homozygous or compound heterozygous mutation in the PHF9 gene on chromosome 2p16.
http://purl.obolibrary.org/obo/DOID_0111083,Fanconi anemia complementation group D2,A Fanconi anemia that has_material_basis_in compound heterozygous or homozygous mutation in the FANCD2 gene on chromosome 3p25.
http://purl.obolibrary.org/obo/DOID_0111084,Fanconi anemia complementation group E,A Fanconi anemia that has_material_basis_in homozygous mutation in the FANCE gene on chromosome 6p22-p21.
http://purl.obolibrary.org/obo/DOID_0111085,Fanconi anemia complementation group U,A Fanconi anemia that has_material_basis_in homozygous mutation in the XRCC2 gene on chromosome 7q36.
http://purl.obolibrary.org/obo/DOID_0111086,Fanconi anemia complementation group G,A Fanconi anemia that has_material_basis_in homozygous or compound heterozygous mutation in the XRCC9 gene on chromosome 9p13.
http://purl.obolibrary.org/obo/DOID_0111087,Fanconi anemia complementation group C,A Fanconi anemia that has_material_basis_in homozygous or compound heterozygous mutation in the FANCC gene on chromosome 9q22.
http://purl.obolibrary.org/obo/DOID_0111088,Fanconi anemia complementation group F,A Fanconi anemia that has_material_basis_in homozygous or compound heterozygous mutation in the FANCF gene on chromosome 11p15.
http://purl.obolibrary.org/obo/DOID_0111089,Fanconi anemia complementation group D1,A Fanconi anemia that has_material_basis_in homozygous or compound heterozygous mutation in the BRCA2 gene on chromosome 13q13.
http://purl.obolibrary.org/obo/DOID_0111090,Fanconi anemia complementation group R,A Fanconi anemia that has_material_basis_in heterozygous mutation in the RAD51 gene on chromosome 15q15.
http://purl.obolibrary.org/obo/DOID_0111091,Fanconi anemia complementation group I,A Fanconi anemia that has_material_basis_in homozygous or compound heterozygous mutation in the FANCI gene on chromosome 15q26.
http://purl.obolibrary.org/obo/DOID_0111092,Fanconi anemia complementation group P,"A Fanconi anemia characterized by increased chromosomal instability, progressive bone marrow failure and in some cases skeletal abnormalities that has_material_basis_in homozygous or compound heterozygous mutation in the SLX4 gene on chromosome 16p13.3."
http://purl.obolibrary.org/obo/DOID_0111093,Fanconi anemia complementation group Q,A Fanconi anemia that has_material_basis_in compound heterozygous mutation in the ERCC4 gene on chromosome 16p13.
http://purl.obolibrary.org/obo/DOID_0111094,Fanconi anemia complementation group N,A Fanconi anemia that has_material_basis_in compound heterozygous mutation in the PALB2 gene on chromosome 16p12.
http://purl.obolibrary.org/obo/DOID_0111095,Fanconi anemia complementation group A,A Fanconi anemia that has_material_basis_in homozygous or compound heterozygous mutation in the FANCA gene on chromosome 16q24.
http://purl.obolibrary.org/obo/DOID_0111096,Fanconi anemia complementation group O,A Fanconi anemia that has_material_basis_in homozygous mutation in the RAD51C gene on chromosome 17q21-q24.
http://purl.obolibrary.org/obo/DOID_0111097,Fanconi anemia complementation group J,A Fanconi anemia that has_material_basis_in homozygous or compound heterozygous mutation in the BRIP1 gene on chromosome 17q22.
http://purl.obolibrary.org/obo/DOID_0111098,Fanconi anemia complementation group B,A Fanconi anemia that has_material_basis_in mutation in the FANCB gene on chromosome Xp22.
http://purl.obolibrary.org/obo/DOID_0111135,congenital generalized lipodystrophy type 1,A congenital generalized lipodystrophy that has_material_basis_in an autosomal recessive mutation of AGPAT2 on chromosome 9q34.3.
http://purl.obolibrary.org/obo/DOID_0111136,congenital generalized lipodystrophy type 2,A congenital generalized lipodystrophy that has_material_basis_in an autosomal recessive mutation of BSCL2 on chromosome 11q12.3.
http://purl.obolibrary.org/obo/DOID_0111137,congenital generalized lipodystrophy type 3,A congenital generalized lipodystrophy that has_material_basis_in an autosomal recessive mutation of CAV1 on chromosome 7q31.2.
http://purl.obolibrary.org/obo/DOID_0111138,congenital generalized lipodystrophy type 4,A congenital generalized lipodystrophy that has_material_basis_in an autosomal recessive mutation of CAVIN1 on chromosome 17q21.2.
http://purl.obolibrary.org/obo/DOID_0111153,congenital mirror movement disorder,A movement disease characterized by involuntary movements of one side of the body that mirror intentional movements on the opposite side primarily involving the upper limbs.
http://purl.obolibrary.org/obo/DOID_0111169,subcortical band heterotopia,A congenital nervous system abnormality characterized by migration of neurons to ectopic locations in the brain where the neurons form areas that appear as band-like clusters of white tissue underneath the gray tissue of the cerebral cortex.
http://purl.obolibrary.org/obo/DOID_0111216,autosomal recessive centronuclear myopathy,A centronuclear myopathy that has_material_basis_in autosomal recessive inheritance.
http://purl.obolibrary.org/obo/DOID_14717,centronuclear myopathy,"A congenital structural myopathy characterized by abnormally located nuclei in skeletal muscle cells. The nuclei are located in the center of the cell, instead of their normal location at the periphery."
http://purl.obolibrary.org/obo/DOID_0111217,autosomal dominant centronuclear myopathy,A centronuclear myopathy that has_material_basis_in autosomal dominant inheritance.
http://purl.obolibrary.org/obo/DOID_0111220,centronuclear myopathy 2,An autosomal recessive centronuclear myopathy that has_material_basis_in homozygous or compound heterozygous mutation in BIN1 on 2q14.3.
http://purl.obolibrary.org/obo/DOID_0111221,centronuclear myopathy 6 with fiber-type disproportion,An autosomal recessive centronuclear myopathy that is characterized by onset in infancy or early childhood of slowly progressive centronuclear myopathy that has_material_basis_in homozygous or compound heterozygous mutation in the ZAK gene on 2q31.1.
http://purl.obolibrary.org/obo/DOID_0111222,centronuclear myopathy 5,"An autosomal recessive centronuclear myopathy characterized by severe neonatal hypotonia, respiratory insufficiency, and difficulty feeding that has_material_basis_in homozygous or compound heterozygous mutation in SPEG on 2q35."
http://purl.obolibrary.org/obo/DOID_0111223,centronuclear myopathy 1,"An autosomal dominant centronuclear myopathy characterized by slowly progressive muscle wasting and weakness involving mainly the limb girdle, trunk, and neck muscles that has_material_basis_in heterozygous mutation in DNM2 on 19p13.2."
http://purl.obolibrary.org/obo/DOID_0111224,centronuclear myopathy 4,An autosomal dominant centronuclear myopathy that has_material_basis_in heterozygous mutation in CCDC78 on 16p13.3.
http://purl.obolibrary.org/obo/DOID_0111225,centronuclear myopathy X-linked,A centronuclear myopathy that has_material_basis_in X-linked inheritance of mutations in MTM1 on Xq28.
http://purl.obolibrary.org/obo/DOID_0111226,X-linked congenital myopathy with fiber-type disproportion,"A congenital fiber-type disproportion characterized by bilateral ptosis, facial weakness, impaired suckling, generalized hypotonia, and respiratory insufficiency that has_material_basis_in mutation in the chromosome region Xq13.1-q22.1."
http://purl.obolibrary.org/obo/DOID_0112374,muscular dystrophy-dystroglycanopathy,A congenital muscular dystrophy characterized by muscular dystrophy resulting from defective glycosylation of dystroglycan.
http://purl.obolibrary.org/obo/DOID_0111230,congenital muscular dystrophy-dystroglycanopathy type A11,A congenital muscular dystrophy-dystroglycanopathy type A that has_material_basis_in homozygous or compound heterozygous mutation in B3GALNT2 on 1q42.3.
http://purl.obolibrary.org/obo/DOID_0111231,congenital muscular dystrophy-dystroglycanopathy type A8,A congenital muscular dystrophy-dystroglycanopathy type A that has_material_basis_in homozygous or compound heterozygous mutation in POMGNT2 on 3p22.1.
http://purl.obolibrary.org/obo/DOID_0111232,congenital muscular dystrophy-dystroglycanopathy type A9,A congenital muscular dystrophy-dystroglycanopathy type A that has_material_basis_in homozygous or compound heterozygous mutation in DAG1 on 3p21.31.
http://purl.obolibrary.org/obo/DOID_0111233,congenital muscular dystrophy-dystroglycanopathy A14,A congenital muscular dystrophy-dystroglycanopathy type A that has_material_basis_in homozygous or compound heterozygous mutation in in GMPPB on 3p21.31.
http://purl.obolibrary.org/obo/DOID_0111234,congenital muscular dystrophy-dystroglycanopathy A7,A congenital muscular dystrophy-dystroglycanopathy type A that has_material_basis_in homozygous or compound heterozygous mutation in ISPD on 7p21.2-p21.1.
http://purl.obolibrary.org/obo/DOID_0111235,congenital muscular dystrophy-dystroglycanopathy type A12,A congenital muscular dystrophy-dystroglycanopathy type A that has_material_basis_in homozygous or compound heterozygous mutation in POMK on 8p11.21.
http://purl.obolibrary.org/obo/DOID_0111236,congenital muscular dystrophy-dystroglycanopathy type A3,A congenital muscular dystrophy-dystroglycanopathy type A that has_material_basis_in homozygous or compound heterozygous mutation in POMGNT1 on 1p34.1.
http://purl.obolibrary.org/obo/DOID_0111237,congenital muscular dystrophy-dystroglycanopathy type A1,A congenital muscular dystrophy-dystroglycanopathy type A that has_material_basis_in homozygous or compound heterozygous mutation in POMT1 on 9q34.13.
http://purl.obolibrary.org/obo/DOID_0111238,congenital muscular dystrophy-dystroglycanopathy type A13,A congenital muscular dystrophy-dystroglycanopathy type A that has_material_basis_in homozygous or compound heterozygous mutation in B4GAT1 on 11q13.2.
http://purl.obolibrary.org/obo/DOID_0111239,congenital muscular dystrophy-dystroglycanopathy type A10,A congenital muscular dystrophy-dystroglycanopathy type A that has_material_basis_in homozygous or compound heterozygous mutation in RXYLT1 on 12q14.2.
http://purl.obolibrary.org/obo/DOID_0111240,congenital muscular dystrophy-dystroglycanopathy type A2,A congenital muscular dystrophy-dystroglycanopathy type A that has_material_basis_in homozygous or compound heterozygous mutation in POMT2 on 14q24.3.
http://purl.obolibrary.org/obo/DOID_0111241,congenital muscular dystrophy-dystroglycanopathy type A5,A congenital muscular dystrophy-dystroglycanopathy type A that has_material_basis_in homozygous or compound heterozygous mutation in FKRP on 19q13.32.
http://purl.obolibrary.org/obo/DOID_0111242,congenital muscular dystrophy-dystroglycanopathy type A6,A congenital muscular dystrophy-dystroglycanopathy type A that has_material_basis_in homozygous or compound heterozygous mutation in LARGE on 22q12.3.
http://purl.obolibrary.org/obo/DOID_0111244,palmoplantar keratoderma and congenital alopecia 1,"An ectodermal dysplasia characterized by autosomal dominant inheritance of severe hyperkeratosis, congenital alopecia, and in some patients nail anomalies that has_material_basis_in heterozygous mutation in GJA1 on 6q22.31."
http://purl.obolibrary.org/obo/DOID_0111245,palmoplantar keratoderma and congenital alopecia 2,"An ectodermal dysplasia characterized by autosomal recessive inheritance of alopecia, progressive palmoplantar hyperkeratosis resulting in sclerodactyly and usually associated with cataracts and pseudoainhum formation."
http://purl.obolibrary.org/obo/DOID_0111334,congenital leptin deficiency,"A syndrome characterized by severe early-onset obesity, hyperphagia, hypogonadotropic hypogonadism, and neuroendocrine and metabolic dysfunction that has_material_basis_in homozygous or compound heterozygous mutation in LEP on chromosome 7q32.1."
http://purl.obolibrary.org/obo/DOID_0111347,epidermolysis bullosa with congenital localized absence of skin and deformity of nails,"An autosomal dominant dystrophic epidermolysis bullosa characterized by severe blistering of skin and mucous membranes, congenital absence of skin on the lower extremities and congenital absence or deformity of nails that has_material_basis_in heterozygous mutation in the COL7A1 gene on chromosome 3p21.31."
http://purl.obolibrary.org/obo/DOID_0111359,large congenital melanocytic nevus,A skin disease characterized by the presence at birth of a pigmented skin lesion composed of melanocytes of more than 20 cm in projected adult diameter that has_material_basis_in somatic mutation in the NRAS gene on chromosome 11p15.5.
http://purl.obolibrary.org/obo/DOID_0111363,Heinz body anemia,"A congenital nonspherocytic hemolytic anemia characterized by nonspherocytic hemolytic anemia of Dacie type I with Heinz bodies seen in erythrocytes after splenectomy that has_material_basis_in heterozygous mutation in the HBA1, HBA2 or HBB genes on chromosome 11p15.4, 16p13.3, and 16p13.3, respectively."
http://purl.obolibrary.org/obo/DOID_0111396,congenital dyserythropoietic anemia type I,"A congenital dyserythropoietic anemia characterized by autosomal recessive inheritance of macrocytic anemia, ineffective erythropoiesis, and secondary hemochromatosis."
http://purl.obolibrary.org/obo/DOID_1338,congenital dyserythropoietic anemia,"A congenital hemolytic anemia characterized by ineffective erythropoiesis, and resulting from a decrease in the number of red blood cells (RBCs) in the body and a less than normal quantity of hemoglobin in the blood."
http://purl.obolibrary.org/obo/DOID_0111397,congenital dyserythropoietic anemia type Ib,A congenital dyserythropoietic anemia type I that has_material_basis_in homozygous or compound heterozygous mutation in C15orf41 on chromosome 15q14.
http://purl.obolibrary.org/obo/DOID_0111398,congenital dyserythropoietic anemia type Ia,A congenital dyserythropoietic anemia type I that has_material_basis_in homozygous or compound heterozygous mutation in the CDAN1 gene on chromosome 15q15.2.
http://purl.obolibrary.org/obo/DOID_0111399,congenital dyserythropoietic anemia type III,"A congenital dyserythropoietic anemia characterized by nonprogressive mild to moderate anemia, macrocytosis in the peripheral blood, and giant multinucleated erythroblasts that has_material_basis_in heterozygous mutation in an 11 cM interval within chromosome 15q21-q25."
http://purl.obolibrary.org/obo/DOID_0111400,congenital dyserythropoietic anemia type IV,A congenital dyserythropoietic anemia characterized by ineffective erythropoiesis and hemolysis resulting in anemia and abnormal erythroblast morphology that has_material_basis_in heterozygous mutation in the KLF1 gene on chromosome 19p13.13.
http://purl.obolibrary.org/obo/DOID_0111401,congenital dyserythropoietic anemia type II,"A congenital dyserythropoietic anemia characterized by mild to severe anemia, bi- and multinucleated erythroblasts in bone marrow, jaundice and splenomegaly and may lead to liver iron overload and gallstones that has_material_basis_in homozygous or compound heterozygous mutation in the SEC23B gene on chromosome 20p11.23."
http://purl.obolibrary.org/obo/DOID_0111568,congenital vertical talus,"A connective tissue disease characterized by dislocation of the talonavicular joint with vertical orientation of the talus and rigid dorsal dislocation of the navicular, equinus deformity of the calcaneus, abduction deformity of the forefoot, and contracture of the soft tissues of the hind- and mid-foot that has_material_basis_in heterozygous mutation in the HOXD10 gene on chromosome 2q31.1."
http://purl.obolibrary.org/obo/DOID_0111591,"congenital heart defects, hamartomas of tongue, and polysyndactyly","A syndrome characterized by congenital heart defects, hamartomas of tongue, and polysyndactyly that has_material_basis_in homozygous or compound heterozygous mutation in the WDPCP gene on chromosome 2p15."
http://purl.obolibrary.org/obo/DOID_0111595,congenital contractural arachnodactyly,"A distal arthrogryposis characterized by contractures, arachnodactyly, scoliosis, and crumpled ears that has_material_basis_in heterozygous mutation in the FBN2 gene on chromosome 5q23.3."
http://purl.obolibrary.org/obo/DOID_0111633,congenital sucrase-isomaltase deficiency,A carbohydrate metabolic disorder characterized by malabsorption of oligosaccharides and disaccharides that has_material_basis_in homozygous or compound heterozygous mutation in SI on chromosome 3q26.1.
http://purl.obolibrary.org/obo/DOID_0111646,congenital lactase deficiency,A carbohydrate metabolic disorder characterized by watery diarrhea in infants fed with breast milk or other lactose-containing formulas that has_material_basis_in homozygous or compound heterozygous mutation in LCT on chromosome 2q21.3.
http://purl.obolibrary.org/obo/DOID_0111706,oblique facial clefting 1,"An orofacial cleft characterized by a congenital unilateral or bilateral oculo-facial defect beginning at the upper lip lateral to the Cupid's bow, then running lateral to the nasal wing, ending at the the lower eyelid lateral to the inferior punctum that has_material_basis_in heterozygous mutation in the SPECC1L gene on chromosome 22q11.23."
http://purl.obolibrary.org/obo/DOID_0111716,cryptophthalmia,A physical disorder characterized by ocular dysplasia with eyelid malformation.
http://purl.obolibrary.org/obo/DOID_0111717,isolated cryptophthalmia,A cryptophthalmia characterized by absence of the eyelids with skin covering the eye and often an underlying malformed eye.
http://purl.obolibrary.org/obo/DOID_0111718,partial cryptophthalmia,"An isolated cryptophthalmia characterized by an ill-defined upper eyelid that is completely fused, often over an abnormally developed globe and a keratinized cornea."
http://purl.obolibrary.org/obo/DOID_0111719,complete cryptophthalmia,An isolated cryptophthalmia characterized by failure of formation of the lid folds and globe results in skin extending from the brow to the cheek without identifiable adnexal structures and often the presence of a vestigial ocular structure or cyst within the socket.
http://purl.obolibrary.org/obo/DOID_0111720,congenital symblepharon,An isolated cryptophthalmia characterized by fusion of the upper eyelid skin to the superior aspect of the globe often associated with microphthalmia.
http://purl.obolibrary.org/obo/DOID_0111733,pancreatic hypoplasia-diabetes-congenital heart disease syndrome,"A syndrome characterized by partial pancreatic agenesis, diabetes mellitus, and heart anomalies that has_material_basis_in heterozygous mutation in GATA6 on chromosome 18q11.2."
http://purl.obolibrary.org/obo/DOID_0111790,congenital nystagmus 1,A congenital nystagmus that has_material_basis_in mutation in the FRMD7 gene on chromosome Xq26.2.
http://purl.obolibrary.org/obo/DOID_9649,congenital nystagmus,"A pathologic nystagmus, present at birth, characterized by involuntary, rhythmic eye movements; oscillations are usually horizontal in direction."
http://purl.obolibrary.org/obo/DOID_0111791,congenital nystagmus 7,A congenital nystagmus that has_material_basis_in heterozygous mutation in a region of chromosome 1q31.3-q32.1.
http://purl.obolibrary.org/obo/DOID_0111792,congenital nystagmus 2,A congenital nystagmus that has_material_basis_in heterozygous mutation in a region of chromosome 6p12.
http://purl.obolibrary.org/obo/DOID_0111793,congenital nystagmus 3,A congenital nystagmus that has_material_basis_in heterozygous mutation in a region of chromosome 7p11.2.
http://purl.obolibrary.org/obo/DOID_0111795,congenital nystagmus 6,A congenital nystagmus that has_material_basis_in hemizygous of homoxygous mutation in the GPR143 gene on chromosome Xp22.2.
http://purl.obolibrary.org/obo/DOID_0111796,congenital nystagmus 5,A congenital nystagmus that has_material_basis_in hemizygous or heterozygous mutation in a region of chromosome Xp11.4.
http://purl.obolibrary.org/obo/DOID_0111797,autosomal recessive congenital nystagmus,A congenital nystagmus characterized by autosomal recessive inheritance.
http://purl.obolibrary.org/obo/DOID_0111808,linear skin defects with multiple congenital anomalies 1,A syndromic microphthalmia characterized by unilateral or bilateral microphthalmia and linear skin defects on the face and neck in females and in utero lethality in males that has_material_basis_in heterozygous or hemizygous mutation in the HCCS gene on chromosome Xp22.2.
http://purl.obolibrary.org/obo/DOID_0111835,congenital nongoitrous hypothyroidism 9,A congenital hypothyroidism characterized by a small thyroid gland with low free T4 levels and inappropriately normal levels of thyroid-stimulating hormone that has_material_basis_in hemizygous mutation in the IRS4 gene on chromosome Xq22.3.
http://purl.obolibrary.org/obo/DOID_0111836,congenital nongoitrous hypothyroidism 7,"A congenital hypothyroidism characterized by normal-to-low T4 and normal-to-high thyrotropin levels, with reduced or absent pituitary responsiveness to thyrotropin-releasing hormone that has_material_basis_in homozygous or compound heterozygous mutation in the TRHR gene on chromosome 8q23.1."
http://purl.obolibrary.org/obo/DOID_0111837,congenital nongoitrous hypothyroidism 8,A congenital hypothyroidism characterized by relatively mild central hypothyroidism that has_material_basis_in heterozygous or hemizygous mutation in the TBL1X gene on chromosome Xp22.3-p22.2.
http://purl.obolibrary.org/obo/DOID_0111839,congenital disorder of glycosylation Icc,"A congenital disorder of glycosylation type I characterized by developmental delay, impaired intellectual development, and mild facial dysmorphism associated with abnormal serum transferrin isoelectic focusing consistent with a type 1 pattern that has_material_basis_in hemizygous mutation in the MAGT1 gene on chromosome Xq21.1."
http://purl.obolibrary.org/obo/DOID_0111846,X-linked congenital hemolytic anemia,A congenital hemolytic anemia characterized by mild congenital hemolytic anemia without morphologic red cell abnormalities that has_material_basis_in hemizygous mutation in the ATP11C gene on chromosome Xq27.1.
http://purl.obolibrary.org/obo/DOID_589,congenital hemolytic anemia,
http://purl.obolibrary.org/obo/DOID_0111862,congenital bilateral absence of vas deferens,A male infertility that is characterized by bilateral absence of the vas deferens resulting in obstroctive azoospermia and male infertility.
http://purl.obolibrary.org/obo/DOID_0111863,X-linked congenital bilateral absence of vas deferens,A congenital bilateral absence of vas deferens that has_material_basis_in mutation in the ADGRG2 gene on chromosome Xp22.13.
http://purl.obolibrary.org/obo/DOID_0111864,autosomal recessive congenital bilateral absence of vas deferens,A congenital bilateral absence of vas deferens that has_material_basis_in homozygous or compound heterozygous mutation in the CFTR gene on chromosome 7q31.2.
http://purl.obolibrary.org/obo/DOID_0111876,linear skin defects with multiple congenital anomalies 3,"A linear skin defects with multiple congenital anomalies characterized by linear skin defects, cardiomyopathy, and various other congenital anomalies that has_material_basis_in heterozygous mutation in the NDUFB11 gene on chromosome Xp11.3."
http://purl.obolibrary.org/obo/DOID_0111877,linear skin defects with multiple congenital anomalies 2,"A linear skin defects with multiple congenital anomalies characterized by linear skin defects, microcephaly, facial dysmorphism, and other congenital anomalies that has_material_basis_in heterozygous mutation in the COX7B gene on chromosome Xq21.1."
http://purl.obolibrary.org/obo/DOID_0111878,Diamond-Blackfan anemia 7,A Diamond-Blackfan anemia that has_material_basis_in heterozygous mutation in the RPL11 gene on chromosome 1p36.11.
http://purl.obolibrary.org/obo/DOID_1339,Diamond-Blackfan anemia,A congenital hypoplastic anemia that is characterized by anemia (low red blood cell counts) with decreased erythroid progenitors in the bone marrow and has_material_basis_insufficient levels of red blood cells due to bone marrow dysfunction.
http://purl.obolibrary.org/obo/DOID_0111879,Diamond-Blackfan anemia 6,A Diamond-Blackfan anemia that has_material_basis_in heterozygous mutation in the RPL5 gene on chromosome 1p22.1.
http://purl.obolibrary.org/obo/DOID_0111880,Diamond-Blackfan anemia 17,A Diamond-Blackfan anemia that has_material_basis_in heterozygous mutation in the RPS27 gene on chromosome 1q21.3.
http://purl.obolibrary.org/obo/DOID_0111881,Diamond-Blackfan anemia 8,A Diamond-Blackfan anemia that has_material_basis_in heterozygous mutation in the RPS7 gene on chromosome 2p25.3.
http://purl.obolibrary.org/obo/DOID_0111882,Diamond-Blackfan anemia 12,A Diamond-Blackfan anemia that has_material_basis_in heterozygous mutation in the RPL15 gene on chromosome 3p24.2.
http://purl.obolibrary.org/obo/DOID_0111883,Diamond-Blackfan anemia 5,A Diamond-Blackfan anemia that has_material_basis_in heterozygous mutation in the RPL35A gene on chromosome 3q29.
http://purl.obolibrary.org/obo/DOID_0111884,Diamond-Blackfan anemia 9,A Diamond-Blackfan anemia that has_material_basis_in heterozygous mutation in the RPS10 gene on chromosome 6p21.31.
http://purl.obolibrary.org/obo/DOID_0111885,Diamond-Blackfan anemia 2,A Diamond-Blackfan anemia that has_material_basis_in mutation in a region of chromosome 8p23.3-p22.
http://purl.obolibrary.org/obo/DOID_0111886,Diamond-Blackfan anemia 19,A Diamond-Blackfan anemia that has_material_basis_in heterozygous mutation in the RPL35 gene on chromosome 9q33.3.
http://purl.obolibrary.org/obo/DOID_0111887,Diamond-blackfan anemia 3,A Diamond-Blackfan anemia that has_material_basis_in heterozygous mutation in the RPS24 gene on chromosome 10q22.3.
http://purl.obolibrary.org/obo/DOID_0111888,Diamond-Blackfan anemia 10,A Diamond-Blackfan anemia that has_material_basis_in heterozygous mutation in the RPS26 gene on chromosome 12q13.2.
http://purl.obolibrary.org/obo/DOID_0111889,Diamond-Blackfan anemia 13,A Diamond-Blackfan anemia that has_material_basis_in heterozygous mutation in the RPS29 gene on chromosome 14q21.3.
http://purl.obolibrary.org/obo/DOID_0111890,Diamond-Blackfan anemia 4,A Diamond-Blackfan anemia that has_material_basis_in heterozygous mutation in the RPS17 gene on chromosome 15q25.2.
http://purl.obolibrary.org/obo/DOID_0111891,Diamond-Blackfan anemia 20,A Diamond-Blackfan anemia that has_material_basis_in heterozygous mutation in the RPS15A gene on chromosome 16p12.3.
http://purl.obolibrary.org/obo/DOID_0111892,Diamond-Blackfan anemia 11,A Diamond-Blackfan anemia that has_material_basis_in heterozygous mutation in the RPL26 gene on chromosome 17p13.1.
http://purl.obolibrary.org/obo/DOID_0111893,Diamond-Blackfan anemia 16,A Diamond-Blackfan anemia that has_material_basis_in heterozygous mutation in the RPL27 gene on chromosome 17q21.31.
http://purl.obolibrary.org/obo/DOID_0111894,Diamond-Blackfan anemia 15 with mandibulofacial dysostosis,"A Diamond-Blackfan anemia characterized by Diamond-Blackfan anemia and mandibulofacial dysostosis (micrognathia, downslanting palpebral fissures, submucosal cleft palate or bifid uvula, and malar hypoplasia) that has_material_basis_in heterozygous mutation in the RPS28 gene on chromosome 19p13.2."
http://purl.obolibrary.org/obo/DOID_0111895,Diamond-Blackfan anemia 1,A Diamond-Blackfan anemia that has_material_basis_in heterozygous mutation in the RPS19 gene on chromosome 19q13.2.
http://purl.obolibrary.org/obo/DOID_0111896,Diamond-Blackfan anemia 18,A Diamond-Blackfan anemia that has_material_basis_in heterozygous mutation in the RPL18 gene on chromosome 19q13.33.
http://purl.obolibrary.org/obo/DOID_0111897,Diamond-Blackfan anemia 14 with mandibulofacial dysostosis,"A Diamond-Blackfan anemia characterized by Diamond-Blackfan anemia, bilateral microtia, and cleft palate that has_material_basis_in hemizygous mutation in the TSR2 gene on chromosome Xp11.22."
http://purl.obolibrary.org/obo/DOID_0111932,severe congenital encephalopathy due to MECP2 mutation,"A brain disease characterized by severe neonatal encephalopathy, developmental delay, and microcephaly that has_material_basis_in hemizygous mutation in the MECP2 gene on chromosome Xq28."
http://purl.obolibrary.org/obo/DOID_0112002,immunodeficiency 47,"A primary immunodeficiency disease characterized by liver dysfunction, recurrent bacterial infections, hypogammaglobulinemia, and defective glycosylation of serum proteins that has_material_basis_in hemizygous mutation in the ATP6AP1 gene on chromosome Xq28."
http://purl.obolibrary.org/obo/DOID_0112014,congenital megabladder,A bladder disease characterized by a massively dilated urinary bladder with disruption of the smooth muscle in the wall of the bladder that has_material_basis_in heterozygous mutation in the MYOCD gene on chromosome 17p12.
http://purl.obolibrary.org/obo/DOID_0112128,X-linked severe congenital neutropenia,A severe congenital neutropenia that has_material_basis_in hemizygous activating mutation in WAS on chromosome Xp11.23.
http://purl.obolibrary.org/obo/DOID_0112129,severe congenital neutropenia 7,"A severe congenital neutropenia characterized by onset of recurrent infections in infancy or early childhood, peripheral neutropenia but normal granulocyte maturation in the bone marrow that has_material_basis_in homozygous or compound heterozygous mutation in the CSF3R gene on chromosome 1p34.3."
http://purl.obolibrary.org/obo/DOID_0112130,autosomal dominant severe congenital neutropenia,A severe congenital neutropenia that has_material_basis_in heterozygous mutation of an autosomal gene.
http://purl.obolibrary.org/obo/DOID_0112131,severe congenital neutropenia 2,An autosomal dominant severe congenital neutropenia that has_material_basis_in heterozygous mutation in the GFI1 gene on chromosome 1p22.1.
http://purl.obolibrary.org/obo/DOID_0112132,severe congenital neutropenia 5,"A severe congenital neutropenia characterized by neutropenia and neutrophil dysfunction, a lack of response to G-CSF, life-threatening infections, bone marrow fibrosis, and renal extramedullary hematopoiesis that has_material_basis_in homozygous or compound heterozygous mutation in the VPS45 gene on chromosome 1q21.2."
http://purl.obolibrary.org/obo/DOID_0112133,severe congenital neutropenia 3,"A severe congenital neutropenia characterized by bone marrow failure resulting in low numbers of neutrophils, increased susceptibility to bacterial and fungal infections, and increased risk of developing myelodysplastic syndrome or acute myeloid leukemia that has_material_basis_in homozygous or compound heterozygous mutation in the HAX1 gene on chromosome 1q21.3."
http://purl.obolibrary.org/obo/DOID_0112134,severe congenital neutropenia 6,A severe congenital neutropenia that has_material_basis_in homozygous or compound heterozygous mutation in the JAGN1 gene on chromosome 3p25.3.
http://purl.obolibrary.org/obo/DOID_0112135,severe congenital neutropenia 8,An autosomal dominant severe congenital neutropenia characterized by decreased neutrophils and onset of recurrent bacterial infections in early infancy that has_material_basis_in heterozygous mutation in the SRP54 gene on chromosome 14q13.2.
http://purl.obolibrary.org/obo/DOID_0112136,severe congenital neutropenia 4,A severe congenital neutropenia that has_material_basis_in homozygous or compound heterozygous mutation in the G6PC3 gene on chromosome 17q21.31.
http://purl.obolibrary.org/obo/DOID_0112183,familial thyroid dyshormonogenesis,A congenital hypothyroidism characterized by thyroid hormone deficiency that is present from birth and results from defects in thyroid hormone synthesis.
http://purl.obolibrary.org/obo/DOID_0112184,thyroid dyshormonogenesis 5,A familial thyroid dyshormonogenesis that has_material_basis_in homozygous or compound heterozygous mutation in DUOXA2 on chromosome 15q21.1.
http://purl.obolibrary.org/obo/DOID_0112185,thyroid dyshormonogenesis 1,A familial thyroid dyshormonogenesis that has_material_basis_in homozygous or compound heterozygous mutation in SLC5A5 on chromosome 19p13.11.
http://purl.obolibrary.org/obo/DOID_0112186,thyroid dyshormonogenesis 2A,A familial thyroid dyshormonogenesis that has_material_basis_in homozygous or compound heterozygous mutation in TPO on chromosome 2p25.3.
http://purl.obolibrary.org/obo/DOID_0112187,thyroid dyshormonogenesis 3,A familial thyroid dyshormonogenesis that has_material_basis_in homozygous or compound heterozygous mutation in TG on chromosome 8q24.22.
http://purl.obolibrary.org/obo/DOID_0112188,thyroid dyshormonogenesis 4,A familial thyroid dyshormonogenesis that has_material_basis_in homozygous or compound heterozygous mutation in IYD on chromosome 6q25.1.
http://purl.obolibrary.org/obo/DOID_0112189,thyroid dyshormonogenesis 6,A familial thyroid dyshormonogenesis that has_material_basis_in homozygous or compound heterozygous mutation in DUOX2 on chromosome 15q21.1.
http://purl.obolibrary.org/obo/DOID_0112213,multiple congenital anomalies-hypotonia-seizures syndrome 4,A multiple congenital anomalies-hypotonia-seizures syndrome characterized by onset in the first months of life of refractory seizures and severe global developmental delay that has_material_basis_in homozygous or compound heterozygous mutation in the PIGQ gene on chromosome 16p13.3.
http://purl.obolibrary.org/obo/DOID_0112227,tubulinopathy,A congenital nervous system abnormality characterized by complex cortical malformations including in most cases dysmorphic basal ganglia that has_material_basis_in mutation in one or more of the tubulin genes.
http://purl.obolibrary.org/obo/DOID_0112228,lissencephaly 9 with complex brainstem malformation,"A lissencephaly characterized by global developmental delay, impaired intellectual development with poor or absent speech, pachygyria, lissencephaly, and malformation of the brainstem that has_material_basis_in heterozygous mutation in the MACF1 gene on chromosome 1p34.3."
http://purl.obolibrary.org/obo/DOID_0112229,lissencephaly 10,"A lissencephaly characterized by variably delayed development, mildly to moderately impaired intellectual development and language delay, seizures, brain features consistent with neuronal migration defects that has_material_basis_in heterozygous mutation in the CEP85L gene on chromosome 6q22.31."
http://purl.obolibrary.org/obo/DOID_0112230,lissencephaly 5,"A lissencephaly characterized by hydrocephalus, seizures, severely delayed psychomotor development, and cobblestone changes in the cortex, more severe in the posterior region, and subcortical band heterotopia that has_material_basis_in homozygous or compound heterozygous mutation in the LAMB1 gene on chromosome 7q31.1."
http://purl.obolibrary.org/obo/DOID_0112231,lissencephaly 7 with cerebellar hypoplasia,"A lissencephaly characterized by lack of psychomotor development, facial dysmorphism, arthrogryposis, and early-onset intractable seizures resulting in death in infancy that has_material_basis_in homozygous or compound heterozygous mutation in the CDK5 gene on chromosome 7q36.1."
http://purl.obolibrary.org/obo/DOID_0112232,lissencephaly 3,"A lissencephaly characterized by brain malformations, microcephaly, developmental delay and epilepsy that has_material_basis_in heterozygous mutation in the TUBA1A gene on chromosome 12q13.12."
http://purl.obolibrary.org/obo/DOID_0112233,lissencephaly 8,"A lissencephaly characterized by delayed psychomotor development, intellectual disability with poor or absent speech, early-onset refractory seizures, and hypotonia that has_material_basis_in homozygous or compound heterozygous mutation in the TMTC3 gene on chromosome 12q21.32."
http://purl.obolibrary.org/obo/DOID_0112234,microlissencephaly,A lissencephaly characterized by lissencephaly in combination with severe congenital microcephaly.
http://purl.obolibrary.org/obo/DOID_0112235,lissencephaly 4,"A microlissencephaly characterized by lissencephaly, severe brain atrophy, extreme microcephaly, and profound intellectual disability that has_material_basis_in homozygous or compound heterozygous mutation in the NDE1 gene on chromosome 16p13.11."
http://purl.obolibrary.org/obo/DOID_0112236,lissencephaly 6,"A microlissencephaly characterized by severe microcephaly, developmental delay, lissencephaly, pachygyria, and hypoplasia of the corpus callosum that has_material_basis_in homozygous or compound heterozygous mutation in the KATNB1 gene on chromosome 16q21."
http://purl.obolibrary.org/obo/DOID_0112237,lissencephaly 1,"A lissencephaly characterized by an abnormally thick cortex, reduced or abnormal lamination, and diffuse neuronal heterotopia that has_material_basis_in mutation heterozygous in the PAFAH1B1 gene on chromosome 17p13.3."
http://purl.obolibrary.org/obo/DOID_0112238,X-linked lissencephaly 2,"A lissencephaly characterized by structural brain anomalies, early-onset intractable seizures, severe psychomotor retardation, and ambiguous genitalia that has_material_basis_in mutation in ARX on chromosome Xp21.3."
http://purl.obolibrary.org/obo/DOID_0112239,X-linked lissencephaly 1,A lissencephaly characterized by classic lissencephaly and intellectual disability in males that has_material_basis_in mutation in DCX on chromosome Xq23.
http://purl.obolibrary.org/obo/DOID_0112321,"alacrima, achalasia, and impaired intellectual development syndrome","A congenital disorder of glycosylation characterized by onset in infancy of alacrima, achalasia, and impaired intellectual development without adrenal insufficiency that has_material_basis_in homozygous or compound heterozygous mutation in the GMPPA gene on chromosome 2q35."
http://purl.obolibrary.org/obo/DOID_0112376,muscular dystrophy-dystroglycanopathy type B15,A muscular dystrophy-dystroglycanopathy type B that has_material_basis_in homozygous or compound heterozygous mutation in the DPM3 gene on chromosome 1q22.
http://purl.obolibrary.org/obo/DOID_0112377,muscular dystrophy-dystroglycanopathy type B14,A muscular dystrophy-dystroglycanopathy type B that has_material_basis_in homozygous or compound heterozygous mutation in the GMPPB gene on chromosome 3p21.31.
http://purl.obolibrary.org/obo/DOID_0112378,muscular dystrophy-dystroglycanopathy type B3,A muscular dystrophy-dystroglycanopathy type B that has_material_basis_in homozygous or compound heterozygous mutation in the POMGNT1 gene on chromosome 1p34.1.
http://purl.obolibrary.org/obo/DOID_0112379,muscular dystrophy-dystroglycanopathy type B4,A muscular dystrophy-dystroglycanopathy type B characteried by muscular dystropy resulting from impaired glycosylation of dystroglycan in the absence of intellectual impairment that has_material_basis_in homozygous or compound heterozygous mutation in the FKTN gene on chromosome 9q31.2.
http://purl.obolibrary.org/obo/DOID_0112380,muscular dystrophy-dystroglycanopathy type B2,A muscular dystrophy-dystroglycanopathy type B that has_material_basis_in homozygous or compound heterozygous mutation in the POMT2 gene on chromosome 14q24.3.
http://purl.obolibrary.org/obo/DOID_0112381,muscular dystrophy-dystroglycanopathy type C12,A muscular dystrophy-dystroglycanopathy characterized by limb-girdle congenital muscular dystrophy and cognitive impairment that has_material_basis_in homozygous or compound heterozygous mutation in the POMK gene on chromosome 8p11.21.
http://purl.obolibrary.org/obo/DOID_0112382,muscular dystrophy-dystroglycanopathy type C8,A muscular dystrophy-dystroglycanopathy characterized by onset in childhood of a variable phrenotype that ranges from mild intellectual disability and gait abnormalities to asymptomatic that has_material_basis_in homozygous or compound heterozygous mutation in the POMGNT2 gene on chromosome 3p22.1.
http://purl.obolibrary.org/obo/DOID_10039,late congenital syphilis,"A congenital syphilis that occurs in children at or greater than two years of age who acquired the infection trans-placentally. The infection has_symptom gummatous ulcers, has_symptom periosteal lesions, has_symptom paresis, has_symptom tabes, has_symptom optic atrophy, has_symptom interstitial keratitis, has_symptom sensorineural deafness, and has_symptom dental deformities."
http://purl.obolibrary.org/obo/DOID_10348,blepharophimosis,An eyelid disease that is characterized by abnormal narrowness of the palpebral fissure in the horizontal direction caused by the lateral displacement of the medial canthi of the eyelids.
http://purl.obolibrary.org/obo/DOID_10488,imperforate anus,
http://purl.obolibrary.org/obo/DOID_10783,methemoglobinemia,
http://purl.obolibrary.org/obo/DOID_2860,hemoglobinopathy,
http://purl.obolibrary.org/obo/DOID_1088,meningocele,A spina bifida that is characterized by herniation of the meninges between the vertebrae.
http://purl.obolibrary.org/obo/DOID_10892,hypospadias,A physical disorder characterized by an abnormally placed urethral opening on the underside of the penis or on the perineum.
http://purl.obolibrary.org/obo/DOID_11044,gastroschisis,
http://purl.obolibrary.org/obo/DOID_11211,buphthalmos,"A hydrophthalmos characterized by early onset glaucoma in one or both eyes with elevated intraocular pressure, increased corneal diameter, and swelling of the globe and has_symptom early vision loss, photophobia, blepharospasm, tearing, increased corneal diameter, increased corneal thickness, and enlarged globe. Buphthalmos is caused by severe congenital defects of the trabecular meshwork and anterior chamber angle that block aqueous outflow and raises intraocular pressure, leading to optic nerve atrophy and early vision loss."
http://purl.obolibrary.org/obo/DOID_11212,hydrophthalmos,"A primary congenital glaucoma characterized by early onset glaucoma in one or both eyes with elevated intraocular pressure and increased corneal diameter and has_symptom early vision loss, increased corneal diameter, and increased corneal thickness. Hydrophthalmus is caused by congenital defects of the trabecular meshwork and anterior chamber angle that block aqueous outflow and raises intraocular pressure, leading to optic nerve atrophy and early vision loss."
http://purl.obolibrary.org/obo/DOID_11367,congenital aphakia,
http://purl.obolibrary.org/obo/DOID_1148,polydactyly,A physical disorder that is characterized by the presence of more than five fingers per hand or five toes per foot.
http://purl.obolibrary.org/obo/DOID_12961,Poland syndrome,"A physical disorder that is characterized by missing or underdeveloped muscles on one side of the body, resulting in abnormalities that can affect the chest, shoulder, arm, and hand."
http://purl.obolibrary.org/obo/DOID_13336,congenital toxoplasmosis,A toxoplasmosis that involves a reactivated infection of the mother transmitted to the fetus during pregnancy. Spontaneous abortion and stillbirth may occur.
http://purl.obolibrary.org/obo/DOID_1342,congenital hypoplastic anemia,
http://purl.obolibrary.org/obo/DOID_13620,patent foramen ovale,
http://purl.obolibrary.org/obo/DOID_14177,congenital hypogammaglobulinemia,
http://purl.obolibrary.org/obo/DOID_14681,Silver-Russell syndrome,"A physical disorder that is characterized by severe intrauterine growth retardation, poor postnatal growth, craniofacial features such as a triangular shaped face and a broad forehead, body asymmetry, and a variety of minor malformations."
http://purl.obolibrary.org/obo/DOID_422,congenital structural myopathy,"A myopathy that is characterized by hypotonia, muscle weakness, and delayed development of motor skills."
http://purl.obolibrary.org/obo/DOID_14725,autosomal dominant microcephaly,A microcephaly that has_material_basis_in heterozygous mutation in an autosomal gene.
http://purl.obolibrary.org/obo/DOID_1657,ventricular septal defect,"A heart septal defect characterized by an opening in the interventricular septum, causing a shunt between ventricles."
http://purl.obolibrary.org/obo/DOID_1998,Lutembacher's syndrome,
http://purl.obolibrary.org/obo/DOID_2236,congenital afibrinogenemia,A blood coagulation disease that is characterized by an impaired blood clotting resulting from a lack deficiency of a the fibrinogen protein (coagulation factor I).
http://purl.obolibrary.org/obo/DOID_2859,hemoglobin C disease,
http://purl.obolibrary.org/obo/DOID_3827,congenital diaphragmatic hernia,"A diaphragm disease characterized by the lack of development of all or part of the diaphragm, which results in an abnormal opening that allows the stomach and intestines to move into the chest cavity and crowd the heart and lungs."
http://purl.obolibrary.org/obo/DOID_4297,scimitar syndrome,"A congenital heart disease that is characterized by partial or entire anomalous curved venous drainage of the right lung to the inferior vena cava, association with variable right lung and pulmonary artery hypoplasia, dextraposition of the heart and an anomalous systemic blood supply to the ipsilateral lung."
http://purl.obolibrary.org/obo/DOID_4626,hydranencephaly,
http://purl.obolibrary.org/obo/DOID_4773,congenital mesoblastic nephroma,A kidney cancer that is characterized by the presence of fibroblastic cells.
http://purl.obolibrary.org/obo/DOID_5378,hemoglobin D disease,
http://purl.obolibrary.org/obo/DOID_5379,hemoglobin E disease,
http://purl.obolibrary.org/obo/DOID_6406,double outlet right ventricle,
http://purl.obolibrary.org/obo/DOID_6419,tetralogy of Fallot,
http://purl.obolibrary.org/obo/DOID_7280,congenital epulis,
http://purl.obolibrary.org/obo/DOID_758,situs inversus,A visceral heterotaxy that is characterized by complete right-to-left reversal of the position of the major thoracic and abdominal organs.
http://purl.obolibrary.org/obo/DOID_8082,cellular congenital mesoblastic nephroma,
http://purl.obolibrary.org/obo/DOID_8083,classic congenital mesoblastic nephroma,
http://purl.obolibrary.org/obo/DOID_8303,congenital granular cell tumor,
http://purl.obolibrary.org/obo/DOID_8418,congenital fibrosarcoma,
http://purl.obolibrary.org/obo/DOID_9296,cleft lip,An orofacial cleft that is characterized by a congenital defect in the upper lip where the maxillary prominence fails to merge with the merged medial nasal prominences.
http://purl.obolibrary.org/obo/DOID_9487,Meckel's diverticulum,A physical disorder that is characterized by a congenital abnormality characterized by the outpouching or sac formation in the ileum.
http://purl.obolibrary.org/obo/DOID_9565,dextrocardia,
http://purl.obolibrary.org/obo/DOID_9621,non-congenital cyst of kidney,
http://purl.obolibrary.org/obo/DOID_9827,radioulnar synostosis,
http://purl.obolibrary.org/obo/DOID_990,congenital heart block,"An atrioventricular block characterized by the presence of conduction system disease of any form, which is diagnosed on or before 28 days of life."
http://purl.obolibrary.org/obo/DOID_9955,hypoplastic left heart syndrome,A congenital heart disease characterized by abnormal development of the left-sided structures of the heart.
