clase,etiqueta,def
http://purl.obolibrary.org/obo/DOID_0050328,hipotiroidismo congénito,Un hipotiroidismo que está presente al nacer.
http://purl.obolibrary.org/obo/DOID_0080015,trastorno físico,"Una enfermedad que tiene_su_base_material_en una anomalía genética, un error con el desarrollo embrionario, una infección o un entorno intrauterino comprometido."
http://purl.obolibrary.org/obo/DOID_0050453,lisencefalia,Anomalía congénita del sistema nervioso caracterizada por la ausencia de pliegues en la corteza cerebral y causada_por una migración neuronal defectuosa durante las semanas 12 a 24 de gestación.
http://purl.obolibrary.org/obo/DOID_2490,anomalía congénita del sistema nervioso,NA
http://purl.obolibrary.org/obo/DOID_0050454,heterotopía nodular periventricular,Anomalía congénita del sistema nervioso caracterizada por la migración no adecuada de las neuronas durante el desarrollo temprano del cerebro fetal.
http://purl.obolibrary.org/obo/DOID_0050488,sífilis congénita precoz,"Una sífilis congénita que se manifiesta durante los 3 primeros meses de vida. La infección presenta lesiones cutáneas, linfadenopatía, hepatoesplenomegalia, retraso del crecimiento, secreción nasal sanguinolenta, fisuras periorales, meningitis, coroiditis, hidrocefalia, convulsiones, discapacidad intelectual, osteocondritis y pseudoparálisis."
http://purl.obolibrary.org/obo/DOID_9856,sífilis congénita,Una sífilis que provoca_una una infección multisistémica en el feto a través de la placenta.
http://purl.obolibrary.org/obo/DOID_0050534,ceguera nocturna estacionaria congénita,Una ceguera nocturna hereditaria que se caracteriza por hemeralopía con una pérdida moderada de agudeza visual y causada por una señalización defectuosa de los fotorreceptores a las células bipolares con hallazgos ERG comunes de ondas b reducidas o ausentes y ondas a generalmente normales.
http://purl.obolibrary.org/obo/DOID_0050545,heterotaxia visceral,Trastorno físico caracterizado por la distribución anormal de los principales órganos viscerales dentro del tórax y el abdomen.
http://purl.obolibrary.org/obo/DOID_0050546,insuficiencia suprarrenal congénita,"Enfermedad de la glándula suprarrenal que se caracteriza por deficiencia de cortisol, hipoaldosteronismo y exceso o insuficiencia de hormonas sexuales, tiene_su_base_material_en la mutación en el gen de la 21-hidroxilasa, 11beta-hidroxilasa, 3beta-hidroxiesteroide, 17alfa-hidroxilasa o 20,22-desmolasa."
http://purl.obolibrary.org/obo/DOID_0050557,distrofia muscular congénita,"Una distrofia muscular que se caracteriza por un tono muscular disminuido (hipotonía), debilidad muscular progresiva y degeneración (atrofia), articulaciones anormalmente fijas, rigidez espinal y retrasos en alcanzar hitos motores como sentarse o ponerse de pie sin ayuda."
http://purl.obolibrary.org/obo/DOID_0050558,Distrofia muscular congénita de Ullrich,"Una distrofia muscular congénita que se caracteriza por debilidad muscular y depresión respiratoria y tiene_su_base_material_en mutación en los COL6A1,COL6A2 y COL6A3 que producen componentes del colágeno tipo VI."
http://purl.obolibrary.org/obo/DOID_0050559,Distrofia muscular congénita de Fukuyama,"Una distrofia muscular congénita-distroglicanopatía tipo A que se caracteriza por debilidad muscular, retraso en el desarrollo, discapacidad intelectual y del desarrollo grave, problemas de visión y anomalías cardiacas y tiene_su_base_material_en mutación en el gen FKTN que produce la proteína fukutina."
http://purl.obolibrary.org/obo/DOID_0111229,distrofia muscular congénita-distroglicanopatía tipo A,"Una distrofia muscular congénita-distroglicanopatía caracterizada por lisencefalia en empedrado, debilidad muscular y anomalías cerebrales y oculares que tiene_su_base_material_en la herencia autosómica recesiva un defecto en el procesamiento postraduccional del alfa-distroglicano."
http://purl.obolibrary.org/obo/DOID_0050560,síndrome de Walker-Warburg,"Una distrofia muscular congénita que se caracteriza por hipotonía, convulsiones, discapacidad intelectual y del desarrollo grave, anomalías oculares y muerte prematura y tiene_su_base_material_en mutaciones en múltiples genes, incluidos POMT1,POMT2,ISPD, FKTN, FKRP y LARGE1."
http://purl.obolibrary.org/obo/DOID_0050567,hendidura orofacial,"Trastorno físico que se caracteriza por la presencia de labio leporino y/o paladar hendido que dan lugar a problemas de alimentación, habla y audición causados por fallos durante el desarrollo."
http://purl.obolibrary.org/obo/DOID_0050570,trastorno congénito de la glicosilación tipo I,Trastorno congénito de la glicosilación caracterizado por glicoproteínas séricas infraglucosiladas.
http://purl.obolibrary.org/obo/DOID_5212,trastorno congénito de la glicosilación,Trastorno metabólico de los hidratos de carbono que implica una glicosilación deficiente o defectuosa de diversas proteínas y/o lípidos tisulares.
http://purl.obolibrary.org/obo/DOID_0050571,trastorno congénito de la glicosilación tipo II,Un trastorno congénito de la glicosilación que implica un mal funcionamiento del recorte o procesamiento de la cadena de oligosacáridos unida a la proteína.
http://purl.obolibrary.org/obo/DOID_0050585,lipodistrofia generalizada congénita,"Una lipodistrofia que se caracteriza por una escasez extrema de grasa subcutánea, hipertrofia muscular, hígado graso, hipertrigliceridemia y complicaciones metabólicas, incluida la resistencia a la insulina."
http://purl.obolibrary.org/obo/DOID_0050588,distrofia muscular-distroglicanopatía tipo B1,"Una distrofia muscular congénita caracterizada por debilidad muscular, deterioro cognitivo y anomalías cerebrales y tiene_su_base_material_en mutación en el gen POMT1 que codifica la O-manosiltransferasa."
http://purl.obolibrary.org/obo/DOID_0112375,distrofia-distroglicanopatía muscular tipo B,"Una distrofia-distroglicanopatía muscular caracterizada por la aparición temprana de debilidad muscular, discapacidad intelectual en la mayoría de los casos y presencia variable de anomalías cerebrales leves."
http://purl.obolibrary.org/obo/DOID_0050590,neutropenia congénita grave,Una neutropenia caracterizada por una detención de la maduración de la granulopoyesis a nivel de los promielocitos y la aparición precoz de infecciones bacterianas graves.
http://purl.obolibrary.org/obo/DOID_0050593,glaucoma congénito primario,"Un glaucoma que se caracteriza por daños en los nervios ópticos que reducen la visión periférica y conducen a la ceguera, tiene_su_base_material_en mutación en el gen MYOC y aparece antes de los 5 años sin otras anomalías asociadas."
http://purl.obolibrary.org/obo/DOID_0050651,comunicación interauricular,"Defecto congénito del tabique cardiaco caracterizado por una fusión anormal o inadecuada de los cojines endocárdicos superior e inferior con la porción media del tabique auricular y la porción muscular del tabique ventricular, lo que permite que la sangre sobrante circule por los pulmones."
http://purl.obolibrary.org/obo/DOID_1681,defecto septal cardíaco,NA
http://purl.obolibrary.org/obo/DOID_0050663,miopatía de Bethlem,"Una distrofia muscular congénita que se caracteriza por miopatía y contracturas articulares que progresa lentamente, tiene_su_base_material_en una herencia autosómica dominante de mutación heterocigótica en el gen COL6A1,el gen COL6A2 o el gen COL6A3."
http://purl.obolibrary.org/obo/DOID_0050674,defecto congénito de la síntesis de ácidos biliares,Trastorno metabólico heredado de los esteroides caracterizado por una conversión anormal del colesterol en ácidos biliares que se produce predominantemente en el hígado.
http://purl.obolibrary.org/obo/DOID_0050734,deficiencia congénita del factor intrínseco,Deficiencia de vitamina B12 que se caracteriza por una anemia megaloblástica debida a la ausencia del factor intrínseco gástrico que provoca una absorción anormal de la vitamina B12.
http://purl.obolibrary.org/obo/DOID_10907,microcefalia,Anomalía congénita del sistema nervioso que se caracteriza por una cabeza significativamente más pequeña de lo normal en los bebés.
http://purl.obolibrary.org/obo/DOID_0050811,hiperplasia suprarrenal congénita,Trastorno metabólico heredado de esteroides que se caracteriza por insuficiencia suprarrenal y grados variables de manifestaciones de hiper o hipoandrogenia resultantes de la deficiencia de enzimas esteroidogénicas.
http://purl.obolibrary.org/obo/DOID_0050813,displasia espondiloepifisaria con luxaciones articulares congénitas,"Una displasia espondiloepifisaria que se caracteriza por baja estatura de inicio prenatal, luxaciones articulares (rodillas, caderas, cabezas radiales), pies zambos y limitación de la amplitud de movimiento que puede afectar a todas las grandes articulaciones."
http://purl.obolibrary.org/obo/DOID_0060259,displasia renal-hepática-pancreática,"Trastorno físico caracterizado por fibrosis pancreática, displasia renal y disgenesia hepática ;que suele ser mortal poco después del nacimiento."
http://purl.obolibrary.org/obo/DOID_0060261,ptosis congénita,Una ptosis caracterizada por la caída del párpado presente al nacer.
http://purl.obolibrary.org/obo/DOID_0060285,forámenes parietales,"Defecto hereditario del tubo neural que se caracteriza por aberturas agrandadas en los huesos parietales del cráneo, tiene_su_base_material_en la mutación del gen ALX4 o del gen MSX2."
http://purl.obolibrary.org/obo/DOID_0080074,defecto del tubo neural,Trastorno físico caracterizado por el cierre incompleto del tubo neural.
http://purl.obolibrary.org/obo/DOID_0060296,diarrea secretoria congénita de cloruro 1,Una diarrea secretoria que tiene_su_base_material_en mutación en el gen SLC26A3.
http://purl.obolibrary.org/obo/DOID_0060326,mielomeningocele,"espina bífida caracterizada por la protrusión de la médula espinal a través de una abertura, cubierta por membranas meníngeas."
http://purl.obolibrary.org/obo/DOID_0080016,espina bífida,Defecto del tubo neural que se caracteriza por el cierre incompleto de la columna vertebral y las membranas que rodean la médula espinal durante el desarrollo temprano.
http://purl.obolibrary.org/obo/DOID_0060327,onfalocele,"Trastorno físico caracterizado por un defecto en el desarrollo de los músculos de la pared abdominal, que provoca que los intestinos, el hígado y otros órganos queden fuera del abdomen en una bolsa."
http://purl.obolibrary.org/obo/DOID_0060341,complejo de agnatia-otocefalia,"Trastorno físico caracterizado por hipoplasia mandibular o agnatia, malposición auricular ventromedial (melotia) y/o fusión auricular (sinotia), y microstomía con hipoplasia oroglosal o aglosia. La holoprosencefalia es la asociación más comúnmente identificada, pero se han notificado anomalías esqueléticas, genitourinarias y cardiovasculares y situs inversus."
http://purl.obolibrary.org/obo/DOID_0060445,distrofia corneal estromal congénita,Una distrofia estromal que se caracteriza por la presencia de opacidades corneales bilaterales que pueden observarse al nacer o poco después.
http://purl.obolibrary.org/obo/DOID_0060558,síndrome de contractura congénita letal,"Síndrome caracterizado por contracturas articulares congénitas no progresivas. Las contracturas pueden afectar a las extremidades superiores o inferiores y/o a la columna vertebral, dando lugar a diversos grados de limitaciones de flexión o extensión evidentes al nacer."
http://purl.obolibrary.org/obo/DOID_0060559,síndrome de contractura congénita letal 1,Síndrome de contractura congénita letal que tiene_su_base_material_en mutación homocigota o heterocigota compuesta en el mediador de exportación de ARNm el gen GLE1 en el cromosoma 9q34.
http://purl.obolibrary.org/obo/DOID_0060560,síndrome de contractura congénita letal 2,Un síndrome de contractura congénita letal que puede ser que tenga_base_material_en mutación homocigota en el gen ERBB3 en el cromosoma 12q13.
http://purl.obolibrary.org/obo/DOID_0060563,Síndrome de Char,Un conducto arterioso persistente con dismorfismo facial y quintos dígitos anormales.
http://purl.obolibrary.org/obo/DOID_13832,conducto arterioso persistente,NA
http://purl.obolibrary.org/obo/DOID_0060613,Paladar hendido ligado al cromosoma X con o sin anquiloglosia,Un paladar hendido que tiene_su_base_material_en una mutación en el gen TBX22 del cromosoma Xq21.
http://purl.obolibrary.org/obo/DOID_674,paladar hendido,"Hendidura orofacial caracterizada por una fisura del paladar blando y/o duro, debida a una fusión defectuosa de las dos placas del cráneo que forman el paladar duro."
http://purl.obolibrary.org/obo/DOID_0060638,diabetes mellitus neonatal con hipotiroidismo congénito,"Una diabetes neonatal que se caracteriza por retraso del crecimiento intrauterino, hipotiroidismo y aparición de diabetes mellitus no inmunitaria en las primeras semanas de vida, y que tiene_su_base_material_en mutaciones homocigóticas o heterocigóticas compuestas en el gen GLIS3 del cromosoma 9p24."
http://purl.obolibrary.org/obo/DOID_0060646,quilotórax congénito,"Enfermedad pleural caracterizada por la acumulación de quilo en el espacio pleural que provoca dificultad respiratoria, desnutrición y compromiso inmunológico, ya sea inmediatamente después del nacimiento o en las primeras semanas de vida."
http://purl.obolibrary.org/obo/DOID_0060649,distrofia endotelial hereditaria congénita de la córnea,"Una distrofia endotelial de la córnea que tiene_su_base_material_en una mutación homocigota o heterocigota compuesta en el gen SLC4A11,que codifica un cotransportador de borato de sodio, en el cromosoma 20p13 y se caracteriza por el engrosamiento y la opacificación de la córnea, la morfología alterada del endotelio y la secreción de una capa colágena anormal en la membrana de Descemet."
http://purl.obolibrary.org/obo/DOID_0060653,síndrome de contractura congénita letal 3,Un síndrome de contractura congénita letal que tiene_su_base_material_en una mutación homocigota en el gen PIP5K1C del cromosoma 19p13.
http://purl.obolibrary.org/obo/DOID_0060654,síndrome de contractura congénita letal 4,Un síndrome de contractura congénita letal que tiene_su_base_material_en una mutación homocigota en el gen MYBPC1 del cromosoma 12q23.
http://purl.obolibrary.org/obo/DOID_0060655,ictiosis congénita autosómica recesiva,Ictiosis que se caracteriza por una herencia autosómica recesiva y una descamación anormal de la piel de todo el cuerpo debida a un defecto en la queratinización.
http://purl.obolibrary.org/obo/DOID_0060656,ictiosis congénita autosómica recesiva 1,"Una ictiosis congénita autosómica recesiva que se caracteriza por ictiosis lamelar, ectropión, eclabio e hiperqueratosis que tiene_su_base_material_en mutación homocigota o heterocigota compuesta en el gen TGM1 del cromosoma 14q11.2."
http://purl.obolibrary.org/obo/DOID_0060668,anencefalia,"Anomalía congénita del sistema nervioso caracterizada por un fallo en el cierre del neuróporo anterior que provoca la ausencia parcial o completa de la bóveda craneal acompañada de la ausencia de los tejidos suprayacentes, incluidos el cerebro y los hemisferios cerebrales, el cráneo y el cuero cabelludo."
http://purl.obolibrary.org/obo/DOID_0060710,ictiosis congénita autosómica recesiva 2,"Una ictiosis congénita autosómica recesiva caracterizada por escamas finas en el cuero cabelludo, la cara, el tronco y las extremidades, hiperlinearidad palmoplantar marcada, hiperqueratosis, acantosis, hipergranulosis leve y estrato córneo engrosado que tiene_su_base_material_en mutación homocigota o heterocigota compuesta en el gen ALOX12B del cromosoma 17p13."
http://purl.obolibrary.org/obo/DOID_0060711,ictiosis congénita autosómica recesiva 3,"Una ictiosis congénita autosómica recesiva caracterizada por ictiosis leve, escamas finas en el cuero cabelludo, la cara, el tronco y las extremidades, escamas adherentes de color marrón oscuro en el cuello, el codo y las rodillas, e hipohidrosis que tiene_su_base_material_en mutación homocigota o heterocigota compuesta en el gen ALOXE3 del cromosoma 17p13."
http://purl.obolibrary.org/obo/DOID_0060712,ictiosis congénita autosómica recesiva 4A,Una ictiosis congénita autosómica recesiva caracterizada por ictiosis generalizada y ectropión que tiene_su_base_material_en mutación homocigota o heterocigota compuesta en el gen ABCA12 del cromosoma 2q35.
http://purl.obolibrary.org/obo/DOID_0060713,ictiosis congénita autosómica recesiva 4B,"Una ictiosis congénita autosómica recesiva caracterizada por ictiosis neonatal grave con ectropión y eclabio bilaterales, nariz y orejas aplanadas y rudimentarias, bandas constrictivas alrededor de las extremidades y con frecuencia letal durante la infancia que tiene_su_base_material_en una mutación homocigota o heterocigota compuesta en el gen ABCA12 del cromosoma 2q35."
http://purl.obolibrary.org/obo/DOID_0060714,ictiosis congénita autosómica recesiva 5,"Una ictiosis congénita autosómica recesiva caracterizada por finas escamas blancas o blanco grisáceas, hiperqueratosis, acantosis y paraqueratosis moderadas que tiene_su_base_material_en la mutación homocigota en el gen CYP4F22 del cromosoma 19p13."
http://purl.obolibrary.org/obo/DOID_0060715,ictiosis congénita autosómica recesiva 6,"Una ictiosis congénita autosómica recesiva caracterizada por ictiosis generalizada, hiperqueratosis, paraqueratosis y acantosis moderada que tiene_su_base_material_en mutación homocigota o heterocigota compuesta en el gen NIPAL4 en el cromosoma 5q33."
http://purl.obolibrary.org/obo/DOID_0060716,ictiosis congénita autosómica recesiva 7,"Una ictiosis congénita autosómica recesiva caracterizada por finas escamas blanquecinas, eritrodermia de moderada a grave, hiperqueratosis compacta, hipergranulosis, acantosis y papilomatosis que tiene_su_base_material_en la variación en la región cromosómica 12p11.2-q13.1."
http://purl.obolibrary.org/obo/DOID_0060717,ictiosis congénita autosómica recesiva 8,"Una ictiosis congénita autosómica recesiva caracterizada por ictiosis lamelar difusa, eritema facial leve, hiperqueratosis, ortoqueratosis, hipergranulosis y acantosis que tiene_su_base_material_en mutación homocigota en el gen LIPN del cromosoma 10q23."
http://purl.obolibrary.org/obo/DOID_0060718,ictiosis congénita autosómica recesiva 9,"Una ictiosis congénita autosómica recesiva caracterizada por finas escamas eritrodérmicas, hiperlinearidad palmoplantar, ortoqueratosis gruesa, hipergranulosis, acantosis moderada y alopecia leve que tiene_su_base_material_en mutación homocigota en el gen CERS3 del cromosoma 15q26."
http://purl.obolibrary.org/obo/DOID_0060719,ictiosis congénita autosómica recesiva 10,"Una ictiosis congénita autosómica recesiva caracterizada por ictiosis generalizada, eritrodermia moderada, queratodermia palmoplantar e hipergranulosis que tiene_su_base_material_en mutación homocigota en el gen PNPLA1 del cromosoma 6p21."
http://purl.obolibrary.org/obo/DOID_0060720,ictiosis congénita autosómica recesiva 11,"Una ictiosis congénita autosómica recesiva caracterizada por ictiosis, hipotricosis, fotofobia, opacidad corneal, pinguécula, blefaritis, acantosis marcada, ortoqueratosis e hiperqueratosis que tiene_su_base_material_en una mutación homocigota en el gen ST14 del cromosoma 11q24."
http://purl.obolibrary.org/obo/DOID_0060731,síndrome de hipoventilación central congénita,"Enfermedad del sistema nervioso autónomo caracterizada por una capacidad de respuesta reducida del centro respiratorio al dióxido de carbono, respuestas pupilares a la luz disminuidas y otros síntomas relacionados con defectos en el sistema nervioso autónomo y que tiene_su_base_material_en más comúnmente mutación heterocigota en el gen PHOX2B del cromosoma 4p13 y con menos frecuencia mutaciones en los genes RET, GDNF, EDN3,BDNF o ASCL1."
http://purl.obolibrary.org/obo/DOID_0060769,"Inmunodeficiencia de células T, alopecia congénita y distrofia ungueal","Inmunodeficiencia combinada grave caracterizada por alopecia congénita, inmunodeficiencia grave de células T y crestas, picaduras o curvatura de todas las uñas que tiene_su_base_material_en mutación homocigota en el gen FOXN1 en el cromosoma 17q11-q12."
http://purl.obolibrary.org/obo/DOID_0060770,transposición dextrógira de las grandes arterias,Enfermedad cardiaca congénita caracterizada por una inversión completa de los grandes vasos en la que la aorta nace incorrectamente del ventrículo derecho y la arteria pulmonar nace incorrectamente del ventrículo izquierdo.
http://purl.obolibrary.org/obo/DOID_1682,cardiopatía congénita,NA
http://purl.obolibrary.org/obo/DOID_0060772,múltiples tipos de defectos cardíacos congénitos 6,Una cardiopatía congénita que se caracteriza por una malformación cardíaca congénita caracterizada por una concordancia auriculoventricular y una discordancia ventrículo arterial y que tiene_su_base_material_en mutación heterocigota en el gen GDF1 del cromosoma 19p13.
http://purl.obolibrary.org/obo/DOID_0060774,diarrea congénita,Diarrea que se caracteriza por deposiciones líquidas o blandas frecuentes cuando la enfermedad está presente desde el nacimiento.
http://purl.obolibrary.org/obo/DOID_0060775,enfermedad de inclusión de microvellosidades,"Una diarrea congénita caracterizada por la aparición de diarrea acuosa intratable potencialmente mortal durante la infancia, la falta de microvellosidades en la superficie de los enterocitos y la aparición de estructuras vacuolares intracelulares que contienen microvellosidades que tiene_su_base_material_en mutación homocigota o heterocigota compuesta en el gen MYO5B del cromosoma 18q21."
http://purl.obolibrary.org/obo/DOID_0060776,diarrea congénita 5 con enteropatía en penacho,"Una diarrea congénita caracterizada por diarrea intratable de la infancia con atrofia vellositaria, ausencia de inflamación y displasia de las células epiteliales intestinales que se manifiesta como penachos epiteliales focales en el duodeno y el yeyuno que tiene_su_base_material_en mutación homocigota o heterocigota compuesta en el gen EPCAM del cromosoma 2p21."
http://purl.obolibrary.org/obo/DOID_0060777,diarrea sódica secretora congénita 8,Una diarrea secretora que tiene_su_base_material_en una mutación homocigota o heterocigota compuesta en el gen SLC9A3 del cromosoma 5p15.
http://purl.obolibrary.org/obo/DOID_0060778,diarrea congénita 7 con enteropatía exudativa,"Una diarrea congénita caracterizada por diarrea acuosa, enteropatía perdedora de proteínas, áreas parcheadas de microvellosidades distróficas en el duodeno y áreas parcheadas de atrofia vellositaria que tiene_su_base_material_en mutación homocigota en el gen DGAT1 del cromosoma 8q24.3."
http://purl.obolibrary.org/obo/DOID_0060779,diarrea malabsortiva congénita 4,Una diarrea congénita caracterizada por una diarrea malabsortiva crónica incesante y una disgenesia profunda de las células enteroendocrinas que tiene_su_base_material_en mutación en el gen que codifica la neurogenina-3 (NEUROG3) en el cromosoma 10q21.3.
http://purl.obolibrary.org/obo/DOID_0060780,diarrea congénita 6,Una diarrea congénita caracterizada por una diarrea crónica leve de aparición temprana que tiene_su_base_material_en una mutación heterocigota en el gen GUCY2C del cromosoma 12p12.
http://purl.obolibrary.org/obo/DOID_0060781,diarrea sódica secretora congénita 3,Una diarrea secretora que tiene_su_base_material_en mutación homocigota o heterocigota compuesta en el gen SPINT2 del cromosoma 19q13.
http://purl.obolibrary.org/obo/DOID_0060856,isomerismo auricular derecho,"heterotaxia visceral que se caracteriza por defecto septal auriculoventricular completo con aurícula común y conexión AV univentricular, drenaje pulmonar anómalo total y transposición o malposición de las grandes arterias y que tiene_su_base_material_en mutación homocigota en el gen GDF1 del cromosoma 19p12."
http://purl.obolibrary.org/obo/DOID_0060902,Síndrome de Norman-Roberts,Una lisencefalia que tiene_su_base_material_en una mutación homocigota en el gen que codifica la reelina (RELN) en el cromosoma 7q22.
http://purl.obolibrary.org/obo/DOID_0070123,hipotiroidismo congénito no nitroso 4,Un hipotiroidismo congénito caracterizado por una deficiencia tiroidea permanente presente al nacer y resultante de una deficiencia en la síntesis de TSH que tiene_su_base_material_en una mutación homocigota en el gen TSHB del cromosoma 1p13.
http://purl.obolibrary.org/obo/DOID_0070124,hipotiroidismo congénito no nitroso 2,Un hipotiroidismo congénito que tiene_su_base_material_en una mutación heterocigota en el gen PAX8 en el cromosoma 2q13.
http://purl.obolibrary.org/obo/DOID_0070125,hipotiroidismo congénito no nitroso 5,Un hipotiroidismo congénito que tiene_su_base_material_en una mutación heterocigota en el gen NKX2-5 del cromosoma 5q35.
http://purl.obolibrary.org/obo/DOID_0070126,hipotiroidismo congénito no nitroso 1,Un hipotiroidismo congénito que tiene_su_base_material_en la mutación del gen TSHR en el cromosoma 14q31.
http://purl.obolibrary.org/obo/DOID_0070127,hipotiroidismo congénito no nitroso 3,Un hipotiroidismo congénito caracterizado por la herencia autosómica dominante de la resistencia a la tirotropina que tiene_su_base_material_en la variación de la región cromosómica 15q25.3-q26.1.
http://purl.obolibrary.org/obo/DOID_0070128,hipotiroidismo congénito no nitroso 6,Un hipotiroidismo congénito que tiene_su_base_material_en una mutación heterocigota en el gen THRA en el cromosoma 17q21.1.
http://purl.obolibrary.org/obo/DOID_0070253,trastorno congénito de la glucosilación tipo IIa,Un trastorno congénito de la glucosilación tipo II que tiene_su_base_material_en una mutación autosómica recesiva del gen MGAT2 en el cromosoma 14q21.3.
http://purl.obolibrary.org/obo/DOID_0070254,trastorno congénito de la glicosilación tipo IIb,Un trastorno congénito de la glicosilación tipo II que tiene_su_base_material_en una mutación autosómica recesiva del gen MOGS en el cromosoma 2p13.1.
http://purl.obolibrary.org/obo/DOID_0070255,trastorno congénito de la glicosilación tipo IIc,Un trastorno congénito de la glicosilación tipo II que tiene_su_base_material_en una mutación autosómica recesiva del gen SLC35C1 en el cromosoma 11p11.2.
http://purl.obolibrary.org/obo/DOID_0070256,trastorno congénito de la glicosilación tipo IId,Un trastorno congénito de la glicosilación tipo II que tiene_su_base_material_en una mutación autosómica recesiva del gen B4GALT1 en el cromosoma 9p21.1.
http://purl.obolibrary.org/obo/DOID_0070257,trastorno congénito de la glucosilación tipo IIe,Un trastorno congénito de la glucosilación tipo II que tiene_su_base_material_en una mutación del gen COG7 en el cromosoma 16p12.2.
http://purl.obolibrary.org/obo/DOID_0070258,trastorno congénito de la glucosilación tipo IIf,Un trastorno congénito de la glucosilación tipo II que tiene_su_base_material_en una mutación autosómica recesiva del gen SLC35A1 en el cromosoma 6q15.
http://purl.obolibrary.org/obo/DOID_0070259,trastorno congénito de la glucosilación tipo IIg,Un trastorno congénito de la glucosilación tipo II que tiene_su_base_material_en una mutación del gen COG1 en el cromosoma 17q25.1.
http://purl.obolibrary.org/obo/DOID_0070260,trastorno congénito de la glucosilación tipo IIh,Un trastorno congénito de la glucosilación tipo II que tiene_su_base_material_en una mutación del gen COG8 en el cromosoma 16q22.1.
http://purl.obolibrary.org/obo/DOID_0070261,trastorno congénito de la glucosilación tipo IIi,Un trastorno congénito de la glucosilación tipo II que tiene_su_base_material_en una mutación del gen COG5 en el cromosoma 7q22.3.
http://purl.obolibrary.org/obo/DOID_0070262,trastorno congénito de la glucosilación tipo IIj,Un trastorno congénito de la glucosilación tipo II que tiene_su_base_material_en una mutación autosómica recesiva del gen COG4 en el cromosoma 16q22.1.
http://purl.obolibrary.org/obo/DOID_0070263,trastorno congénito de la glucosilación tipo IIk,Un trastorno congénito de la glucosilación tipo II que tiene_su_base_material_en una mutación autosómica recesiva del gen TMEM165 en el cromosoma 4q12.
http://purl.obolibrary.org/obo/DOID_0070264,trastorno congénito de la glucosilación tipo IIl,Un trastorno congénito de la glucosilación tipo II que tiene_su_base_material_en una mutación autosómica recesiva del gen COG6 en el cromosoma 13q14.11.
http://purl.obolibrary.org/obo/DOID_0070265,trastorno congénito de la glucosilación tipo IIm,"Un trastorno congénito de la glucosilación tipo II que se caracteriza por convulsiones de inicio infantil, hipsarritmia, hipotonía y discapacidad intelectual grave con falta de habla y que tiene_su_base_material_en herencia dominante ligada al cromosoma X de mutación hemicigota o heterocigótica en el gen SLC35A2 del cromosoma Xp11.23."
http://purl.obolibrary.org/obo/DOID_0070266,trastorno congénito de la glucosilación tipo IIn,Un trastorno congénito de la glucosilación tipo II que tiene_su_base_material_en una mutación autosómica recesiva del gen SLC39A8 en el cromosoma 4q24.
http://purl.obolibrary.org/obo/DOID_0070267,trastorno congénito de la glucosilación tipo IIo,Un trastorno congénito de la glucosilación tipo II que tiene_su_base_material_en una mutación autosómica recesiva del gen CCDC115 en el cromosoma 2q21.1.
http://purl.obolibrary.org/obo/DOID_0070268,trastorno congénito de la glucosilación tipo IIp,Un trastorno congénito de la glucosilación tipo II que tiene_su_base_material_en una mutación autosómica recesiva del gen TMEM199 en el cromosoma 17q11.2.
http://purl.obolibrary.org/obo/DOID_0070269,trastorno congénito de la glicosilación tipo IIq,Un trastorno congénito de la glicosilación tipo II que tiene_su_base_material_en una mutación autosómica recesiva del gen COG2 en el cromosoma 1q42.2.
http://purl.obolibrary.org/obo/DOID_0070277,microcefalia primaria autosómica recesiva 15,"Una microcefalia primaria autosómica recesiva caracterizada por un desarrollo intelectual deficiente con habla deficiente, microcefalia progresiva y espasticidad apendicular que tiene_su_base_material_en una mutación homocigota o heterocigota compuesta en el gen MFSD2A del cromosoma 1p34."
http://purl.obolibrary.org/obo/DOID_0070296,microcefalia primaria autosómica recesiva,"Una microcefalia primaria caracterizada por microcefalia presente al nacer, en la que el cerebro es pequeño pero tiene una arquitectura normal, y retraso mental no progresivo que tiene_su_base_material_en una mutación autosómica recesiva."
http://purl.obolibrary.org/obo/DOID_0070278,microcefalia primaria autosómica recesiva 7,Una microcefalia primaria autosómica recesiva que tiene_su_base_material_en una mutación homocigota o heterocigota compuesta en el gen STIL del cromosoma 1p33.
http://purl.obolibrary.org/obo/DOID_0070279,microcefalia primaria autosómica recesiva 14,Una microcefalia primaria autosómica recesiva que tiene_su_base_material_en una mutación homocigota o heterocigota compuesta en el gen SASS6 del cromosoma 1p21.
http://purl.obolibrary.org/obo/DOID_0070280,microcefalia primaria autosómica recesiva 5,Una microcefalia primaria autosómica recesiva que tiene_su_base_material_en una mutación homocigota o heterocigota compuesta en el gen ASPM del cromosoma 1q31.
http://purl.obolibrary.org/obo/DOID_0070281,microcefalia primaria autosómica recesiva 19,Una microcefalia primaria autosómica recesiva que tiene_su_base_material_en una mutación homocigota o heterocigota compuesta en el gen COPB2 del cromosoma 3q23.
http://purl.obolibrary.org/obo/DOID_0070282,microcefalia primaria autosómica recesiva 8,Una microcefalia primaria autosómica recesiva que tiene_su_base_material_en una mutación homocigota o heterocigota compuesta en el gen CEP135 del cromosoma 4q.
http://purl.obolibrary.org/obo/DOID_0070283,microcefalia primaria autosómica recesiva 13,Una microcefalia primaria autosómica recesiva que tiene_su_base_material_en una mutación homocigota o heterocigota compuesta en el gen CENPE del cromosoma 4q24.
http://purl.obolibrary.org/obo/DOID_0070284,microcefalia primaria autosómica recesiva 12,Una microcefalia primaria autosómica recesiva que tiene_su_base_material_en una mutación homocigota o heterocigota compuesta en el gen CDK6 del cromosoma 7q21.
http://purl.obolibrary.org/obo/DOID_0070285,microcefalia primaria autosómica recesiva 1,Una microcefalia primaria autosómica recesiva que tiene_su_base_material_en una mutación homocigota o heterocigota compuesta en el gen MCPH1 del cromosoma 8p23.
http://purl.obolibrary.org/obo/DOID_0070286,microcefalia primaria autosómica recesiva 3,Una microcefalia primaria autosómica recesiva que tiene_su_base_material_en una mutación homocigota o heterocigota compuesta en el gen CDK5RAP2 del cromosoma 9q33.
http://purl.obolibrary.org/obo/DOID_0070287,microcefalia primaria autosómica recesiva 11,Una microcefalia primaria autosómica recesiva que tiene_su_base_material_en una mutación homocigota o heterocigota compuesta en el gen PHC1 del cromosoma 12p13.
http://purl.obolibrary.org/obo/DOID_0070288,microcefalia primaria autosómica recesiva 17,Una microcefalia primaria autosómica recesiva que tiene_su_base_material_en una mutación homocigota o heterocigota compuesta en el gen CIT del cromosoma 12q24.
http://purl.obolibrary.org/obo/DOID_0070289,microcefalia primaria autosómica recesiva 16,Una microcefalia primaria autosómica recesiva que tiene_su_base_material_en una mutación homocigota o heterocigota compuesta en el gen ANKLE2 del cromosoma 12q24.
http://purl.obolibrary.org/obo/DOID_0070290,microcefalia primaria autosómica recesiva 6,Una microcefalia primaria autosómica recesiva que tiene_su_base_material_en una mutación homocigota o heterocigota compuesta en el gen CENPJ del cromosoma 13q12.
http://purl.obolibrary.org/obo/DOID_0070291,microcefalia primaria autosómica recesiva 4,Una microcefalia primaria autosómica recesiva que tiene_su_base_material_en una mutación homocigota o heterocigota compuesta en el gen KNL1 del cromosoma 15q15.
http://purl.obolibrary.org/obo/DOID_0070292,microcefalia primaria autosómica recesiva 9,Una microcefalia primaria autosómica recesiva que tiene_su_base_material_en una mutación homocigota o heterocigota compuesta en el gen CEP152 del cromosoma 15q21.
http://purl.obolibrary.org/obo/DOID_0070293,microcefalia primaria autosómica recesiva 2 con o sin malformaciones corticales,Una microcefalia primaria autosómica recesiva que tiene_su_base_material_en una mutación homocigota o heterocigota compuesta en el gen WDR62 del cromosoma 19q13.
http://purl.obolibrary.org/obo/DOID_0070294,microcefalia primaria autosómica recesiva 10,Una microcefalia primaria autosómica recesiva que tiene_su_base_material_en una mutación homocigota o heterocigota compuesta en el gen ZNF335 del cromosoma 20q13.
http://purl.obolibrary.org/obo/DOID_0070295,microcefalia primaria autosómica dominante 18,Una microcefalia primaria que tiene_su_base_material_en una mutación heterocigota en el gen WDFY3 del cromosoma 4q21.
http://purl.obolibrary.org/obo/DOID_0070297,microcefalia primaria,"Una microcefalia caracterizada por microcefalia presente al nacer, en la que el cerebro es pequeño pero tiene una arquitectura normal, y retraso mental no progresivo."
http://purl.obolibrary.org/obo/DOID_0070315,síndrome del corazón derecho hipoplásico,"Enfermedad cardiaca congénita caracterizada por el subdesarrollo de las estructuras del lado derecho del corazón, comúnmente asociada a una comunicación interauricular."
http://purl.obolibrary.org/obo/DOID_0070336,artrogriposis múltiple congénita-6,"Una artrogriposis múltiple congénita caracterizada por contracturas articulares congénitas, rasgos faciales dismórficos, anomalías esqueléticas distales con manos apretadas y pies zambos, y edema con hidropesía fetal y que tiene_su_base_material_en mutación homocigota o heterocigota compuesta en el gen NEB del cromosoma 2q23."
http://purl.obolibrary.org/obo/DOID_0080954,artrogriposis múltiple congénita,Enfermedad del sistema nervioso que se caracteriza por el desarrollo de contracturas articulares múltiples que afectan a dos o más zonas del cuerpo antes del nacimiento.
http://purl.obolibrary.org/obo/DOID_0080073,espina bífida oculta,Una espina bífida que se caracteriza por pequeñas fisuras en las vértebras en las que la parte externa de algunas de ellas no está completamente cerrada.
http://purl.obolibrary.org/obo/DOID_0080079,trastorno ungueal congénito no sindrómico 1,"Trastorno ungueal congénito no sindrómico que se caracteriza por un exceso de estrías longitudinales y numerosas picaduras superficiales en las uñas, que tienen un aspecto distintivo áspero, como de papel de lija."
http://purl.obolibrary.org/obo/DOID_0080683,trastorno ungueal congénito no sindrómico,Enfermedad ungueal que se caracteriza por el subdesarrollo de las uñas.
http://purl.obolibrary.org/obo/DOID_0080080,trastorno ungueal congénito no sindrómico 2,"Trastorno ungueal congénito no sindrómico que se caracteriza por uñas anormalmente delgadas y cóncavas de lado a lado, con los bordes vueltos hacia arriba."
http://purl.obolibrary.org/obo/DOID_0080081,trastorno ungueal congénito no sindrómico 3,Trastorno ungueal congénito no sindrómico que se caracteriza por la decoloración blanca de las uñas.
http://purl.obolibrary.org/obo/DOID_0080082,trastorno congénito no sindrómico de las uñas 4,"Un trastorno congénito no sindrómico de las uñas que se caracteriza por la ausencia completa o hipoplasia grave de todas las uñas de manos y pies sin anomalías óseas significativas, y que tiene_su_base_material_en mutación homocigota o heterocigota compuesta en el gen R-espondina-4 del cromosoma 20p13."
http://purl.obolibrary.org/obo/DOID_0080083,trastorno ungueal congénito no sindrómico 5,"Trastorno ungueal congénito no sindrómico que se caracteriza por una tasa de crecimiento disminuida, uñas gruesas y duras y un borde proximal de desprendimiento recto o cóncavo."
http://purl.obolibrary.org/obo/DOID_0080084,trastorno ungueal congénito no sindrómico 6,Trastorno ungueal congénito no sindrómico que se caracteriza por la ausencia parcial de uñas.
http://purl.obolibrary.org/obo/DOID_0080085,trastorno ungueal congénito no sindrómico 7,"Trastorno ungueal congénito no sindrómico que se caracteriza por uñas con estrías longitudinales, adelgazamiento de la lámina ungueal, lúnulas poco desarrolladas o ausentes, junto con una formación de la lámina ungueal alterada de forma diversa que conduce a una mayor vulnerabilidad de los márgenes libres de la uña."
http://purl.obolibrary.org/obo/DOID_0080086,trastorno ungueal congénito no sindrómico 8,Trastorno ungueal congénito no sindrómico que se caracteriza por la distrofia únicamente de las uñas de los pies.
http://purl.obolibrary.org/obo/DOID_0080087,trastorno ungueal congénito no sindrómico 9,"Un trastorno ungueal congénito no sindrómico que se caracteriza por uñas normales al nacer con cambios distróficos que se desarrollan en la primera década de la vida, dando lugar a onicólisis de las uñas de las manos y anoniquia de las uñas de los pies."
http://purl.obolibrary.org/obo/DOID_0080101,miopatía congénita Compton-North,"Una miopatía congénita que tiene_su_base_material_en mutación homocigota en el gen CNTN1 del cromosoma 12q12 y que se caracteriza antenatalmente, por acinesia fetal, restricción del crecimiento intrauterino y polihidramnios y, tras el nacimiento, por hipotonía neonatal grave, debilidad muscular esquelética, bulbar y respiratoria generalizada grave, contracturas múltiples en flexión y niveles séricos normales de creatina quinasa."
http://purl.obolibrary.org/obo/DOID_0080102,miopatía congénita 4A,"Una miopatía congénita que se caracteriza por debilidad muscular esquelética, sobre todo en los músculos de los hombros, la parte superior de los brazos, las caderas y los muslos."
http://purl.obolibrary.org/obo/DOID_0080138,síndrome de anomalías congénitas múltiples-hipotonía-convulsiones 1,"Un síndrome de anomalías congénitas múltiples-hipotonía-convulsiones que se caracteriza por hipotonía neonatal, falta de desarrollo psicomotor, convulsiones, rasgos dismórficos y anomalías congénitas variables que afectan a los sistemas cardiaco, urinario y gastrointestinal y tiene_su_base_material_en una mutación homocigota en el gen PIGN en el cromosoma 18q21."
http://purl.obolibrary.org/obo/DOID_0080503,síndrome de anomalías congénitas múltiples-hipotonía-convulsiones,"Trastorno del metabolismo de los lípidos que se caracteriza por un grave retraso global del desarrollo, hipotonía y convulsiones de aparición temprana, asociado a múltiples anomalías congénitas cardiacas, genitourinarias y gastrointestinales."
http://purl.obolibrary.org/obo/DOID_0080139,síndrome de anomalías congénitas múltiples-hipotonía-convulsiones 2,"Un síndrome de anomalías congénitas múltiples-hipotonía-convulsiones que se caracteriza por la herencia recesiva ligada al cromosoma X de rasgos dismórficos, hipotonía neonatal, convulsiones mioclónicas y anomalías variables que afectan a los sistemas nervioso central, cardiaco y urinario que tiene_su_base_material_en la mutación del gen PIGA en el cromosoma Xp22."
http://purl.obolibrary.org/obo/DOID_0080140,síndrome de anomalías congénitas múltiples-hipotonía-convulsiones 3,"Síndrome de anomalías congénitas múltiples-hipotonía-convulsiones que se caracteriza por hipotonía neonatal, falta de desarrollo psicomotor, convulsiones, rasgos dismórficos y anomalías congénitas variables que afectan a los sistemas cardiaco, urinario y gastrointestinal y que tiene_su_base_material_en una mutación homocigota o heterocigota compuesta en el gen PIGT del cromosoma 20q13."
http://purl.obolibrary.org/obo/DOID_0080143,fibrosis congénita de los músculos extraoculares,"Enfermedad de la motilidad ocular que se caracteriza por la incapacidad de mover los ojos en determinadas direcciones, párpados caídos y ojos fijos en una posición anormal."
http://purl.obolibrary.org/obo/DOID_0080173,complejo de extrofia vesical-epispadias-extrofia cloacal,"Trastorno físico que se caracteriza por un espectro de anomalías que afectan al tracto urinario, el tracto genital, el sistema musculoesquelético y, en ocasiones, el tracto intestinal."
http://purl.obolibrary.org/obo/DOID_0080174,extrofia vesical,"Complejo de extrofia vesical-epispadias-extrofia cloacal que se caracteriza por una placa vesical evaginada, epispadias y un defecto anterior de la pelvis, el suelo pélvico y la pared abdominal. La porción posterior de la pared de la vejiga (pared vesical posterior) gira hacia fuera (extrofia) a través de una abertura en la pared abdominal y la orina se excreta a través de esta abertura."
http://purl.obolibrary.org/obo/DOID_0080175,extrofia cloacal,"Complejo de extrofia vesical-epispadias-extrofia cloacal que se caracteriza por un defecto en la uretra, la vejiga y el intestino."
http://purl.obolibrary.org/obo/DOID_0080180,Síndrome congénito por el virus del Zika,"Síndrome que se caracteriza en los neonatos por microcefalia, desproporción craneofacial, espasticidad, convulsiones, irritabilidad y disfunción del tronco encefálico, incluidas dificultades para alimentarse, anomalías oculares y hallazgos en neuroimagen como calcificaciones, trastornos corticales y ventriculomegalia, y que tiene_su_base_material_en la adquisición de la infección por el virus del Zika en el útero."
http://purl.obolibrary.org/obo/DOID_0080197,distrofia muscular congénita con cataratas y discapacidad intelectual,Una distrofia muscular congénita caracterizada por la aparición de debilidad muscular progresiva en la primera infancia con herencia autosómica recesiva que tiene_su_base_material_en una mutación homocigota o heterocigota compuesta en el gen INPP5K (607875) en el cromosoma 17p13.
http://purl.obolibrary.org/obo/DOID_0080257,ictiosis congénita autosómica recesiva 13,"Una ictiosis congénita autosómica recesiva que se caracteriza por ictiosis lamelar, ectropión, eclabio e hiperqueratosis que tiene_su_base_material_en una mutación homocigota en el gen SDR9C7 del cromosoma 12q13."
http://purl.obolibrary.org/obo/DOID_0080258,ictiosis congénita autosómica recesiva 14,"Una ictiosis congénita autosómica recesiva que se caracteriza por ictiosis lamelar, ectropión, eclabio e hiperqueratosis que tiene_su_base_material_en mutación homocigota o heterocigota compuesta en el gen SULT2B1 del cromosoma 19q13."
http://purl.obolibrary.org/obo/DOID_0080313,Síndrome de paladar hendido-sinequia lateral,Trastorno físico que se caracteriza por la fusión del maxilar y la mandíbula.
http://purl.obolibrary.org/obo/DOID_0080395,hendidura orofacial 1,Una hendidura orofacial caracterizada por una herencia autosómica dominante que tiene_su_base_material_en la variación de la región cromosómica 6p24.3.
http://purl.obolibrary.org/obo/DOID_0080396,hendidura orofacial 2,Una hendidura orofacial que tiene_su_base_material_en la variación en la región cromosómica 2p13.
http://purl.obolibrary.org/obo/DOID_0080397,hendidura orofacial 3,Una hendidura orofacial que tiene_su_base_material_en la variación de la región cromosómica 19q13.
http://purl.obolibrary.org/obo/DOID_0080398,hendidura orofacial 4,Una hendidura orofacial que tiene_su_base_material_en la variación de la región cromosómica 4q21-q31.
http://purl.obolibrary.org/obo/DOID_0080399,hendidura orofacial 5,Una hendidura orofacial que tiene_su_base_material_en mutación en el gen MSX1 en el cromosoma 4p16.
http://purl.obolibrary.org/obo/DOID_0080400,hendidura orofacial 7,Una hendidura orofacial que tiene_su_base_material_en una mutación homocigota en el gen PVRL1 del cromosoma 11q23.
http://purl.obolibrary.org/obo/DOID_0080401,hendidura orofacial 8,Una hendidura orofacial que tiene_su_base_material_en una mutación heterocigota en el gen TP63 en el cromosoma 3q28.
http://purl.obolibrary.org/obo/DOID_0080402,hendidura orofacial 9,Una hendidura orofacial que tiene_su_base_material_en la variación de la región cromosómica 13q33.1-q34.
http://purl.obolibrary.org/obo/DOID_0080403,hendidura orofacial 10,Una hendidura orofacial que tiene_su_base_material_en mutación en el gen SUMO1 en el cromosoma 2q33.
http://purl.obolibrary.org/obo/DOID_0080404,hendidura orofacial 11,Una hendidura orofacial que tiene_su_base_material_en una mutación heterocigota en el gen BMP4 en el cromosoma 14q22.
http://purl.obolibrary.org/obo/DOID_0080405,hendidura orofacial 12,Una hendidura orofacial que tiene_su_base_material_en la variación de la región cromosómica 8q24.3.
http://purl.obolibrary.org/obo/DOID_0080406,hendidura orofacial 13,Una hendidura orofacial caracterizada por herencia autosómica dominante que tiene_su_base_material_en la variación en la región cromosómica 1p33 asociada al enriquecimiento del alelo T del SNP rs3827730.
http://purl.obolibrary.org/obo/DOID_0080407,hendidura orofacial 14,"Una hendidura orofacial que se caracteriza por hendiduras medianas incompletas tanto del labio inferior como del superior, doble frenillo labial y fusión de la encía superior y la mucosa labial superior, además de una mala alineación dental, y una mayor distancia interdental entre los incisivos medianos inferiores y superiores."
http://purl.obolibrary.org/obo/DOID_0080408,hendidura orofacial 15,Una hendidura orofacial que tiene_su_base_material_en la mutación del gen DLX4 en el cromosoma 17q21.
http://purl.obolibrary.org/obo/DOID_0080552,trastorno congénito de la glucosilación Ia,"Un trastorno congénito de la glucosilación I que se caracteriza por una encefalopatía grave con hipotonía axial, movimiento anormal de los ojos, retraso psicomotor pronunciado, neuropatía periférica, hipoplasia cerebelosa y retinitis pigmentaria y tiene_su_base_material_en mutación homocigota o heterocigota compuesta en el gen que codifica la fosfomanomutasa-2 en el cromosoma 16p13."
http://purl.obolibrary.org/obo/DOID_0080553,trastorno congénito de la glicosilación Iaa,Un trastorno congénito de la glicosilación I que se caracteriza por fibroblastos con perfiles de dolicol reducidos y mayor acumulación de colesterol libre y tiene_su_base_material_en mutación homocigota en el gen NUS1 en el cromosoma 6q22.
http://purl.obolibrary.org/obo/DOID_0080554,trastorno congénito de la glucosilación Ib,"Un trastorno congénito de la glucosilación I que se caracteriza por enteropatía perdedora de proteínas, vómitos cíclicos, hipoglucemia profunda, retraso del crecimiento, fibrosis hepática, enteropatía perdedora de proteínas con hipoalbuminemia, hemorragia intestinal potencialmente mortal de origen difuso, deficiencia de proteínas C y S, niveles bajos de antitrombina III y tiene_su_base_material_en una mutación heterocigota compuesta en el gen que codifica la manosa-6-fosfato isomerasa en el cromosoma 15q24."
http://purl.obolibrary.org/obo/DOID_0080555,trastorno congénito de la glucosilación Ic,"Un trastorno congénito de la glucosilación I que se caracteriza por retraso psicomotor con retraso en la marcha y el habla, hipotonía, convulsiones y, en ocasiones, enteropatía con pérdida de proteínas y tiene_su_base_material_en mutación homocigota o heterocigota compuesta en el gen ALG6 del cromosoma 1p31."
http://purl.obolibrary.org/obo/DOID_0080556,trastorno congénito de la glicosilación I,Un trastorno congénito de la glicosilación I que se caracteriza por una afectación neurológica grave asociada a dismorfismo y deficiencia visual y tiene_su_base_material_en mutación homocigota o heterocigota compuesta en el gen ALG3 del cromosoma 3q27.
http://purl.obolibrary.org/obo/DOID_0080557,trastorno congénito de la glucosilación Ie,"Un trastorno congénito de la glucosilación I que se caracteriza por retraso psicomotor, convulsiones, hipotonía, dismorfismo facial y microcefalia y tiene_su_base_material_en mutación homocigota o heterocigota compuesta en el gen DPM1 del cromosoma 20q13."
http://purl.obolibrary.org/obo/DOID_0080558,trastorno congénito de la glucosilación Si,"Un trastorno congénito de la glucosilación I que se caracteriza por retraso psicomotor, convulsiones, retraso del crecimiento y anomalías cutáneas y oculares y tiene_su_base_material_en mutación homocigota o heterocigota compuesta en el gen MPDU1 del cromosoma 17p13."
http://purl.obolibrary.org/obo/DOID_0080559,trastorno congénito de la glucosilación Ig,"Un trastorno congénito de la glucosilación I que se caracteriza por dismorfismo facial (frente prominente, orejas grandes, labio superior fino), hipotonía generalizada, dificultades de alimentación, retraso del desarrollo de moderado a grave, microcefalia progresiva, infecciones frecuentes de las vías respiratorias superiores debidas a una inmunidad alterada con disminución de los niveles de inmunoglobulinas y disminución de los factores de coagulación y tiene_su_base_material_en mutación homocigota o heterocigota compuesta en el gen que codifica la dolicil-P-manosa:Man-7-GlcNAc-2-PP-dolicil-alfa-6-manosiltransferasa en el cromosoma 22q13."
http://purl.obolibrary.org/obo/DOID_0080560,trastorno congénito de la glucosilación Ih,"Un trastorno congénito de la glucosilación I que se caracteriza por síntomas gastrointestinales (diarrea, vómitos, problemas de alimentación con retraso del crecimiento, enteropatía perdedora de proteínas), edema y ascitis (incluida hidropesía fetal), hepatomegalia, tubulopatía renal, anomalías de la coagulación debidas a trombocitopenia, afectación cerebral (retraso psicomotor, convulsiones, ataxia), dismorfismo facial (orejas de implantación baja y retrognatia), pie equinovaro e hipotonía muscular y tiene_su_base_material_en mutación heterocigota en el gen que codifica la dolicil-P-glucosa:Glc-1-Man-9-GlcNAc-2-PP-dolicil-alfa-3-glucosiltransferasa en el cromosoma 11q14."
http://purl.obolibrary.org/obo/DOID_0080561,trastorno congénito de la glucosilación Ii,"Un trastorno congénito de la glucosilación I que se caracteriza por coloboma del iris, cataratas, espasmos infantiles, retraso del desarrollo y factores de coagulación anormales y tiene_su_base_material_en una mutación heterocigota compuesta en el gen ALG2 del cromosoma 9q22."
http://purl.obolibrary.org/obo/DOID_0080562,trastorno congénito de la glucosilación Ij,"Un trastorno congénito de la glucosilación I que se caracteriza por hipotonía, convulsiones intratables, retraso del desarrollo, microcefalia e hipocinesia fetal grave y tiene_su_base_material_en mutación homocigota o heterocigota compuesta en el gen DPAGT1,que codifica la UDP-GlcNAc:dolicilfosfato N-acetilglucosamina fosfotransferasa, en el cromosoma 11q23."
http://purl.obolibrary.org/obo/DOID_0080563,trastorno congénito de la glucosilación Ik,"Un trastorno congénito de la glucosilación I que se caracteriza por un grave retraso psicomotor y del desarrollo, hipotonía muscular, convulsiones intratables de aparición temprana y microcefalia y tiene_su_base_material_en mutación homocigota o heterocigota compuesta en el gen que codifica la beta-1,4-manosiltransferasa en el cromosoma 16p13."
http://purl.obolibrary.org/obo/DOID_0080564,trastorno congénito de la glucosilación Il,"Un trastorno congénito de la glucosilación I que se caracteriza por microcefalia progresiva, hipotonía, retraso del desarrollo, epilepsia infantil resistente a los fármacos y hepatomegalia y tiene_su_base_material_en mutación homocigota en el gen ALG9 del cromosoma 11q23."
http://purl.obolibrary.org/obo/DOID_0080565,trastorno congénito de la glucosilación Im,"Un trastorno congénito de la glucosilación I que se caracteriza por hipotonía muscular e ictiosis y tiene_su_base_material_en mutación homocigota en el gen DOLK, que codifica la enzima responsable del paso final de la biosíntesis de novo del fosfato de dolicol, en el cromosoma 9q34."
http://purl.obolibrary.org/obo/DOID_0080566,trastorno congénito de la glucosilación I,"Un trastorno congénito de la glucosilación I que se caracteriza por una succión mal coordinada que provoca dificultad para alimentarse y retraso del crecimiento, sacudidas mioclónicas con hipotonía y reflejos bruscos que progresan a un trastorno convulsivo, ojos errantes, retraso del desarrollo, contacto visual de pobre a ausente y pérdida auditiva neurosensorial y tiene_su_base_material_en mutación homocigota o heterocigota compuesta en el gen RFT1 en el cromosoma 3p21."
http://purl.obolibrary.org/obo/DOID_0080567,trastorno congénito de la glucosilación Ip,"Un trastorno congénito de la glucosilación I que se caracteriza por dismorfismo facial (microcefalia, frente alta, línea posterior del cabello baja, estrabismo), hipotonía, retraso del crecimiento, convulsiones intratables, retraso del desarrollo, vómitos persistentes y hemorragia gástrica y tiene_su_base_material_en mutación homocigota o heterocigota compuesta en el gen ALG11 del cromosoma 13q14."
http://purl.obolibrary.org/obo/DOID_0080568,trastorno congénito de la glucosilación Iq,"Un trastorno congénito de la glucosilación I que se caracteriza por un fenotipo muy variable que se presenta típicamente con deficiencia visual grave, anomalías oculares variables (como hipoplasia/atrofia del nervio óptico, coloboma del iris y del nervio óptico, catarata congénita, glaucoma), discapacidad intelectual, anomalías cerebelosas, nistagmo, hipotonía, ataxia y/o lesiones cutáneas ictiosiformes y tiene_su_base_material_en una mutación homocigota o heterocigota compuesta en el gen SRD5A3 del cromosoma 4q12."
http://purl.obolibrary.org/obo/DOID_0080569,trastorno congénito de la glucosilación Ir,"Un trastorno congénito de la glucosilación I que se caracteriza por retraso en el crecimiento, retraso en el desarrollo, hipotonía, estrabismo y disfunción hepática y tiene_su_base_material_en mutación heterocigota compuesta en el gen DDOST del cromosoma 1p36."
http://purl.obolibrary.org/obo/DOID_0080570,trastorno congénito de la glicosilación It,"Un trastorno congénito de la glicosilación I que se caracteriza por una amplia gama de manifestaciones clínicas, presentándose más comúnmente con úvula bífida con o sin paladar hendido al nacer, asociada a retraso del crecimiento, hepatopatía con niveles séricos elevados de aminotransferasa, miopatía (incluyendo fatiga relacionada con el ejercicio, intolerancia al ejercicio, debilidad muscular), hipoglucemia intermitente, y cardiomiopatía dilatada y/o paro cardiaco, debido a la disminución de la actividad de la enzima fosfoglucomutasa 1 y tiene_su_base_material_en mutación homocigota o heterocigota compuesta en el gen PGM1 del cromosoma 1p31."
http://purl.obolibrary.org/obo/DOID_0080571,trastorno congénito de la glucosilación Iu,"Un trastorno congénito de la glucosilación I que se caracteriza por dificultad respiratoria e hipotonía grave al nacer, retraso global grave del desarrollo, convulsiones intratables de aparición precoz, facies miopáticas con dismorfismo craneofacial (trigonocefalia/microcefalia progresiva, línea anterior del cabello baja, cejas arqueadas, hipotelorismo, estrabismo, nariz pequeña, surco nasolabial prominente, labio superior delgado, paladar de arco alto, micrognatia, maloclusión), contracturas congénitas graves de las articulaciones en flexión y niveles séricos elevados de creatina cinasa y tiene_su_base_material_en mutación homocigota o heterocigota compuesta en el gen DPM2 del cromosoma 9q34."
http://purl.obolibrary.org/obo/DOID_0080572,trastorno congénito de la glucosilación Iw,"Un trastorno congénito de la glucosilación I que se caracteriza por retraso del desarrollo, discapacidad intelectual, retraso del crecimiento, hipotonía y convulsiones y tiene_su_base_material_en una mutación homocigota en el gen STT3A del cromosoma 11q24."
http://purl.obolibrary.org/obo/DOID_0080573,trastorno congénito de la glucosilación Ix,"Un trastorno congénito de la glucosilación I que se caracteriza por retraso del crecimiento intrauterino, microcefalia, retraso del crecimiento, retraso del desarrollo, discapacidad intelectual, hipotonía, convulsiones, atrofia del nervio óptico y dificultades respiratorias y tiene_su_base_material_en una mutación homocigota en el gen STT3B del cromosoma 3p23."
http://purl.obolibrary.org/obo/DOID_0080574,trastorno congénito de la glucosilación Iy,"Un trastorno congénito de la glucosilación I que se caracteriza por anomalías neurológicas (retraso global del desarrollo del lenguaje, de las habilidades sociales y del desarrollo motor fino y grueso, discapacidad intelectual, hipotonía, microcefalia, convulsiones/epilepsia), dismorfismo facial (ojos hundidos, orejas grandes, bermellón hipoplásico del labio superior, boca grande con dientes muy separados), problemas de alimentación debidos a menudo a dificultades de masticación y aversión a los alimentos con determinadas texturas, retraso del crecimiento, anomalías gastrointestinales (reflujo o vómitos) y estrabismo y tiene_su_base_material_en mutación hemicigota en el gen SSR4 del cromosoma Xq28."
http://purl.obolibrary.org/obo/DOID_0080587,síndrome miasténico congénito 22,"Síndrome miasténico congénito caracterizado por hipotonía neonatal, problemas de alimentación neonatal y disartria nasal y que tiene_su_base_material_en mutación homocigota o heterocigota compuesta en el gen PREPL del cromosoma 2p21."
http://purl.obolibrary.org/obo/DOID_3635,síndrome miasténico congénito,"Enfermedad de la unión neuromuscular que se caracteriza por debilidad y fácil fatigabilidad como resultado de un defecto genético en la unión donde el nervio estimula la actividad muscular que da lugar a debilidad muscular y puede afectar a las células nerviosas (presináptica), a las células musculares (postsináptica) o al espacio entre las células nerviosas y musculares (sináptica)."
http://purl.obolibrary.org/obo/DOID_0080589,Síndrome de Klippel-Feil 1,Un síndrome de Klippel-Feil que tiene_su_base_material_en una mutación heterocigota en el gen GDF6 en el cromosoma 8q22.
http://purl.obolibrary.org/obo/DOID_10426,Síndrome de Klippel-Feil,Trastorno físico que se caracteriza por una segmentación anormal de la vértebra durante el desarrollo fetal que da lugar a una fusión localizada en la vértebra cervical.
http://purl.obolibrary.org/obo/DOID_0080590,Síndrome de Klippel-Feil 2,Un síndrome de Klippel-Feil que tiene_su_base_material_en una mutación homocigota en el gen MEOX1 en el cromosoma 17q21.
http://purl.obolibrary.org/obo/DOID_0080591,Síndrome de Klippel-Feil 3,Un síndrome de Klippel-Feil que tiene_su_base_material_en una mutación heterocigota en el gen GDF3 del cromosoma 12p13.
http://purl.obolibrary.org/obo/DOID_0080592,Síndrome de Klippel-Feil 4,Un síndrome de Klippel-Feil que tiene_su_base_material_en una mutación homocigota en el gen MYO18B en el cromosoma 22q12.
http://purl.obolibrary.org/obo/DOID_0080593,hendidura orofacial 6,Una hendidura orofacial que tiene_su_base_material_en la variación de un potenciador del gen IRF6 en el cromosoma 1q32.
http://purl.obolibrary.org/obo/DOID_0080625,neutropenia congénita grave 1,Una neutropenia congénita grave que tiene_su_base_material_en mutación heterocigota en el gen de la elastasa de neutrófilos en el cromosoma 19p13.
http://purl.obolibrary.org/obo/DOID_0080633,defecto valvular cardíaco del desarrollo,Un trastorno físico que tiene_base_en una mutación homocigota o heterocigota compuesta en el gen PLD1 del cromosoma 3q26.
http://purl.obolibrary.org/obo/DOID_0080700,síndrome de regresión caudal,Trastorno físico que se caracteriza por una deficiencia en el desarrollo de la mitad inferior del cuerpo.
http://purl.obolibrary.org/obo/DOID_0080720,sordera congénita autosómica dominante con onicodistrofia,Síndrome que se caracteriza por la herencia autosómica dominante de la sordera congénita y la onicodistrofia y que tiene_su_base_material_en una mutación heterocigota en el gen ATP6V1B2 del cromosoma 8p21.
http://purl.obolibrary.org/obo/DOID_0080833,laringomalacia,Enfermedad laríngea que se caracteriza por el colapso hacia dentro de las estructuras supraglóticas flácidas durante la inspiración. El síntoma más común es una respiración ruidosa (estridor) que suele empeorar cuando el bebé está boca arriba o llora.
http://purl.obolibrary.org/obo/DOID_0080835,síndrome TORCH,"Síndrome que se caracteriza por la infección congénita por toxoplasmosis, rubéola, citomegalovirus, herpes simple y otros organismos."
http://purl.obolibrary.org/obo/DOID_0080895,hemangioma congénito de involución rápida,Un hemangioma que se caracteriza por una regresión completa.
http://purl.obolibrary.org/obo/DOID_0080978,artrogriposis múltiple congénita-1,Una artrogriposis múltiple congénita que tiene_su_base_material_en una mutación homocigota o heterocigota compuesta en el gen LGI4 del cromosoma 19q13.
http://purl.obolibrary.org/obo/DOID_0080979,artrogriposis múltiple congénita-3,"Una artrogriposis múltiple congénita que se caracteriza por disminución de los movimientos fetales, hipotonía, defectos esqueléticos variables, incluidos pie zambo y escoliosis, y retraso en los hitos motores con dificultad para caminar y que tiene_su_base_material_en mutación homocigota o heterocigota compuesta en el gen SYNE1 del cromosoma 6q25."
http://purl.obolibrary.org/obo/DOID_0080980,artrogriposis múltiple congénita-4,Una artrogriposis múltiple congénita que tiene_su_base_material_en una mutación homocigota en el gen SCYL2 del cromosoma 12q23.
http://purl.obolibrary.org/obo/DOID_0080981,artrogriposis múltiple congénita-5,Una artrogriposis múltiple congénita que tiene_su_base_material_en una mutación homocigota o heterocigota compuesta en el gen TOR1A del cromosoma 9q34.
http://purl.obolibrary.org/obo/DOID_0081015,fibrosis congénita de los músculos extraoculares 1,Fibrosis congénita de los músculos extraoculares que se caracteriza por blefaroptosis bilateral y oftalmoplejía con los ojos fijos en posición infradirigida unos 20 a 30 grados por debajo de la línea media horizontal y que tiene_su_base_material_en mutación heterocigota en el gen KIF21A del cromosoma 12q12.
http://purl.obolibrary.org/obo/DOID_0081016,fibrosis congénita de los músculos extraoculares 2,Una fibrosis congénita de los músculos extraoculares que se caracteriza por ptosis bilateral y oftalmoplejía restrictiva con los globos fijos en abducción extrema (exotropía) y que tiene_su_base_material_en mutación homocigota en el gen ARIX del cromosoma 11q13.
http://purl.obolibrary.org/obo/DOID_0081017,fibrosis congénita de los músculos extraoculares 3A,"Una fibrosis congénita de los músculos extraoculares que se caracteriza por un fenotipo variable en el que los individuos pueden no tener afectación bilateral, pueden ser capaces de levantar los ojos por encima de la línea media o pueden no tener blefaroptosis y que tiene_su_base_material_en una mutación heterocigota en el gen TUBB3 del cromosoma 16q24."
http://purl.obolibrary.org/obo/DOID_0081019,fibrosis congénita de los músculos extraoculares 3C,Una fibrosis congénita de los músculos extraoculares que se caracteriza por ptosis bilateral congénita y limitación del recto superior y que tiene_su_base_material_en una translocación recíproca t(;2;13)(q37.3q12;.11).
http://purl.obolibrary.org/obo/DOID_0081020,fibrosis congénita de los músculos extraoculares 5,Una fibrosis congénita de los músculos extraoculares que tiene_su_base_material_en mutación homocigota o heterocigota compuesta en el gen COL25A1 del cromosoma 4q25.
http://purl.obolibrary.org/obo/DOID_0081021,síndrome de Tukel,"Una fibrosis congénita de los músculos extraoculares que se caracteriza por oftalmoplejía restrictiva no progresiva con blefaroptosis del ojo derecho y oligodactilia/oligosindactilia postaxial de las manos, con la derecha más gravemente afectada que la izquierda."
http://purl.obolibrary.org/obo/DOID_0081169,Amaurosis congénita de Leber 19,Una amaurosis congénita de Leber que tiene_su_base_material_en mutación en el gen USP45 en el cromosoma 6q16.
http://purl.obolibrary.org/obo/DOID_14791,amaurosis congénita de Leber,"Enfermedad de la retina que se caracteriza por nistagmo, lentitud o ausencia de respuesta pupilar y pérdida grave de visión o ceguera."
http://purl.obolibrary.org/obo/DOID_0081266,"paquigiria, microcefalia, retraso del desarrollo y facies dismórfica, con o sin convulsiones","Una lisencefalia que se caracteriza por una microcefalia progresiva asociada a rasgos faciales anormales, hipotonía y un retraso del desarrollo global variable con alteraciones del desarrollo intelectual y que tiene_su_base_material_en una mutación homocigota o heterocigota compuesta en el gen TUBGCP2 del cromosoma 10q26."
http://purl.obolibrary.org/obo/DOID_0081335,Enfermedad de Becker,Una miotonía congénita que se caracteriza por rigidez muscular e incapacidad del músculo para relajarse tras una contracción voluntaria y que tiene_su_base_material_en mutación homocigota o heterocigota compuesta en el gen que codifica el canal de cloruro-1 del músculo esquelético (CLCN1) en el cromosoma 7q34.
http://purl.obolibrary.org/obo/DOID_2106,miotonía congénita,Enfermedad del tejido muscular que se caracteriza por una relajación muscular lenta asociada a una hiperexcitación de las fibras musculares.
http://purl.obolibrary.org/obo/DOID_0081336,Enfermedad de Thomsen,Una miotonía congénita que se caracteriza por rigidez muscular e incapacidad del músculo para relajarse tras una contracción voluntaria y que tiene_su_base_material_en mutación heterocigota en el gen que codifica el canal-1 de cloruro del músculo esquelético (CLCN1) en el cromosoma 7q34.
http://purl.obolibrary.org/obo/DOID_0090101,enfermedad congénita letal por almacenamiento de glucógeno en el corazón,"Una enfermedad por almacenamiento de glucógeno caracterizada por glucogenosis confinada al corazón, hipoglucemia y cianosis, y tiene_su_base_material_en la herencia autosómica dominante de la mutación heterocigótica en el gen que codifica la subunidad gamma-2 no catalítica de la proteína cinasa activada por AMP (PRKAG2) en el cromosoma 7q36."
http://purl.obolibrary.org/obo/DOID_0090118,trombocitopenia amegacariocítica congénita,"Una trombocitopenia que se caracteriza por una reducción grave del número de megacariocitos y plaquetas, y tiene_su_base_material_en la herencia autosómica recesiva de la mutación homocigota o heterocigota compuesta en el oncogén del virus de la leucemia mieloproliferativa (MPL) en el cromosoma 1p34."
http://purl.obolibrary.org/obo/DOID_0090124,artrogriposis múltiple congénita-2 de tipo neurogénico,"Una artrogriposis múltiple congénita que se caracteriza por contracturas congénitas en codos y rodillas, miopatía, ausencia de husos musculares, cardiopatía congénita y depleción de la neurona motora espinal, y tiene_su_base_material_en una herencia autosómica recesiva de mutación homocigota en el gen de la proteína 1 del compartimento intermedio del retículo endoplásmico-Golgi (ERGIC1) en la región cromosómica 5q35."
http://purl.obolibrary.org/obo/DOID_0110005,Amaurosis congénita de Leber 9,Una amaurosis congénita de Leber que tiene_su_base_material_en mutación en el gen NMNAT1 en el cromosoma 1p36.
http://purl.obolibrary.org/obo/DOID_0110016,amaurosis congénita de Leber 2,"Una amaurosis congénita de Leber que se caracteriza por ceguera nocturna, cierta mejoría transitoria de la visión y, finalmente, pérdida visual progresiva y tiene_su_base_material_en mutación en el gen RPE65 del cromosoma 1."
http://purl.obolibrary.org/obo/DOID_0110078,amaurosis congénita de Leber 1,"Una amaurosis congénita de Leber caracterizada por distrofia grave de conos y bastones con fotofobia, hipermetropía alta y visión deficiente pero estable sin mejoría visual y que tiene_su_base_material_en mutación en el gen GUCY2D en el cromosoma 17p13."
http://purl.obolibrary.org/obo/DOID_0110079,Amaurosis congénita de Leber 8,Una amaurosis congénita de Leber que se caracteriza por ceguera nocturna y retinas gruesas no laminadas y tiene_su_base_material_en mutación en el gen CRB1 en el cromosoma 1q31-q32.
http://purl.obolibrary.org/obo/DOID_0110080,Amaurosis congénita de Leber 12,Una amaurosis congénita de Leber que tiene_su_base_material_en mutación en el gen RD3 en el cromosoma 1q32.
http://purl.obolibrary.org/obo/DOID_0110106,comunicación interauricular tipo 1,Una comunicación interauricular tipo 1 asociada a una variación en la región 5p.
http://purl.obolibrary.org/obo/DOID_1882,comunicación interauricular,Comunicación interauricular situada_en el tabique que separa las dos aurículas del corazón.
http://purl.obolibrary.org/obo/DOID_0110107,comunicación interauricular tipo 2,Una comunicación interauricular tipo 2 que tiene_su_base_material_en una mutación heterocigota en el gen GATA4 del cromosoma 8p23.
http://purl.obolibrary.org/obo/DOID_0110108,comunicación interauricular tipo 3,Una comunicación interauricular tipo 3 que tiene_su_base_material_en mutación heterocigota en el gen de la cadena pesada de miosina-6 (MYH6) en el cromosoma 14q12.
http://purl.obolibrary.org/obo/DOID_0110109,comunicación interauricular tipo 4,Una comunicación interauricular tipo 4 que tiene_su_base_material_en mutación en el gen TBX20.
http://purl.obolibrary.org/obo/DOID_0110110,comunicación interauricular tipo 5,Una comunicación interauricular tipo 5 que tiene_su_base_material_en una mutación heterocigota en el gen ACTC1 del cromosoma 15q14.
http://purl.obolibrary.org/obo/DOID_0110111,comunicación interauricular tipo 6,Una comunicación interauricular tipo 6 que tiene_su_base_material_en una mutación heterocigota en el gen TLL1 del cromosoma 4q32.
http://purl.obolibrary.org/obo/DOID_0110112,comunicación interauricular 7,Una comunicación interauricular que tiene_su_base_material_en una mutación heterocigota en el gen NKX2-5 del cromosoma 5q35.
http://purl.obolibrary.org/obo/DOID_0110113,comunicación interauricular 8,Una comunicación interauricular que tiene_su_base_material_en una mutación heterocigota en el gen CITED2 del cromosoma 6q23.3.
http://purl.obolibrary.org/obo/DOID_0110114,comunicación interauricular 9,Una comunicación interauricular que tiene_su_base_material_en una mutación heterocigota en el gen GATA6 del cromosoma 18q11.
http://purl.obolibrary.org/obo/DOID_0110118,Amaurosis congénita de Leber 16,Una amaurosis congénita de Leber que tiene_su_base_material_en mutación en el gen KCNJ13 en el cromosoma 2q37.
http://purl.obolibrary.org/obo/DOID_0110188,Amaurosis congénita de Leber 14,Una amaurosis congénita de Leber que tiene_su_base_material_en mutación en el gen LRAT en el cromosoma 4q31.
http://purl.obolibrary.org/obo/DOID_0110189,Amaurosis congénita de Leber 15,Una amaurosis congénita de Leber que tiene_su_base_material_en mutación en el gen TULP1 en el cromosoma 6p21.3.
http://purl.obolibrary.org/obo/DOID_0110213,paladar hendido aislado,"Un paladar hendido visto como una malformación aislada, distinta del labio leporino con o sin paladar hendido."
http://purl.obolibrary.org/obo/DOID_0110214,paladar hendido blando,Paladar hendido que se caracteriza por ser una embriopatía de tipo fisurado que afecta en diversos grados al paladar blando.
http://purl.obolibrary.org/obo/DOID_0110215,amaurosis congénita de Leber 5,"Una amaurosis congénita de Leber que se caracteriza por una disfunción visual grave, nistagmo, el signo óculo digital y un fondo de ojo normal con inicio en la infancia y tiene_su_base_material_en mutación en el gen LCA5 en el cromosoma 6q14.1."
http://purl.obolibrary.org/obo/DOID_0110216,Amaurosis congénita de Leber 11,Una amaurosis congénita de Leber que tiene_su_base_material_en mutación n el gen IMPDH1 en el cromosoma 7q31.3-q32.
http://purl.obolibrary.org/obo/DOID_0110217,Amaurosis congénita de Leber 17,Una amaurosis congénita de Leber que tiene_su_base_material_en mutación en el gen GDF6 en el cromosoma 8q22.
http://purl.obolibrary.org/obo/DOID_0110291,Amaurosis congénita de Leber 10,Una amaurosis congénita de Leber que se caracteriza por una distrofia de conos y bastones de inicio infantil grave con hipermetropía alta y anomalías ERG graves y tiene_su_base_material_en mutación en el gen CEP290 del cromosoma 12q21.32.
http://purl.obolibrary.org/obo/DOID_0110329,amaurosis congénita de Leber 6,"Una amaurosis congénita de Leber que se caracteriza por fotofobia precoz, hipermetropía inferior a +7 dioptrías y agudeza visual en el rango de 20/400 hasta contar los dedos y tiene_su_base_material_en mutación en el gen RPGRIP1 en el cromosoma 14q11."
http://purl.obolibrary.org/obo/DOID_0110330,amaurosis congénita de Leber 13,"Una amaurosis congénita de Leber que se caracteriza por hipermetropía leve o ausente, mejora transitoria de la agudeza visual y atrofia macular final con progresión grave de la enfermedad y tiene_su_base_material_en la mutación del gen RDH12 en el cromosoma 14q23.3."
http://purl.obolibrary.org/obo/DOID_0110331,Amaurosis congénita de Leber 3,Una amaurosis congénita de Leber que tiene_su_base_material_en mutación en el gen SPATA7 en el cromosoma 14q31.
http://purl.obolibrary.org/obo/DOID_0110332,amaurosis congénita de Leber 4,"Una amaurosis congénita de Leber que se caracteriza por un fenotipo relativamente grave, con maculopatía y retinopatía pigmentaria óseo-espicular marcada en la mayoría y queratocono y catarata en un gran subconjunto y que tiene_su_base_material_en mutación en el gen AIPL1 del cromosoma 17p13."
http://purl.obolibrary.org/obo/DOID_0110333,Amaurosis congénita de Leber 7,Una amaurosis congénita de Leber que tiene_su_base_material_en mutación en el gen CRX en el cromosoma 19q13.
http://purl.obolibrary.org/obo/DOID_0110632,Distrofia muscular congénita de tipo megaconial,Distrofia muscular congénita caracterizada por la herencia autosómica recesiva de desgaste muscular de aparición temprana y discapacidad intelectual con mitocondrias agrandadas que son más prevalentes hacia la periferia de las fibras que tiene_su_base_material_en mutación homocigota o heterocigota compuesta en el gen CHKB en el cromosoma 22q13.
http://purl.obolibrary.org/obo/DOID_0110633,distrofia muscular rígida espinal 1,"Distrofia muscular congénita caracterizada por agregados intrasarcoplásmicos de desmina que provocan rigidez espinal, postura anormal (limitación de la flexión del cuello y del tronco), escoliosis progresiva de la columna vertebral, debilidad muscular cervicoaxial marcada precozmente con fuerza y función relativamente preservadas de las extremidades e insuficiencia respiratoria progresiva que tiene_su_base_material_en una mutación homocigota o heterocigota compuesta en el gen SEPN1 del cromosoma 1p36."
http://purl.obolibrary.org/obo/DOID_0110634,distrofia muscular congénita 1B,"Una distrofia muscular congénita caracterizada por la herencia autosómica recesiva de debilidad muscular proximal, hipertrofia muscular e insuficiencia respiratoria precoz que tiene_su_base_material_en la variación de la región cromosómica 1q42."
http://purl.obolibrary.org/obo/DOID_0110635,distrofia-distroglicanopatía muscular tipo B5,Una distrofia muscular congénita caracterizada por la herencia autosómica recesiva de la distrofia muscular con penetrancia variable de la discapacidad intelectual y anomalías estructurales del cerebro que tiene_su_base_material_en mutación homocigota o heterocigota compuesta en el gen FKRP en el cromosoma 19q13.3.
http://purl.obolibrary.org/obo/DOID_0110636,distrofia muscular congénita por déficit de merosina 1A,Una distrofia muscular congénita caracterizada por la herencia autosómica recesiva de debilidad muscular que se manifiesta al nacer o en los primeros 6 meses de vida y el desarrollo frecuente de anomalías periventriculares de la sustancia blanca que tiene_su_base_material_en mutación homocigota o heterocigota compuesta en el gen LAMA2 del cromosoma 6q22.
http://purl.obolibrary.org/obo/DOID_0110637,distrofia muscular-distroglicanopatía tipo B6,Una distrofia muscular congénita caracterizada por la herencia autosómica recesiva de la distrofia muscular con retraso mental y anomalías cerebrales estructurales que tiene_su_base_material_en la mutación homocigota o heterocigota compuesta en el gen LARGE en el cromosoma 22q12.
http://purl.obolibrary.org/obo/DOID_0110668,síndrome miasténico congénito 10,Síndrome miasténico congénito caracterizado por la herencia autosómica recesiva de un defecto postsináptico que afecta al mantenimiento de la placa terminal de la NMJ y el desarrollo de debilidad de la cintura de las extremidades en la primera década de la vida que tiene_su_base_material_en mutación homocigota o heterocigota compuesta en el gen DOK7 del cromosoma 4p16.3.
http://purl.obolibrary.org/obo/DOID_0110639,distrofia muscular congénita por deficiencia de integrina alfa-7,Una distrofia muscular congénita caracterizada por una herencia autosómica recesiva que tiene_su_base_material_en una mutación heterocigota compuesta en el gen ITGA7 del cromosoma 12q13.
http://purl.obolibrary.org/obo/DOID_0110640,distrofia muscular congénita debida a la mutación del gen LMNA,Una distrofia muscular congénita caracterizada por una herencia autosómica dominante que tiene_su_base_material_en una mutación heterocigota en el gen LMNA en el cromosoma 1q22.
http://purl.obolibrary.org/obo/DOID_0110657,síndrome miasténico congénito 8,Síndrome miasténico congénito caracterizado por la herencia autosómica recesiva de defectos prominentes de las regiones pre y postsináptica y debilidad muscular que tiene_su_base_material_en mutación homocigota o heterocigota compuesta en el gen AGRN del cromosoma 1p.
http://purl.obolibrary.org/obo/DOID_0110658,síndrome miasténico congénito 15,Un síndrome miasténico congénito caracterizado por la aparición de debilidad muscular proximal fatigable progresiva en la infancia que tiene_su_base_material_en mutación heterocigota compuesta en el gen ALG14 en el cromosoma 1p21.
http://purl.obolibrary.org/obo/DOID_0110659,síndrome miasténico congénito 7,Síndrome miasténico congénito caracterizado por la herencia autosómica dominante de defectos presinápticos con inicio de los síntomas en la primera infancia que tiene_su_base_material_en mutación heterocigota en el gen SYT2 del cromosoma 1q32.
http://purl.obolibrary.org/obo/DOID_0110660,síndrome miasténico congénito 12,Síndrome miasténico congénito caracterizado por una herencia autosómica recesiva de aparición de debilidad muscular proximal en la primera década que generalmente responde bien al tratamiento con inhibidores de la acetilcolinesterasa que tiene_su_base_material_en mutación homocigota o heterocigota compuesta en el gen GFPT1 del cromosoma 2p13.
http://purl.obolibrary.org/obo/DOID_0110661,síndrome miasténico congénito 20,Síndrome miasténico congénito caracterizado por la herencia autosómica recesiva de hipotonía grave asociada a apnea episódica que tiene_su_base_material_en mutación homocigota o heterocigota compuesta en el gen SLC5A7 del cromosoma 2q12.
http://purl.obolibrary.org/obo/DOID_0110662,síndrome miasténico congénito 1B,Un síndrome miasténico congénito caracterizado por defectos en las uniones neuromusculares postsinápticas con debilidad muscular progresiva de aparición temprana que tiene_su_base_material_en mutación en el gen CHRNA1 del cromosoma 2q.
http://purl.obolibrary.org/obo/DOID_0110663,síndrome miasténico congénito 1A,Síndrome miasténico congénito caracterizado por una herencia predominantemente autosómica dominante de defectos en las uniones neuromusculares postsinápticas y debilidad muscular progresiva de aparición temprana que tiene_su_base_material_en mutación en el gen CHRNA1 del cromosoma 2q.
http://purl.obolibrary.org/obo/DOID_0110664,síndrome miasténico congénito 3C,"Un síndrome miasténico congénito caracterizado por la herencia autosómica recesiva de defectos de la unión neuromuscular postsináptica, baja amplitud del potencial y corriente de la placa terminal en miniatura y debilidad muscular de aparición temprana que tiene_su_base_material_en mutación heterocigota compuesta en el gen CHRND en el cromosoma 2q37."
http://purl.obolibrary.org/obo/DOID_0110665,síndrome miasténico congénito 3B,Síndrome miasténico congénito caracterizado por la herencia autosómica recesiva de defectos postsinápticos de la unión neuromuscular que provocan un rápido decaimiento de la corriente de la placa terminal y una incapacidad para alcanzar el umbral de despolarización y debilidad muscular progresiva de aparición precoz que tiene_su_base_material_en una mutación homocigota o heterocigota compuesta en el gen CHRND del cromosoma 2q37.
http://purl.obolibrary.org/obo/DOID_0110666,síndrome miasténico congénito 3A,Un síndrome miasténico congénito caracterizado por la herencia autosómica dominante de defectos postsinápticos de la unión neuromuscular que dan lugar a corrientes sinápticas prolongadas y debilidad muscular progresiva de aparición temprana que tiene_su_base_material_en mutación heterocigota en el gen CHRND en el cromosoma 2q37.
http://purl.obolibrary.org/obo/DOID_0110667,síndrome miasténico congénito 5,Síndrome miasténico congénito caracterizado por la herencia autosómica recesiva de un defecto en la sinapsis de la unión neuromuscular que provoca corrientes sinápticas y potenciales de acción prolongados y que tiene_su_base_material_en una mutación homocigota o heterocigota compuesta en el gen COLQ del cromosoma 3p25.
http://purl.obolibrary.org/obo/DOID_0110669,síndrome miasténico congénito 14,Síndrome miasténico congénito caracterizado por una herencia autosómica recesiva de desarrollo lentamente progresivo de debilidad muscular en las cinturas de las extremidades con inicio en la primera infancia que tiene_su_base_material_en una mutación homocigota en el gen ALG2 en el cromosoma 9q22.
http://purl.obolibrary.org/obo/DOID_0110670,síndrome miasténico congénito 9,"Síndrome miasténico congénito caracterizado por la herencia autosómica recesiva de defectos en las uniones neuromusculares postsinápticas, amplitud reducida del potencial de la placa terminal en miniatura, debilidad muscular proximal e insuficiencia respiratoria episódica que tiene_su_base_material_en mutación homocigota o heterocigota compuesta en el gen MUSK del cromosoma 9q31."
http://purl.obolibrary.org/obo/DOID_0110671,síndrome miasténico congénito 6,Síndrome miasténico congénito caracterizado por la herencia autosómica recesiva de un defecto presináptico que provoca la aparición de debilidad muscular en la infancia o la niñez temprana y una tendencia a sufrir episodios apneicos repentinos que tiene_su_base_material_en mutación homocigota o heterocigota compuesta en el gen CHAT del cromosoma 10q.
http://purl.obolibrary.org/obo/DOID_0110672,síndrome miasténico congénito 21,"Síndrome miasténico congénito caracterizado por la herencia autosómica recesiva de hipotonía, apneas y dificultades de alimentación que tiene_su_base_material_en una mutación homocigota o heterocigota compuesta en el gen SLC18A3 del cromosoma 10q11."
http://purl.obolibrary.org/obo/DOID_0110673,síndrome miasténico congénito 19,"Síndrome miasténico congénito caracterizado por la herencia autosómica recesiva de defectos en la unión neuromuscular que provocan debilidad muscular generalizada, intolerancia al ejercicio e insuficiencia respiratoria que tiene_su_base_material_en una mutación homocigota en el gen COL13A1 del cromosoma 10q22."
http://purl.obolibrary.org/obo/DOID_0110674,síndrome miasténico congénito 17,Un síndrome miasténico congénito que tiene_su_base_material_en mutación heterocigota compuesta en el gen LRP4 en el cromosoma 11p11.
http://purl.obolibrary.org/obo/DOID_0110675,síndrome miasténico congénito 11,Síndrome miasténico congénito caracterizado por la herencia autosómica recesiva de baja amplitud del potencial de la placa terminal en miniatura y corriente resultante de la deficiencia del receptor de acetilcolina (AChR) en la placa terminal que tiene_su_base_material_en mutación homocigota o heterocigota compuesta en el gen RAPSN en el cromosoma 11p11.
http://purl.obolibrary.org/obo/DOID_0110676,síndrome miasténico congénito 13,"Un síndrome miasténico congénito caracterizado por la herencia autosómica recesiva de debilidad muscular proximal, respuesta decremental a la estimulación nerviosa repetida en estudios EMG y respuesta favorable a los inhibidores de la acetilcolinesterasa que tiene_su_base_material_en mutación heterocigota compuesta en el gen DPAGT1 del cromosoma 11q23."
http://purl.obolibrary.org/obo/DOID_0110677,síndrome miasténico congénito 4B,"Un síndrome miasténico congénito caracterizado por la herencia autosómica recesiva de defectos postsinápticos de la unión neuromuscular, debilidad muscular progresiva de aparición temprana y anomalías cinéticas del canal AChR que tiene_su_base_material_en mutación homocigota o heterocigota compuesta en el gen CHRNE del cromosoma 17p13."
http://purl.obolibrary.org/obo/DOID_0110678,síndrome miasténico congénito 4A,"Síndrome miasténico congénito caracterizado por defectos postsinápticos de la unión neuromuscular, debilidad muscular progresiva de aparición temprana y apertura y actividad prolongadas del canal receptor de acetilcolina que tiene_su_base_material_en mutación heterocigótica o raramente bialélica en el gen CHRNE del cromosoma 17p13."
http://purl.obolibrary.org/obo/DOID_0110679,síndrome miasténico congénito 4C,"Síndrome miasténico congénito caracterizado por la herencia autosómica recesiva de defectos postsinápticos de la unión neuromuscular, debilidad muscular de aparición precoz y baja amplitud del potencial y corriente miniatura de la placa terminal que tiene_su_base_material_en mutación homocigota o heterocigota compuesta en el gen CHRNE del cromosoma 17p13."
http://purl.obolibrary.org/obo/DOID_0110680,síndrome miasténico congénito 2C,"Síndrome miasténico congénito caracterizado por la herencia autosómica recesiva de defectos postsinápticos de la unión neuromuscular, debilidad muscular de aparición precoz y baja amplitud del potencial y corriente miniatura de la placa terminal que tiene_su_base_material_en mutación heterocigota compuesta en el gen CHRNB1 del cromosoma 17p13."
http://purl.obolibrary.org/obo/DOID_0110681,síndrome miasténico congénito 2A,"Un síndrome miasténico congénito caracterizado por la herencia autosómica dominante de defectos postsinápticos de la unión neuromuscular, debilidad muscular progresiva de aparición temprana y apertura y actividad prolongadas del canal receptor de acetilcolina que tiene_su_base_material_en mutación heterocigota en el gen CHRNB1 del cromosoma 17p13."
http://purl.obolibrary.org/obo/DOID_0110682,síndrome miasténico congénito 16,Un síndrome miasténico congénito que tiene_su_base_material_en una mutación heterocigota u homocigota en el gen SCN4A en el cromosoma 17q23.
http://purl.obolibrary.org/obo/DOID_0110683,síndrome miasténico congénito 18,"Síndrome miasténico congénito caracterizado por la herencia autosómica dominante de defectos presinápticos de la unión neuromuscular, debilidad muscular de aparición precoz, fatigabilidad fácil, retraso del desarrollo psicomotor y ataxia que tiene_su_base_material_en mutación heterocigota en el gen SNAP25 del cromosoma 20p11."
http://purl.obolibrary.org/obo/DOID_0110711,hipotricosis congénita con distrofia macular juvenil,Una hipotricosis que tiene_su_base_material_en una mutación autosómica recesiva del gen CDH3 en el cromosoma 16q22.1.
http://purl.obolibrary.org/obo/DOID_0110712,enfermedad de Oguchi-1,"Una ceguera nocturna estacionaria congénita caracterizada por ceguera nocturna estática congénita, una decoloración dorada o gris-blanquecina del fondo de ojo que desaparece en el estado de adaptación a la oscuridad y un funcionamiento típicamente normal de todas las demás funciones visuales que tiene_su_base_material_en mutación homocigota o heterocigota compuesta en el gen SAG del cromosoma 2q37."
http://purl.obolibrary.org/obo/DOID_0110713,enfermedad de Oguchi-2,"Una ceguera nocturna estacionaria congénita caracterizada por ceguera nocturna estática congénita, una decoloración dorada o gris-blanquecina del fondo de ojo que desaparece en el estado de adaptación a la oscuridad y un funcionamiento típicamente normal de todas las demás funciones visuales que tiene_su_base_material_en una mutación homocigota en el gen GRK1 del cromosoma 13q34."
http://purl.obolibrary.org/obo/DOID_0110714,ceguera nocturna estacionaria congénita 1G,Una ceguera nocturna estacionaria congénita caracterizada por una herencia autosómica recesiva que tiene_su_base_material_en una mutación homocigota en el gen GNAT1 del cromosoma 3p21.
http://purl.obolibrary.org/obo/DOID_0110715,ceguera nocturna estacionaria congénita autosómica dominante 3,Una ceguera nocturna estacionaria congénita caracterizada por una herencia autosómica dominante que tiene_su_base_material_en una mutación heterocigota en el gen GNAT1 en el cromosoma 3p21.
http://purl.obolibrary.org/obo/DOID_0110862,ceguera nocturna estacionaria congénita autosómica dominante 1,Una ceguera nocturna estacionaria congénita caracterizada por una herencia autosómica dominante que tiene_su_base_material_en mutaciones en el gen RHO del cromosoma 3q22.1.
http://purl.obolibrary.org/obo/DOID_0110863,ceguera nocturna estacionaria congénita autosómica dominante 2,Una ceguera nocturna estacionaria congénita caracterizada por una herencia autosómica dominante que tiene_su_base_material_en una mutación heterocigota en el gen PDE6B del cromosoma 4p16.
http://purl.obolibrary.org/obo/DOID_0110864,ceguera nocturna estacionaria congénita 1F,Una ceguera nocturna estacionaria congénita caracterizada por una herencia autosómica recesiva que tiene_su_base_material_en una mutación heterocigota compuesta en el gen LRIT3 del cromosoma 4q25.
http://purl.obolibrary.org/obo/DOID_0110865,ceguera nocturna estacionaria congénita 1B,Una ceguera nocturna estacionaria congénita caracterizada por una herencia autosómica recesiva que tiene_su_base_material_en mutación en el gen GRM6 del cromosoma 5q35.
http://purl.obolibrary.org/obo/DOID_0110866,ceguera nocturna estacionaria congénita 1H,Una ceguera nocturna estacionaria congénita caracterizada por una herencia autosómica recesiva que tiene_su_base_material_en una mutación homocigota o heterocigota compuesta en el gen GNB3 del cromosoma 12p13.
http://purl.obolibrary.org/obo/DOID_0110867,ceguera nocturna estacionaria congénita 1C,Una ceguera nocturna estacionaria congénita caracterizada por autosómica recesiva que tiene_su_base_material_en mutación homocigota o heterocigota compuesta en el gen TRPM1 en el cromosoma 15q13-q14.
http://purl.obolibrary.org/obo/DOID_0110868,ceguera nocturna estacionaria congénita 1D,Una ceguera nocturna estacionaria congénita caracterizada por una herencia autosómica recesiva que tiene_su_base_material_en una mutación homocigota en el gen SLC24A1 del cromosoma 15q22.
http://purl.obolibrary.org/obo/DOID_0110869,ceguera nocturna estacionaria congénita 1E,Una ceguera nocturna estacionaria congénita caracterizada por una herencia autosómica recesiva que tiene_su_base_material_en una mutación homocigota o heterocigota compuesta en el gen GPR179 del cromosoma 17q12.
http://purl.obolibrary.org/obo/DOID_0110870,ceguera nocturna estacionaria congénita 1A,Una ceguera nocturna estacionaria congénita que tiene_su_base_material_en mutación en el gen NYX en el cromosoma Xp11.4.
http://purl.obolibrary.org/obo/DOID_0110871,ceguera nocturna estacionaria congénita 2A,Una ceguera nocturna estacionaria congénita que tiene_su_base_material_en mutación en el gen CACNA1F en el cromosoma Xp11.23.
http://purl.obolibrary.org/obo/DOID_0110872,holoprosencefalia 2,Una holoprosencefalia que tiene_su_base_material_en mutación en el gen SIX3 que contiene homeobox en el cromosoma 2p21.
http://purl.obolibrary.org/obo/DOID_4621,holoprosencefalia,Anomalía congénita del sistema nervioso caracterizada por una separación fallida o incompleta del cerebro anterior al principio de la gestación ;que se acompaña de un espectro de anomalías craneofaciales características.
http://purl.obolibrary.org/obo/DOID_0110873,holoprosencefalia 9,Una holoprosencefalia que tiene_su_base_material_en una mutación heterocigota en el gen GLI2 del cromosoma 2q14.
http://purl.obolibrary.org/obo/DOID_0110874,holoprosencefalia 6,Una holoprosencefalia que tiene_su_base_material_en la variación de la región cromosómica 2q37.1-q37.3.
http://purl.obolibrary.org/obo/DOID_0110875,holoprosencefalia 3,Una holoprosencefalia que tiene_su_base_material_en una mutación heterocigota en el gen SHH del cromosoma 7q36.
http://purl.obolibrary.org/obo/DOID_0110876,holoprosencefalia 7,Una holoprosencefalia que tiene_su_base_material_en una mutación heterocigota en el gen PTCH1 del cromosoma 9q22.
http://purl.obolibrary.org/obo/DOID_0110877,holoprosencefalia 11,Una holoprosencefalia que tiene_su_base_material_en una mutación heterocigota en el gen CDON del cromosoma 11q24.
http://purl.obolibrary.org/obo/DOID_0110878,holoprosencefalia 5,Una holoprosencefalia que tiene_su_base_material_en una mutación heterocigota en el gen ZIC2 del cromosoma 13q32.
http://purl.obolibrary.org/obo/DOID_0110879,holoprosencefalia 8,Una holoprosencefalia que tiene_su_base_material_en la variación de la región cromosómica 14q13.
http://purl.obolibrary.org/obo/DOID_0110880,holoprosencefalia 4,Una holoprosencefalia que tiene_su_base_material_en una mutación heterocigota en el gen TGIF del cromosoma 18p11.
http://purl.obolibrary.org/obo/DOID_0110881,holoprosencefalia 1,Una holoprosencefalia que tiene_su_base_material_en la variación de la región cromosómica 21q22.3.
http://purl.obolibrary.org/obo/DOID_0110916,esferocitosis hereditaria tipo 1,Una esferocitosis hereditaria que tiene_su_base_material_en una mutación autosómica dominante del gen ANK1 en el cromosoma 8p11.21.
http://purl.obolibrary.org/obo/DOID_12971,esferocitosis hereditaria,"Anemia hemolítica congénita caracterizada por la producción de glóbulos rojos con forma de esfera, en lugar de la forma normal de disco bicóncavo."
http://purl.obolibrary.org/obo/DOID_0110917,esferocitosis hereditaria tipo 2,Una esferocitosis hereditaria que tiene_su_base_material_en una mutación autosómica dominante del gen SPTB en el cromosoma 14q23.3.
http://purl.obolibrary.org/obo/DOID_0110918,esferocitosis hereditaria tipo 3,Una esferocitosis hereditaria que tiene_su_base_material_en una mutación autosómica dominante del gen SPTA1 en el cromosoma 1q23.1.
http://purl.obolibrary.org/obo/DOID_0110919,esferocitosis hereditaria tipo 4,Una esferocitosis hereditaria que tiene_su_base_material_en una mutación autosómica dominante del gen SLC4A1 en el cromosoma 17q21.31.
http://purl.obolibrary.org/obo/DOID_0110920,esferocitosis hereditaria tipo 5,Una esferocitosis hereditaria que tiene_su_base_material en una mutación del gen EPB42 en el cromosoma 15q15.2.
http://purl.obolibrary.org/obo/DOID_0111066,defecto congénito de la síntesis de ácidos biliares 5,"Defecto congénito de la síntesis de ácidos biliares caracterizado por hepatomegalia, fibrosis e insuficiencia hepáticas, esplenomegalia y niveles plasmáticos elevados de intermediarios de ácidos biliares que tiene_su_base_material_en una mutación homocigota en el gen ABCD3 del cromosoma 1p21."
http://purl.obolibrary.org/obo/DOID_0111067,defecto congénito de la síntesis de ácidos biliares 6,"Defecto congénito de la síntesis de ácidos biliares caracterizado por un aumento de las enzimas hepáticas, una disminución del colesterol y un aumento de los niveles séricos y urinarios de intermediarios de ácidos biliares que tiene_su_base_material_en una mutación homocigota en el gen ACOX2 del cromosoma 3p14."
http://purl.obolibrary.org/obo/DOID_0111068,defecto congénito de la síntesis de ácidos biliares 4,"Defecto congénito de la síntesis de ácidos biliares caracterizado por colestasis intrahepática, malabsorción de grasas y vitaminas liposolubles, disminución del colesterol sérico y aumento de los niveles de THCA en la bilis, el suero y la orina que tiene_su_base_material_en una mutación homocigota en el gen AMACR del cromosoma 5p13."
http://purl.obolibrary.org/obo/DOID_0111069,defecto congénito de la síntesis de ácidos biliares 2,"Defecto congénito de la síntesis de ácidos biliares caracterizado por la rápida progresión de una enfermedad hepática colestásica grave, niveles disminuidos de ácido quenodesoxicólico y ácido cólico en suero y orina, y malabsorción de grasas y vitaminas liposolubles que tiene_su_base_material_en una mutación homocigota o heterocigota compuesta en el gen AKR1D1 del cromosoma 7q33."
http://purl.obolibrary.org/obo/DOID_0111070,defecto congénito de la síntesis de ácidos biliares 3,"Defecto congénito de la síntesis de ácidos biliares caracterizado por colestasis intrahepática, malabsorción de grasas y vitaminas liposolubles y aumento de la bilirrubina sérica que tiene_su_base_material_en una mutación homocigota en el gen CYP7B1 del cromosoma 8q12."
http://purl.obolibrary.org/obo/DOID_0111071,defecto congénito de la síntesis de ácidos biliares 1,"Defecto congénito de la síntesis de ácidos biliares caracterizado por enfermedad hepática colestásica progresiva, hepatitis de células gigantes, malabsorción de grasas y vitaminas liposolubles, aumento de la bilirrubina sérica y disminución del colesterol sérico que tiene_su_base_material_en mutación homocigota o heterocigota compuesta en el gen HSD3B7 del cromosoma 16p."
http://purl.obolibrary.org/obo/DOID_0111077,deficiencia de piruvato quinasa de los glóbulos rojos,Una anemia hemolítica congénita no esferocítica que tiene_su_base_material_en una mutación homocigota o heterocigota compuesta en el gen PKLR del cromosoma 1q22.
http://purl.obolibrary.org/obo/DOID_2861,anemia hemolítica congénita no esferocítica,NA
http://purl.obolibrary.org/obo/DOID_0111080,Anemia de Fanconi grupo de complementación V,Una anemia de Fanconi que tiene_su_base_material_en una mutación homocigota en el gen MAD2L2 en el cromosoma 1p36.
http://purl.obolibrary.org/obo/DOID_13636,anemia de Fanconi,"Una anemia hipoplásica congénita caracterizada por una pancitopenia progresiva con insuficiencia de la médula ósea, malformaciones congénitas variables y predisposición a desarrollar tumores hematológicos o sólidos. Es el resultado de un defecto genético en un grupo de proteínas responsables de la reparación del ADN."
http://purl.obolibrary.org/obo/DOID_0111081,Anemia de Fanconi grupo de complementación T,Una anemia de Fanconi que tiene_su_base_material_en mutación heterocigota compuesta en el gen UBE2T en el cromosoma 1q32.
http://purl.obolibrary.org/obo/DOID_0111082,Anemia de Fanconi grupo de complementación L,Una anemia de Fanconi que tiene_su_base_material_en una mutación homocigota o heterocigota compuesta en el gen PHF9 del cromosoma 2p16.
http://purl.obolibrary.org/obo/DOID_0111083,Grupo de complementación de la anemia de Fanconi D2,Una anemia de Fanconi que tiene_su_base_material_en una mutación heterocigota u homocigota compuesta en el gen FANCD2 del cromosoma 3p25.
http://purl.obolibrary.org/obo/DOID_0111084,Anemia de Fanconi grupo de complementación E,Una anemia de Fanconi que tiene_su_base_material_en mutación homocigota en el gen FANCE en el cromosoma 6p22-p21.
http://purl.obolibrary.org/obo/DOID_0111085,Anemia de Fanconi grupo de complementación U,Una anemia de Fanconi que tiene_su_base_material_en una mutación homocigota en el gen XRCC2 en el cromosoma 7q36.
http://purl.obolibrary.org/obo/DOID_0111086,Anemia de Fanconi grupo de complementación G,Una anemia de Fanconi que tiene_su_base_material_en una mutación homocigota o heterocigota compuesta en el gen XRCC9 en el cromosoma 9p13.
http://purl.obolibrary.org/obo/DOID_0111087,Anemia de Fanconi grupo de complementación C,Una anemia de Fanconi que tiene_su_base_material_en mutación homocigota o heterocigota compuesta en el gen FANCC en el cromosoma 9q22.
http://purl.obolibrary.org/obo/DOID_0111088,Fanconi anemia complementación grupo F,Una anemia de Fanconi que tiene_su_base_material_en homocigoto o heterocigoto compuesto mutación en el gen FANCF en el cromosoma 11p15.
http://purl.obolibrary.org/obo/DOID_0111089,Grupo de complementación de la anemia de Fanconi D1,Una anemia de Fanconi que tiene_su_base_material_en una mutación homocigota o heterocigota compuesta en el gen BRCA2 del cromosoma 13q13.
http://purl.obolibrary.org/obo/DOID_0111090,Anemia de Fanconi grupo de complementación R,Una anemia de Fanconi que tiene_su_base_material_en mutación heterocigota en el gen RAD51 en el cromosoma 15q15.
http://purl.obolibrary.org/obo/DOID_0111091,Anemia de Fanconi grupo de complementación I,Una anemia de Fanconi que tiene_su_base_material_en una mutación homocigota o heterocigota compuesta en el gen FANCI en el cromosoma 15q26.
http://purl.obolibrary.org/obo/DOID_0111092,anemia de Fanconi grupo de complementación P,"Una anemia de Fanconi caracterizada por una mayor inestabilidad cromosómica, insuficiencia progresiva de la médula ósea y, en algunos casos, anomalías esqueléticas que tiene_su_base_material_en una mutación homocigota o heterocigota compuesta en el gen SLX4 del cromosoma 16p13.3."
http://purl.obolibrary.org/obo/DOID_0111093,Anemia de Fanconi grupo de complementación Q,Una anemia de Fanconi que tiene_su_base_material_en mutación heterocigota compuesta en el gen ERCC4 en el cromosoma 16p13.
http://purl.obolibrary.org/obo/DOID_0111094,Anemia de Fanconi grupo de complementación N,Una anemia de Fanconi que tiene_su_base_material_en mutación heterocigota compuesta en el gen PALB2 en el cromosoma 16p12.
http://purl.obolibrary.org/obo/DOID_0111095,Anemia de Fanconi grupo de complementación A,Una anemia de Fanconi que tiene_su_base_material_en mutación homocigota o heterocigota compuesta en el gen FANCA en el cromosoma 16q24.
http://purl.obolibrary.org/obo/DOID_0111096,Anemia de Fanconi grupo de complementación O,Una anemia de Fanconi que tiene_su_base_material_en mutación homocigota en el gen RAD51C en el cromosoma 17q21-q24.
http://purl.obolibrary.org/obo/DOID_0111097,Anemia de Fanconi grupo de complementación J,Una anemia de Fanconi que tiene_su_base_material_en una mutación homocigota o heterocigota compuesta en el gen BRIP1 en el cromosoma 17q22.
http://purl.obolibrary.org/obo/DOID_0111098,Anemia de Fanconi grupo de complementación B,Una anemia de Fanconi que tiene_su_base_material_en mutación en el gen FANCB en el cromosoma Xp22.
http://purl.obolibrary.org/obo/DOID_0111135,lipodistrofia generalizada congénita tipo 1,Una lipodistrofia generalizada congénita que tiene_su_base_material_en una mutación autosómica recesiva de AGPAT2 en el cromosoma 9q34.3.
http://purl.obolibrary.org/obo/DOID_0111136,lipodistrofia generalizada congénita tipo 2,Una lipodistrofia generalizada congénita que tiene_su_base_material_en una mutación autosómica recesiva del BSCL2 en el cromosoma 11q12.3.
http://purl.obolibrary.org/obo/DOID_0111137,lipodistrofia generalizada congénita tipo 3,Una lipodistrofia generalizada congénita que tiene_su_base_material_en una mutación autosómica recesiva de CAV1 en el cromosoma 7q31.2.
http://purl.obolibrary.org/obo/DOID_0111138,lipodistrofia generalizada congénita tipo 4,Una lipodistrofia generalizada congénita que tiene_su_base_material_en una mutación autosómica recesiva de CAVIN1 en el cromosoma 17q21.2.
http://purl.obolibrary.org/obo/DOID_0111153,trastorno congénito del movimiento en espejo,Enfermedad del movimiento caracterizada por movimientos involuntarios de un lado del cuerpo que reflejan los movimientos intencionados del lado opuesto y que afecta principalmente a las extremidades superiores.
http://purl.obolibrary.org/obo/DOID_0111169,heterotopía subcortical en banda,Anomalía congénita del sistema nervioso caracterizada por la migración de neuronas a lugares ectópicos del cerebro donde las neuronas forman zonas que aparecen como grupos de tejido blanco en banda bajo el tejido gris de la corteza cerebral.
http://purl.obolibrary.org/obo/DOID_0111216,miopatía centronuclear autosómica recesiva,Una miopatía centronuclear que tiene_su_base_material_en la herencia autosómica recesiva.
http://purl.obolibrary.org/obo/DOID_14717,miopatía centronuclear,"Una miopatía estructural congénita caracterizada por núcleos anormalmente localizados en las células musculares esqueléticas. Los núcleos están situados en el centro de la célula, en lugar de su ubicación normal en la periferia."
http://purl.obolibrary.org/obo/DOID_0111217,miopatía centronuclear autosómica dominante,Una miopatía centronuclear que tiene_su_base_material_en la herencia autosómica dominante.
http://purl.obolibrary.org/obo/DOID_0111220,miopatía centronuclear 2,Una miopatía centronuclear autosómica recesiva que tiene_su_base_material_en mutación homocigota o heterocigota compuesta en BIN1 en 2q14.3.
http://purl.obolibrary.org/obo/DOID_0111221,miopatía centronuclear 6 con desproporción de fibras,Una miopatía centronuclear autosómica recesiva que se caracteriza por la aparición en la infancia o la niñez temprana de una miopatía centronuclear lentamente progresiva que tiene_su_base_material_en mutación homocigota o heterocigota compuesta en el gen ZAK en 2q31.1.
http://purl.obolibrary.org/obo/DOID_0111222,miopatía centronuclear 5,"Una miopatía centronuclear autosómica recesiva caracterizada por hipotonía neonatal grave, insuficiencia respiratoria y dificultad para alimentarse que tiene_su_base_material_en mutación homocigota o heterocigota compuesta en SPEG en 2q35."
http://purl.obolibrary.org/obo/DOID_0111223,miopatía centronuclear 1,"Una miopatía centronuclear autosómica dominante caracterizada por un desgaste muscular lentamente progresivo y debilidad que afecta principalmente a los músculos de la cintura de las extremidades, el tronco y el cuello que tiene_su_base_material_en mutación heterocigota en DNM2 en 19p13.2."
http://purl.obolibrary.org/obo/DOID_0111224,miopatía centronuclear 4,Una miopatía centronuclear autosómica dominante que tiene_su_base_material_en mutación heterocigota en CCDC78 en 16p13.3.
http://purl.obolibrary.org/obo/DOID_0111225,miopatía centronuclear ligada al cromosoma X,Una miopatía centronuclear que tiene_su_base_material_en la herencia ligada al cromosoma X de mutaciones en MTM1 en Xq28.
http://purl.obolibrary.org/obo/DOID_0111226,miopatía congénita ligada al cromosoma X con desproporción de tipo fibroso,"Una desproporción congénita de tipo fibroso caracterizada por ptosis bilateral, debilidad facial, alteración de la succión, hipotonía generalizada e insuficiencia respiratoria que tiene_su_base_material_en mutación en la región cromosómica Xq13.1-q22.1."
http://purl.obolibrary.org/obo/DOID_0112374,distrofia muscular-distroglicanopatía,Una distrofia muscular congénita caracterizada por una distrofia muscular resultante de una glicosilación defectuosa del distroglicano.
http://purl.obolibrary.org/obo/DOID_0111230,distrofia muscular congénita-distroglicanopatía tipo A11,Una distrofia muscular congénita-distroglicanopatía tipo A que tiene_su_base_material_en mutación homocigota o heterocigota compuesta en B3GALNT2 en 1q42.3.
http://purl.obolibrary.org/obo/DOID_0111231,distrofia muscular congénita-distroglicanopatía tipo A8,Una distrofia muscular congénita-distroglicanopatía tipo A que tiene_su_base_material_en mutación homocigota o heterocigota compuesta en POMGNT2 en 3p22.1.
http://purl.obolibrary.org/obo/DOID_0111232,distrofia muscular congénita-distroglicanopatía tipo A9,Una distrofia muscular congénita-distroglicanopatía tipo A que tiene_su_base_material_en mutación homocigota o heterocigota compuesta en DAG1 en 3p21.31.
http://purl.obolibrary.org/obo/DOID_0111233,distrofia muscular congénita-distroglicanopatía A14,Una distrofia muscular congénita-distroglicanopatía tipo A que tiene_su_base_material_en mutación homocigota o heterocigota compuesta en en GMPPB en 3p21.31.
http://purl.obolibrary.org/obo/DOID_0111234,distrofia muscular congénita-distroglicanopatía A7,Una distrofia muscular congénita-distroglicanopatía tipo A que tiene_su_base_material_en mutación homocigota o heterocigota compuesta en ISPD en 7p21.2-p21.1.
http://purl.obolibrary.org/obo/DOID_0111235,distrofia muscular congénita-distroglicanopatía tipo A12,Una distrofia muscular congénita-distroglicanopatía tipo A que tiene_su_base_material_en mutación homocigota o heterocigota compuesta en POMK en 8p11.21.
http://purl.obolibrary.org/obo/DOID_0111236,distrofia muscular congénita-distroglicanopatía tipo A3,Una distrofia muscular congénita-distroglicanopatía tipo A que tiene_su_base_material_en mutación homocigota o heterocigota compuesta en POMGNT1 en 1p34.1.
http://purl.obolibrary.org/obo/DOID_0111237,distrofia muscular congénita-distroglicanopatía tipo A1,Una distrofia muscular congénita-distroglicanopatía tipo A que tiene_su_base_material_en mutación homocigota o heterocigota compuesta en POMT1 en 9q34.13.
http://purl.obolibrary.org/obo/DOID_0111238,distrofia muscular congénita-distroglicanopatía tipo A13,Una distrofia muscular congénita-distroglicanopatía tipo A que tiene_su_base_material_en mutación homocigota o heterocigota compuesta en B4GAT1 en 11q13.2.
http://purl.obolibrary.org/obo/DOID_0111239,distrofia muscular congénita-distroglicanopatía tipo A10,Una distrofia muscular congénita-distroglicanopatía tipo A que tiene_su_base_material_en mutación homocigota o heterocigota compuesta en RXYLT1 en 12q14.2.
http://purl.obolibrary.org/obo/DOID_0111240,distrofia muscular congénita-distroglicanopatía tipo A2,Una distrofia muscular congénita-distroglicanopatía tipo A que tiene_su_base_material_en mutación homocigota o heterocigota compuesta en POMT2 en 14q24.3.
http://purl.obolibrary.org/obo/DOID_0111241,distrofia muscular congénita-distroglicanopatía tipo A5,Una distrofia muscular congénita-distroglicanopatía tipo A que tiene_su_base_material_en mutación homocigota o heterocigota compuesta en FKRP en 19q13.32.
http://purl.obolibrary.org/obo/DOID_0111242,distrofia muscular congénita-distroglicanopatía tipo A6,Una distrofia muscular congénita-distroglicanopatía tipo A que tiene_su_base_material_en mutación homocigota o heterocigota compuesta en LARGE en 22q12.3.
http://purl.obolibrary.org/obo/DOID_0111244,queratodermia palmoplantar y alopecia congénita 1,"Una displasia ectodérmica caracterizada por la herencia autosómica dominante de hiperqueratosis grave, alopecia congénita y, en algunos pacientes, anomalías ungueales que tiene_su_base_material_en la mutación heterocigota en GJA1 en 6q22.31."
http://purl.obolibrary.org/obo/DOID_0111245,queratodermia palmoplantar y alopecia congénita 2,"Una displasia ectodérmica caracterizada por la herencia autosómica recesiva de alopecia, hiperqueratosis palmoplantar progresiva que da lugar a esclerodactilia y suele asociarse a cataratas y formación de pseudoainhumaciones."
http://purl.obolibrary.org/obo/DOID_0111334,deficiencia congénita de leptina,"Síndrome caracterizado por obesidad grave de aparición precoz, hiperfagia, hipogonadismo hipogonadotrópico y disfunción neuroendocrina y metabólica que tiene_su_base_material_en una mutación homocigota o heterocigota compuesta en LEP en el cromosoma 7q32.1."
http://purl.obolibrary.org/obo/DOID_0111347,epidermólisis bullosa con ausencia congénita localizada de piel y deformidad de las uñas,"Una epidermólisis bullosa distrófica autosómica dominante caracterizada por ampollas graves en la piel y las mucosas, ausencia congénita de piel en las extremidades inferiores y ausencia o deformidad congénita de las uñas que tiene_su_base_material_en una mutación heterocigota en el gen COL7A1 del cromosoma 3p21.31."
http://purl.obolibrary.org/obo/DOID_0111359,gran nevus melanocítico congénito,Enfermedad cutánea caracterizada por la presencia al nacer de una lesión cutánea pigmentada compuesta por melanocitos de más de 20 cm de diámetro proyectado en la edad adulta que tiene_su_base_material_en mutación somática en el gen NRAS del cromosoma 11p15.5.
http://purl.obolibrary.org/obo/DOID_0111363,anemia con cuerpos de Heinz,"Anemia hemolítica congénita no esferocítica caracterizada por anemia hemolítica no esferocítica de Dacie tipo I con cuerpos de Heinz observados en los eritrocitos tras una esplenectomía que tiene_su_base_material_en una mutación heterocigota en los genes HBA1,HBA2 o HBB en el cromosoma 11p15.4,16p13.3 y 16p13.3,respectivamente."
http://purl.obolibrary.org/obo/DOID_0111396,anemia diseritropoyética congénita tipo I,"Una anemia diseritropoyética congénita caracterizada por la herencia autosómica recesiva de anemia macrocítica, eritropoyesis ineficaz y hemocromatosis secundaria."
http://purl.obolibrary.org/obo/DOID_1338,anemia diseritropoyética congénita,"Una anemia hemolítica congénita caracterizada por una eritropoyesis ineficaz, y que resulta de una disminución del número de glóbulos rojos (GR) en el organismo y de una cantidad de hemoglobina en la sangre inferior a la normal."
http://purl.obolibrary.org/obo/DOID_0111397,anemia diseritropoyética congénita tipo Ib,Una anemia diseritropoyética congénita tipo I que tiene_su_base_material_en mutación homocigota o heterocigota compuesta en C15orf41 en el cromosoma 15q14.
http://purl.obolibrary.org/obo/DOID_0111398,anemia diseritropoyética congénita tipo Ia,Una anemia diseritropoyética congénita tipo I que tiene_su_base_material_en una mutación homocigota o heterocigota compuesta en el gen CDAN1 del cromosoma 15q15.2.
http://purl.obolibrary.org/obo/DOID_0111399,anemia diseritropoyética congénita tipo III,"Una anemia diseritropoyética congénita caracterizada por anemia no progresiva de leve a moderada, macrocitosis en la sangre periférica y eritroblastos multinucleados gigantes que tiene_su_base_material_en una mutación heterocigota en un intervalo de 11 cM dentro del cromosoma 15q21-q25."
http://purl.obolibrary.org/obo/DOID_0111400,anemia diseritropoyética congénita tipo IV,Una anemia diseritropoyética congénita caracterizada por una eritropoyesis ineficaz y hemólisis que provoca anemia y una morfología anormal de los eritroblastos que tiene_su_base_material_en una mutación heterocigota en el gen KLF1 del cromosoma 19p13.13.
http://purl.obolibrary.org/obo/DOID_0111401,anemia diseritropoyética congénita tipo II,"Una anemia diseritropoyética congénita caracterizada por anemia de leve a grave, eritroblastos binucleados y multinucleados en la médula ósea, ictericia y esplenomegalia y que puede provocar sobrecarga de hierro en el hígado y cálculos biliares que tiene_su_base_material_en una mutación homocigota o heterocigota compuesta en el gen SEC23B del cromosoma 20p11.23."
http://purl.obolibrary.org/obo/DOID_0111568,astrágalo vertical congénito,"Enfermedad del tejido conjuntivo caracterizada por la luxación de la articulación talonavicular con orientación vertical del astrágalo y luxación dorsal rígida del navicular, deformidad en equino del calcáneo, deformidad en abducción del antepié y contractura de los tejidos blandos del retropié y el mediopié que tiene_su_base_material_en una mutación heterocigota en el gen HOXD10 del cromosoma 2q31.1."
http://purl.obolibrary.org/obo/DOID_0111591,"defectos cardiacos congénitos, hamartoma lingual y polisindactilia","Síndrome caracterizado por defectos cardiacos congénitos, hamartoma lingual y polisindactilia que tiene_su_base_material_en mutación homocigota o heterocigota compuesta en el gen WDPCP del cromosoma 2p15."
http://purl.obolibrary.org/obo/DOID_0111595,aracnodactilia contractural congénita,"Una artrogriposis distal caracterizada por contracturas, aracnodactilia, escoliosis y orejas arrugadas que tiene_su_base_material_en una mutación heterocigota en el gen FBN2 del cromosoma 5q23.3."
http://purl.obolibrary.org/obo/DOID_0111633,deficiencia congénita de sucrasa-isomaltasa,Trastorno metabólico de los hidratos de carbono caracterizado por una mala absorción de oligosacáridos y disacáridos que tiene_su_base_material_en una mutación homocigota o heterocigota compuesta en SI en el cromosoma 3q26.1.
http://purl.obolibrary.org/obo/DOID_0111646,deficiencia congénita de lactasa,Trastorno metabólico de los hidratos de carbono caracterizado por diarrea acuosa en lactantes alimentados con leche materna u otras fórmulas que contienen lactosa que tiene_su_base_material_en mutación homocigota o heterocigota compuesta en LCT en el cromosoma 2q21.3.
http://purl.obolibrary.org/obo/DOID_0111706,hendidura facial oblicua 1,"Una hendidura orofacial caracterizada por un defecto óculo-facial congénito unilateral o bilateral que comienza en el labio superior lateral al arco de Cupido, luego corre lateral al ala nasal, terminando en el párpado inferior lateral al punto inferior que tiene_su_base_material_en mutación heterocigota en el gen SPECC1L en el cromosoma 22q11.23."
http://purl.obolibrary.org/obo/DOID_0111716,criptoftalmia,Trastorno físico caracterizado por una displasia ocular con malformación de los párpados.
http://purl.obolibrary.org/obo/DOID_0111717,criptoftalmia aislada,Una criptoftalmia caracterizada por la ausencia de párpados con piel que cubre el ojo y a menudo una malformación ocular subyacente.
http://purl.obolibrary.org/obo/DOID_0111718,criptoftalmia parcial,"Una criptoftalmia aislada caracterizada por un párpado superior mal definido y completamente fusionado, a menudo sobre un globo anormalmente desarrollado y una córnea queratinizada."
http://purl.obolibrary.org/obo/DOID_0111719,criptoftalmia completa,Una criptoftalmia aislada caracterizada por un fallo en la formación de los pliegues del párpado y el globo resulta en una piel que se extiende desde la ceja hasta la mejilla sin estructuras anexiales identificables y a menudo la presencia de una estructura ocular vestigial o un quiste dentro de la cuenca.
http://purl.obolibrary.org/obo/DOID_0111720,simbléfaron congénito,"Una criptoftalmia aislada caracterizada por la fusión de la piel del párpado superior con la cara superior del globo terráqueo, a menudo asociada a una microftalmia."
http://purl.obolibrary.org/obo/DOID_0111733,síndrome de hipoplasia pancreática-diabetes-cardiopatía congénita,"Síndrome caracterizado por agenesia pancreática parcial, diabetes mellitus y anomalías cardiacas que tiene_su_base_material_en una mutación heterocigota en GATA6 en el cromosoma 18q11.2."
http://purl.obolibrary.org/obo/DOID_0111790,nistagmo congénito 1,Un nistagmo congénito que tiene_su_base_material_en mutación en el gen FRMD7 en el cromosoma Xq26.2.
http://purl.obolibrary.org/obo/DOID_9649,nistagmo congénito,"Un nistagmo patológico, presente al nacer, caracterizado por movimientos oculares involuntarios y rítmicos que ;oscilan normalmente en dirección horizontal."
http://purl.obolibrary.org/obo/DOID_0111791,nistagmo congénito 7,Un nistagmo congénito que tiene_su_base_material_en una mutación heterocigota en una región del cromosoma 1q31.3-q32.1.
http://purl.obolibrary.org/obo/DOID_0111792,nistagmo congénito 2,Un nistagmo congénito que tiene_su_base_material_en una mutación heterocigota en una región del cromosoma 6p12.
http://purl.obolibrary.org/obo/DOID_0111793,nistagmo congénito 3,Un nistagmo congénito que tiene_su_base_material_en una mutación heterocigota en una región del cromosoma 7p11.2.
http://purl.obolibrary.org/obo/DOID_0111795,nistagmo congénito 6,Un nistagmo congénito que tiene_su_base_material_en una mutación hemicigota u homocigótica en el gen GPR143 del cromosoma Xp22.2.
http://purl.obolibrary.org/obo/DOID_0111796,nistagmo congénito 5,Un nistagmo congénito que tiene_su_base_material_en una mutación hemicigota o heterocigótica en una región del cromosoma Xp11.4.
http://purl.obolibrary.org/obo/DOID_0111797,nistagmo congénito autosómico recesivo,Un nistagmo congénito caracterizado por una herencia autosómica recesiva.
http://purl.obolibrary.org/obo/DOID_0111808,defectos cutáneos lineales con múltiples anomalías congénitas 1,Una microftalmia sindrómica caracterizada por microftalmia unilateral o bilateral y defectos cutáneos lineales en la cara y el cuello en las mujeres y muerte fetal en los hombres que tiene_su_base_material_en mutación heterocigota o hemicigota en el gen HCCS del cromosoma Xp22.2.
http://purl.obolibrary.org/obo/DOID_0111835,hipotiroidismo congénito no nitroso 9,Un hipotiroidismo congénito caracterizado por una glándula tiroides pequeña con niveles bajos de T4 libre y niveles inapropiadamente normales de hormona estimulante de la tiroides que tiene_su_base_material_en mutación hemicigota en el gen IRS4 en el cromosoma Xq22.3.
http://purl.obolibrary.org/obo/DOID_0111836,hipotiroidismo congénito no nitroso 7,"Hipotiroidismo congénito caracterizado por niveles de T4 de normales a bajos y de tirotropina de normales a altos, con respuesta hipofisaria reducida o ausente a la hormona liberadora de tirotropina que tiene_su_base_material_en mutación homocigota o heterocigota compuesta en el gen TRHR del cromosoma 8q23.1."
http://purl.obolibrary.org/obo/DOID_0111837,hipotiroidismo congénito no nitroso 8,Hipotiroidismo congénito caracterizado por un hipotiroidismo central relativamente leve que tiene_su_base_material_en mutación heterocigota o hemicigota en el gen TBL1X del cromosoma Xp22.3-p22.2.
http://purl.obolibrary.org/obo/DOID_0111839,trastorno congénito de la glucosilación Icc,"Un trastorno congénito de la glucosilación tipo I caracterizado por retraso del desarrollo, desarrollo intelectual deficiente y dismorfismo facial leve asociado con un enfoque isoeléctrico anormal de la transferrina sérica consistente con un patrón de tipo 1 que tiene_su_base_material_en mutación hemicigota en el gen MAGT1 del cromosoma Xq21.1."
http://purl.obolibrary.org/obo/DOID_0111846,Anemia hemolítica congénita ligada al cromosoma X,Una anemia hemolítica congénita caracterizada por una anemia hemolítica congénita leve sin anomalías morfológicas de los glóbulos rojos que tiene_su_base_material_en una mutación hemicigota en el gen ATP11C del cromosoma Xq27.1.
http://purl.obolibrary.org/obo/DOID_589,anemia hemolítica congénita,NA
http://purl.obolibrary.org/obo/DOID_0111862,ausencia bilateral congénita de los conductos deferentes,"Infertilidad masculina que se caracteriza por la ausencia bilateral de los conductos deferentes, lo que provoca azoospermia obstructiva e infertilidad masculina."
http://purl.obolibrary.org/obo/DOID_0111863,Ausencia bilateral congénita de conductos deferentes ligada al cromosoma X,Una ausencia bilateral congénita de conductos deferentes que tiene_su_base_material_en mutación en el gen ADGRG2 en el cromosoma Xp22.13.
http://purl.obolibrary.org/obo/DOID_0111864,ausencia bilateral congénita autosómica recesiva de los conductos deferentes,Una ausencia bilateral congénita de los conductos deferentes que tiene_su_base_material_en una mutación homocigota o heterocigota compuesta en el gen CFTR del cromosoma 7q31.2.
http://purl.obolibrary.org/obo/DOID_0111876,defectos cutáneos lineales con múltiples anomalías congénitas 3,"Un defecto cutáneo lineal con múltiples anomalías congénitas caracterizado por defectos cutáneos lineales, cardiomiopatía y otras anomalías congénitas diversas que tiene_su_base_material_en mutación heterocigota en el gen NDUFB11 del cromosoma Xp11.3."
http://purl.obolibrary.org/obo/DOID_0111877,defectos cutáneos lineales con múltiples anomalías congénitas 2,"Un defecto cutáneo lineal con múltiples anomalías congénitas caracterizado por defectos cutáneos lineales, microcefalia, dismorfismo facial y otras anomalías congénitas que tiene_su_base_material_en una mutación heterocigota en el gen COX7B del cromosoma Xq21.1."
http://purl.obolibrary.org/obo/DOID_0111878,Anemia de Diamond-Blackfan 7,Una anemia de Diamond-Blackfan que tiene_su_base_material_en una mutación heterocigota en el gen RPL11 en el cromosoma 1p36.11.
http://purl.obolibrary.org/obo/DOID_1339,Anemia de Diamond-Blackfan,Anemia hipoplásica congénita que se caracteriza por anemia (recuento bajo de glóbulos rojos) con disminución de los progenitores eritroides en la médula ósea y tiene_su_base_material niveles insuficientes de glóbulos rojos debido a una disfunción de la médula ósea.
http://purl.obolibrary.org/obo/DOID_0111879,Anemia de Diamond-Blackfan 6,Una anemia de Diamond-Blackfan que tiene_su_base_material_en una mutación heterocigota en el gen RPL5 en el cromosoma 1p22.1.
http://purl.obolibrary.org/obo/DOID_0111880,Anemia de Diamond-Blackfan 17,Una anemia de Diamond-Blackfan que tiene_su_base_material_en una mutación heterocigota en el gen RPS27 en el cromosoma 1q21.3.
http://purl.obolibrary.org/obo/DOID_0111881,Anemia de Diamond-Blackfan 8,Una anemia de Diamond-Blackfan que tiene_su_base_material_en una mutación heterocigota en el gen RPS7 del cromosoma 2p25.3.
http://purl.obolibrary.org/obo/DOID_0111882,Anemia de Diamond-Blackfan 12,Una anemia de Diamond-Blackfan que tiene_su_base_material_en una mutación heterocigota en el gen RPL15 en el cromosoma 3p24.2.
http://purl.obolibrary.org/obo/DOID_0111883,Anemia de Diamond-Blackfan 5,Una anemia de Diamond-Blackfan que tiene_su_base_material_en una mutación heterocigota en el gen RPL35A en el cromosoma 3q29.
http://purl.obolibrary.org/obo/DOID_0111884,Anemia de Diamond-Blackfan 9,Una anemia de Diamond-Blackfan que tiene_su_base_material_en una mutación heterocigota en el gen RPS10 en el cromosoma 6p21.31.
http://purl.obolibrary.org/obo/DOID_0111885,Anemia de Diamond-Blackfan 2,Una anemia de Diamond-Blackfan que tiene_su_base_material_en mutación en una región del cromosoma 8p23.3-p22.
http://purl.obolibrary.org/obo/DOID_0111886,Anemia de Diamond-Blackfan 19,Una anemia de Diamond-Blackfan que tiene_su_base_material_en una mutación heterocigota en el gen RPL35 en el cromosoma 9q33.3.
http://purl.obolibrary.org/obo/DOID_0111887,Anemia de Diamond-Blackfan 3,Una anemia de Diamond-Blackfan que tiene_su_base_material_en una mutación heterocigota en el gen RPS24 en el cromosoma 10q22.3.
http://purl.obolibrary.org/obo/DOID_0111888,Anemia de Diamond-Blackfan 10,Una anemia de Diamond-Blackfan que tiene_su_base_material_en una mutación heterocigota en el gen RPS26 en el cromosoma 12q13.2.
http://purl.obolibrary.org/obo/DOID_0111889,Anemia de Diamond-Blackfan 13,Una anemia de Diamond-Blackfan que tiene_su_base_material_en una mutación heterocigota en el gen RPS29 del cromosoma 14q21.3.
http://purl.obolibrary.org/obo/DOID_0111890,Anemia de Diamond-Blackfan 4,Una anemia de Diamond-Blackfan que tiene_su_base_material_en una mutación heterocigota en el gen RPS17 del cromosoma 15q25.2.
http://purl.obolibrary.org/obo/DOID_0111891,Anemia de Diamond-Blackfan 20,Una anemia de Diamond-Blackfan que tiene_su_base_material_en una mutación heterocigota en el gen RPS15A en el cromosoma 16p12.3.
http://purl.obolibrary.org/obo/DOID_0111892,Anemia de Diamond-Blackfan 11,Una anemia de Diamond-Blackfan que tiene_su_base_material_en una mutación heterocigota en el gen RPL26 en el cromosoma 17p13.1.
http://purl.obolibrary.org/obo/DOID_0111893,Anemia de Diamond-Blackfan 16,Una anemia de Diamond-Blackfan que tiene_su_base_material_en una mutación heterocigota en el gen RPL27 en el cromosoma 17q21.31.
http://purl.obolibrary.org/obo/DOID_0111894,anemia de Diamond-Blackfan 15 con disostosis mandibulofacial,"Una anemia de Diamond-Blackfan caracterizada por anemia de Diamond-Blackfan y disostosis mandibulofacial (micrognatia, fisuras palpebrales inclinadas hacia abajo, paladar hendido submucoso o úvula bífida e hipoplasia malar) que tiene_su_base_material_en mutación heterocigota en el gen RPS28 del cromosoma 19p13.2."
http://purl.obolibrary.org/obo/DOID_0111895,Anemia de Diamond-Blackfan 1,Una anemia de Diamond-Blackfan que tiene_su_base_material_en una mutación heterocigota en el gen RPS19 en el cromosoma 19q13.2.
http://purl.obolibrary.org/obo/DOID_0111896,Anemia de Diamond-Blackfan 18,Una anemia de Diamond-Blackfan que tiene_su_base_material_en una mutación heterocigota en el gen RPL18 en el cromosoma 19q13.33.
http://purl.obolibrary.org/obo/DOID_0111897,Anemia de Diamond-Blackfan 14 con disostosis mandibulofacial,"Una anemia de Diamond-Blackfan caracterizada por anemia de Diamond-Blackfan, microtia bilateral y paladar hendido que tiene_su_base_material_en una mutación hemicigota en el gen TSR2 del cromosoma Xp11.22."
http://purl.obolibrary.org/obo/DOID_0111932,encefalopatía congénita grave debida a la mutación MECP2,"Enfermedad cerebral caracterizada por encefalopatía neonatal grave, retraso del desarrollo y microcefalia que tiene_su_base_material_en mutación hemicigota en el gen MECP2 del cromosoma Xq28."
http://purl.obolibrary.org/obo/DOID_0112002,inmunodeficiencia 47,"Enfermedad de inmunodeficiencia primaria caracterizada por disfunción hepática, infecciones bacterianas recurrentes, hipogammaglobulinemia y glicosilación defectuosa de las proteínas séricas que tiene_su_base_material_en la mutación hemicigota en el gen ATP6AP1 del cromosoma Xq28."
http://purl.obolibrary.org/obo/DOID_0112014,megavejiga congénita,Enfermedad de la vejiga caracterizada por una vejiga urinaria masivamente dilatada con alteración del músculo liso de la pared de la vejiga que tiene_su_base_material_en mutación heterocigota en el gen MYOCD del cromosoma 17p12.
http://purl.obolibrary.org/obo/DOID_0112128,Neutropenia congénita grave ligada al cromosoma X,Una neutropenia congénita grave que tiene_su_base_material_en una mutación activadora hemicigota en WAS en el cromosoma Xp11.23.
http://purl.obolibrary.org/obo/DOID_0112129,neutropenia congénita grave 7,"Una neutropenia congénita grave caracterizada por la aparición de infecciones recurrentes en la infancia o la niñez temprana, neutropenia periférica pero maduración normal de granulocitos en la médula ósea que tiene_su_base_material_en mutación homocigota o heterocigota compuesta en el gen CSF3R del cromosoma 1p34.3."
http://purl.obolibrary.org/obo/DOID_0112130,neutropenia congénita grave autosómica dominante,Una neutropenia congénita grave que tiene_su_base_material_en la mutación heterocigota de un gen autosómico.
http://purl.obolibrary.org/obo/DOID_0112131,neutropenia congénita grave 2,Una neutropenia congénita grave autosómica dominante que tiene_su_base_material_en mutación heterocigota en el gen GFI1 en el cromosoma 1p22.1.
http://purl.obolibrary.org/obo/DOID_0112132,neutropenia congénita grave 5,"Una neutropenia congénita grave caracterizada por neutropenia y disfunción de los neutrófilos, falta de respuesta al G-CSF, infecciones potencialmente mortales, fibrosis de la médula ósea y hematopoyesis extramedular renal que tiene_su_base_material_en mutación homocigota o heterocigota compuesta en el gen VPS45 del cromosoma 1q21.2."
http://purl.obolibrary.org/obo/DOID_0112133,neutropenia congénita grave 3,"Una neutropenia congénita grave caracterizada por un fallo de la médula ósea que da lugar a un bajo número de neutrófilos, una mayor susceptibilidad a las infecciones bacterianas y fúngicas y un mayor riesgo de desarrollar síndrome mielodisplásico o leucemia mieloide aguda que tiene_su_base_material_en una mutación homocigota o heterocigota compuesta en el gen HAX1 del cromosoma 1q21.3."
http://purl.obolibrary.org/obo/DOID_0112134,neutropenia congénita grave 6,Una neutropenia congénita grave que tiene_su_base_material_en una mutación homocigota o heterocigota compuesta en el gen JAGN1 del cromosoma 3p25.3.
http://purl.obolibrary.org/obo/DOID_0112135,neutropenia congénita grave 8,Una neutropenia congénita grave autosómica dominante caracterizada por una disminución de los neutrófilos y la aparición de infecciones bacterianas recurrentes en la primera infancia que tiene_su_base_material_en una mutación heterocigota en el gen SRP54 del cromosoma 14q13.2.
http://purl.obolibrary.org/obo/DOID_0112136,neutropenia congénita grave 4,Una neutropenia congénita grave que tiene_su_base_material_en una mutación homocigota o heterocigota compuesta en el gen G6PC3 del cromosoma 17q21.31.
http://purl.obolibrary.org/obo/DOID_0112183,dishormonogénesis tiroidea familiar,Hipotiroidismo congénito caracterizado por la deficiencia de hormona tiroidea que está presente desde el nacimiento y es el resultado de defectos en la síntesis de la hormona tiroidea.
http://purl.obolibrary.org/obo/DOID_0112184,dishormonogénesis tiroidea 5,Una dishormonogénesis tiroidea familiar que tiene_su_base_material_en una mutación homocigota o heterocigota compuesta en DUOXA2 en el cromosoma 15q21.1.
http://purl.obolibrary.org/obo/DOID_0112185,dishormonogénesis tiroidea 1,Una dishormonogénesis tiroidea familiar que tiene_su_base_material_en una mutación homocigota o heterocigota compuesta en SLC5A5 en el cromosoma 19p13.11.
http://purl.obolibrary.org/obo/DOID_0112186,dishormonogénesis tiroidea 2A,Una dishormonogénesis tiroidea familiar que tiene_su_base_material_en una mutación homocigota o heterocigota compuesta en TPO en el cromosoma 2p25.3.
http://purl.obolibrary.org/obo/DOID_0112187,dishormonogénesis tiroidea 3,Una dishormonogénesis tiroidea familiar que tiene_su_base_material_en una mutación homocigota o heterocigota compuesta en TG en el cromosoma 8q24.22.
http://purl.obolibrary.org/obo/DOID_0112188,dishormonogénesis tiroidea 4,Una dishormonogénesis tiroidea familiar que tiene_su_base_material_en una mutación homocigota o heterocigota compuesta en IYD en el cromosoma 6q25.1.
http://purl.obolibrary.org/obo/DOID_0112189,dishormonogénesis tiroidea 6,Una dishormonogénesis tiroidea familiar que tiene_su_base_material_en una mutación homocigota o heterocigota compuesta en DUOX2 en el cromosoma 15q21.1.
http://purl.obolibrary.org/obo/DOID_0112213,síndrome de anomalías congénitas múltiples-hipotonía-convulsiones 4,Un síndrome de anomalías congénitas múltiples-hipotonía-convulsiones caracterizado por la aparición en los primeros meses de vida de convulsiones refractarias y un grave retraso global del desarrollo que tiene_su_base_material_en mutación homocigota o heterocigota compuesta en el gen PIGQ del cromosoma 16p13.3.
http://purl.obolibrary.org/obo/DOID_0112227,tubulopatía,Anomalía congénita del sistema nervioso caracterizada por malformaciones corticales complejas que incluyen en la mayoría de los casos ganglios basales dismórficos y que tiene_su_base_material_en mutación en uno o más de los genes de la tubulina.
http://purl.obolibrary.org/obo/DOID_0112228,lisencefalia 9 con malformación compleja del tronco encefálico,"Una lisencefalia caracterizada por un retraso global del desarrollo, un desarrollo intelectual deficiente con habla pobre o ausente, paquigiria, lisencefalia y malformación del tronco encefálico que tiene_su_base_material_en una mutación heterocigota en el gen MACF1 del cromosoma 1p34.3."
http://purl.obolibrary.org/obo/DOID_0112229,lisencefalia 10,"Una lisencefalia caracterizada por un retraso variable del desarrollo, un desarrollo intelectual de leve a moderadamente deficiente y retraso del lenguaje, convulsiones, rasgos cerebrales consistentes con defectos de migración neuronal que tiene_su_base_material_en una mutación heterocigota en el gen CEP85L en el cromosoma 6q22.31."
http://purl.obolibrary.org/obo/DOID_0112230,lisencefalia 5,"Una lisencefalia caracterizada por hidrocefalia, convulsiones, desarrollo psicomotor gravemente retrasado y cambios en empedrado en el córtex, más graves en la región posterior, y heterotopía en banda subcortical que tiene_su_base_material_en mutación homocigota o heterocigota compuesta en el gen LAMB1 del cromosoma 7q31.1."
http://purl.obolibrary.org/obo/DOID_0112231,lisencefalia 7 con hipoplasia cerebelosa,"Una lisencefalia caracterizada por falta de desarrollo psicomotor, dismorfismo facial, artrogriposis y convulsiones intratables de aparición precoz con resultado de muerte en la infancia que tiene_su_base_material_en mutación homocigota o heterocigota compuesta en el gen CDK5 del cromosoma 7q36.1."
http://purl.obolibrary.org/obo/DOID_0112232,lisencefalia 3,"Una lisencefalia caracterizada por malformaciones cerebrales, microcefalia, retraso del desarrollo y epilepsia que tiene_su_base_material_en una mutación heterocigota en el gen TUBA1A del cromosoma 12q13.12."
http://purl.obolibrary.org/obo/DOID_0112233,lisencefalia 8,"Una lisencefalia caracterizada por un retraso en el desarrollo psicomotor, discapacidad intelectual con habla deficiente o ausente, convulsiones refractarias de aparición precoz e hipotonía que tiene_su_base_material_en una mutación homocigota o heterocigota compuesta en el gen TMTC3 del cromosoma 12q21.32."
http://purl.obolibrary.org/obo/DOID_0112234,microlisencefalia,Una lisencefalia caracterizada por lisencefalia en combinación con microcefalia congénita grave.
http://purl.obolibrary.org/obo/DOID_0112235,lisencefalia 4,"Una microlisencefalia caracterizada por lisencefalia, atrofia cerebral grave, microcefalia extrema y discapacidad intelectual profunda que tiene_su_base_material_en una mutación homocigota o heterocigota compuesta en el gen NDE1 del cromosoma 16p13.11."
http://purl.obolibrary.org/obo/DOID_0112236,lisencefalia 6,"Una microlisencefalia caracterizada por microcefalia grave, retraso del desarrollo, lisencefalia, paquigiria e hipoplasia del cuerpo calloso que tiene_su_base_material_en una mutación homocigota o heterocigota compuesta en el gen KATNB1 del cromosoma 16q21."
http://purl.obolibrary.org/obo/DOID_0112237,lisencefalia 1,"Una lisencefalia caracterizada por un córtex anormalmente grueso, una laminación reducida o anormal y una heterotopía neuronal difusa que tiene_su_base_material_en una mutación heterocigota en el gen PAFAH1B1 del cromosoma 17p13.3."
http://purl.obolibrary.org/obo/DOID_0112238,lisencefalia 2 ligada al cromosoma X,"Una lisencefalia caracterizada por anomalías cerebrales estructurales, convulsiones intratables de aparición temprana, retraso psicomotor grave y genitales ambiguos que tiene_su_base_material_en la mutación en ARX en el cromosoma Xp21.3."
http://purl.obolibrary.org/obo/DOID_0112239,Lisencefalia 1 ligada al cromosoma X,Una lisencefalia caracterizada por lisencefalia clásica y discapacidad intelectual en varones que tiene_su_base_material_en mutación en DCX en el cromosoma Xq23.
http://purl.obolibrary.org/obo/DOID_0112321,"síndrome de alacrimia, acalasia y retraso del desarrollo intelectual","Trastorno congénito de la glicosilación caracterizado por la aparición en la infancia de alacrimia, acalasia y retraso del desarrollo intelectual sin insuficiencia suprarrenal que tiene_su_base_material_en mutación homocigota o heterocigota compuesta en el gen GMPPA del cromosoma 2q35."
http://purl.obolibrary.org/obo/DOID_0112376,distrofia muscular-distroglicanopatía tipo B15,Una distrofia muscular-distroglicanopatía tipo B que tiene_su_base_material_en mutación homocigota o heterocigota compuesta en el gen DPM3 del cromosoma 1q22.
http://purl.obolibrary.org/obo/DOID_0112377,distrofia muscular-distroglicanopatía tipo B14,Una distrofia muscular-distroglicanopatía tipo B que tiene_su_base_material_en mutación homocigota o heterocigota compuesta en el gen GMPPB del cromosoma 3p21.31.
http://purl.obolibrary.org/obo/DOID_0112378,distrofia muscular-distroglicanopatía tipo B3,Una distrofia muscular-distroglicanopatía tipo B que tiene_su_base_material_en mutación homocigota o heterocigota compuesta en el gen POMGNT1 del cromosoma 1p34.1.
http://purl.obolibrary.org/obo/DOID_0112379,distrofia muscular-distroglicanopatía tipo B4,Una distrofia muscular-distroglicanopatía tipo B caracterizada por distrofia muscular resultante de la alteración de la glicosilación del distroglicano en ausencia de deficiencia intelectual que tiene_su_base_material_en mutación homocigota o heterocigota compuesta en el gen FKTN del cromosoma 9q31.2.
http://purl.obolibrary.org/obo/DOID_0112380,distrofia muscular-distroglicanopatía tipo B2,Una distrofia muscular-distroglicanopatía tipo B que tiene_su_base_material_en mutación homocigota o heterocigota compuesta en el gen POMT2 del cromosoma 14q24.3.
http://purl.obolibrary.org/obo/DOID_0112381,distrofia muscular-distroglicanopatía tipo C12,Una distrofia muscular-distroglicanopatía caracterizada por distrofia muscular congénita de cinturas de extremidades y deterioro cognitivo que tiene_su_base_material_en mutación homocigota o heterocigota compuesta en el gen POMK en el cromosoma 8p11.21.
http://purl.obolibrary.org/obo/DOID_0112382,distrofia muscular-distroglicanopatía tipo C8,Una distrofia muscular-distroglicanopatía caracterizada por la aparición en la infancia de un fenotipo variable que va desde una discapacidad intelectual leve y anomalías de la marcha hasta asintomática que tiene_su_base_material_en mutación homocigota o heterocigota compuesta en el gen POMGNT2 del cromosoma 3p22.1.
http://purl.obolibrary.org/obo/DOID_10039,sífilis congénita tardía,"Una sífilis congénita que se produce en niños de dos años o más que adquirieron la infección por vía transplacentaria. La infección tiene_síntomas de úlceras gingivales, tiene_síntomas de lesiones periósticas, tiene_síntomas de paresia, tiene_síntomas de tabes, tiene_síntomas de atrofia óptica, tiene_síntomas de queratitis intersticial, tiene_síntomas de sordera neurosensorial y tiene_síntomas de deformidades dentales."
http://purl.obolibrary.org/obo/DOID_10348,blefarofimosis,Enfermedad de los párpados que se caracteriza por una estrechez anormal de la hendidura palpebral en sentido horizontal causada por el desplazamiento lateral de los cantos medios de los párpados.
http://purl.obolibrary.org/obo/DOID_10488,ano imperforado,NA
http://purl.obolibrary.org/obo/DOID_10783,metahemoglobinemia,NA
http://purl.obolibrary.org/obo/DOID_2860,hemoglobinopatía,NA
http://purl.obolibrary.org/obo/DOID_1088,meningocele,Una espina bífida que se caracteriza por la herniación de las meninges entre las vértebras.
http://purl.obolibrary.org/obo/DOID_10892,hipospadias,Trastorno físico caracterizado por una abertura uretral anormalmente situada en la parte inferior del pene o en el perineo.
http://purl.obolibrary.org/obo/DOID_11044,gastrosquisis,NA
http://purl.obolibrary.org/obo/DOID_11211,buftalmos,"Hidroftalmía caracterizada por glaucoma de aparición precoz en uno o ambos ojos con presión intraocular elevada, aumento del diámetro corneal e hinchazón del globo y tiene_síntomas de pérdida precoz de visión, fotofobia, blefaroespasmo, lagrimeo, aumento del diámetro corneal, aumento del grosor corneal y globo agrandado. El buftalmos está causado por defectos congénitos graves de la malla trabecular y del ángulo de la cámara anterior que bloquean la salida del humor acuoso y elevan la presión intraocular, lo que provoca atrofia del nervio óptico y pérdida precoz de la visión."
http://purl.obolibrary.org/obo/DOID_11212,hidroftalmía,"Glaucoma congénito primario caracterizado por la aparición precoz de glaucoma en uno o ambos ojos con presión intraocular elevada y aumento del diámetro corneal y presentar_síntomas de pérdida precoz de visión, aumento del diámetro corneal y aumento del grosor de la córnea. La hidroftalmía está causada por defectos congénitos de la malla trabecular y del ángulo de la cámara anterior que bloquean el flujo de salida acuoso y elevan la presión intraocular, lo que provoca atrofia del nervio óptico y pérdida precoz de visión."
http://purl.obolibrary.org/obo/DOID_11367,afaquia congénita,NA
http://purl.obolibrary.org/obo/DOID_1148,polidactilia,Trastorno físico que se caracteriza por la presencia de más de cinco dedos por mano o cinco dedos por pie.
http://purl.obolibrary.org/obo/DOID_12961,síndrome de Poland,"Trastorno físico que se caracteriza por la ausencia o el subdesarrollo de los músculos de un lado del cuerpo, lo que provoca anomalías que pueden afectar al pecho, el hombro, el brazo y la mano."
http://purl.obolibrary.org/obo/DOID_13336,toxoplasmosis congénita,Toxoplasmosis que consiste en una infección reactivada de la madre transmitida al feto durante el embarazo. Pueden producirse abortos espontáneos y mortinatos.
http://purl.obolibrary.org/obo/DOID_1342,anemia hipoplásica congénita,NA
http://purl.obolibrary.org/obo/DOID_13620,foramen oval patente,NA
http://purl.obolibrary.org/obo/DOID_14177,hipogammaglobulinemia congénita,NA
http://purl.obolibrary.org/obo/DOID_14681,síndrome de Silver-Russell,"Trastorno físico que se caracteriza por un retraso grave del crecimiento intrauterino, un crecimiento postnatal deficiente, rasgos craneofaciales como una cara de forma triangular y frente ancha, asimetría corporal y una variedad de malformaciones menores."
http://purl.obolibrary.org/obo/DOID_422,miopatía estructural congénita,"Una miopatía que se caracteriza por hipotonía, debilidad muscular y retraso en el desarrollo de las habilidades motoras."
http://purl.obolibrary.org/obo/DOID_14725,microcefalia autosómica dominante,Una microcefalia que tiene_su_base_material_en una mutación heterocigótica en un gen autosómico.
http://purl.obolibrary.org/obo/DOID_1657,comunicación interventricular,Defecto del tabique cardíaco caracterizado por una abertura en el tabique interventricular que provoca una derivación entre ventrículos.
http://purl.obolibrary.org/obo/DOID_1998,síndrome de Lutembacher,NA
http://purl.obolibrary.org/obo/DOID_2236,afibrinogenemia congénita,Enfermedad de la coagulación sanguínea que se caracteriza por una alteración de la coagulación de la sangre como consecuencia de una deficiencia de la proteína fibrinógeno (factor I de coagulación).
http://purl.obolibrary.org/obo/DOID_2859,enfermedad de la hemoglobina C,NA
http://purl.obolibrary.org/obo/DOID_3827,hernia diafragmática congénita,"Enfermedad del diafragma caracterizada por la falta de desarrollo de todo o parte del diafragma, lo que da lugar a una abertura anormal que permite que el estómago y los intestinos se desplacen hacia la cavidad torácica y apiñen el corazón y los pulmones."
http://purl.obolibrary.org/obo/DOID_4297,síndrome de la cimitarra,"cardiopatía congénita que se caracteriza por un drenaje venoso curvo anómalo parcial o total del pulmón derecho a la vena cava inferior, asociado a una hipoplasia variable del pulmón derecho y de la arteria pulmonar, una dextraposición del corazón y un aporte sanguíneo sistémico anómalo al pulmón ipsilateral."
http://purl.obolibrary.org/obo/DOID_4626,hidranencefalia,NA
http://purl.obolibrary.org/obo/DOID_4773,nefroma mesoblástico congénito,Cáncer de riñón que se caracteriza por la presencia de células fibroblásticas.
http://purl.obolibrary.org/obo/DOID_5378,enfermedad de la hemoglobina D,NA
http://purl.obolibrary.org/obo/DOID_5379,enfermedad de la hemoglobina E,NA
http://purl.obolibrary.org/obo/DOID_6406,ventrículo derecho de doble salida,NA
http://purl.obolibrary.org/obo/DOID_6419,tetralogía de Fallot,NA
http://purl.obolibrary.org/obo/DOID_7280,epulis congénito,NA
http://purl.obolibrary.org/obo/DOID_758,situs inversus,Heterotaxia visceral que se caracteriza por la inversión completa de derecha a izquierda de la posición de los principales órganos torácicos y abdominales.
http://purl.obolibrary.org/obo/DOID_8082,nefroma mesoblástico congénito celular,NA
http://purl.obolibrary.org/obo/DOID_8083,nefroma mesoblástico congénito clásico,NA
http://purl.obolibrary.org/obo/DOID_8303,tumor congénito de células granulares,NA
http://purl.obolibrary.org/obo/DOID_8418,fibrosarcoma congénito,NA
http://purl.obolibrary.org/obo/DOID_9296,labio leporino,Hendidura orofacial que se caracteriza por un defecto congénito en el labio superior en el que la prominencia maxilar no llega a fusionarse con las prominencias nasales medias fusionadas.
http://purl.obolibrary.org/obo/DOID_9487,divertículo de Meckel,Trastorno físico que se caracteriza por una anomalía congénita caracterizada por la formación de una bolsa o saco en el íleon.
http://purl.obolibrary.org/obo/DOID_9565,dextrocardia,NA
http://purl.obolibrary.org/obo/DOID_9621,quiste no congénito de riñón,NA
http://purl.obolibrary.org/obo/DOID_9827,sinostosis radiocubital,NA
http://purl.obolibrary.org/obo/DOID_990,bloqueo cardiaco congénito,"Un bloqueo auriculoventricular caracterizado por la presencia de una enfermedad del sistema de conducción de cualquier forma, que se diagnostica a los 28 días de vida o antes."
http://purl.obolibrary.org/obo/DOID_9955,síndrome del corazón izquierdo hipoplásico,Enfermedad cardiaca congénita caracterizada por un desarrollo anormal de las estructuras del lado izquierdo del corazón.
