class,label,definition,clase,etiqueta,definición,class_match
http://purl.obolibrary.org/obo/DOID_0050328,congenital hypothyroidism,A hypothyroidism that is present at birth.,http://purl.obolibrary.org/obo/DOID_0050328,hipotiroidismo congénito,Un hipotiroidismo que está presente al nacer.,TRUE
http://purl.obolibrary.org/obo/DOID_0080015,physical disorder,"A disease that has_material_basis_in a genetic abnormality, error with embryonic development, infection or compromised intrauterine environment.",http://purl.obolibrary.org/obo/DOID_0080015,trastorno físico,"Una enfermedad que tiene_su_base_material_en una anomalía genética, un error con el desarrollo embrionario, una infección o un entorno intrauterino comprometido.",TRUE
http://purl.obolibrary.org/obo/DOID_0050453,lissencephaly,A congenital nervous system abnormality characterized by the absence of folds in the cerebral cortex and caused_by defective neuronal migration during the 12th to 24th weeks of gestation.,http://purl.obolibrary.org/obo/DOID_0050453,lisencefalia,Anomalía congénita del sistema nervioso caracterizada por la ausencia de pliegues en la corteza cerebral y causada_por una migración neuronal defectuosa durante las semanas 12 a 24 de gestación.,TRUE
http://purl.obolibrary.org/obo/DOID_2490,congenital nervous system abnormality,NA,http://purl.obolibrary.org/obo/DOID_2490,anomalía congénita del sistema nervioso,NA,TRUE
http://purl.obolibrary.org/obo/DOID_0050454,periventricular nodular heterotopia,A congenital nervous system abnormality characterized by non proper migration of neurons during the early development of the fetal brain.,http://purl.obolibrary.org/obo/DOID_0050454,heterotopía nodular periventricular,Anomalía congénita del sistema nervioso caracterizada por la migración no adecuada de las neuronas durante el desarrollo temprano del cerebro fetal.,TRUE
http://purl.obolibrary.org/obo/DOID_0050488,early congenital syphilis,"A congenital syphilis that is manifested during the first 3 months of life. The infection has_symptom skin lesions, has_symptom lymphadenopathy, has_symptom hepatosplenomegaly, has_symptom failure to thrive, has_symptom blood-stained nasal discharge, has_symptom perioral fissures, has_symptom meningitis, has_symptom choroiditis, has_symptom hydrocephalus, has_symptom seizures, has_symptom intellectual disability, has_symptom osteochondritis, and has_symptom pseudoparalysis.",http://purl.obolibrary.org/obo/DOID_0050488,sífilis congénita precoz,"Una sífilis congénita que se manifiesta durante los 3 primeros meses de vida. La infección presenta lesiones cutáneas, linfadenopatía, hepatoesplenomegalia, retraso del crecimiento, secreción nasal sanguinolenta, fisuras periorales, meningitis, coroiditis, hidrocefalia, convulsiones, discapacidad intelectual, osteocondritis y pseudoparálisis.",TRUE
http://purl.obolibrary.org/obo/DOID_9856,congenital syphilis,A syphilis that results_in a multisystem infection in the fetus via the placenta.,http://purl.obolibrary.org/obo/DOID_9856,sífilis congénita,Una sífilis que provoca_una una infección multisistémica en el feto a través de la placenta.,TRUE
http://purl.obolibrary.org/obo/DOID_0050534,congenital stationary night blindness,A hereditary night blindness that is characterized by hemeralopia with a moderate loss of visual acuity and caused by defective photoreceptor-to-bipolar cell signaling with common ERG findings of reduced or absent b-waves and generally normal a-waves.,http://purl.obolibrary.org/obo/DOID_0050534,ceguera nocturna estacionaria congénita,Una ceguera nocturna hereditaria que se caracteriza por hemeralopía con una pérdida moderada de agudeza visual y causada por una señalización defectuosa de los fotorreceptores a las células bipolares con hallazgos ERG comunes de ondas b reducidas o ausentes y ondas a generalmente normales.,TRUE
http://purl.obolibrary.org/obo/DOID_0050545,visceral heterotaxy,A physical disorder characterized by the abnormal distribution of the major visceral organs within the chest and abdomen.,http://purl.obolibrary.org/obo/DOID_0050545,heterotaxia visceral,Trastorno físico caracterizado por la distribución anormal de los principales órganos viscerales dentro del tórax y el abdomen.,TRUE
http://purl.obolibrary.org/obo/DOID_0050546,congenital adrenal insufficiency,"An adrenal gland disease that is characterized by cortisol deficiency, hypoaldosteronism and excessive or insufficient sex hormones, has_material_basis_in the mutation in the gene for 21-hydroxylase, 11beta-hydroxylase, 3beta-hydroxysteroid, 17alpha-hydroxylase or 20,22-desmolase.",http://purl.obolibrary.org/obo/DOID_0050546,insuficiencia suprarrenal congénita,"Enfermedad de la glándula suprarrenal que se caracteriza por deficiencia de cortisol, hipoaldosteronismo y exceso o insuficiencia de hormonas sexuales, tiene_su_base_material_en la mutación en el gen de la 21-hidroxilasa, 11beta-hidroxilasa, 3beta-hidroxiesteroide, 17alfa-hidroxilasa o 20,22-desmolasa.",TRUE
http://purl.obolibrary.org/obo/DOID_0050557,congenital muscular dystrophy,"A muscular dystrophy that is characterized by diminished muscle tone (hypotonia), progressive muscle weakness and degeneration (atrophy), abnormally fixed joints, spinal rigidity, and delays in reaching motor milestones such as sitting or standing unassisted.",http://purl.obolibrary.org/obo/DOID_0050557,distrofia muscular congénita,"Una distrofia muscular que se caracteriza por un tono muscular disminuido (hipotonía), debilidad muscular progresiva y degeneración (atrofia), articulaciones anormalmente fijas, rigidez espinal y retrasos en alcanzar hitos motores como sentarse o ponerse de pie sin ayuda.",TRUE
http://purl.obolibrary.org/obo/DOID_0050558,Ullrich congenital muscular dystrophy,"A congenital muscular dystrophy that is characterized by muscle weakness and respiratory depression and has_material_basis_in mutation in the COL6A1, COL6A2 and COL6A3 that produce components of type VI collagen.",http://purl.obolibrary.org/obo/DOID_0050558,Distrofia muscular congénita de Ullrich,"Una distrofia muscular congénita que se caracteriza por debilidad muscular y depresión respiratoria y tiene_su_base_material_en mutación en los COL6A1,COL6A2 y COL6A3 que producen componentes del colágeno tipo VI.",TRUE
http://purl.obolibrary.org/obo/DOID_0050559,Fukuyama congenital muscular dystrophy,"A congenital muscular dystrophy-dystroglycanopathy type A that is characterized by muscle weakness, failure to thrive, severe intellectual and developmental disability, impaired vision and cardiac abnormalities and has_material_basis_in mutation in the FKTN gene that produces the fukutin protein.",http://purl.obolibrary.org/obo/DOID_0050559,Distrofia muscular congénita de Fukuyama,"Una distrofia muscular congénita-distroglicanopatía tipo A que se caracteriza por debilidad muscular, retraso en el desarrollo, discapacidad intelectual y del desarrollo grave, problemas de visión y anomalías cardiacas y tiene_su_base_material_en mutación en el gen FKTN que produce la proteína fukutina.",TRUE
http://purl.obolibrary.org/obo/DOID_0111229,congenital muscular dystrophy-dystroglycanopathy type A,"A congenital muscular dystrophy-dystroglycanopathy characterized by cobblestone lissencephaly, muscle weakness, and brain and eye anomalies that has_material_basis_in autosomal recessive inheritance a defect in alpha-dystroglycan post-translational processing.",http://purl.obolibrary.org/obo/DOID_0111229,distrofia muscular congénita-distroglicanopatía tipo A,"Una distrofia muscular congénita-distroglicanopatía caracterizada por lisencefalia en empedrado, debilidad muscular y anomalías cerebrales y oculares que tiene_su_base_material_en la herencia autosómica recesiva un defecto en el procesamiento postraduccional del alfa-distroglicano.",TRUE
http://purl.obolibrary.org/obo/DOID_0050560,Walker-Warburg syndrome,"A congenital muscular dystrophy that is characterized by hypotonia, seizures, severe intellectual and developmental disability, eye abnormalities and early death and has_material_basis_in mutations in multiple genes including POMT1, POMT2, ISPD, FKTN, FKRP, and LARGE1.",http://purl.obolibrary.org/obo/DOID_0050560,síndrome de Walker-Warburg,"Una distrofia muscular congénita que se caracteriza por hipotonía, convulsiones, discapacidad intelectual y del desarrollo grave, anomalías oculares y muerte prematura y tiene_su_base_material_en mutaciones en múltiples genes, incluidos POMT1,POMT2,ISPD, FKTN, FKRP y LARGE1.",TRUE
http://purl.obolibrary.org/obo/DOID_0050567,orofacial cleft,"A physical disorder that is characterized by cleft lip and/or cleft palate that result in feeding, speech and hearing problems caused by failures during development.",http://purl.obolibrary.org/obo/DOID_0050567,hendidura orofacial,"Trastorno físico que se caracteriza por la presencia de labio leporino y/o paladar hendido que dan lugar a problemas de alimentación, habla y audición causados por fallos durante el desarrollo.",TRUE
http://purl.obolibrary.org/obo/DOID_0050570,congenital disorder of glycosylation type I,A congenital disorder of glycosylation characterized by under-glycosylated serum glycoproteins.,http://purl.obolibrary.org/obo/DOID_0050570,trastorno congénito de la glicosilación tipo I,Trastorno congénito de la glicosilación caracterizado por glicoproteínas séricas infraglucosiladas.,TRUE
http://purl.obolibrary.org/obo/DOID_5212,congenital disorder of glycosylation,A carbohydrate metabolic disorder that involves deficient or defective glycosylation of a variety of tissue proteins and/or lipids.,http://purl.obolibrary.org/obo/DOID_5212,trastorno congénito de la glicosilación,Trastorno metabólico de los hidratos de carbono que implica una glicosilación deficiente o defectuosa de diversas proteínas y/o lípidos tisulares.,TRUE
http://purl.obolibrary.org/obo/DOID_0050571,congenital disorder of glycosylation type II,A congenital disorder of glycosylation that involves malfunctioning trimming or processing of the protein-bound oligosaccharide chain.,http://purl.obolibrary.org/obo/DOID_0050571,trastorno congénito de la glicosilación tipo II,Un trastorno congénito de la glicosilación que implica un mal funcionamiento del recorte o procesamiento de la cadena de oligosacáridos unida a la proteína.,TRUE
http://purl.obolibrary.org/obo/DOID_0050585,congenital generalized lipodystrophy,"A lipodystrophy that is characterized by extreme scarcity of subcutaneous fat, muscular hypertrophy, fatty liver, hypertriglyceremia and metabolic complications including insulin resistance.",http://purl.obolibrary.org/obo/DOID_0050585,lipodistrofia generalizada congénita,"Una lipodistrofia que se caracteriza por una escasez extrema de grasa subcutánea, hipertrofia muscular, hígado graso, hipertrigliceridemia y complicaciones metabólicas, incluida la resistencia a la insulina.",TRUE
http://purl.obolibrary.org/obo/DOID_0050588,muscular dystrophy-dystroglycanopathy type B1,"A congenital muscular dystrophy characterized by muscle weakness, cognitive impairment and brain abnormalities and has_material_basis_in mutation to the POMT1 gene that encodes O-mannosyltransferase.",http://purl.obolibrary.org/obo/DOID_0050588,distrofia muscular-distroglicanopatía tipo B1,"Una distrofia muscular congénita caracterizada por debilidad muscular, deterioro cognitivo y anomalías cerebrales y tiene_su_base_material_en mutación en el gen POMT1 que codifica la O-manosiltransferasa.",TRUE
http://purl.obolibrary.org/obo/DOID_0112375,muscular dystrophy-dystroglycanopathy type B,"A muscular dystrophy-dystroglycanopathy characterized by early onset of muscle weakness, intellectual disability in most cases, and variable presence of mild brain anomalies.",http://purl.obolibrary.org/obo/DOID_0112375,distrofia-distroglicanopatía muscular tipo B,"Una distrofia-distroglicanopatía muscular caracterizada por la aparición temprana de debilidad muscular, discapacidad intelectual en la mayoría de los casos y presencia variable de anomalías cerebrales leves.",TRUE
http://purl.obolibrary.org/obo/DOID_0050590,severe congenital neutropenia,A neutropenia characterized by a maturation arrest of granulopoiesis at the level or promyelocytes and early onset of severe bacterial infections.,http://purl.obolibrary.org/obo/DOID_0050590,neutropenia congénita grave,Una neutropenia caracterizada por una detención de la maduración de la granulopoyesis a nivel de los promielocitos y la aparición precoz de infecciones bacterianas graves.,TRUE
http://purl.obolibrary.org/obo/DOID_0050593,primary congenital glaucoma,"A glaucoma that is characterized by damage to the optic nerves that reduces peripheral vision and leads to blindness, has_material_basis_in mutation in the MYOC gene and appears before the age of 5 without other associated abnormalities.",http://purl.obolibrary.org/obo/DOID_0050593,glaucoma congénito primario,"Un glaucoma que se caracteriza por daños en los nervios ópticos que reducen la visión periférica y conducen a la ceguera, tiene_su_base_material_en mutación en el gen MYOC y aparece antes de los 5 años sin otras anomalías asociadas.",TRUE
http://purl.obolibrary.org/obo/DOID_0050651,atrioventricular septal defect,"A congenital heart septal defect characterized by an abnormal or inadequate fusion of the superior and inferior endocardial cushions with the mid portion of the atrial septum and the muscular portion of the ventricular septum, thus allowing extra blood to circulate the lungs.",http://purl.obolibrary.org/obo/DOID_0050651,comunicación interauricular,"Defecto congénito del tabique cardiaco caracterizado por una fusión anormal o inadecuada de los cojines endocárdicos superior e inferior con la porción media del tabique auricular y la porción muscular del tabique ventricular, lo que permite que la sangre sobrante circule por los pulmones.",TRUE
http://purl.obolibrary.org/obo/DOID_1681,heart septal defect,NA,http://purl.obolibrary.org/obo/DOID_1681,defecto septal cardíaco,NA,TRUE
http://purl.obolibrary.org/obo/DOID_0050663,Bethlem myopathy,"A congenital muscular dystrophy that is characterized by myopathy and joint contractures that progresses slowly, has_material_basis_in autosomal dominant inheritance of heterozygous mutation in the COL6A1 gene, the COL6A2 gene, or the COL6A3 gene.",http://purl.obolibrary.org/obo/DOID_0050663,miopatía de Bethlem,"Una distrofia muscular congénita que se caracteriza por miopatía y contracturas articulares que progresa lentamente, tiene_su_base_material_en una herencia autosómica dominante de mutación heterocigótica en el gen COL6A1,el gen COL6A2 o el gen COL6A3.",TRUE
http://purl.obolibrary.org/obo/DOID_0050674,congenital bile acid synthesis defect,A steroid inherited metabolic disorder characterized by abnormal conversion of cholesterol into bile acids which occurs predominantly in the liver.,http://purl.obolibrary.org/obo/DOID_0050674,defecto congénito de la síntesis de ácidos biliares,Trastorno metabólico heredado de los esteroides caracterizado por una conversión anormal del colesterol en ácidos biliares que se produce predominantemente en el hígado.,TRUE
http://purl.obolibrary.org/obo/DOID_0050734,congenital intrinsic factor deficiency,A vitamin B12 deficiency that is characterized by megaloblastic anemia due to the absence of gastric intrinsic factor which results in abnormal vitamin B12 absorption.,http://purl.obolibrary.org/obo/DOID_0050734,deficiencia congénita del factor intrínseco,Deficiencia de vitamina B12 que se caracteriza por una anemia megaloblástica debida a la ausencia del factor intrínseco gástrico que provoca una absorción anormal de la vitamina B12.,TRUE
http://purl.obolibrary.org/obo/DOID_10907,microcephaly,A congenital nervous system abnormality that is characterized by a significantly smaller than normal head in infants.,http://purl.obolibrary.org/obo/DOID_10907,microcefalia,Anomalía congénita del sistema nervioso que se caracteriza por una cabeza significativamente más pequeña de lo normal en los bebés.,TRUE
http://purl.obolibrary.org/obo/DOID_0050811,congenital adrenal hyperplasia,A steroid inherited metabolic disorder that is characterized by adrenal insufficiency and variable degrees of hyper or hypo androgeny manifestations resulting from steroidogenic enzyme deficiency.,http://purl.obolibrary.org/obo/DOID_0050811,hiperplasia suprarrenal congénita,Trastorno metabólico heredado de esteroides que se caracteriza por insuficiencia suprarrenal y grados variables de manifestaciones de hiper o hipoandrogenia resultantes de la deficiencia de enzimas esteroidogénicas.,TRUE
http://purl.obolibrary.org/obo/DOID_0050813,spondyloepiphyseal dysplasia with congenital joint dislocations,"A spondyloepiphyseal dysplasia that is characterized by short stature of prenatal onset, joint dislocations (knees, hips, radial heads), club feet, and limitation of range of motion that can involve all large joints.",http://purl.obolibrary.org/obo/DOID_0050813,displasia espondiloepifisaria con luxaciones articulares congénitas,"Una displasia espondiloepifisaria que se caracteriza por baja estatura de inicio prenatal, luxaciones articulares (rodillas, caderas, cabezas radiales), pies zambos y limitación de la amplitud de movimiento que puede afectar a todas las grandes articulaciones.",TRUE
http://purl.obolibrary.org/obo/DOID_0060259,renal-hepatic-pancreatic dysplasia,"A physical disorder characterized by pancreatic fibrosis, renal dysplasia and hepatic dysgenesis; it is usual fatal soon after birth.",http://purl.obolibrary.org/obo/DOID_0060259,displasia renal-hepática-pancreática,"Trastorno físico caracterizado por fibrosis pancreática, displasia renal y disgenesia hepática ;que suele ser mortal poco después del nacimiento.",TRUE
http://purl.obolibrary.org/obo/DOID_0060261,congenital ptosis,A ptosis characterized by eyelid drop present at birth.,http://purl.obolibrary.org/obo/DOID_0060261,ptosis congénita,Una ptosis caracterizada por la caída del párpado presente al nacer.,TRUE
http://purl.obolibrary.org/obo/DOID_0060285,parietal foramina,"An inherited neural tube defect that is characterized by enlarged openings in the parietal bones of the skull, has_material_basis_in mutation in the ALX4 gene or MSX2 gene.",http://purl.obolibrary.org/obo/DOID_0060285,forámenes parietales,"Defecto hereditario del tubo neural que se caracteriza por aberturas agrandadas en los huesos parietales del cráneo, tiene_su_base_material_en la mutación del gen ALX4 o del gen MSX2.",TRUE
http://purl.obolibrary.org/obo/DOID_0080074,neural tube defect,A physical disorder characterized by incomplete closure of the neural tube.,http://purl.obolibrary.org/obo/DOID_0080074,defecto del tubo neural,Trastorno físico caracterizado por el cierre incompleto del tubo neural.,TRUE
http://purl.obolibrary.org/obo/DOID_0060296,congenital secretory chloride diarrhea 1,A secretory diarrhea that has_material_basis_in mutation in the SLC26A3 gene.,http://purl.obolibrary.org/obo/DOID_0060296,diarrea secretoria congénita de cloruro 1,Una diarrea secretoria que tiene_su_base_material_en mutación en el gen SLC26A3.,TRUE
http://purl.obolibrary.org/obo/DOID_0060326,myelomeningocele,"A spina bifida characterized by protrusion of the spinal cord through an opening, covered by meningeal membranes.",http://purl.obolibrary.org/obo/DOID_0060326,mielomeningocele,"espina bífida caracterizada por la protrusión de la médula espinal a través de una abertura, cubierta por membranas meníngeas.",TRUE
http://purl.obolibrary.org/obo/DOID_0080016,spina bifida,A neural tube defect that is characterized by incomplete closing of the spine and membranes around the spinal cord during early development.,http://purl.obolibrary.org/obo/DOID_0080016,espina bífida,Defecto del tubo neural que se caracteriza por el cierre incompleto de la columna vertebral y las membranas que rodean la médula espinal durante el desarrollo temprano.,TRUE
http://purl.obolibrary.org/obo/DOID_0060327,omphalocele,"A physical disorder characterized by a defect in the development of the abdominal wall muscles, resulting in the intestines, liver and other organs to remain outside of the abdomen in a sac.",http://purl.obolibrary.org/obo/DOID_0060327,onfalocele,"Trastorno físico caracterizado por un defecto en el desarrollo de los músculos de la pared abdominal, que provoca que los intestinos, el hígado y otros órganos queden fuera del abdomen en una bolsa.",TRUE
http://purl.obolibrary.org/obo/DOID_0060341,agnathia-otocephaly complex,"A physical disorder characterized by mandibular hypoplasia or agnathia, ventromedial auricular malposition (melotia) and/or auricular fusion (synotia), and microstomia with oroglossal hypoplasia or aglossia. Holoprosencephaly is the most commonly identified association, but skeletal, genitourinary and cardiovascular anomalies and situs inversus have been reported.",http://purl.obolibrary.org/obo/DOID_0060341,complejo de agnatia-otocefalia,"Trastorno físico caracterizado por hipoplasia mandibular o agnatia, malposición auricular ventromedial (melotia) y/o fusión auricular (sinotia), y microstomía con hipoplasia oroglosal o aglosia. La holoprosencefalia es la asociación más comúnmente identificada, pero se han notificado anomalías esqueléticas, genitourinarias y cardiovasculares y situs inversus.",TRUE
http://purl.obolibrary.org/obo/DOID_0060445,congenital stromal corneal dystrophy,A stromal dystrophy that is characterized by the presence of bilateral corneal opacities that can be seen at or shortly after birth.,http://purl.obolibrary.org/obo/DOID_0060445,distrofia corneal estromal congénita,Una distrofia estromal que se caracteriza por la presencia de opacidades corneales bilaterales que pueden observarse al nacer o poco después.,TRUE
http://purl.obolibrary.org/obo/DOID_0060558,lethal congenital contracture syndrome,"A syndrome characterized by congenital nonprogressive joint contractures. The contractures can involve the upper or lower limbs and/or the vertebral column, leading to various degrees of flexion or extension limitations evident at birth.",http://purl.obolibrary.org/obo/DOID_0060558,síndrome de contractura congénita letal,"Síndrome caracterizado por contracturas articulares congénitas no progresivas. Las contracturas pueden afectar a las extremidades superiores o inferiores y/o a la columna vertebral, dando lugar a diversos grados de limitaciones de flexión o extensión evidentes al nacer.",TRUE
http://purl.obolibrary.org/obo/DOID_0060559,lethal congenital contracture syndrome 1,A lethal congenital contracture syndrome that has_material_basis_in homozygous or compound heterozygous mutation in the mRNA export mediator the GLE1 gene on chromosome 9q34.,http://purl.obolibrary.org/obo/DOID_0060559,síndrome de contractura congénita letal 1,Síndrome de contractura congénita letal que tiene_su_base_material_en mutación homocigota o heterocigota compuesta en el mediador de exportación de ARNm el gen GLE1 en el cromosoma 9q34.,TRUE
http://purl.obolibrary.org/obo/DOID_0060560,lethal congenital contracture syndrome 2,A lethal congenital contracture syndrome that can be that has_material_basis_in homozygous mutation in the ERBB3 gene on chromosome 12q13.,http://purl.obolibrary.org/obo/DOID_0060560,síndrome de contractura congénita letal 2,Un síndrome de contractura congénita letal que puede ser que tenga_base_material_en mutación homocigota en el gen ERBB3 en el cromosoma 12q13.,TRUE
http://purl.obolibrary.org/obo/DOID_0060563,Char syndrome,A patent ductus arteriosus with facial dysmorphism and abnormal fifth digits.,http://purl.obolibrary.org/obo/DOID_0060563,Síndrome de Char,Un conducto arterioso persistente con dismorfismo facial y quintos dígitos anormales.,TRUE
http://purl.obolibrary.org/obo/DOID_13832,patent ductus arteriosus,NA,http://purl.obolibrary.org/obo/DOID_13832,conducto arterioso persistente,NA,TRUE
http://purl.obolibrary.org/obo/DOID_0060613,X-linked cleft palate with or without ankyloglossia,A cleft palate that has_material_basis_in mutation in the TBX22 gene on chromosome Xq21.,http://purl.obolibrary.org/obo/DOID_0060613,Paladar hendido ligado al cromosoma X con o sin anquiloglosia,Un paladar hendido que tiene_su_base_material_en una mutación en el gen TBX22 del cromosoma Xq21.,TRUE
http://purl.obolibrary.org/obo/DOID_674,cleft palate,"An orofacial cleft characterized by a fissure of the soft and/or hard palate, due to faulty fusion of the two plates of the skull that form the hard palate.",http://purl.obolibrary.org/obo/DOID_674,paladar hendido,"Hendidura orofacial caracterizada por una fisura del paladar blando y/o duro, debida a una fusión defectuosa de las dos placas del cráneo que forman el paladar duro.",TRUE
http://purl.obolibrary.org/obo/DOID_0060638,neonatal diabetes mellitus with congenital hypothyroidism,"A neonatal diabetes that is characterized by intrauterine growth retardation, hypothyroidism and onset of nonimmune diabetes mellitus within the first few weeks of life, and that has_material_basis_in homozygous or compound heterozygous mutations in the GLIS3 gene on chromosome 9p24.",http://purl.obolibrary.org/obo/DOID_0060638,diabetes mellitus neonatal con hipotiroidismo congénito,"Una diabetes neonatal que se caracteriza por retraso del crecimiento intrauterino, hipotiroidismo y aparición de diabetes mellitus no inmunitaria en las primeras semanas de vida, y que tiene_su_base_material_en mutaciones homocigóticas o heterocigóticas compuestas en el gen GLIS3 del cromosoma 9p24.",TRUE
http://purl.obolibrary.org/obo/DOID_0060646,congenital chylothorax,"A pleural disease characterized by the accumulation of chyle within the pleural space leading to respiratory distress, malnutrition and immunological compromise, either immediately after birth or within the first few weeks of life.",http://purl.obolibrary.org/obo/DOID_0060646,quilotórax congénito,"Enfermedad pleural caracterizada por la acumulación de quilo en el espacio pleural que provoca dificultad respiratoria, desnutrición y compromiso inmunológico, ya sea inmediatamente después del nacimiento o en las primeras semanas de vida.",TRUE
http://purl.obolibrary.org/obo/DOID_0060649,congenital hereditary endothelial dystrophy of cornea,"A corneal endothelial dystrophy that has_material_basis_in homozygous or compound heterozygous mutation in the SLC4A11 gene, which encodes a sodium borate cotransporter, on chromosome 20p13 and is characterized by thickening and opacification of the cornea, altered morphology of the endothelium, and secretion of an abnormal collagenous layer at the Descemet membrane.",http://purl.obolibrary.org/obo/DOID_0060649,distrofia endotelial hereditaria congénita de la córnea,"Una distrofia endotelial de la córnea que tiene_su_base_material_en una mutación homocigota o heterocigota compuesta en el gen SLC4A11,que codifica un cotransportador de borato de sodio, en el cromosoma 20p13 y se caracteriza por el engrosamiento y la opacificación de la córnea, la morfología alterada del endotelio y la secreción de una capa colágena anormal en la membrana de Descemet.",TRUE
http://purl.obolibrary.org/obo/DOID_0060653,lethal congenital contracture syndrome 3,A lethal congenital contracture syndrome that has_material_basis_in homozygous mutation in the PIP5K1C gene on chromosome 19p13.,http://purl.obolibrary.org/obo/DOID_0060653,síndrome de contractura congénita letal 3,Un síndrome de contractura congénita letal que tiene_su_base_material_en una mutación homocigota en el gen PIP5K1C del cromosoma 19p13.,TRUE
http://purl.obolibrary.org/obo/DOID_0060654,lethal congenital contracture syndrome 4,A lethal congenital contracture syndrome that has_material_basis_in homozygous mutation in the MYBPC1 gene on chromosome 12q23.,http://purl.obolibrary.org/obo/DOID_0060654,síndrome de contractura congénita letal 4,Un síndrome de contractura congénita letal que tiene_su_base_material_en una mutación homocigota en el gen MYBPC1 del cromosoma 12q23.,TRUE
http://purl.obolibrary.org/obo/DOID_0060655,autosomal recessive congenital ichthyosis,An ichthyosis that is characterized by autosomal recessive inheritance and abnormal skin scaling over the whole body due to a defect in keratinization.,http://purl.obolibrary.org/obo/DOID_0060655,ictiosis congénita autosómica recesiva,Ictiosis que se caracteriza por una herencia autosómica recesiva y una descamación anormal de la piel de todo el cuerpo debida a un defecto en la queratinización.,TRUE
http://purl.obolibrary.org/obo/DOID_0060656,autosomal recessive congenital ichthyosis 1,"An autosomal recessive congenital ichthyosis that is characterized by lamellar ichthyosis, ectropion, eclabium and hyperkeratosis that has_material_basis_in homozygous or compound heterozygous mutation in the TGM1 gene on chromosome 14q11.2.",http://purl.obolibrary.org/obo/DOID_0060656,ictiosis congénita autosómica recesiva 1,"Una ictiosis congénita autosómica recesiva que se caracteriza por ictiosis lamelar, ectropión, eclabio e hiperqueratosis que tiene_su_base_material_en mutación homocigota o heterocigota compuesta en el gen TGM1 del cromosoma 14q11.2.",TRUE
http://purl.obolibrary.org/obo/DOID_0060668,anencephaly,"A congenital nervous system abnormality characterized by failure of the anterior neuropore to close resulting in partial or complete absence of the cranial vault accompanied by absence of overlying tissues, including the brain and cerebral hemispheres, skull and scalp.",http://purl.obolibrary.org/obo/DOID_0060668,anencefalia,"Anomalía congénita del sistema nervioso caracterizada por un fallo en el cierre del neuróporo anterior que provoca la ausencia parcial o completa de la bóveda craneal acompañada de la ausencia de los tejidos suprayacentes, incluidos el cerebro y los hemisferios cerebrales, el cráneo y el cuero cabelludo.",TRUE
http://purl.obolibrary.org/obo/DOID_0060710,autosomal recessive congenital ichthyosis 2,"An autosomal recessive congenital ichthyosis characterized by fine scales on the scalp, face, trunk and limbs, marked palmoplantar hyperlinearity, hyperkeratosis, acanthosis, mild hypergranulosis and thickened stratum corneum that has_material_basis_in homozygous or compound heterozygous mutation in the ALOX12B gene on chromosome 17p13.",http://purl.obolibrary.org/obo/DOID_0060710,ictiosis congénita autosómica recesiva 2,"Una ictiosis congénita autosómica recesiva caracterizada por escamas finas en el cuero cabelludo, la cara, el tronco y las extremidades, hiperlinearidad palmoplantar marcada, hiperqueratosis, acantosis, hipergranulosis leve y estrato córneo engrosado que tiene_su_base_material_en mutación homocigota o heterocigota compuesta en el gen ALOX12B del cromosoma 17p13.",TRUE
http://purl.obolibrary.org/obo/DOID_0060711,autosomal recessive congenital ichthyosis 3,"An autosomal recessive congenital ichthyosis characterized by mild ichthyosis, fine scales on the scalp, face, trunk and limbs, dark brown adherent scales on the neck, elbow and knees, and hypohydrosis that has_material_basis_in homozygous or compound heterozygous mutation in the ALOXE3 gene on chromosome 17p13.",http://purl.obolibrary.org/obo/DOID_0060711,ictiosis congénita autosómica recesiva 3,"Una ictiosis congénita autosómica recesiva caracterizada por ictiosis leve, escamas finas en el cuero cabelludo, la cara, el tronco y las extremidades, escamas adherentes de color marrón oscuro en el cuello, el codo y las rodillas, e hipohidrosis que tiene_su_base_material_en mutación homocigota o heterocigota compuesta en el gen ALOXE3 del cromosoma 17p13.",TRUE
http://purl.obolibrary.org/obo/DOID_0060712,autosomal recessive congenital ichthyosis 4A,An autosomal recessive congenital ichthyosis characterized by generalized ichthyosis and ectropion that has_material_basis_in homozygous or compound heterozygous mutation in the ABCA12 gene on chromosome 2q35.,http://purl.obolibrary.org/obo/DOID_0060712,ictiosis congénita autosómica recesiva 4A,Una ictiosis congénita autosómica recesiva caracterizada por ictiosis generalizada y ectropión que tiene_su_base_material_en mutación homocigota o heterocigota compuesta en el gen ABCA12 del cromosoma 2q35.,TRUE
http://purl.obolibrary.org/obo/DOID_0060713,autosomal recessive congenital ichthyosis 4B,"An autosomal recessive congenital ichthyosis characterized by severe neonatal ichthyosis with bilateral ectropion and eclabium, flattened and rudimentary nose and ears, constricting bands around the extremities and frequently lethality during infancy that has_material_basis_in homozygous or compound heterozygous mutation in the ABCA12 gene on chromosome 2q35.",http://purl.obolibrary.org/obo/DOID_0060713,ictiosis congénita autosómica recesiva 4B,"Una ictiosis congénita autosómica recesiva caracterizada por ictiosis neonatal grave con ectropión y eclabio bilaterales, nariz y orejas aplanadas y rudimentarias, bandas constrictivas alrededor de las extremidades y con frecuencia letal durante la infancia que tiene_su_base_material_en una mutación homocigota o heterocigota compuesta en el gen ABCA12 del cromosoma 2q35.",TRUE
http://purl.obolibrary.org/obo/DOID_0060714,autosomal recessive congenital ichthyosis 5,"An autosomal recessive congenital ichthyosis characterized by fine white or greyish-white scales, hyperkeratosis, moderate acanthosis, and moderate parakeratosis that has_material_basis_in homozygous mutation in the CYP4F22 gene on chromosome 19p13.",http://purl.obolibrary.org/obo/DOID_0060714,ictiosis congénita autosómica recesiva 5,"Una ictiosis congénita autosómica recesiva caracterizada por finas escamas blancas o blanco grisáceas, hiperqueratosis, acantosis y paraqueratosis moderadas que tiene_su_base_material_en la mutación homocigota en el gen CYP4F22 del cromosoma 19p13.",TRUE
http://purl.obolibrary.org/obo/DOID_0060715,autosomal recessive congenital ichthyosis 6,"An autosomal recessive congenital ichthyosis characterized by generalized ichthyosis, hyperkeratosis, parakeratosis and moderate acanthosis that has_material_basis_in homozygous or compound heterozygous mutation in the NIPAL4 gene on chromosome 5q33.",http://purl.obolibrary.org/obo/DOID_0060715,ictiosis congénita autosómica recesiva 6,"Una ictiosis congénita autosómica recesiva caracterizada por ictiosis generalizada, hiperqueratosis, paraqueratosis y acantosis moderada que tiene_su_base_material_en mutación homocigota o heterocigota compuesta en el gen NIPAL4 en el cromosoma 5q33.",TRUE
http://purl.obolibrary.org/obo/DOID_0060716,autosomal recessive congenital ichthyosis 7,"An autosomal recessive congenital ichthyosis characterized by fine whitish scales, moderate to severe erythroderma, compact hyperkeratosis, hypergranulosis, acanthosis, and papillomatosis that has_material_basis_in variation in the chromosome region 12p11.2-q13.1.",http://purl.obolibrary.org/obo/DOID_0060716,ictiosis congénita autosómica recesiva 7,"Una ictiosis congénita autosómica recesiva caracterizada por finas escamas blanquecinas, eritrodermia de moderada a grave, hiperqueratosis compacta, hipergranulosis, acantosis y papilomatosis que tiene_su_base_material_en la variación en la región cromosómica 12p11.2-q13.1.",TRUE
http://purl.obolibrary.org/obo/DOID_0060717,autosomal recessive congenital ichthyosis 8,"An autosomal recessive congenital ichthyosis characterized by diffuse lamellar ichthyosis, slight facial erythema, hyperkeratosis, orthokeratosis, hypergranulosis, and acanthosis that has_material_basis_in homozygous mutation in the LIPN gene on chromosome 10q23.",http://purl.obolibrary.org/obo/DOID_0060717,ictiosis congénita autosómica recesiva 8,"Una ictiosis congénita autosómica recesiva caracterizada por ictiosis lamelar difusa, eritema facial leve, hiperqueratosis, ortoqueratosis, hipergranulosis y acantosis que tiene_su_base_material_en mutación homocigota en el gen LIPN del cromosoma 10q23.",TRUE
http://purl.obolibrary.org/obo/DOID_0060718,autosomal recessive congenital ichthyosis 9,"An autosomal recessive congenital ichthyosis characterized by fine erythrodermic scales, palmoplantar hyperlinearity, thick orthohyperkeratosis, hypergranulosis, moderate acanthosis and mild alopecia that has_material_basis_in homozygous mutation in the CERS3 gene on chromosome 15q26.",http://purl.obolibrary.org/obo/DOID_0060718,ictiosis congénita autosómica recesiva 9,"Una ictiosis congénita autosómica recesiva caracterizada por finas escamas eritrodérmicas, hiperlinearidad palmoplantar, ortoqueratosis gruesa, hipergranulosis, acantosis moderada y alopecia leve que tiene_su_base_material_en mutación homocigota en el gen CERS3 del cromosoma 15q26.",TRUE
http://purl.obolibrary.org/obo/DOID_0060719,autosomal recessive congenital ichthyosis 10,"An autosomal recessive congenital ichthyosis characterized by generalized ichthyosis, moderade erythroderma, palmoplantar keratoderma and hypergranulosis that has_material_basis_in homozygous mutation in the PNPLA1 gene on chromosome 6p21.",http://purl.obolibrary.org/obo/DOID_0060719,ictiosis congénita autosómica recesiva 10,"Una ictiosis congénita autosómica recesiva caracterizada por ictiosis generalizada, eritrodermia moderada, queratodermia palmoplantar e hipergranulosis que tiene_su_base_material_en mutación homocigota en el gen PNPLA1 del cromosoma 6p21.",TRUE
http://purl.obolibrary.org/obo/DOID_0060720,autosomal recessive congenital ichthyosis 11,"An autosomal recessive congenital ichthyosis characterized by ichthyosis, hypotrichosis, photophobia, corneal opacity, pingueculum, blepharitis, marked acanthosis, otrhohyperkeratosis and hyperkeratosis that has_material_basis_in homozygous mutation in the ST14 gene on chromosome 11q24.",http://purl.obolibrary.org/obo/DOID_0060720,ictiosis congénita autosómica recesiva 11,"Una ictiosis congénita autosómica recesiva caracterizada por ictiosis, hipotricosis, fotofobia, opacidad corneal, pinguécula, blefaritis, acantosis marcada, ortoqueratosis e hiperqueratosis que tiene_su_base_material_en una mutación homocigota en el gen ST14 del cromosoma 11q24.",TRUE
http://purl.obolibrary.org/obo/DOID_0060731,congenital central hypoventilation syndrome,"An autonomic nervous system disease characterized by reduced responsiveness of the respiratory center to carbon dioxide, diminished pupillary light responses, and other symptoms related to defects in the autonomic nervous system and that has_material_basis_in most commonly heterozygous mutation in the PHOX2B gene on chromosome 4p13 and less frequently mutations in the RET, GDNF, EDN3, BDNF, or ASCL1 genes.",http://purl.obolibrary.org/obo/DOID_0060731,síndrome de hipoventilación central congénita,"Enfermedad del sistema nervioso autónomo caracterizada por una capacidad de respuesta reducida del centro respiratorio al dióxido de carbono, respuestas pupilares a la luz disminuidas y otros síntomas relacionados con defectos en el sistema nervioso autónomo y que tiene_su_base_material_en más comúnmente mutación heterocigota en el gen PHOX2B del cromosoma 4p13 y con menos frecuencia mutaciones en los genes RET, GDNF, EDN3,BDNF o ASCL1.",TRUE
http://purl.obolibrary.org/obo/DOID_0060769,"T-cell immunodeficiency, congenital alopecia, and nail dystrophy","A severe combined immunodeficiency characterized by congenital alopecia, severe T-cell immunodeficiency, and ridging, pitting or curving of all nails that has_material_basis_in homozygous mutation in the FOXN1 gene on chromosome 17q11-q12.",http://purl.obolibrary.org/obo/DOID_0060769,"Inmunodeficiencia de células T, alopecia congénita y distrofia ungueal","Inmunodeficiencia combinada grave caracterizada por alopecia congénita, inmunodeficiencia grave de células T y crestas, picaduras o curvatura de todas las uñas que tiene_su_base_material_en mutación homocigota en el gen FOXN1 en el cromosoma 17q11-q12.",TRUE
http://purl.obolibrary.org/obo/DOID_0060770,dextro-looped transposition of the great arteries,A congenital heart disease characterized by complete inversion of the great vessels where the aorta incorrectly arises from the right ventricle and the pulmonary artery incorrectly arises from the left ventricle.,http://purl.obolibrary.org/obo/DOID_0060770,transposición dextrógira de las grandes arterias,Enfermedad cardiaca congénita caracterizada por una inversión completa de los grandes vasos en la que la aorta nace incorrectamente del ventrículo derecho y la arteria pulmonar nace incorrectamente del ventrículo izquierdo.,TRUE
http://purl.obolibrary.org/obo/DOID_1682,congenital heart disease,NA,http://purl.obolibrary.org/obo/DOID_1682,cardiopatía congénita,NA,TRUE
http://purl.obolibrary.org/obo/DOID_0060772,multiple types of congenital heart defects 6,"A congenital heart disease that is characterized by a congenital cardiac malformation characterized by atrioventricular concordance and ventriculoarterial discordance and that 
has_material_basis_in heterozygous mutation in the GDF1 gene on chromosome 19p13.",http://purl.obolibrary.org/obo/DOID_0060772,múltiples tipos de defectos cardíacos congénitos 6,Una cardiopatía congénita que se caracteriza por una malformación cardíaca congénita caracterizada por una concordancia auriculoventricular y una discordancia ventrículo arterial y que tiene_su_base_material_en mutación heterocigota en el gen GDF1 del cromosoma 19p13.,TRUE
http://purl.obolibrary.org/obo/DOID_0060774,congenital diarrhea,A diarrhea that is characterized by frequent loose or liquid bowel movements where the disease is present from birth.,http://purl.obolibrary.org/obo/DOID_0060774,diarrea congénita,Diarrea que se caracteriza por deposiciones líquidas o blandas frecuentes cuando la enfermedad está presente desde el nacimiento.,TRUE
http://purl.obolibrary.org/obo/DOID_0060775,microvillus inclusion disease,"A congenital diarrhea characterized by onset of intractable life-threatening watery diarrhea during infancy, lack of microvilli on the surface of enterocytes and occurrence of intracellular vacuolar structures containing microvilli that has_material_basis_in homozygous or compound heterozygous mutation in the MYO5B gene on chromosome 18q21.",http://purl.obolibrary.org/obo/DOID_0060775,enfermedad de inclusión de microvellosidades,"Una diarrea congénita caracterizada por la aparición de diarrea acuosa intratable potencialmente mortal durante la infancia, la falta de microvellosidades en la superficie de los enterocitos y la aparición de estructuras vacuolares intracelulares que contienen microvellosidades que tiene_su_base_material_en mutación homocigota o heterocigota compuesta en el gen MYO5B del cromosoma 18q21.",TRUE
http://purl.obolibrary.org/obo/DOID_0060776,congenital diarrhea 5 with tufting enteropathy,"A congenital diarrhea characterized by intractable diarrhea of infancy with villous atrophy, absence of inflammation, and intestinal epithelial cell dysplasia manifesting as focal epithelial tufts in the duodenum and jejunum that has_material_basis_in homozygous or compound heterozygous mutation in the EPCAM gene on chromosome 2p21.",http://purl.obolibrary.org/obo/DOID_0060776,diarrea congénita 5 con enteropatía en penacho,"Una diarrea congénita caracterizada por diarrea intratable de la infancia con atrofia vellositaria, ausencia de inflamación y displasia de las células epiteliales intestinales que se manifiesta como penachos epiteliales focales en el duodeno y el yeyuno que tiene_su_base_material_en mutación homocigota o heterocigota compuesta en el gen EPCAM del cromosoma 2p21.",TRUE
http://purl.obolibrary.org/obo/DOID_0060777,congenital secretory sodium diarrhea 8,A secretory diarrhea that has_material_basis_in homozygous or compound heterozygous mutation in the SLC9A3 gene on chromosome 5p15.,http://purl.obolibrary.org/obo/DOID_0060777,diarrea sódica secretora congénita 8,Una diarrea secretora que tiene_su_base_material_en una mutación homocigota o heterocigota compuesta en el gen SLC9A3 del cromosoma 5p15.,TRUE
http://purl.obolibrary.org/obo/DOID_0060778,congenital diarrhea 7 with exudative enteropathy,"A congenital diarrhea characterized by watery diarrhea, protein-losing enteropathy, patchy areas of dystrophic microvilli in the duodenum and patchy areas of villous atrophy that has_material_basis_in homozygous mutation in the DGAT1 gene on chromosome 8q24.3.",http://purl.obolibrary.org/obo/DOID_0060778,diarrea congénita 7 con enteropatía exudativa,"Una diarrea congénita caracterizada por diarrea acuosa, enteropatía perdedora de proteínas, áreas parcheadas de microvellosidades distróficas en el duodeno y áreas parcheadas de atrofia vellositaria que tiene_su_base_material_en mutación homocigota en el gen DGAT1 del cromosoma 8q24.3.",TRUE
http://purl.obolibrary.org/obo/DOID_0060779,congenital malabsorptive diarrhea 4,A congenital diarrhea characterized by chronic unremitting malabsorptive diarrhea and a profound dysgenesis of the enteroendocrine cells that has_material_basis_in mutation in the gene encoding neurogenin-3 (NEUROG3) on chromosome 10q21.3.,http://purl.obolibrary.org/obo/DOID_0060779,diarrea malabsortiva congénita 4,Una diarrea congénita caracterizada por una diarrea malabsortiva crónica incesante y una disgenesia profunda de las células enteroendocrinas que tiene_su_base_material_en mutación en el gen que codifica la neurogenina-3 (NEUROG3) en el cromosoma 10q21.3.,TRUE
http://purl.obolibrary.org/obo/DOID_0060780,congenital diarrhea 6,"A congenital diarrhea characterized by mild, early-onset chronic diarrhea that has_material_basis_in heterozygous mutation in the GUCY2C gene on chromosome 12p12.",http://purl.obolibrary.org/obo/DOID_0060780,diarrea congénita 6,Una diarrea congénita caracterizada por una diarrea crónica leve de aparición temprana que tiene_su_base_material_en una mutación heterocigota en el gen GUCY2C del cromosoma 12p12.,TRUE
http://purl.obolibrary.org/obo/DOID_0060781,congenital secretory sodium diarrhea 3,A secretory diarrhea that has_material_basis_in homozygous or compound heterozygous mutation in the SPINT2 gene on chromosome 19q13.,http://purl.obolibrary.org/obo/DOID_0060781,diarrea sódica secretora congénita 3,Una diarrea secretora que tiene_su_base_material_en mutación homocigota o heterocigota compuesta en el gen SPINT2 del cromosoma 19q13.,TRUE
http://purl.obolibrary.org/obo/DOID_0060856,right atrial isomerism,"A visceral heterotaxy that is characterized by complete atrioventricular septal defect with a common atrium and univentricular AV connection, total anomalous pulmonary drainage, and transposition or malposition of the great arteries and that has_material_basis_in homozygous mutation in the GDF1 gene on chromosome 19p12.",http://purl.obolibrary.org/obo/DOID_0060856,isomerismo auricular derecho,"heterotaxia visceral que se caracteriza por defecto septal auriculoventricular completo con aurícula común y conexión AV univentricular, drenaje pulmonar anómalo total y transposición o malposición de las grandes arterias y que tiene_su_base_material_en mutación homocigota en el gen GDF1 del cromosoma 19p12.",TRUE
http://purl.obolibrary.org/obo/DOID_0060902,Norman-Roberts syndrome,A lissencephaly that has_material_basis_in homozygous mutation in the gene encoding reelin (RELN) on chromosome 7q22.,http://purl.obolibrary.org/obo/DOID_0060902,Síndrome de Norman-Roberts,Una lisencefalia que tiene_su_base_material_en una mutación homocigota en el gen que codifica la reelina (RELN) en el cromosoma 7q22.,TRUE
http://purl.obolibrary.org/obo/DOID_0070123,congenital nongoitrous hypothyroidism 4,A congenital hypothyroidism characterized by a permanent thyroid deficiency present at birth and resulting from deficiency in TSH synthesis that has_material_basis_in homozygous mutation in the TSHB gene on chromosome 1p13.,http://purl.obolibrary.org/obo/DOID_0070123,hipotiroidismo congénito no nitroso 4,Un hipotiroidismo congénito caracterizado por una deficiencia tiroidea permanente presente al nacer y resultante de una deficiencia en la síntesis de TSH que tiene_su_base_material_en una mutación homocigota en el gen TSHB del cromosoma 1p13.,TRUE
http://purl.obolibrary.org/obo/DOID_0070124,congenital nongoitrous hypothyroidism 2,A congenital hypothyroidism that has_material_basis_in heterozygous mutation in the PAX8 gene on chromosome 2q13.,http://purl.obolibrary.org/obo/DOID_0070124,hipotiroidismo congénito no nitroso 2,Un hipotiroidismo congénito que tiene_su_base_material_en una mutación heterocigota en el gen PAX8 en el cromosoma 2q13.,TRUE
http://purl.obolibrary.org/obo/DOID_0070125,congenital nongoitrous hypothyroidism 5,A congenital hypothyroidism that has_material_basis_in heterozygous mutation in the NKX2-5 gene on chromosome 5q35.,http://purl.obolibrary.org/obo/DOID_0070125,hipotiroidismo congénito no nitroso 5,Un hipotiroidismo congénito que tiene_su_base_material_en una mutación heterocigota en el gen NKX2-5 del cromosoma 5q35.,TRUE
http://purl.obolibrary.org/obo/DOID_0070126,congenital nongoitrous hypothyroidism 1,A congenital hypothyroidism that has_material_basis_in mutation in the TSHR gene on chromosome 14q31.,http://purl.obolibrary.org/obo/DOID_0070126,hipotiroidismo congénito no nitroso 1,Un hipotiroidismo congénito que tiene_su_base_material_en la mutación del gen TSHR en el cromosoma 14q31.,TRUE
http://purl.obolibrary.org/obo/DOID_0070127,congenital nongoitrous hypothyroidism 3,A congenital hypothyroidism characterized by autosomal dominant inheritance of resistance to thyrotropin that has_material_basis_in variation in the chromosome region 15q25.3-q26.1.,http://purl.obolibrary.org/obo/DOID_0070127,hipotiroidismo congénito no nitroso 3,Un hipotiroidismo congénito caracterizado por la herencia autosómica dominante de la resistencia a la tirotropina que tiene_su_base_material_en la variación de la región cromosómica 15q25.3-q26.1.,TRUE
http://purl.obolibrary.org/obo/DOID_0070128,congenital nongoitrous hypothyroidism 6,A congenital hypothyroidism that has_material_basis_in heterozygous mutation in the THRA gene on chromosome 17q21.1.,http://purl.obolibrary.org/obo/DOID_0070128,hipotiroidismo congénito no nitroso 6,Un hipotiroidismo congénito que tiene_su_base_material_en una mutación heterocigota en el gen THRA en el cromosoma 17q21.1.,TRUE
http://purl.obolibrary.org/obo/DOID_0070253,congenital disorder of glycosylation type IIa,A congenital disorder of glycosylation type II that has_material_basis_in an autosomal recessive mutation of the MGAT2 gene on chromosome 14q21.3.,http://purl.obolibrary.org/obo/DOID_0070253,trastorno congénito de la glucosilación tipo IIa,Un trastorno congénito de la glucosilación tipo II que tiene_su_base_material_en una mutación autosómica recesiva del gen MGAT2 en el cromosoma 14q21.3.,TRUE
http://purl.obolibrary.org/obo/DOID_0070254,congenital disorder of glycosylation type IIb,A congenital disorder of glycosylation type II that has_material_basis_in an autosomal recessive mutation of the MOGS gene on chromosome 2p13.1.,http://purl.obolibrary.org/obo/DOID_0070254,trastorno congénito de la glicosilación tipo IIb,Un trastorno congénito de la glicosilación tipo II que tiene_su_base_material_en una mutación autosómica recesiva del gen MOGS en el cromosoma 2p13.1.,TRUE
http://purl.obolibrary.org/obo/DOID_0070255,congenital disorder of glycosylation type IIc,A congenital disorder of glycosylation type II that has_material_basis_in an autosomal recessive mutation of the SLC35C1 gene on chromosome 11p11.2.,http://purl.obolibrary.org/obo/DOID_0070255,trastorno congénito de la glicosilación tipo IIc,Un trastorno congénito de la glicosilación tipo II que tiene_su_base_material_en una mutación autosómica recesiva del gen SLC35C1 en el cromosoma 11p11.2.,TRUE
http://purl.obolibrary.org/obo/DOID_0070256,congenital disorder of glycosylation type IId,A congenital disorder of glycosylation type II that has_material_basis_in an autosomal recessive mutation of the B4GALT1 gene on chromosome 9p21.1.,http://purl.obolibrary.org/obo/DOID_0070256,trastorno congénito de la glicosilación tipo IId,Un trastorno congénito de la glicosilación tipo II que tiene_su_base_material_en una mutación autosómica recesiva del gen B4GALT1 en el cromosoma 9p21.1.,TRUE
http://purl.obolibrary.org/obo/DOID_0070257,congenital disorder of glycosylation type IIe,A congenital disorder of glycosylation type II that has_material_basis_in a mutation of the COG7 gene on chromosome 16p12.2.,http://purl.obolibrary.org/obo/DOID_0070257,trastorno congénito de la glucosilación tipo IIe,Un trastorno congénito de la glucosilación tipo II que tiene_su_base_material_en una mutación del gen COG7 en el cromosoma 16p12.2.,TRUE
http://purl.obolibrary.org/obo/DOID_0070258,congenital disorder of glycosylation type IIf,A congenital disorder of glycosylation type II that has_material_basis_in an autosomal recessive mutation of the SLC35A1 gene on chromosome 6q15.,http://purl.obolibrary.org/obo/DOID_0070258,trastorno congénito de la glucosilación tipo IIf,Un trastorno congénito de la glucosilación tipo II que tiene_su_base_material_en una mutación autosómica recesiva del gen SLC35A1 en el cromosoma 6q15.,TRUE
http://purl.obolibrary.org/obo/DOID_0070259,congenital disorder of glycosylation type IIg,A congenital disorder of glycosylation type II that has_material_basis_in a mutation of the COG1 gene on chromosome 17q25.1.,http://purl.obolibrary.org/obo/DOID_0070259,trastorno congénito de la glucosilación tipo IIg,Un trastorno congénito de la glucosilación tipo II que tiene_su_base_material_en una mutación del gen COG1 en el cromosoma 17q25.1.,TRUE
http://purl.obolibrary.org/obo/DOID_0070260,congenital disorder of glycosylation type IIh,A congenital disorder of glycosylation type II that has_material_basis_in a mutation of the COG8 gene on chromosome 16q22.1.,http://purl.obolibrary.org/obo/DOID_0070260,trastorno congénito de la glucosilación tipo IIh,Un trastorno congénito de la glucosilación tipo II que tiene_su_base_material_en una mutación del gen COG8 en el cromosoma 16q22.1.,TRUE
http://purl.obolibrary.org/obo/DOID_0070261,congenital disorder of glycosylation type IIi,A congenital disorder of glycosylation type II that has_material_basis_in a mutation of the COG5 gene on chromosome 7q22.3.,http://purl.obolibrary.org/obo/DOID_0070261,trastorno congénito de la glucosilación tipo IIi,Un trastorno congénito de la glucosilación tipo II que tiene_su_base_material_en una mutación del gen COG5 en el cromosoma 7q22.3.,TRUE
http://purl.obolibrary.org/obo/DOID_0070262,congenital disorder of glycosylation type IIj,A congenital disorder of glycosylation type II that has_material_basis_in an autosomal recessive mutation of the COG4 gene on chromosome 16q22.1.,http://purl.obolibrary.org/obo/DOID_0070262,trastorno congénito de la glucosilación tipo IIj,Un trastorno congénito de la glucosilación tipo II que tiene_su_base_material_en una mutación autosómica recesiva del gen COG4 en el cromosoma 16q22.1.,TRUE
http://purl.obolibrary.org/obo/DOID_0070263,congenital disorder of glycosylation type IIk,A congenital disorder of glycosylation type II that has_material_basis_in an autosomal recessive mutation of the TMEM165 gene on chromosome 4q12.,http://purl.obolibrary.org/obo/DOID_0070263,trastorno congénito de la glucosilación tipo IIk,Un trastorno congénito de la glucosilación tipo II que tiene_su_base_material_en una mutación autosómica recesiva del gen TMEM165 en el cromosoma 4q12.,TRUE
http://purl.obolibrary.org/obo/DOID_0070264,congenital disorder of glycosylation type IIl,A congenital disorder of glycosylation type II that has_material_basis_in an autosomal recessive mutation of the COG6 gene on chromosome 13q14.11.,http://purl.obolibrary.org/obo/DOID_0070264,trastorno congénito de la glucosilación tipo IIl,Un trastorno congénito de la glucosilación tipo II que tiene_su_base_material_en una mutación autosómica recesiva del gen COG6 en el cromosoma 13q14.11.,TRUE
http://purl.obolibrary.org/obo/DOID_0070265,congenital disorder of glycosylation type IIm,"A congenital disorder of glycosylation type II that is characterized by infantile onset seizures, hypsarrhythmia, hypotonia, and severe intellectual disability with lack of speech and that has_material_basis_in X-linked dominant inheritance of hemizygous or heterozygous mutation in the SLC35A2 gene on chromosome Xp11.23.",http://purl.obolibrary.org/obo/DOID_0070265,trastorno congénito de la glucosilación tipo IIm,"Un trastorno congénito de la glucosilación tipo II que se caracteriza por convulsiones de inicio infantil, hipsarritmia, hipotonía y discapacidad intelectual grave con falta de habla y que tiene_su_base_material_en herencia dominante ligada al cromosoma X de mutación hemicigota o heterocigótica en el gen SLC35A2 del cromosoma Xp11.23.",TRUE
http://purl.obolibrary.org/obo/DOID_0070266,congenital disorder of glycosylation type IIn,A congenital disorder of glycosylation type II that has_material_basis_in an autosomal recessive mutation of the SLC39A8 gene on chromosome 4q24.,http://purl.obolibrary.org/obo/DOID_0070266,trastorno congénito de la glucosilación tipo IIn,Un trastorno congénito de la glucosilación tipo II que tiene_su_base_material_en una mutación autosómica recesiva del gen SLC39A8 en el cromosoma 4q24.,TRUE
http://purl.obolibrary.org/obo/DOID_0070267,congenital disorder of glycosylation type IIo,A congenital disorder of glycosylation type II that has_material_basis_in an autosomal recessive mutation of the CCDC115 gene on chromosome 2q21.1.,http://purl.obolibrary.org/obo/DOID_0070267,trastorno congénito de la glucosilación tipo IIo,Un trastorno congénito de la glucosilación tipo II que tiene_su_base_material_en una mutación autosómica recesiva del gen CCDC115 en el cromosoma 2q21.1.,TRUE
http://purl.obolibrary.org/obo/DOID_0070268,congenital disorder of glycosylation type IIp,A congenital disorder of glycosylation type II that has_material_basis_in an autosomal recessive mutation of the TMEM199 gene on chromosome 17q11.2.,http://purl.obolibrary.org/obo/DOID_0070268,trastorno congénito de la glucosilación tipo IIp,Un trastorno congénito de la glucosilación tipo II que tiene_su_base_material_en una mutación autosómica recesiva del gen TMEM199 en el cromosoma 17q11.2.,TRUE
http://purl.obolibrary.org/obo/DOID_0070269,congenital disorder of glycosylation type IIq,A congenital disorder of glycosylation type II that has_material_basis_in an autosomal recessive mutation of the COG2 gene on chromosome 1q42.2.,http://purl.obolibrary.org/obo/DOID_0070269,trastorno congénito de la glicosilación tipo IIq,Un trastorno congénito de la glicosilación tipo II que tiene_su_base_material_en una mutación autosómica recesiva del gen COG2 en el cromosoma 1q42.2.,TRUE
http://purl.obolibrary.org/obo/DOID_0070277,primary autosomal recessive microcephaly 15,"A primary autosomal recessive microcephaly characterized by impaired intellectual development with poor speech, progressive microcephaly, and appendicular spasticity that has_material_basis_in homozygous or compound heterozygous mutation in the MFSD2A gene on chromosome 1p34.",http://purl.obolibrary.org/obo/DOID_0070277,microcefalia primaria autosómica recesiva 15,"Una microcefalia primaria autosómica recesiva caracterizada por un desarrollo intelectual deficiente con habla deficiente, microcefalia progresiva y espasticidad apendicular que tiene_su_base_material_en una mutación homocigota o heterocigota compuesta en el gen MFSD2A del cromosoma 1p34.",TRUE
http://purl.obolibrary.org/obo/DOID_0070296,primary autosomal recessive microcephaly,"A primary microcephaly characterized by microcephaly present at birth, where the brain is small but has normal architecture, and nonprogressive mental retardation that has_material_basis_in an autosomal recessive mutation.",http://purl.obolibrary.org/obo/DOID_0070296,microcefalia primaria autosómica recesiva,"Una microcefalia primaria caracterizada por microcefalia presente al nacer, en la que el cerebro es pequeño pero tiene una arquitectura normal, y retraso mental no progresivo que tiene_su_base_material_en una mutación autosómica recesiva.",TRUE
http://purl.obolibrary.org/obo/DOID_0070278,primary autosomal recessive microcephaly 7,A primary autosomal recessive microcephaly that has_material_basis_in homozygous or compound heterozygous mutation in the STIL gene on chromosome 1p33.,http://purl.obolibrary.org/obo/DOID_0070278,microcefalia primaria autosómica recesiva 7,Una microcefalia primaria autosómica recesiva que tiene_su_base_material_en una mutación homocigota o heterocigota compuesta en el gen STIL del cromosoma 1p33.,TRUE
http://purl.obolibrary.org/obo/DOID_0070279,primary autosomal recessive microcephaly 14,A primary autosomal recessive microcephaly that has_material_basis_in homozygous or compound heterozygous mutation in the SASS6 gene on chromosome 1p21.,http://purl.obolibrary.org/obo/DOID_0070279,microcefalia primaria autosómica recesiva 14,Una microcefalia primaria autosómica recesiva que tiene_su_base_material_en una mutación homocigota o heterocigota compuesta en el gen SASS6 del cromosoma 1p21.,TRUE
http://purl.obolibrary.org/obo/DOID_0070280,primary autosomal recessive microcephaly 5,A primary autosomal recessive microcephaly that has_material_basis_in homozygous or compound heterozygous mutation in the ASPM gene on chromosome 1q31.,http://purl.obolibrary.org/obo/DOID_0070280,microcefalia primaria autosómica recesiva 5,Una microcefalia primaria autosómica recesiva que tiene_su_base_material_en una mutación homocigota o heterocigota compuesta en el gen ASPM del cromosoma 1q31.,TRUE
http://purl.obolibrary.org/obo/DOID_0070281,primary autosomal recessive microcephaly 19,A primary autosomal recessive microcephaly that has_material_basis_in homozygous or compound heterozygous mutation in the COPB2 gene on chromosome 3q23.,http://purl.obolibrary.org/obo/DOID_0070281,microcefalia primaria autosómica recesiva 19,Una microcefalia primaria autosómica recesiva que tiene_su_base_material_en una mutación homocigota o heterocigota compuesta en el gen COPB2 del cromosoma 3q23.,TRUE
http://purl.obolibrary.org/obo/DOID_0070282,primary autosomal recessive microcephaly 8,A primary autosomal recessive microcephaly that has_material_basis_in homozygous or compound heterozygous mutation in the CEP135 gene on chromosome 4q.,http://purl.obolibrary.org/obo/DOID_0070282,microcefalia primaria autosómica recesiva 8,Una microcefalia primaria autosómica recesiva que tiene_su_base_material_en una mutación homocigota o heterocigota compuesta en el gen CEP135 del cromosoma 4q.,TRUE
http://purl.obolibrary.org/obo/DOID_0070283,primary autosomal recessive microcephaly 13,A primary autosomal recessive microcephaly that has_material_basis_in homozygous or compound heterozygous mutation in the CENPE gene on chromosome 4q24.,http://purl.obolibrary.org/obo/DOID_0070283,microcefalia primaria autosómica recesiva 13,Una microcefalia primaria autosómica recesiva que tiene_su_base_material_en una mutación homocigota o heterocigota compuesta en el gen CENPE del cromosoma 4q24.,TRUE
http://purl.obolibrary.org/obo/DOID_0070284,primary autosomal recessive microcephaly 12,A primary autosomal recessive microcephaly that has_material_basis_in homozygous or compound heterozygous mutation in the CDK6 gene on chromosome 7q21.,http://purl.obolibrary.org/obo/DOID_0070284,microcefalia primaria autosómica recesiva 12,Una microcefalia primaria autosómica recesiva que tiene_su_base_material_en una mutación homocigota o heterocigota compuesta en el gen CDK6 del cromosoma 7q21.,TRUE
http://purl.obolibrary.org/obo/DOID_0070285,primary autosomal recessive microcephaly 1,A primary autosomal recessive microcephaly that has_material_basis_in homozygous or compound heterozygous mutation in the MCPH1 gene on chromosome 8p23.,http://purl.obolibrary.org/obo/DOID_0070285,microcefalia primaria autosómica recesiva 1,Una microcefalia primaria autosómica recesiva que tiene_su_base_material_en una mutación homocigota o heterocigota compuesta en el gen MCPH1 del cromosoma 8p23.,TRUE
http://purl.obolibrary.org/obo/DOID_0070286,primary autosomal recessive microcephaly 3,A primary autosomal recessive microcephaly that has_material_basis_in homozygous or compound heterozygous mutation in the CDK5RAP2 gene on chromosome 9q33.,http://purl.obolibrary.org/obo/DOID_0070286,microcefalia primaria autosómica recesiva 3,Una microcefalia primaria autosómica recesiva que tiene_su_base_material_en una mutación homocigota o heterocigota compuesta en el gen CDK5RAP2 del cromosoma 9q33.,TRUE
http://purl.obolibrary.org/obo/DOID_0070287,primary autosomal recessive microcephaly 11,A primary autosomal recessive microcephaly that has_material_basis_in homozygous or compound heterozygous mutation in the PHC1 gene on chromosome 12p13.,http://purl.obolibrary.org/obo/DOID_0070287,microcefalia primaria autosómica recesiva 11,Una microcefalia primaria autosómica recesiva que tiene_su_base_material_en una mutación homocigota o heterocigota compuesta en el gen PHC1 del cromosoma 12p13.,TRUE
http://purl.obolibrary.org/obo/DOID_0070288,primary autosomal recessive microcephaly 17,A primary autosomal recessive microcephaly that has_material_basis_in homozygous or compound heterozygous mutation in the CIT gene on chromosome 12q24.,http://purl.obolibrary.org/obo/DOID_0070288,microcefalia primaria autosómica recesiva 17,Una microcefalia primaria autosómica recesiva que tiene_su_base_material_en una mutación homocigota o heterocigota compuesta en el gen CIT del cromosoma 12q24.,TRUE
http://purl.obolibrary.org/obo/DOID_0070289,primary autosomal recessive microcephaly 16,A primary autosomal recessive microcephaly that has_material_basis_in homozygous or compound heterozygous mutation in the ANKLE2 gene on chromosome 12q24.,http://purl.obolibrary.org/obo/DOID_0070289,microcefalia primaria autosómica recesiva 16,Una microcefalia primaria autosómica recesiva que tiene_su_base_material_en una mutación homocigota o heterocigota compuesta en el gen ANKLE2 del cromosoma 12q24.,TRUE
http://purl.obolibrary.org/obo/DOID_0070290,primary autosomal recessive microcephaly 6,A primary autosomal recessive microcephaly that has_material_basis_in homozygous or compound heterozygous mutation in the CENPJ gene on chromosome 13q12.,http://purl.obolibrary.org/obo/DOID_0070290,microcefalia primaria autosómica recesiva 6,Una microcefalia primaria autosómica recesiva que tiene_su_base_material_en una mutación homocigota o heterocigota compuesta en el gen CENPJ del cromosoma 13q12.,TRUE
http://purl.obolibrary.org/obo/DOID_0070291,primary autosomal recessive microcephaly 4,A primary autosomal recessive microcephaly that has_material_basis_in homozygous or compound heterozygous mutation in the KNL1 gene on chromosome 15q15.,http://purl.obolibrary.org/obo/DOID_0070291,microcefalia primaria autosómica recesiva 4,Una microcefalia primaria autosómica recesiva que tiene_su_base_material_en una mutación homocigota o heterocigota compuesta en el gen KNL1 del cromosoma 15q15.,TRUE
http://purl.obolibrary.org/obo/DOID_0070292,primary autosomal recessive microcephaly 9,A primary autosomal recessive microcephaly that has_material_basis_in homozygous or compound heterozygous mutation in the CEP152 gene on chromosome 15q21.,http://purl.obolibrary.org/obo/DOID_0070292,microcefalia primaria autosómica recesiva 9,Una microcefalia primaria autosómica recesiva que tiene_su_base_material_en una mutación homocigota o heterocigota compuesta en el gen CEP152 del cromosoma 15q21.,TRUE
http://purl.obolibrary.org/obo/DOID_0070293,primary autosomal recessive microcephaly 2 with or without cortical malformations,A primary autosomal recessive microcephaly that has_material_basis_in homozygous or compound heterozygous mutation in the WDR62 gene on chromosome 19q13.,http://purl.obolibrary.org/obo/DOID_0070293,microcefalia primaria autosómica recesiva 2 con o sin malformaciones corticales,Una microcefalia primaria autosómica recesiva que tiene_su_base_material_en una mutación homocigota o heterocigota compuesta en el gen WDR62 del cromosoma 19q13.,TRUE
http://purl.obolibrary.org/obo/DOID_0070294,primary autosomal recessive microcephaly 10,A primary autosomal recessive microcephaly that has_material_basis_in homozygous or compound heterozygous mutation in the ZNF335 gene on chromosome 20q13.,http://purl.obolibrary.org/obo/DOID_0070294,microcefalia primaria autosómica recesiva 10,Una microcefalia primaria autosómica recesiva que tiene_su_base_material_en una mutación homocigota o heterocigota compuesta en el gen ZNF335 del cromosoma 20q13.,TRUE
http://purl.obolibrary.org/obo/DOID_0070295,primary autosomal dominant microcephaly 18,A primary microcephaly that has_material_basis_in heterozygous mutation in the WDFY3 gene on chromosome 4q21.,http://purl.obolibrary.org/obo/DOID_0070295,microcefalia primaria autosómica dominante 18,Una microcefalia primaria que tiene_su_base_material_en una mutación heterocigota en el gen WDFY3 del cromosoma 4q21.,TRUE
http://purl.obolibrary.org/obo/DOID_0070297,primary microcephaly,"A microcephaly characterized by microcephaly present at birth, where the brain is small but has normal architecture, and nonprogressive mental retardation.",http://purl.obolibrary.org/obo/DOID_0070297,microcefalia primaria,"Una microcefalia caracterizada por microcefalia presente al nacer, en la que el cerebro es pequeño pero tiene una arquitectura normal, y retraso mental no progresivo.",TRUE
http://purl.obolibrary.org/obo/DOID_0070315,hypoplastic right heart syndrome,A congenital heart disease characterized by underdevelopment of the structures on the right side of the heart commonly associated with atrial septal defect.,http://purl.obolibrary.org/obo/DOID_0070315,síndrome del corazón derecho hipoplásico,"Enfermedad cardiaca congénita caracterizada por el subdesarrollo de las estructuras del lado derecho del corazón, comúnmente asociada a una comunicación interauricular.",TRUE
http://purl.obolibrary.org/obo/DOID_0070336,arthrogryposis multiplex congenita-6,"An arthrogryposis multiplex congenita characterized by congenital joint contractures, dysmorphic facial features, distal skeletal anomalies with clenched hands and clubfeet, and edema with fetal hydrops and that has_material_basis_in homozygous or compound heterozygous mutation in the NEB gene on chromosome 2q23.",http://purl.obolibrary.org/obo/DOID_0070336,artrogriposis múltiple congénita-6,"Una artrogriposis múltiple congénita caracterizada por contracturas articulares congénitas, rasgos faciales dismórficos, anomalías esqueléticas distales con manos apretadas y pies zambos, y edema con hidropesía fetal y que tiene_su_base_material_en mutación homocigota o heterocigota compuesta en el gen NEB del cromosoma 2q23.",TRUE
http://purl.obolibrary.org/obo/DOID_0080954,arthrogryposis multiplex congenita,A nervous system disease that is characterized by development of multiple joint contractures affecting two or more areas of the body prior to birth.,http://purl.obolibrary.org/obo/DOID_0080954,artrogriposis múltiple congénita,Enfermedad del sistema nervioso que se caracteriza por el desarrollo de contracturas articulares múltiples que afectan a dos o más zonas del cuerpo antes del nacimiento.,TRUE
http://purl.obolibrary.org/obo/DOID_0080073,spina bifida occulta,A spina bifida that is characterized by minor splits in the vertebrae where the outer part of some of the vertebrae is not completely closed.,http://purl.obolibrary.org/obo/DOID_0080073,espina bífida oculta,Una espina bífida que se caracteriza por pequeñas fisuras en las vértebras en las que la parte externa de algunas de ellas no está completamente cerrada.,TRUE
http://purl.obolibrary.org/obo/DOID_0080079,nonsyndromic congenital nail disorder 1,"A nonsyndromic congenital nail disorder that is characterized by excessive longitudinal striations and numerous superficial pits on the nails, which have a distinctive rough, sand paper-like appearance.",http://purl.obolibrary.org/obo/DOID_0080079,trastorno ungueal congénito no sindrómico 1,"Trastorno ungueal congénito no sindrómico que se caracteriza por un exceso de estrías longitudinales y numerosas picaduras superficiales en las uñas, que tienen un aspecto distintivo áspero, como de papel de lija.",TRUE
http://purl.obolibrary.org/obo/DOID_0080683,nonsyndromic congenital nail disorder,A nail disease that is characterized by underdevelopment of nails.,http://purl.obolibrary.org/obo/DOID_0080683,trastorno ungueal congénito no sindrómico,Enfermedad ungueal que se caracteriza por el subdesarrollo de las uñas.,TRUE
http://purl.obolibrary.org/obo/DOID_0080080,nonsyndromic congenital nail disorder 2,"A nonsyndromic congenital nail disorder that is characterized by nails that are abnormally thin and concave from side to side, with turned up edges.",http://purl.obolibrary.org/obo/DOID_0080080,trastorno ungueal congénito no sindrómico 2,"Trastorno ungueal congénito no sindrómico que se caracteriza por uñas anormalmente delgadas y cóncavas de lado a lado, con los bordes vueltos hacia arriba.",TRUE
http://purl.obolibrary.org/obo/DOID_0080081,nonsyndromic congenital nail disorder 3,A nonsyndromic congenital nail disorder that is characterized by white discoloration of the nails.,http://purl.obolibrary.org/obo/DOID_0080081,trastorno ungueal congénito no sindrómico 3,Trastorno ungueal congénito no sindrómico que se caracteriza por la decoloración blanca de las uñas.,TRUE
http://purl.obolibrary.org/obo/DOID_0080082,nonsyndromic congenital nail disorder 4,"A nonsyndromic congenital nail disorder that is characterized by complete absence or severe hypoplasia of all fingernails and toenails without significant bone anomalies, and that has_material_basis_in homozygous or compound heterozygous mutation in the R-spondin-4 gene on chromosome 20p13.",http://purl.obolibrary.org/obo/DOID_0080082,trastorno congénito no sindrómico de las uñas 4,"Un trastorno congénito no sindrómico de las uñas que se caracteriza por la ausencia completa o hipoplasia grave de todas las uñas de manos y pies sin anomalías óseas significativas, y que tiene_su_base_material_en mutación homocigota o heterocigota compuesta en el gen R-espondina-4 del cromosoma 20p13.",TRUE
http://purl.obolibrary.org/obo/DOID_0080083,nonsyndromic congenital nail disorder 5,"A nonsyndromic congenital nail disorder that is characterized by a decreased growth rate, thick and hard nails, and a straight or concave proximal edge of detachment.",http://purl.obolibrary.org/obo/DOID_0080083,trastorno ungueal congénito no sindrómico 5,"Trastorno ungueal congénito no sindrómico que se caracteriza por una tasa de crecimiento disminuida, uñas gruesas y duras y un borde proximal de desprendimiento recto o cóncavo.",TRUE
http://purl.obolibrary.org/obo/DOID_0080084,nonsyndromic congenital nail disorder 6,A nonsyndromic congenital nail disorder that is characterized by partial absences of nails.,http://purl.obolibrary.org/obo/DOID_0080084,trastorno ungueal congénito no sindrómico 6,Trastorno ungueal congénito no sindrómico que se caracteriza por la ausencia parcial de uñas.,TRUE
http://purl.obolibrary.org/obo/DOID_0080085,nonsyndromic congenital nail disorder 7,"A nonsyndromic congenital nail disorder that is characterized by nails with longi- tudinal streaks, thinning of the nail plate, poorly developed or absent lunulae, along with variously disturbed formation of the nail plate leading to increased vulnerability of the free nail margins.",http://purl.obolibrary.org/obo/DOID_0080085,trastorno ungueal congénito no sindrómico 7,"Trastorno ungueal congénito no sindrómico que se caracteriza por uñas con estrías longitudinales, adelgazamiento de la lámina ungueal, lúnulas poco desarrolladas o ausentes, junto con una formación de la lámina ungueal alterada de forma diversa que conduce a una mayor vulnerabilidad de los márgenes libres de la uña.",TRUE
http://purl.obolibrary.org/obo/DOID_0080086,nonsyndromic congenital nail disorder 8,A nonsyndromic congenital nail disorder that is characterized by dystrophy of the toenails only.,http://purl.obolibrary.org/obo/DOID_0080086,trastorno ungueal congénito no sindrómico 8,Trastorno ungueal congénito no sindrómico que se caracteriza por la distrofia únicamente de las uñas de los pies.,TRUE
http://purl.obolibrary.org/obo/DOID_0080087,nonsyndromic congenital nail disorder 9,"A nonsyndromic congenital nail disorder that is characterized by normal nails at birth with dystrophic changes developing within the first decade of life, resulting in onycholysis of fingernails and anonychia of toenails.",http://purl.obolibrary.org/obo/DOID_0080087,trastorno ungueal congénito no sindrómico 9,"Un trastorno ungueal congénito no sindrómico que se caracteriza por uñas normales al nacer con cambios distróficos que se desarrollan en la primera década de la vida, dando lugar a onicólisis de las uñas de las manos y anoniquia de las uñas de los pies.",TRUE
http://purl.obolibrary.org/obo/DOID_0080101,Compton-North congenital myopathy,"A congenital myopathy that has_material_basis_in homozygous mutation in the CNTN1 gene on chromosome 12q12 and that is characterized antenatally, by fetal akinesia, intrauterine growth restriction and polyhydramnios, and, following birth, by severe neonatal hypotonia, severe generalized skeletal, bulbar and respiratory muscle weakness, multiple flexion contractures, and normal creatine kinase serum levels.",http://purl.obolibrary.org/obo/DOID_0080101,miopatía congénita Compton-North,"Una miopatía congénita que tiene_su_base_material_en mutación homocigota en el gen CNTN1 del cromosoma 12q12 y que se caracteriza antenatalmente, por acinesia fetal, restricción del crecimiento intrauterino y polihidramnios y, tras el nacimiento, por hipotonía neonatal grave, debilidad muscular esquelética, bulbar y respiratoria generalizada grave, contracturas múltiples en flexión y niveles séricos normales de creatina quinasa.",TRUE
http://purl.obolibrary.org/obo/DOID_0080102,congenital myopathy 4A,"A congenital myopathy that is characterized by skeletal muscle weakness, particularly in the muscles of the shoulders, upper arms, hips, and thighs.",http://purl.obolibrary.org/obo/DOID_0080102,miopatía congénita 4A,"Una miopatía congénita que se caracteriza por debilidad muscular esquelética, sobre todo en los músculos de los hombros, la parte superior de los brazos, las caderas y los muslos.",TRUE
http://purl.obolibrary.org/obo/DOID_0080138,multiple congenital anomalies-hypotonia-seizures syndrome 1,"A multiple congenital anomalies-hypotonia-seizures syndrome that is characterized by neonatal hypotonia, lack of psychomotor development, seizures, dysmorphic features, and variable congenital anomalies involving the cardiac, urinary, and gastrointestinal systems and has_material_basis_in homozygous mutation in the PIGN gene on chromosome 18q21.",http://purl.obolibrary.org/obo/DOID_0080138,síndrome de anomalías congénitas múltiples-hipotonía-convulsiones 1,"Un síndrome de anomalías congénitas múltiples-hipotonía-convulsiones que se caracteriza por hipotonía neonatal, falta de desarrollo psicomotor, convulsiones, rasgos dismórficos y anomalías congénitas variables que afectan a los sistemas cardiaco, urinario y gastrointestinal y tiene_su_base_material_en una mutación homocigota en el gen PIGN en el cromosoma 18q21.",TRUE
http://purl.obolibrary.org/obo/DOID_0080503,multiple congenital anomalies-hypotonia-seizures syndrome,"A lipid metabolism disorder that is characterized by severe global developmental delay, hypotonia, and early-onset seizures, associated with multiple cardiac, genitourinary, and gastrointestinal congenital anomalies.",http://purl.obolibrary.org/obo/DOID_0080503,síndrome de anomalías congénitas múltiples-hipotonía-convulsiones,"Trastorno del metabolismo de los lípidos que se caracteriza por un grave retraso global del desarrollo, hipotonía y convulsiones de aparición temprana, asociado a múltiples anomalías congénitas cardiacas, genitourinarias y gastrointestinales.",TRUE
http://purl.obolibrary.org/obo/DOID_0080139,multiple congenital anomalies-hypotonia-seizures syndrome 2,"A multiple congenital anomalies-hypotonia-seizures syndrome that is characterized by X-linked recessive inheritance of dysmorphic features, neonatal hypotonia, myoclonic seizures and variable abnormalities involving the central nervous, cardiac, and urinary systems that has_material_basis_in mutation in the PIGA gene on chromosome Xp22.",http://purl.obolibrary.org/obo/DOID_0080139,síndrome de anomalías congénitas múltiples-hipotonía-convulsiones 2,"Un síndrome de anomalías congénitas múltiples-hipotonía-convulsiones que se caracteriza por la herencia recesiva ligada al cromosoma X de rasgos dismórficos, hipotonía neonatal, convulsiones mioclónicas y anomalías variables que afectan a los sistemas nervioso central, cardiaco y urinario que tiene_su_base_material_en la mutación del gen PIGA en el cromosoma Xp22.",TRUE
http://purl.obolibrary.org/obo/DOID_0080140,multiple congenital anomalies-hypotonia-seizures syndrome 3,"A multiple congenital anomalies-hypotonia-seizures syndrome that is characterized by neonatal hypotonia, lack of psychomotor development, seizures, dysmorphic features, and variable congenital anomalies involving the cardiac, urinary, and gastrointestinal systems and that has_material_basis_in homozygous or compound heterozygous mutation in the PIGT gene on chromosome 20q13.",http://purl.obolibrary.org/obo/DOID_0080140,síndrome de anomalías congénitas múltiples-hipotonía-convulsiones 3,"Síndrome de anomalías congénitas múltiples-hipotonía-convulsiones que se caracteriza por hipotonía neonatal, falta de desarrollo psicomotor, convulsiones, rasgos dismórficos y anomalías congénitas variables que afectan a los sistemas cardiaco, urinario y gastrointestinal y que tiene_su_base_material_en una mutación homocigota o heterocigota compuesta en el gen PIGT del cromosoma 20q13.",TRUE
http://purl.obolibrary.org/obo/DOID_0080143,congenital fibrosis of the extraocular muscles,"An ocular motility disease that is characterized by the inability to move the eyes in certain directions, droopy eyelids and eyes that are fixed in an abnormal position.",http://purl.obolibrary.org/obo/DOID_0080143,fibrosis congénita de los músculos extraoculares,"Enfermedad de la motilidad ocular que se caracteriza por la incapacidad de mover los ojos en determinadas direcciones, párpados caídos y ojos fijos en una posición anormal.",TRUE
http://purl.obolibrary.org/obo/DOID_0080173,bladder exstrophy-epispadias-cloacal exstrophy complex,"A physical disorder that is characterized as a spectrum of anomalies involving the urinary tract, genital tract, musculoskeletal system and sometimes the intestinal tract.",http://purl.obolibrary.org/obo/DOID_0080173,complejo de extrofia vesical-epispadias-extrofia cloacal,"Trastorno físico que se caracteriza por un espectro de anomalías que afectan al tracto urinario, el tracto genital, el sistema musculoesquelético y, en ocasiones, el tracto intestinal.",TRUE
http://purl.obolibrary.org/obo/DOID_0080174,bladder exstrophy,"A bladder exstrophy-epispadias-cloacal exstrophy complex that is characterized by an evaginated bladder plate, epispadias and an anterior defect of the pelvis, pelvic floor and abdominal wall. The rear portion of the bladder wall (posterior vesical wall) turns outward (exstrophy) through an opening in the abdominal wall and urine is excreted through this opening.",http://purl.obolibrary.org/obo/DOID_0080174,extrofia vesical,"Complejo de extrofia vesical-epispadias-extrofia cloacal que se caracteriza por una placa vesical evaginada, epispadias y un defecto anterior de la pelvis, el suelo pélvico y la pared abdominal. La porción posterior de la pared de la vejiga (pared vesical posterior) gira hacia fuera (extrofia) a través de una abertura en la pared abdominal y la orina se excreta a través de esta abertura.",TRUE
http://purl.obolibrary.org/obo/DOID_0080175,cloacal exstrophy,"A bladder exstrophy-epispadias-cloacal exstrophy complex that is characterized by a defect in the urethra, bladder and bowel.",http://purl.obolibrary.org/obo/DOID_0080175,extrofia cloacal,"Complejo de extrofia vesical-epispadias-extrofia cloacal que se caracteriza por un defecto en la uretra, la vejiga y el intestino.",TRUE
http://purl.obolibrary.org/obo/DOID_0080180,Zika virus congenital syndrome,"A syndrome that is characterized in neonates by microcephaly, craniofacial disproportion, spasticity, seizures, irritability and brainstem dysfunction including feeding difficulties, ocular abnormalities and findings on neuroimaging such as calcifications, cortical disorders and ventriculomegaly and has_material_basis_in the acquisition of Zika virus infection in utero.",http://purl.obolibrary.org/obo/DOID_0080180,Síndrome congénito por el virus del Zika,"Síndrome que se caracteriza en los neonatos por microcefalia, desproporción craneofacial, espasticidad, convulsiones, irritabilidad y disfunción del tronco encefálico, incluidas dificultades para alimentarse, anomalías oculares y hallazgos en neuroimagen como calcificaciones, trastornos corticales y ventriculomegalia, y que tiene_su_base_material_en la adquisición de la infección por el virus del Zika en el útero.",TRUE
http://purl.obolibrary.org/obo/DOID_0080197,congenital muscular dystrophy with cataracts and intellectual disability,A congenital muscular dystrophy characterized by onset of progressive muscle weakness in early childhood with autosomal recessive inheritance that has_material_basis_in homozygous or compound heterozygous mutation in the INPP5K gene (607875) on chromosome 17p13.,http://purl.obolibrary.org/obo/DOID_0080197,distrofia muscular congénita con cataratas y discapacidad intelectual,Una distrofia muscular congénita caracterizada por la aparición de debilidad muscular progresiva en la primera infancia con herencia autosómica recesiva que tiene_su_base_material_en una mutación homocigota o heterocigota compuesta en el gen INPP5K (607875) en el cromosoma 17p13.,TRUE
http://purl.obolibrary.org/obo/DOID_0080257,autosomal recessive congenital ichthyosis 13,"An autosomal recessive congenital ichthyosis that is characterized by lamellar ichthyosis, ectropion, eclabium and hyperkeratosis that has_material_basis_in homozygous mutation in the SDR9C7 gene on chromosome 12q13.",http://purl.obolibrary.org/obo/DOID_0080257,ictiosis congénita autosómica recesiva 13,"Una ictiosis congénita autosómica recesiva que se caracteriza por ictiosis lamelar, ectropión, eclabio e hiperqueratosis que tiene_su_base_material_en una mutación homocigota en el gen SDR9C7 del cromosoma 12q13.",TRUE
http://purl.obolibrary.org/obo/DOID_0080258,autosomal recessive congenital ichthyosis 14,"An autosomal recessive congenital ichthyosis that is characterized by lamellar ichthyosis, ectropion, eclabium and hyperkeratosis that has_material_basis_in homozygous or compound heterozygous mutation in the SULT2B1 gene on chromosome 19q13.",http://purl.obolibrary.org/obo/DOID_0080258,ictiosis congénita autosómica recesiva 14,"Una ictiosis congénita autosómica recesiva que se caracteriza por ictiosis lamelar, ectropión, eclabio e hiperqueratosis que tiene_su_base_material_en mutación homocigota o heterocigota compuesta en el gen SULT2B1 del cromosoma 19q13.",TRUE
http://purl.obolibrary.org/obo/DOID_0080313,cleft palate-lateral synechia syndrome,A physical disorder that is characterized by fusion of maxilla and mandible.,http://purl.obolibrary.org/obo/DOID_0080313,Síndrome de paladar hendido-sinequia lateral,Trastorno físico que se caracteriza por la fusión del maxilar y la mandíbula.,TRUE
http://purl.obolibrary.org/obo/DOID_0080395,orofacial cleft 1,An orofacial cleft characterized by autosomal dominant inheritance that has_material_basis_in variation in chromosome region 6p24.3.,http://purl.obolibrary.org/obo/DOID_0080395,hendidura orofacial 1,Una hendidura orofacial caracterizada por una herencia autosómica dominante que tiene_su_base_material_en la variación de la región cromosómica 6p24.3.,TRUE
http://purl.obolibrary.org/obo/DOID_0080396,orofacial cleft 2,An orofacial cleft that has_material_basis_in variation in the chromosome region 2p13.,http://purl.obolibrary.org/obo/DOID_0080396,hendidura orofacial 2,Una hendidura orofacial que tiene_su_base_material_en la variación en la región cromosómica 2p13.,TRUE
http://purl.obolibrary.org/obo/DOID_0080397,orofacial cleft 3,An orofacial cleft that has_material_basis_in variation in the chromosomal region 19q13.,http://purl.obolibrary.org/obo/DOID_0080397,hendidura orofacial 3,Una hendidura orofacial que tiene_su_base_material_en la variación de la región cromosómica 19q13.,TRUE
http://purl.obolibrary.org/obo/DOID_0080398,orofacial cleft 4,An orofacial cleft that has_material_basis_in variation in the 4q21-q31 chromosomal region.,http://purl.obolibrary.org/obo/DOID_0080398,hendidura orofacial 4,Una hendidura orofacial que tiene_su_base_material_en la variación de la región cromosómica 4q21-q31.,TRUE
http://purl.obolibrary.org/obo/DOID_0080399,orofacial cleft 5,An orofacial cleft that has_material_basis_in mutation in the MSX1 gene on chromosome 4p16.,http://purl.obolibrary.org/obo/DOID_0080399,hendidura orofacial 5,Una hendidura orofacial que tiene_su_base_material_en mutación en el gen MSX1 en el cromosoma 4p16.,TRUE
http://purl.obolibrary.org/obo/DOID_0080400,orofacial cleft 7,An orofacial cleft that has_material_basis_in by homozygous mutation in the PVRL1 gene on chromosome 11q23.,http://purl.obolibrary.org/obo/DOID_0080400,hendidura orofacial 7,Una hendidura orofacial que tiene_su_base_material_en una mutación homocigota en el gen PVRL1 del cromosoma 11q23.,TRUE
http://purl.obolibrary.org/obo/DOID_0080401,orofacial cleft 8,An orofacial cleft that has_material_basis_in heterozygous mutation in the TP63 gene on chromosome 3q28.,http://purl.obolibrary.org/obo/DOID_0080401,hendidura orofacial 8,Una hendidura orofacial que tiene_su_base_material_en una mutación heterocigota en el gen TP63 en el cromosoma 3q28.,TRUE
http://purl.obolibrary.org/obo/DOID_0080402,orofacial cleft 9,An orofacial cleft that has_material_basis_in variation in the chromosome region 13q33.1-q34.,http://purl.obolibrary.org/obo/DOID_0080402,hendidura orofacial 9,Una hendidura orofacial que tiene_su_base_material_en la variación de la región cromosómica 13q33.1-q34.,TRUE
http://purl.obolibrary.org/obo/DOID_0080403,orofacial cleft 10,An orofacial cleft that has_material_basis_in mutation in the SUMO1 gene on chromosome 2q33.,http://purl.obolibrary.org/obo/DOID_0080403,hendidura orofacial 10,Una hendidura orofacial que tiene_su_base_material_en mutación en el gen SUMO1 en el cromosoma 2q33.,TRUE
http://purl.obolibrary.org/obo/DOID_0080404,orofacial cleft 11,An orofacial cleft that has_material_basis_in heterozygous mutation in the BMP4 gene on chromosome 14q22.,http://purl.obolibrary.org/obo/DOID_0080404,hendidura orofacial 11,Una hendidura orofacial que tiene_su_base_material_en una mutación heterocigota en el gen BMP4 en el cromosoma 14q22.,TRUE
http://purl.obolibrary.org/obo/DOID_0080405,orofacial cleft 12,An orofacial cleft that has_material_basis_in variation in the chromosome region 8q24.3.,http://purl.obolibrary.org/obo/DOID_0080405,hendidura orofacial 12,Una hendidura orofacial que tiene_su_base_material_en la variación de la región cromosómica 8q24.3.,TRUE
http://purl.obolibrary.org/obo/DOID_0080406,orofacial cleft 13,An orofacial cleft characterized by autosomal doninant inhertitance that has_material_basis_in variation in chromosome region 1p33 associated with enrichment of the T allele of SNP rs3827730.,http://purl.obolibrary.org/obo/DOID_0080406,hendidura orofacial 13,Una hendidura orofacial caracterizada por herencia autosómica dominante que tiene_su_base_material_en la variación en la región cromosómica 1p33 asociada al enriquecimiento del alelo T del SNP rs3827730.,TRUE
http://purl.obolibrary.org/obo/DOID_0080407,orofacial cleft 14,"An orofacial cleft that is characterized by incomplete median clefts of both the lower lip and upper lip, double labial frenulum and fusion of the upper gingival and upper labial mucosa, in addition to poor dental alignment, and increased interdental distance between the lower and upper median incisors.",http://purl.obolibrary.org/obo/DOID_0080407,hendidura orofacial 14,"Una hendidura orofacial que se caracteriza por hendiduras medianas incompletas tanto del labio inferior como del superior, doble frenillo labial y fusión de la encía superior y la mucosa labial superior, además de una mala alineación dental, y una mayor distancia interdental entre los incisivos medianos inferiores y superiores.",TRUE
http://purl.obolibrary.org/obo/DOID_0080408,orofacial cleft 15,An orofacial cleft that has_material_basis_in mutation in the DLX4 gene on chromosome 17q21.,http://purl.obolibrary.org/obo/DOID_0080408,hendidura orofacial 15,Una hendidura orofacial que tiene_su_base_material_en la mutación del gen DLX4 en el cromosoma 17q21.,TRUE
http://purl.obolibrary.org/obo/DOID_0080552,congenital disorder of glycosylation Ia,"A congenital disorder of glycosylation I that is characterized by a severe encephalopathy with axial hypotonia, abnormal eye movement, pronounced psychomotor retardation, peripheral neuropathy, cerebellar hypoplasia, and retinitis pigmentosa and has_material_basis_in homozygous or compound heterozygous mutation in the gene encoding phosphomannomutase-2 on chromosome 16p13.",http://purl.obolibrary.org/obo/DOID_0080552,trastorno congénito de la glucosilación Ia,"Un trastorno congénito de la glucosilación I que se caracteriza por una encefalopatía grave con hipotonía axial, movimiento anormal de los ojos, retraso psicomotor pronunciado, neuropatía periférica, hipoplasia cerebelosa y retinitis pigmentaria y tiene_su_base_material_en mutación homocigota o heterocigota compuesta en el gen que codifica la fosfomanomutasa-2 en el cromosoma 16p13.",TRUE
http://purl.obolibrary.org/obo/DOID_0080553,congenital disorder of glycosylation Iaa,A congenital disorder of glycosylation I that is characterized by fibroblasts with reduced dolichol profiles and enhanced accumulation of free cholesterol and has_material_basis_in homozygous mutation in the NUS1 gene on chromosome 6q22.,http://purl.obolibrary.org/obo/DOID_0080553,trastorno congénito de la glicosilación Iaa,Un trastorno congénito de la glicosilación I que se caracteriza por fibroblastos con perfiles de dolicol reducidos y mayor acumulación de colesterol libre y tiene_su_base_material_en mutación homocigota en el gen NUS1 en el cromosoma 6q22.,TRUE
http://purl.obolibrary.org/obo/DOID_0080554,congenital disorder of glycosylation Ib,"A congenital disorder of glycosylation I that is characterized by protein-losing enteropathy, cyclic vomiting, profound hypoglycemia, failure to thrive, liver fibrosis, protein-losing enteropathy with hypoalbuminaemia, life-threatening intestinal bleeding of diffuse origin, protein C and S deficiency, low anti-thrombine III levels and has_material_basis_in compound heterozygous mutation in the gene encoding mannosephosphate isomerase on chromosome 15q24.",http://purl.obolibrary.org/obo/DOID_0080554,trastorno congénito de la glucosilación Ib,"Un trastorno congénito de la glucosilación I que se caracteriza por enteropatía perdedora de proteínas, vómitos cíclicos, hipoglucemia profunda, retraso del crecimiento, fibrosis hepática, enteropatía perdedora de proteínas con hipoalbuminemia, hemorragia intestinal potencialmente mortal de origen difuso, deficiencia de proteínas C y S, niveles bajos de antitrombina III y tiene_su_base_material_en una mutación heterocigota compuesta en el gen que codifica la manosa-6-fosfato isomerasa en el cromosoma 15q24.",TRUE
http://purl.obolibrary.org/obo/DOID_0080555,congenital disorder of glycosylation Ic,"A congenital disorder of glycosylation I that is characterized by psychomotor retardation with delayed walking and speech, hypotonia, seizures, and sometimes protein-losing enteropathy and has_material_basis_in homozygous or compound heterozygous mutation in the ALG6 gene on chromosome 1p31.",http://purl.obolibrary.org/obo/DOID_0080555,trastorno congénito de la glucosilación Ic,"Un trastorno congénito de la glucosilación I que se caracteriza por retraso psicomotor con retraso en la marcha y el habla, hipotonía, convulsiones y, en ocasiones, enteropatía con pérdida de proteínas y tiene_su_base_material_en mutación homocigota o heterocigota compuesta en el gen ALG6 del cromosoma 1p31.",TRUE
http://purl.obolibrary.org/obo/DOID_0080556,congenital disorder of glycosylation Id,A congenital disorder of glycosylation I that is characterized by severe neurologic involvement associated with dysmorphism and visual impairment and has_material_basis_in homozygous or compound heterozygous mutation in the ALG3 gene on chromosome 3q27.,http://purl.obolibrary.org/obo/DOID_0080556,trastorno congénito de la glicosilación I,Un trastorno congénito de la glicosilación I que se caracteriza por una afectación neurológica grave asociada a dismorfismo y deficiencia visual y tiene_su_base_material_en mutación homocigota o heterocigota compuesta en el gen ALG3 del cromosoma 3q27.,TRUE
http://purl.obolibrary.org/obo/DOID_0080557,congenital disorder of glycosylation Ie,"A congenital disorder of glycosylation I that is characterized by psychomotor delay, seizures, hypotonia, facial dysmorphism and microcephaly and has_material_basis_in homozygous or compound heterozygous mutation in the DPM1 gene on chromosome 20q13.",http://purl.obolibrary.org/obo/DOID_0080557,trastorno congénito de la glucosilación Ie,"Un trastorno congénito de la glucosilación I que se caracteriza por retraso psicomotor, convulsiones, hipotonía, dismorfismo facial y microcefalia y tiene_su_base_material_en mutación homocigota o heterocigota compuesta en el gen DPM1 del cromosoma 20q13.",TRUE
http://purl.obolibrary.org/obo/DOID_0080558,congenital disorder of glycosylation If,"A congenital disorder of glycosylation I that is characterized by psychomotor delay, seizures, failure to thrive, and cutaneous and ocular anomalies and has_material_basis_in homozygous or compound heterozygous mutation in the MPDU1 gene on chromosome 17p13.",http://purl.obolibrary.org/obo/DOID_0080558,trastorno congénito de la glucosilación Si,"Un trastorno congénito de la glucosilación I que se caracteriza por retraso psicomotor, convulsiones, retraso del crecimiento y anomalías cutáneas y oculares y tiene_su_base_material_en mutación homocigota o heterocigota compuesta en el gen MPDU1 del cromosoma 17p13.",TRUE
http://purl.obolibrary.org/obo/DOID_0080559,congenital disorder of glycosylation Ig,"A congenital disorder of glycosylation I that is characterized by facial dysmorphism (prominent forehead, large ears, thin upper lip), generalized hypotonia, feeding difficulties, moderate to severe developmental delay, progressive microcephaly, frequent upper respiratory tract infections due to impaired immunity with decreased immunoglobulin levels, and decreased coagulation factors and has_material_basis_in homozygous or compound heterozygous mutation in the gene encoding dolichyl-P-mannose:Man-7-GlcNAc-2-PP-dolichyl-alpha-6-mannosyltransferase on chromosome 22q13.",http://purl.obolibrary.org/obo/DOID_0080559,trastorno congénito de la glucosilación Ig,"Un trastorno congénito de la glucosilación I que se caracteriza por dismorfismo facial (frente prominente, orejas grandes, labio superior fino), hipotonía generalizada, dificultades de alimentación, retraso del desarrollo de moderado a grave, microcefalia progresiva, infecciones frecuentes de las vías respiratorias superiores debidas a una inmunidad alterada con disminución de los niveles de inmunoglobulinas y disminución de los factores de coagulación y tiene_su_base_material_en mutación homocigota o heterocigota compuesta en el gen que codifica la dolicil-P-manosa:Man-7-GlcNAc-2-PP-dolicil-alfa-6-manosiltransferasa en el cromosoma 22q13.",TRUE
http://purl.obolibrary.org/obo/DOID_0080560,congenital disorder of glycosylation Ih,"A congenital disorder of glycosylation I that is characterized by gastrointestinal symptoms (diarrhea, vomiting, feeding problems with failure to thrive, protein-losing enteropathy), edema and ascites (including hydrops fetalis), hepatomegaly, renal tubulopathy, coagulation anomalies due to thrombocytopenia, brain involvement (psychomotor delay, seizures, ataxia), facial dysmorphism (low-set ears and retrognathia), pes equinovarus, and muscular hypotonia and has_material_basis_in heterozygous mutation in the gene encoding dolichyl-P-glucose:Glc-1-Man-9-GlcNAc-2-PP-dolichyl-alpha-3-glucosyltransferase on chromosome 11q14.",http://purl.obolibrary.org/obo/DOID_0080560,trastorno congénito de la glucosilación Ih,"Un trastorno congénito de la glucosilación I que se caracteriza por síntomas gastrointestinales (diarrea, vómitos, problemas de alimentación con retraso del crecimiento, enteropatía perdedora de proteínas), edema y ascitis (incluida hidropesía fetal), hepatomegalia, tubulopatía renal, anomalías de la coagulación debidas a trombocitopenia, afectación cerebral (retraso psicomotor, convulsiones, ataxia), dismorfismo facial (orejas de implantación baja y retrognatia), pie equinovaro e hipotonía muscular y tiene_su_base_material_en mutación heterocigota en el gen que codifica la dolicil-P-glucosa:Glc-1-Man-9-GlcNAc-2-PP-dolicil-alfa-3-glucosiltransferasa en el cromosoma 11q14.",TRUE
http://purl.obolibrary.org/obo/DOID_0080561,congenital disorder of glycosylation Ii,"A congenital disorder of glycosylation I that is characterized by iris coloboma, cataract, infantile spasms, developmental delay and abnormal coagulation factors and has_material_basis_in compound heterozygous mutation in the ALG2 gene on chromosome 9q22.",http://purl.obolibrary.org/obo/DOID_0080561,trastorno congénito de la glucosilación Ii,"Un trastorno congénito de la glucosilación I que se caracteriza por coloboma del iris, cataratas, espasmos infantiles, retraso del desarrollo y factores de coagulación anormales y tiene_su_base_material_en una mutación heterocigota compuesta en el gen ALG2 del cromosoma 9q22.",TRUE
http://purl.obolibrary.org/obo/DOID_0080562,congenital disorder of glycosylation Ij,"A congenital disorder of glycosylation I that is characterized by hypotonia, intractable seizures, developmental delay, microcephaly and severe fetal hypokinesia and has_material_basis_in homozygous or compound heterozygous mutation in the DPAGT1 gene, which encodes UDP-GlcNAc:dolichyl-phosphate N-acetylglucosamine phosphotransferase, on chromosome 11q23.",http://purl.obolibrary.org/obo/DOID_0080562,trastorno congénito de la glucosilación Ij,"Un trastorno congénito de la glucosilación I que se caracteriza por hipotonía, convulsiones intratables, retraso del desarrollo, microcefalia e hipocinesia fetal grave y tiene_su_base_material_en mutación homocigota o heterocigota compuesta en el gen DPAGT1,que codifica la UDP-GlcNAc:dolicilfosfato N-acetilglucosamina fosfotransferasa, en el cromosoma 11q23.",TRUE
http://purl.obolibrary.org/obo/DOID_0080563,congenital disorder of glycosylation Ik,"A congenital disorder of glycosylation I that is characterized by severe developmental and psychomotor delay, muscular hypotonia, intractable early-onset seizures, and microcephaly and has_material_basis_in homozygous or compound heterozygous mutation in the gene encoding beta-1,4-mannosyltransferase on chromosome 16p13.",http://purl.obolibrary.org/obo/DOID_0080563,trastorno congénito de la glucosilación Ik,"Un trastorno congénito de la glucosilación I que se caracteriza por un grave retraso psicomotor y del desarrollo, hipotonía muscular, convulsiones intratables de aparición temprana y microcefalia y tiene_su_base_material_en mutación homocigota o heterocigota compuesta en el gen que codifica la beta-1,4-manosiltransferasa en el cromosoma 16p13.",TRUE
http://purl.obolibrary.org/obo/DOID_0080564,congenital disorder of glycosylation Il,"A congenital disorder of glycosylation I that is characterized by progressive microcephaly, hypotonia, developmental delay, drug-resistant infantile epilepsy, and hepatomegaly and has_material_basis_in homozygous mutation in the ALG9 gene on chromosome 11q23.",http://purl.obolibrary.org/obo/DOID_0080564,trastorno congénito de la glucosilación Il,"Un trastorno congénito de la glucosilación I que se caracteriza por microcefalia progresiva, hipotonía, retraso del desarrollo, epilepsia infantil resistente a los fármacos y hepatomegalia y tiene_su_base_material_en mutación homocigota en el gen ALG9 del cromosoma 11q23.",TRUE
http://purl.obolibrary.org/obo/DOID_0080565,congenital disorder of glycosylation Im,"A congenital disorder of glycosylation I that is characterized by muscular hypotonia and ichthyosis and has_material_basis_in homozygous mutation in the DOLK gene, which encodes the enzyme responsible for the final step of the de novo biosynthesis of dolichol phosphate, on chromosome 9q34.",http://purl.obolibrary.org/obo/DOID_0080565,trastorno congénito de la glucosilación Im,"Un trastorno congénito de la glucosilación I que se caracteriza por hipotonía muscular e ictiosis y tiene_su_base_material_en mutación homocigota en el gen DOLK, que codifica la enzima responsable del paso final de la biosíntesis de novo del fosfato de dolicol, en el cromosoma 9q34.",TRUE
http://purl.obolibrary.org/obo/DOID_0080566,congenital disorder of glycosylation In,"A congenital disorder of glycosylation I that is characterized by poorly coordinated suck resulting in difficulty feeding and failure to thrive, myoclonic jerks with hypotonia and brisk reflexes progressing to a seizure disorder, roving eyes, developmental delay, poor to absent visual contact, and sensorineural hearing loss and has_material_basis_in homozygous or compound heterozygous mutation in the RFT1 gene on chromosome 3p21.",http://purl.obolibrary.org/obo/DOID_0080566,trastorno congénito de la glucosilación I,"Un trastorno congénito de la glucosilación I que se caracteriza por una succión mal coordinada que provoca dificultad para alimentarse y retraso del crecimiento, sacudidas mioclónicas con hipotonía y reflejos bruscos que progresan a un trastorno convulsivo, ojos errantes, retraso del desarrollo, contacto visual de pobre a ausente y pérdida auditiva neurosensorial y tiene_su_base_material_en mutación homocigota o heterocigota compuesta en el gen RFT1 en el cromosoma 3p21.",TRUE
http://purl.obolibrary.org/obo/DOID_0080567,congenital disorder of glycosylation Ip,"A congenital disorder of glycosylation I that is characterized by facial dysmorphism (microcephaly, high forehead, low posterior hairline, strabismus), hypotonia, failure to thrive, intractable seizures, developmental delay, persistent vomiting and gastric bleeding and has_material_basis_in homozygous or compound heterozygous mutation in the ALG11 gene on chromosome 13q14.",http://purl.obolibrary.org/obo/DOID_0080567,trastorno congénito de la glucosilación Ip,"Un trastorno congénito de la glucosilación I que se caracteriza por dismorfismo facial (microcefalia, frente alta, línea posterior del cabello baja, estrabismo), hipotonía, retraso del crecimiento, convulsiones intratables, retraso del desarrollo, vómitos persistentes y hemorragia gástrica y tiene_su_base_material_en mutación homocigota o heterocigota compuesta en el gen ALG11 del cromosoma 13q14.",TRUE
http://purl.obolibrary.org/obo/DOID_0080568,congenital disorder of glycosylation Iq,"A congenital disorder of glycosylation I that is characterized by a highly variable phenotype typically presenting with severe visual impairment, variable ocular anomalies (such as optic nerve hypoplasia/atrophy, iris and optic nerve coloboma, congenital cataract, glaucoma), intellectual disability, cerebellar abnormalities, nystagmus, hypotonia, ataxia, and/or ichthyosiform skin lesions and has_material_basis_in homozygous or compound heterozygous mutation in the SRD5A3 gene on chromosome 4q12.",http://purl.obolibrary.org/obo/DOID_0080568,trastorno congénito de la glucosilación Iq,"Un trastorno congénito de la glucosilación I que se caracteriza por un fenotipo muy variable que se presenta típicamente con deficiencia visual grave, anomalías oculares variables (como hipoplasia/atrofia del nervio óptico, coloboma del iris y del nervio óptico, catarata congénita, glaucoma), discapacidad intelectual, anomalías cerebelosas, nistagmo, hipotonía, ataxia y/o lesiones cutáneas ictiosiformes y tiene_su_base_material_en una mutación homocigota o heterocigota compuesta en el gen SRD5A3 del cromosoma 4q12.",TRUE
http://purl.obolibrary.org/obo/DOID_0080569,congenital disorder of glycosylation Ir,"A congenital disorder of glycosylation I that is characterized by failure to thrive, developmental delay, hypotonia, strabismus and hepatic dysfunction and has_material_basis_in compound heterozygous mutation in the DDOST gene on chromosome 1p36.",http://purl.obolibrary.org/obo/DOID_0080569,trastorno congénito de la glucosilación Ir,"Un trastorno congénito de la glucosilación I que se caracteriza por retraso en el crecimiento, retraso en el desarrollo, hipotonía, estrabismo y disfunción hepática y tiene_su_base_material_en mutación heterocigota compuesta en el gen DDOST del cromosoma 1p36.",TRUE
http://purl.obolibrary.org/obo/DOID_0080570,congenital disorder of glycosylation It,"A congenital disorder of glycosylation I that is characterized by a wide range of clinical manifestations, most commonly presenting with bifid uvula with or without cleft palate at birth, associated with growth delay, hepatopathy with elevated aminotransferase serum levels, myopathy (including exercise-related fatigue, exercise intolerance, muscle weakness), intermittent hypoglycemia, and dilated cardiomyopathy and/or cardiac arrest, due to decreased phosphoglucomutase 1 enzyme activity and has_material_basis_in homozygous or compound heterozygous mutation in the PGM1 gene on chromosome 1p31.",http://purl.obolibrary.org/obo/DOID_0080570,trastorno congénito de la glicosilación It,"Un trastorno congénito de la glicosilación I que se caracteriza por una amplia gama de manifestaciones clínicas, presentándose más comúnmente con úvula bífida con o sin paladar hendido al nacer, asociada a retraso del crecimiento, hepatopatía con niveles séricos elevados de aminotransferasa, miopatía (incluyendo fatiga relacionada con el ejercicio, intolerancia al ejercicio, debilidad muscular), hipoglucemia intermitente, y cardiomiopatía dilatada y/o paro cardiaco, debido a la disminución de la actividad de la enzima fosfoglucomutasa 1 y tiene_su_base_material_en mutación homocigota o heterocigota compuesta en el gen PGM1 del cromosoma 1p31.",TRUE
http://purl.obolibrary.org/obo/DOID_0080571,congenital disorder of glycosylation Iu,"A congenital disorder of glycosylation I that is characterized by respiratory distress and severe hypotonia at birth, severe global developmental delay, early-onset intractable seizures, myopathic fascies with craniofacial dysmorphism (trigonocephaly/progressive microcephaly, low anterior hairline, arched eyebrows, hypotelorism, strabismus, small nose, prominent philtrum, thin upper lip, high-arched palate, micrognathia, malocclusion), severe, congenital flexion joint contractures and elevated serum creatine kinase levels and has_material_basis_in homozygous or compound heterozygous mutation in the DPM2 gene on chromosome 9q34.",http://purl.obolibrary.org/obo/DOID_0080571,trastorno congénito de la glucosilación Iu,"Un trastorno congénito de la glucosilación I que se caracteriza por dificultad respiratoria e hipotonía grave al nacer, retraso global grave del desarrollo, convulsiones intratables de aparición precoz, facies miopáticas con dismorfismo craneofacial (trigonocefalia/microcefalia progresiva, línea anterior del cabello baja, cejas arqueadas, hipotelorismo, estrabismo, nariz pequeña, surco nasolabial prominente, labio superior delgado, paladar de arco alto, micrognatia, maloclusión), contracturas congénitas graves de las articulaciones en flexión y niveles séricos elevados de creatina cinasa y tiene_su_base_material_en mutación homocigota o heterocigota compuesta en el gen DPM2 del cromosoma 9q34.",TRUE
http://purl.obolibrary.org/obo/DOID_0080572,congenital disorder of glycosylation Iw,"A congenital disorder of glycosylation I that is characterized by developmental delay, intellectual disability, failure to thrive, hypotonia and seizures and has_material_basis_in homozygous mutation in the STT3A gene on chromosome 11q24.",http://purl.obolibrary.org/obo/DOID_0080572,trastorno congénito de la glucosilación Iw,"Un trastorno congénito de la glucosilación I que se caracteriza por retraso del desarrollo, discapacidad intelectual, retraso del crecimiento, hipotonía y convulsiones y tiene_su_base_material_en una mutación homocigota en el gen STT3A del cromosoma 11q24.",TRUE
http://purl.obolibrary.org/obo/DOID_0080573,congenital disorder of glycosylation Ix,"A congenital disorder of glycosylation I that is characterized by intrauterine growth retardation, microcephaly, failure to thrive, developmental delay, intellectual disability, hypotonia, seizures, optic nerve atrophy and respiratory difficulties and has_material_basis_in homozygous mutation in the STT3B gene on chromosome 3p23.",http://purl.obolibrary.org/obo/DOID_0080573,trastorno congénito de la glucosilación Ix,"Un trastorno congénito de la glucosilación I que se caracteriza por retraso del crecimiento intrauterino, microcefalia, retraso del crecimiento, retraso del desarrollo, discapacidad intelectual, hipotonía, convulsiones, atrofia del nervio óptico y dificultades respiratorias y tiene_su_base_material_en una mutación homocigota en el gen STT3B del cromosoma 3p23.",TRUE
http://purl.obolibrary.org/obo/DOID_0080574,congenital disorder of glycosylation Iy,"A congenital disorder of glycosylation I that is characterized by neurologic abnormalities (global developmental delay in language, social skills and fine and gross motor development, intellectual disability, hypotonia, microcephaly, seizures/epilepsy), facial dysmorphism (deep set eyes, large ears, hypoplastic vermillion of upper lip, large mouth with widely spaced teeth), feeding problems often due to chewing difficulties and aversion to food with certain textures, failure to thrive, gastrointestinal abnormalities (reflux or vomiting) and strabismus and has_material_basis_in hemizygous mutation in the SSR4 gene on chromosome Xq28.",http://purl.obolibrary.org/obo/DOID_0080574,trastorno congénito de la glucosilación Iy,"Un trastorno congénito de la glucosilación I que se caracteriza por anomalías neurológicas (retraso global del desarrollo del lenguaje, de las habilidades sociales y del desarrollo motor fino y grueso, discapacidad intelectual, hipotonía, microcefalia, convulsiones/epilepsia), dismorfismo facial (ojos hundidos, orejas grandes, bermellón hipoplásico del labio superior, boca grande con dientes muy separados), problemas de alimentación debidos a menudo a dificultades de masticación y aversión a los alimentos con determinadas texturas, retraso del crecimiento, anomalías gastrointestinales (reflujo o vómitos) y estrabismo y tiene_su_base_material_en mutación hemicigota en el gen SSR4 del cromosoma Xq28.",TRUE
http://purl.obolibrary.org/obo/DOID_0080587,congenital myasthenic syndrome 22,"A congenital myasthenic syndrome characterized by neonatal hypotonia, neonatal feeding problems, and nasal dysarthria and that has_material_basis_in homozygous or compound heterozygous mutation in the PREPL gene on chromosome 2p21.",http://purl.obolibrary.org/obo/DOID_0080587,síndrome miasténico congénito 22,"Síndrome miasténico congénito caracterizado por hipotonía neonatal, problemas de alimentación neonatal y disartria nasal y que tiene_su_base_material_en mutación homocigota o heterocigota compuesta en el gen PREPL del cromosoma 2p21.",TRUE
http://purl.obolibrary.org/obo/DOID_3635,congenital myasthenic syndrome,"A neuromuscular junction disease that is characterized by weakness and easy fatiguability resulting from a genetic defect at the junction where the nerve stimulates muscle activity that result in muscle weakness and may affect nerve cells (presynaptic), muscle cells (postsynaptic) or the space between nerve and muscle cells (synaptic).",http://purl.obolibrary.org/obo/DOID_3635,síndrome miasténico congénito,"Enfermedad de la unión neuromuscular que se caracteriza por debilidad y fácil fatigabilidad como resultado de un defecto genético en la unión donde el nervio estimula la actividad muscular que da lugar a debilidad muscular y puede afectar a las células nerviosas (presináptica), a las células musculares (postsináptica) o al espacio entre las células nerviosas y musculares (sináptica).",TRUE
http://purl.obolibrary.org/obo/DOID_0080589,Klippel-Feil syndrome 1,A Klippel-Feil syndrome that has_material_basis_in heterozygous mutation in the GDF6 gene on chromosome 8q22.,http://purl.obolibrary.org/obo/DOID_0080589,Síndrome de Klippel-Feil 1,Un síndrome de Klippel-Feil que tiene_su_base_material_en una mutación heterocigota en el gen GDF6 en el cromosoma 8q22.,TRUE
http://purl.obolibrary.org/obo/DOID_10426,Klippel-Feil syndrome,A physical disorder that is characterized by abnormal segmentation of the vertebra during fetal development which results in fusion located in cervical vertebra.,http://purl.obolibrary.org/obo/DOID_10426,Síndrome de Klippel-Feil,Trastorno físico que se caracteriza por una segmentación anormal de la vértebra durante el desarrollo fetal que da lugar a una fusión localizada en la vértebra cervical.,TRUE
http://purl.obolibrary.org/obo/DOID_0080590,Klippel-Feil syndrome 2,A Klippel-Feil syndrome that has_material_basis_in homozygous mutation in the MEOX1 gene on chromosome 17q21.,http://purl.obolibrary.org/obo/DOID_0080590,Síndrome de Klippel-Feil 2,Un síndrome de Klippel-Feil que tiene_su_base_material_en una mutación homocigota en el gen MEOX1 en el cromosoma 17q21.,TRUE
http://purl.obolibrary.org/obo/DOID_0080591,Klippel-Feil syndrome 3,A Klippel-Feil syndrome that has_material_basis_in heterozygous mutation in the GDF3 gene on chromosome 12p13.,http://purl.obolibrary.org/obo/DOID_0080591,Síndrome de Klippel-Feil 3,Un síndrome de Klippel-Feil que tiene_su_base_material_en una mutación heterocigota en el gen GDF3 del cromosoma 12p13.,TRUE
http://purl.obolibrary.org/obo/DOID_0080592,Klippel-Feil syndrome 4,A Klippel-Feil syndrome that has_material_basis_in homozygous mutation in the MYO18B gene on chromosome 22q12.,http://purl.obolibrary.org/obo/DOID_0080592,Síndrome de Klippel-Feil 4,Un síndrome de Klippel-Feil que tiene_su_base_material_en una mutación homocigota en el gen MYO18B en el cromosoma 22q12.,TRUE
http://purl.obolibrary.org/obo/DOID_0080593,orofacial cleft 6,An orofacial cleft that has_material_basis_in variation in an enhancer of the IRF6 gene on chromosome 1q32.,http://purl.obolibrary.org/obo/DOID_0080593,hendidura orofacial 6,Una hendidura orofacial que tiene_su_base_material_en la variación de un potenciador del gen IRF6 en el cromosoma 1q32.,TRUE
http://purl.obolibrary.org/obo/DOID_0080625,severe congenital neutropenia 1,A severe congenital neutropenia that has_material_basis_in heterozygous mutation in the neutrophil elastase gene on chromosome 19p13.,http://purl.obolibrary.org/obo/DOID_0080625,neutropenia congénita grave 1,Una neutropenia congénita grave que tiene_su_base_material_en mutación heterocigota en el gen de la elastasa de neutrófilos en el cromosoma 19p13.,TRUE
http://purl.obolibrary.org/obo/DOID_0080633,developmental cardiac valvular defect,A physical disorder that has_material_basis_in homozygous or compound heterozygous mutation in the PLD1 gene on chromosome 3q26.,http://purl.obolibrary.org/obo/DOID_0080633,defecto valvular cardíaco del desarrollo,Un trastorno físico que tiene_base_en una mutación homocigota o heterocigota compuesta en el gen PLD1 del cromosoma 3q26.,TRUE
http://purl.obolibrary.org/obo/DOID_0080700,caudal regression syndrome,A physical disorder that is characterized by impairment of the development of the lower half of the body.,http://purl.obolibrary.org/obo/DOID_0080700,síndrome de regresión caudal,Trastorno físico que se caracteriza por una deficiencia en el desarrollo de la mitad inferior del cuerpo.,TRUE
http://purl.obolibrary.org/obo/DOID_0080720,autosomal dominant congenital deafness with onychodystrophy,A syndrome that is characterized by autosomal dominant inheritance of congenital deafness and onychodystrophy and that has_material_basis_in heterozygous mutation in the ATP6V1B2 gene on chromosome 8p21.,http://purl.obolibrary.org/obo/DOID_0080720,sordera congénita autosómica dominante con onicodistrofia,Síndrome que se caracteriza por la herencia autosómica dominante de la sordera congénita y la onicodistrofia y que tiene_su_base_material_en una mutación heterocigota en el gen ATP6V1B2 del cromosoma 8p21.,TRUE
http://purl.obolibrary.org/obo/DOID_0080833,laryngomalacia,A laryngeal disease that is characterized by inward collapse of flaccid supraglottic structures during inspiration. The most common symptom is noisy breathing (stridor) that is often worse when the infant is on his/her back or crying.,http://purl.obolibrary.org/obo/DOID_0080833,laringomalacia,Enfermedad laríngea que se caracteriza por el colapso hacia dentro de las estructuras supraglóticas flácidas durante la inspiración. El síntoma más común es una respiración ruidosa (estridor) que suele empeorar cuando el bebé está boca arriba o llora.,TRUE
http://purl.obolibrary.org/obo/DOID_0080835,TORCH syndrome,"A syndrome that is characterized by congenital infection with toxoplasmosis, rubella, cytomegalovirus, herpes simplex, and other organisms.",http://purl.obolibrary.org/obo/DOID_0080835,síndrome TORCH,"Síndrome que se caracteriza por la infección congénita por toxoplasmosis, rubéola, citomegalovirus, herpes simple y otros organismos.",TRUE
http://purl.obolibrary.org/obo/DOID_0080895,rapidly involuting congenital hemangioma,A hemangioma that is characterized by complete regression.,http://purl.obolibrary.org/obo/DOID_0080895,hemangioma congénito de involución rápida,Un hemangioma que se caracteriza por una regresión completa.,TRUE
http://purl.obolibrary.org/obo/DOID_0080978,arthrogryposis multiplex congenita-1,An arthrogryposis multiplex congenita that has_material_basis_in homozygous or compound heterozygous mutation in the LGI4 gene on chromosome 19q13.,http://purl.obolibrary.org/obo/DOID_0080978,artrogriposis múltiple congénita-1,Una artrogriposis múltiple congénita que tiene_su_base_material_en una mutación homocigota o heterocigota compuesta en el gen LGI4 del cromosoma 19q13.,TRUE
http://purl.obolibrary.org/obo/DOID_0080979,arthrogryposis multiplex congenita-3,"An arthrogryposis multiplex congenita that is characterized by decreased fetal movements, hypotonia, variable skeletal defects, including clubfoot and scoliosis, and delayed motor milestones with difficulty walking and that has_material_basis_in homozygous or compound heterozygous mutation in the SYNE1 gene on chromosome 6q25.",http://purl.obolibrary.org/obo/DOID_0080979,artrogriposis múltiple congénita-3,"Una artrogriposis múltiple congénita que se caracteriza por disminución de los movimientos fetales, hipotonía, defectos esqueléticos variables, incluidos pie zambo y escoliosis, y retraso en los hitos motores con dificultad para caminar y que tiene_su_base_material_en mutación homocigota o heterocigota compuesta en el gen SYNE1 del cromosoma 6q25.",TRUE
http://purl.obolibrary.org/obo/DOID_0080980,arthrogryposis multiplex congenita-4,An arthrogryposis multiplex congenita that has_material_basis_in homozygous mutation in the SCYL2 gene on chromosome 12q23.,http://purl.obolibrary.org/obo/DOID_0080980,artrogriposis múltiple congénita-4,Una artrogriposis múltiple congénita que tiene_su_base_material_en una mutación homocigota en el gen SCYL2 del cromosoma 12q23.,TRUE
http://purl.obolibrary.org/obo/DOID_0080981,arthrogryposis multiplex congenita-5,An arthrogryposis multiplex congenita that has_material_basis_in homozygous or compound heterozygous mutation in the TOR1A gene on chromosome 9q34.,http://purl.obolibrary.org/obo/DOID_0080981,artrogriposis múltiple congénita-5,Una artrogriposis múltiple congénita que tiene_su_base_material_en una mutación homocigota o heterocigota compuesta en el gen TOR1A del cromosoma 9q34.,TRUE
http://purl.obolibrary.org/obo/DOID_0081015,congenital fibrosis of the extraocular muscles 1,A congenital fibrosis of the extraocular muscles that is characterized by bilateral blepharoptosis and ophthalmoplegia with the eyes fixed in an infraducted position about 20 to 30 degrees below the horizontal midline and that has_material_basis_in heterozygous mutation in the KIF21A gene on chromosome 12q12.,http://purl.obolibrary.org/obo/DOID_0081015,fibrosis congénita de los músculos extraoculares 1,Fibrosis congénita de los músculos extraoculares que se caracteriza por blefaroptosis bilateral y oftalmoplejía con los ojos fijos en posición infradirigida unos 20 a 30 grados por debajo de la línea media horizontal y que tiene_su_base_material_en mutación heterocigota en el gen KIF21A del cromosoma 12q12.,TRUE
http://purl.obolibrary.org/obo/DOID_0081016,congenital fibrosis of the extraocular muscles 2,A congenital fibrosis of the extraocular muscles that is characterized by bilateral ptosis and restrictive ophthalmoplegia with the globes fixed in extreme abduction (exotropia) and that has_material_basis_in homozygous mutation in the ARIX gene on chromosome 11q13.,http://purl.obolibrary.org/obo/DOID_0081016,fibrosis congénita de los músculos extraoculares 2,Una fibrosis congénita de los músculos extraoculares que se caracteriza por ptosis bilateral y oftalmoplejía restrictiva con los globos fijos en abducción extrema (exotropía) y que tiene_su_base_material_en mutación homocigota en el gen ARIX del cromosoma 11q13.,TRUE
http://purl.obolibrary.org/obo/DOID_0081017,congenital fibrosis of the extraocular muscles 3A,"A congenital fibrosis of the extraocular muscles that is characterized by a variable phenotype where individuals may not have bilateral involvement, may be able to raise the eyes above midline, or may not have blepharoptosis and that has_material_basis_in heterozygous mutation in the TUBB3 gene on chromosome 16q24.",http://purl.obolibrary.org/obo/DOID_0081017,fibrosis congénita de los músculos extraoculares 3A,"Una fibrosis congénita de los músculos extraoculares que se caracteriza por un fenotipo variable en el que los individuos pueden no tener afectación bilateral, pueden ser capaces de levantar los ojos por encima de la línea media o pueden no tener blefaroptosis y que tiene_su_base_material_en una mutación heterocigota en el gen TUBB3 del cromosoma 16q24.",TRUE
http://purl.obolibrary.org/obo/DOID_0081019,congenital fibrosis of the extraocular muscles 3C,A congenital fibrosis of the extraocular muscles that is characterized by congenital bilateral ptosis and limitation of the superior rectus and that has_material_basis_in a reciprocal translocation t(2;13)(q37.3;q12.11).,http://purl.obolibrary.org/obo/DOID_0081019,fibrosis congénita de los músculos extraoculares 3C,Una fibrosis congénita de los músculos extraoculares que se caracteriza por ptosis bilateral congénita y limitación del recto superior y que tiene_su_base_material_en una translocación recíproca t(;2;13)(q37.3q12;.11).,TRUE
http://purl.obolibrary.org/obo/DOID_0081020,congenital fibrosis of the extraocular muscles 5,A congenital fibrosis of the extraocular muscles that has_material_basis_in homozygous or compound heterozygous mutation in the COL25A1 gene on chromosome 4q25.,http://purl.obolibrary.org/obo/DOID_0081020,fibrosis congénita de los músculos extraoculares 5,Una fibrosis congénita de los músculos extraoculares que tiene_su_base_material_en mutación homocigota o heterocigota compuesta en el gen COL25A1 del cromosoma 4q25.,TRUE
http://purl.obolibrary.org/obo/DOID_0081021,Tukel syndrome,"A congenital fibrosis of the extraocular muscles that is characterized by nonprogressive restrictive ophthalmoplegia with blepharoptosis of the right eye and postaxial oligodactyly/oligosyndactyly of the hands, with the right more severely affected than the left.",http://purl.obolibrary.org/obo/DOID_0081021,síndrome de Tukel,"Una fibrosis congénita de los músculos extraoculares que se caracteriza por oftalmoplejía restrictiva no progresiva con blefaroptosis del ojo derecho y oligodactilia/oligosindactilia postaxial de las manos, con la derecha más gravemente afectada que la izquierda.",TRUE
http://purl.obolibrary.org/obo/DOID_0081169,Leber congenital amaurosis 19,A Leber congenital amaurosis that has_material_basis_in mutation in the USP45 gene on chromosome 6q16.,http://purl.obolibrary.org/obo/DOID_0081169,Amaurosis congénita de Leber 19,Una amaurosis congénita de Leber que tiene_su_base_material_en mutación en el gen USP45 en el cromosoma 6q16.,TRUE
http://purl.obolibrary.org/obo/DOID_14791,Leber congenital amaurosis,"A retinal disease that is characterized by nystagmus, sluggish or no pupillary responses, and severe vision loss or blindness.",http://purl.obolibrary.org/obo/DOID_14791,amaurosis congénita de Leber,"Enfermedad de la retina que se caracteriza por nistagmo, lentitud o ausencia de respuesta pupilar y pérdida grave de visión o ceguera.",TRUE
http://purl.obolibrary.org/obo/DOID_0081266,"pachygyria, microcephaly, developmental delay, and dysmorphic facies, with or without seizures","A lissencephaly that is characterized by progressive microcephaly associated with abnormal facial features, hypotonia, and variable global developmental delay with impaired intellectual development and that has_material_basis_in homozygous or compound heterozygous mutation in the TUBGCP2 gene on chromosome 10q26.",http://purl.obolibrary.org/obo/DOID_0081266,"paquigiria, microcefalia, retraso del desarrollo y facies dismórfica, con o sin convulsiones","Una lisencefalia que se caracteriza por una microcefalia progresiva asociada a rasgos faciales anormales, hipotonía y un retraso del desarrollo global variable con alteraciones del desarrollo intelectual y que tiene_su_base_material_en una mutación homocigota o heterocigota compuesta en el gen TUBGCP2 del cromosoma 10q26.",TRUE
http://purl.obolibrary.org/obo/DOID_0081335,Becker disease,A myotonia congenita that is characterized by muscle stiffness and an inability of the muscle to relax after voluntary contraction and that has_material_basis_in homozygous or compound heterozygous mutation in the gene encoding skeletal muscle chloride channel-1 (CLCN1) on chromosome 7q34.,http://purl.obolibrary.org/obo/DOID_0081335,Enfermedad de Becker,Una miotonía congénita que se caracteriza por rigidez muscular e incapacidad del músculo para relajarse tras una contracción voluntaria y que tiene_su_base_material_en mutación homocigota o heterocigota compuesta en el gen que codifica el canal de cloruro-1 del músculo esquelético (CLCN1) en el cromosoma 7q34.,TRUE
http://purl.obolibrary.org/obo/DOID_2106,myotonia congenita,A muscle tissue disease that is characterised by slow muscle relaxation associated with hyperexcitation of the muscle fibres.,http://purl.obolibrary.org/obo/DOID_2106,miotonía congénita,Enfermedad del tejido muscular que se caracteriza por una relajación muscular lenta asociada a una hiperexcitación de las fibras musculares.,TRUE
http://purl.obolibrary.org/obo/DOID_0081336,Thomsen disease,A myotonia congenita that is characterized by muscle stiffness and an inability of the muscle to relax after voluntary contraction and that has_material_basis_in heterozygous mutation in the gene encoding skeletal muscle chloride channel-1 (CLCN1) on chromosome 7q34.,http://purl.obolibrary.org/obo/DOID_0081336,Enfermedad de Thomsen,Una miotonía congénita que se caracteriza por rigidez muscular e incapacidad del músculo para relajarse tras una contracción voluntaria y que tiene_su_base_material_en mutación heterocigota en el gen que codifica el canal-1 de cloruro del músculo esquelético (CLCN1) en el cromosoma 7q34.,TRUE
http://purl.obolibrary.org/obo/DOID_0090101,lethal congenital glycogen storage disease of heart,"A glycogen storage disease characterized by glycogenosis confined to the heart, hypoglycemia and cyanosis, and has_material_basis_in autosomal dominant inheritance of heterozygous mutation in the gene encoding the noncatalytic gamma-2 subunit of AMP-activated protein kinase (PRKAG2) on chromosome 7q36.",http://purl.obolibrary.org/obo/DOID_0090101,enfermedad congénita letal por almacenamiento de glucógeno en el corazón,"Una enfermedad por almacenamiento de glucógeno caracterizada por glucogenosis confinada al corazón, hipoglucemia y cianosis, y tiene_su_base_material_en la herencia autosómica dominante de la mutación heterocigótica en el gen que codifica la subunidad gamma-2 no catalítica de la proteína cinasa activada por AMP (PRKAG2) en el cromosoma 7q36.",TRUE
http://purl.obolibrary.org/obo/DOID_0090118,congenital amegakaryocytic thrombocytopenia,"A thrombocytopenia that is characterized by a severe reduction in megakaryocyte and platelet numbers, and has_material_basis_in autosomal recessive inheritance of homozygous or compound heterozygous mutation in the myeloproliferative leukemia virus oncogene (MPL) on chromosome 1p34.",http://purl.obolibrary.org/obo/DOID_0090118,trombocitopenia amegacariocítica congénita,"Una trombocitopenia que se caracteriza por una reducción grave del número de megacariocitos y plaquetas, y tiene_su_base_material_en la herencia autosómica recesiva de la mutación homocigota o heterocigota compuesta en el oncogén del virus de la leucemia mieloproliferativa (MPL) en el cromosoma 1p34.",TRUE
http://purl.obolibrary.org/obo/DOID_0090124,neurogenic-type arthrogryposis multiplex congenita-2,"An arthrogryposis multiplex congenita that is characterized by congenital contractures at the elbows and knees, myopathy, absence of muscle spindles, congenital heart disease and spinal motor neuron depletion, and has_material_basis_in autosomal recessive inheritance of homozygous mutation in the endoplasmic reticulum-golgi intermediate compartment protein 1 gene (ERGIC1) on chromosome region 5q35.",http://purl.obolibrary.org/obo/DOID_0090124,artrogriposis múltiple congénita-2 de tipo neurogénico,"Una artrogriposis múltiple congénita que se caracteriza por contracturas congénitas en codos y rodillas, miopatía, ausencia de husos musculares, cardiopatía congénita y depleción de la neurona motora espinal, y tiene_su_base_material_en una herencia autosómica recesiva de mutación homocigota en el gen de la proteína 1 del compartimento intermedio del retículo endoplásmico-Golgi (ERGIC1) en la región cromosómica 5q35.",TRUE
http://purl.obolibrary.org/obo/DOID_0110005,Leber congenital amaurosis 9,A Leber congenital amaurosis that has_material_basis_in mutation in the NMNAT1 gene on chromosome 1p36.,http://purl.obolibrary.org/obo/DOID_0110005,Amaurosis congénita de Leber 9,Una amaurosis congénita de Leber que tiene_su_base_material_en mutación en el gen NMNAT1 en el cromosoma 1p36.,TRUE
http://purl.obolibrary.org/obo/DOID_0110016,Leber congenital amaurosis 2,"A Leber congenital amaurosis that is characterized by night blindness, some transient improvement in vision, and eventual progressive visual loss and has_material_basis_in mutation in the RPE65 gene on chromosome 1.",http://purl.obolibrary.org/obo/DOID_0110016,amaurosis congénita de Leber 2,"Una amaurosis congénita de Leber que se caracteriza por ceguera nocturna, cierta mejoría transitoria de la visión y, finalmente, pérdida visual progresiva y tiene_su_base_material_en mutación en el gen RPE65 del cromosoma 1.",TRUE
http://purl.obolibrary.org/obo/DOID_0110078,Leber congenital amaurosis 1,"A Leber congenital amaurosis characterized by severe cone-rod dystrophy with photophobia, high hyperopia, and poor but stable vision with no visual improvement and that has_material_basis_in mutation in the GUCY2D gene on chromosome 17p13.",http://purl.obolibrary.org/obo/DOID_0110078,amaurosis congénita de Leber 1,"Una amaurosis congénita de Leber caracterizada por distrofia grave de conos y bastones con fotofobia, hipermetropía alta y visión deficiente pero estable sin mejoría visual y que tiene_su_base_material_en mutación en el gen GUCY2D en el cromosoma 17p13.",TRUE
http://purl.obolibrary.org/obo/DOID_0110079,Leber congenital amaurosis 8,A Leber congenital amaurosis that is characterized by night blindness and thick unlaminated retinas and has_material_basis_in mutation in the CRB1 gene on chromosome 1q31-q32.,http://purl.obolibrary.org/obo/DOID_0110079,Amaurosis congénita de Leber 8,Una amaurosis congénita de Leber que se caracteriza por ceguera nocturna y retinas gruesas no laminadas y tiene_su_base_material_en mutación en el gen CRB1 en el cromosoma 1q31-q32.,TRUE
http://purl.obolibrary.org/obo/DOID_0110080,Leber congenital amaurosis 12,A Leber congenital amaurosis that has_material_basis_in mutation in the RD3 gene on chromosome 1q32.,http://purl.obolibrary.org/obo/DOID_0110080,Amaurosis congénita de Leber 12,Una amaurosis congénita de Leber que tiene_su_base_material_en mutación en el gen RD3 en el cromosoma 1q32.,TRUE
http://purl.obolibrary.org/obo/DOID_0110106,atrial heart septal defect 1,An atrial heart septal defect type 1 associated with variation in the region 5p.,http://purl.obolibrary.org/obo/DOID_0110106,comunicación interauricular tipo 1,Una comunicación interauricular tipo 1 asociada a una variación en la región 5p.,TRUE
http://purl.obolibrary.org/obo/DOID_1882,atrial heart septal defect,A heart septal defect located_in in the septum that separates the two atria of the heart.,http://purl.obolibrary.org/obo/DOID_1882,comunicación interauricular,Comunicación interauricular situada_en el tabique que separa las dos aurículas del corazón.,TRUE
http://purl.obolibrary.org/obo/DOID_0110107,atrial heart septal defect 2,An atrial heart septal defect type 2 that has_material_basis_in heterozygous mutation in the GATA4 gene on chromosome 8p23.,http://purl.obolibrary.org/obo/DOID_0110107,comunicación interauricular tipo 2,Una comunicación interauricular tipo 2 que tiene_su_base_material_en una mutación heterocigota en el gen GATA4 del cromosoma 8p23.,TRUE
http://purl.obolibrary.org/obo/DOID_0110108,atrial heart septal defect 3,An atrial heart septal defect type 3 that has_material_basis_in heterozygous mutation in the myosin heavy chain-6 gene (MYH6) on chromosome 14q12.,http://purl.obolibrary.org/obo/DOID_0110108,comunicación interauricular tipo 3,Una comunicación interauricular tipo 3 que tiene_su_base_material_en mutación heterocigota en el gen de la cadena pesada de miosina-6 (MYH6) en el cromosoma 14q12.,TRUE
http://purl.obolibrary.org/obo/DOID_0110109,atrial heart septal defect 4,An atrial heart septal defect type 4 that has_material_basis_in mutation in the TBX20 gene.,http://purl.obolibrary.org/obo/DOID_0110109,comunicación interauricular tipo 4,Una comunicación interauricular tipo 4 que tiene_su_base_material_en mutación en el gen TBX20.,TRUE
http://purl.obolibrary.org/obo/DOID_0110110,atrial heart septal defect 5,An atrial heart septal defect type 5 that has_material_basis_in heterozygous mutation in the ACTC1 gene on chromosome 15q14.,http://purl.obolibrary.org/obo/DOID_0110110,comunicación interauricular tipo 5,Una comunicación interauricular tipo 5 que tiene_su_base_material_en una mutación heterocigota en el gen ACTC1 del cromosoma 15q14.,TRUE
http://purl.obolibrary.org/obo/DOID_0110111,atrial heart septal defect 6,An atrial heart septal defect type 6 that has_material_basis_in heterozygous mutation in the TLL1 gene on chromosome 4q32.,http://purl.obolibrary.org/obo/DOID_0110111,comunicación interauricular tipo 6,Una comunicación interauricular tipo 6 que tiene_su_base_material_en una mutación heterocigota en el gen TLL1 del cromosoma 4q32.,TRUE
http://purl.obolibrary.org/obo/DOID_0110112,atrial heart septal defect 7,An atrial heart septal defect that has_material_basis_in heterozygous mutation in the NKX2-5 gene on chromosome 5q35.,http://purl.obolibrary.org/obo/DOID_0110112,comunicación interauricular 7,Una comunicación interauricular que tiene_su_base_material_en una mutación heterocigota en el gen NKX2-5 del cromosoma 5q35.,TRUE
http://purl.obolibrary.org/obo/DOID_0110113,atrial heart septal defect 8,An atrial heart septal defect that has_material_basis_in heterozygous mutation in the CITED2 gene on chromosome 6q23.3.,http://purl.obolibrary.org/obo/DOID_0110113,comunicación interauricular 8,Una comunicación interauricular que tiene_su_base_material_en una mutación heterocigota en el gen CITED2 del cromosoma 6q23.3.,TRUE
http://purl.obolibrary.org/obo/DOID_0110114,atrial heart septal defect 9,An atrial heart septal defect that has_material_basis_in heterozygous mutation in the GATA6 gene on chromosome 18q11.,http://purl.obolibrary.org/obo/DOID_0110114,comunicación interauricular 9,Una comunicación interauricular que tiene_su_base_material_en una mutación heterocigota en el gen GATA6 del cromosoma 18q11.,TRUE
http://purl.obolibrary.org/obo/DOID_0110118,Leber congenital amaurosis 16,A Leber congenital amaurosis that has_material_basis_in mutation in the KCNJ13 gene on chromosome 2q37.,http://purl.obolibrary.org/obo/DOID_0110118,Amaurosis congénita de Leber 16,Una amaurosis congénita de Leber que tiene_su_base_material_en mutación en el gen KCNJ13 en el cromosoma 2q37.,TRUE
http://purl.obolibrary.org/obo/DOID_0110188,Leber congenital amaurosis 14,A Leber congenital amaurosis that has_material_basis_in mutation in the LRAT gene on chromosome 4q31.,http://purl.obolibrary.org/obo/DOID_0110188,Amaurosis congénita de Leber 14,Una amaurosis congénita de Leber que tiene_su_base_material_en mutación en el gen LRAT en el cromosoma 4q31.,TRUE
http://purl.obolibrary.org/obo/DOID_0110189,Leber congenital amaurosis 15,A Leber congenital amaurosis that has_material_basis_in mutation in the TULP1 gene on chromosome 6p21.3.,http://purl.obolibrary.org/obo/DOID_0110189,Amaurosis congénita de Leber 15,Una amaurosis congénita de Leber que tiene_su_base_material_en mutación en el gen TULP1 en el cromosoma 6p21.3.,TRUE
http://purl.obolibrary.org/obo/DOID_0110213,isolated cleft palate,"A cleft palate seen as an isolated malformation, distinct from cleft lip with or without cleft palate.",http://purl.obolibrary.org/obo/DOID_0110213,paladar hendido aislado,"Un paladar hendido visto como una malformación aislada, distinta del labio leporino con o sin paladar hendido.",TRUE
http://purl.obolibrary.org/obo/DOID_0110214,cleft soft palate,A cleft palate that is characterized as a fissure type embryopathy that affects in varying degrees the soft palate.,http://purl.obolibrary.org/obo/DOID_0110214,paladar hendido blando,Paladar hendido que se caracteriza por ser una embriopatía de tipo fisurado que afecta en diversos grados al paladar blando.,TRUE
http://purl.obolibrary.org/obo/DOID_0110215,Leber congenital amaurosis 5,"A Leber congenital amaurosis that is characterized by severe visual dysfunction, nystagmus, the oculodigital sign, and a normal fundus with onset in infancy and has_material_basis_in mutation in the LCA5 gene on chromosome 6q14.1.",http://purl.obolibrary.org/obo/DOID_0110215,amaurosis congénita de Leber 5,"Una amaurosis congénita de Leber que se caracteriza por una disfunción visual grave, nistagmo, el signo óculo digital y un fondo de ojo normal con inicio en la infancia y tiene_su_base_material_en mutación en el gen LCA5 en el cromosoma 6q14.1.",TRUE
http://purl.obolibrary.org/obo/DOID_0110216,Leber congenital amaurosis 11,A Leber congenital amaurosis that has_material_basis_in mutation n the IMPDH1 gene on chromosome 7q31.3-q32.,http://purl.obolibrary.org/obo/DOID_0110216,Amaurosis congénita de Leber 11,Una amaurosis congénita de Leber que tiene_su_base_material_en mutación n el gen IMPDH1 en el cromosoma 7q31.3-q32.,TRUE
http://purl.obolibrary.org/obo/DOID_0110217,Leber congenital amaurosis 17,A Leber congenital amaurosis that has_material_basis_in mutation in the GDF6 gene on chromosome 8q22.,http://purl.obolibrary.org/obo/DOID_0110217,Amaurosis congénita de Leber 17,Una amaurosis congénita de Leber que tiene_su_base_material_en mutación en el gen GDF6 en el cromosoma 8q22.,TRUE
http://purl.obolibrary.org/obo/DOID_0110291,Leber congenital amaurosis 10,A Leber congenital amaurosis that is characterized by severe infantile-onset cone-rod dystrophy with high hyperopia and severe ERG abnormalities and has_material_basis_in mutation in the CEP290 gene on chromosome 12q21.32.,http://purl.obolibrary.org/obo/DOID_0110291,Amaurosis congénita de Leber 10,Una amaurosis congénita de Leber que se caracteriza por una distrofia de conos y bastones de inicio infantil grave con hipermetropía alta y anomalías ERG graves y tiene_su_base_material_en mutación en el gen CEP290 del cromosoma 12q21.32.,TRUE
http://purl.obolibrary.org/obo/DOID_0110329,Leber congenital amaurosis 6,"A Leber congenital amaurosis that is characterized by early photophobia, hypermetropia less than +7 diopters, and visual acuity in the range of 20/400 to count fingers and has_material_basis_in mutation in the RPGRIP1 gene on chromosome 14q11.",http://purl.obolibrary.org/obo/DOID_0110329,amaurosis congénita de Leber 6,"Una amaurosis congénita de Leber que se caracteriza por fotofobia precoz, hipermetropía inferior a +7 dioptrías y agudeza visual en el rango de 20/400 hasta contar los dedos y tiene_su_base_material_en mutación en el gen RPGRIP1 en el cromosoma 14q11.",TRUE
http://purl.obolibrary.org/obo/DOID_0110330,Leber congenital amaurosis 13,"A Leber congenital amaurosis thatis characterized by mild or absent hyperopia, transient improvement of visual acuity, and eventual macular atrophy with severe disease progression and has_material_basis_in mutation in the RDH12 gene on chromosome 14q23.3.",http://purl.obolibrary.org/obo/DOID_0110330,amaurosis congénita de Leber 13,"Una amaurosis congénita de Leber que se caracteriza por hipermetropía leve o ausente, mejora transitoria de la agudeza visual y atrofia macular final con progresión grave de la enfermedad y tiene_su_base_material_en la mutación del gen RDH12 en el cromosoma 14q23.3.",TRUE
http://purl.obolibrary.org/obo/DOID_0110331,Leber congenital amaurosis 3,A Leber congenital amaurosis that has_material_basis_in mutation in the SPATA7 gene on chromosome 14q31.,http://purl.obolibrary.org/obo/DOID_0110331,Amaurosis congénita de Leber 3,Una amaurosis congénita de Leber que tiene_su_base_material_en mutación en el gen SPATA7 en el cromosoma 14q31.,TRUE
http://purl.obolibrary.org/obo/DOID_0110332,Leber congenital amaurosis 4,"A Leber congenital amaurosis that is characterized by a relatively severe phenotype, with maculopathy and marked bone-spicule pigmentary retinopathy in most and keratoconus and cataract in a large subset and that has_material_basis_in mutation in the AIPL1 gene on chromosome 17p13.",http://purl.obolibrary.org/obo/DOID_0110332,amaurosis congénita de Leber 4,"Una amaurosis congénita de Leber que se caracteriza por un fenotipo relativamente grave, con maculopatía y retinopatía pigmentaria óseo-espicular marcada en la mayoría y queratocono y catarata en un gran subconjunto y que tiene_su_base_material_en mutación en el gen AIPL1 del cromosoma 17p13.",TRUE
http://purl.obolibrary.org/obo/DOID_0110333,Leber congenital amaurosis 7,A Leber congenital amaurosis that has_material_basis_in mutation in the CRX gene on chromosome 19q13.,http://purl.obolibrary.org/obo/DOID_0110333,Amaurosis congénita de Leber 7,Una amaurosis congénita de Leber que tiene_su_base_material_en mutación en el gen CRX en el cromosoma 19q13.,TRUE
http://purl.obolibrary.org/obo/DOID_0110632,megaconial type congenital muscular dystrophy,A congenital muscular dystrophy characterized by autosomal recessive inheritance of early-onset muscle wasting and intellectual disability with enlarged mitochondria that are more prevalent towards the periphery of the fibers that has_material_basis_in homozygous or compound heterozygous mutation in the CHKB gene on chromosome 22q13.,http://purl.obolibrary.org/obo/DOID_0110632,Distrofia muscular congénita de tipo megaconial,Distrofia muscular congénita caracterizada por la herencia autosómica recesiva de desgaste muscular de aparición temprana y discapacidad intelectual con mitocondrias agrandadas que son más prevalentes hacia la periferia de las fibras que tiene_su_base_material_en mutación homocigota o heterocigota compuesta en el gen CHKB en el cromosoma 22q13.,TRUE
http://purl.obolibrary.org/obo/DOID_0110633,rigid spine muscular dystrophy 1,"A congenital muscular dystrophy characterized by intrasarcoplasmic aggregates of desmin resulting in spinal rigidity, abnormal posture (limitation of neck and trunk flexure), progressive scoliosis of the spine, early marked cervico-axial muscle weakness with relatively preserved strength and function of the extremities and progressive respiratory insufficiency that has_material_basis_in homozygous or compound heterozygous mutation in the SEPN1 gene on chromosome 1p36.",http://purl.obolibrary.org/obo/DOID_0110633,distrofia muscular rígida espinal 1,"Distrofia muscular congénita caracterizada por agregados intrasarcoplásmicos de desmina que provocan rigidez espinal, postura anormal (limitación de la flexión del cuello y del tronco), escoliosis progresiva de la columna vertebral, debilidad muscular cervicoaxial marcada precozmente con fuerza y función relativamente preservadas de las extremidades e insuficiencia respiratoria progresiva que tiene_su_base_material_en una mutación homocigota o heterocigota compuesta en el gen SEPN1 del cromosoma 1p36.",TRUE
http://purl.obolibrary.org/obo/DOID_0110634,congenital muscular dystrophy 1B,"A congenital muscular dystrophy characterized by autosomal recessive inheritance of proximal muscle weakness, muscle hypertrophy, and early respiratory failure that has_material_basis_in variation in the chromosome region 1q42.",http://purl.obolibrary.org/obo/DOID_0110634,distrofia muscular congénita 1B,"Una distrofia muscular congénita caracterizada por la herencia autosómica recesiva de debilidad muscular proximal, hipertrofia muscular e insuficiencia respiratoria precoz que tiene_su_base_material_en la variación de la región cromosómica 1q42.",TRUE
http://purl.obolibrary.org/obo/DOID_0110635,muscular dystrophy-dystroglycanopathy type B5,A congenital muscular dystrophy characterized by autosomal recessive inheritance of muscular dystrophy with variable penetrance of intellectual disability and structural brain abnormalities that has_material_basis_in homozygous or compound heterozygous mutation in the FKRP gene on chromosome 19q13.3.,http://purl.obolibrary.org/obo/DOID_0110635,distrofia-distroglicanopatía muscular tipo B5,Una distrofia muscular congénita caracterizada por la herencia autosómica recesiva de la distrofia muscular con penetrancia variable de la discapacidad intelectual y anomalías estructurales del cerebro que tiene_su_base_material_en mutación homocigota o heterocigota compuesta en el gen FKRP en el cromosoma 19q13.3.,TRUE
http://purl.obolibrary.org/obo/DOID_0110636,congenital merosin-deficient muscular dystrophy 1A,A congenital muscular dystrophy characterized by autosomal recessive inheritance of muscle weakness that is apparent at birth or in the first 6 months of life and frequent development of periventricular white matter abnormalities that has_material_basis_in homozygous or compound heterozygous mutation in the LAMA2 gene on chromosome 6q22.,http://purl.obolibrary.org/obo/DOID_0110636,distrofia muscular congénita por déficit de merosina 1A,Una distrofia muscular congénita caracterizada por la herencia autosómica recesiva de debilidad muscular que se manifiesta al nacer o en los primeros 6 meses de vida y el desarrollo frecuente de anomalías periventriculares de la sustancia blanca que tiene_su_base_material_en mutación homocigota o heterocigota compuesta en el gen LAMA2 del cromosoma 6q22.,TRUE
http://purl.obolibrary.org/obo/DOID_0110637,muscular dystrophy-dystroglycanopathy type B6,A congenital muscular dystrophy characterized by autosomal recessive inheritance of muscular dystrophy with mental retardation and structural brain abnormalities that has_material_basis_in homozygous or compound heterozygous mutation in the LARGE gene on chromosome 22q12.,http://purl.obolibrary.org/obo/DOID_0110637,distrofia muscular-distroglicanopatía tipo B6,Una distrofia muscular congénita caracterizada por la herencia autosómica recesiva de la distrofia muscular con retraso mental y anomalías cerebrales estructurales que tiene_su_base_material_en la mutación homocigota o heterocigota compuesta en el gen LARGE en el cromosoma 22q12.,TRUE
http://purl.obolibrary.org/obo/DOID_0110668,congenital myasthenic syndrome 10,A congenital myasthenic syndrome characterized by autosomal recessive inheritance of a postsynaptic defect affecting endplate maintenance of the NMJ and development of limb-girdle weakness in the first decade of life that has_material_basis_in homozygous or compound heterozygous mutation in the DOK7 gene on chromosome 4p16.3.,http://purl.obolibrary.org/obo/DOID_0110668,síndrome miasténico congénito 10,Síndrome miasténico congénito caracterizado por la herencia autosómica recesiva de un defecto postsináptico que afecta al mantenimiento de la placa terminal de la NMJ y el desarrollo de debilidad de la cintura de las extremidades en la primera década de la vida que tiene_su_base_material_en mutación homocigota o heterocigota compuesta en el gen DOK7 del cromosoma 4p16.3.,TRUE
http://purl.obolibrary.org/obo/DOID_0110639,congenital muscular dystrophy due to integrin alpha-7 deficiency,A congenital muscular dystrophy characterized by autosomal recessive inheritance that has_material_basis_in compound heterozygous mutation in the ITGA7 gene on chromosome 12q13.,http://purl.obolibrary.org/obo/DOID_0110639,distrofia muscular congénita por deficiencia de integrina alfa-7,Una distrofia muscular congénita caracterizada por una herencia autosómica recesiva que tiene_su_base_material_en una mutación heterocigota compuesta en el gen ITGA7 del cromosoma 12q13.,TRUE
http://purl.obolibrary.org/obo/DOID_0110640,congenital muscular dystrophy due to LMNA mutation,A congenital muscular dystrophy characterized by autosomal dominant inheritance that has_material_basis_in heterozygous mutation in the LMNA gene on chromosome 1q22.,http://purl.obolibrary.org/obo/DOID_0110640,distrofia muscular congénita debida a la mutación del gen LMNA,Una distrofia muscular congénita caracterizada por una herencia autosómica dominante que tiene_su_base_material_en una mutación heterocigota en el gen LMNA en el cromosoma 1q22.,TRUE
http://purl.obolibrary.org/obo/DOID_0110657,congenital myasthenic syndrome 8,A congenital myasthenic syndrome characterized by autosomal recessive inheritance of prominent defects of both the pre- and postsynaptic regions and muscle weakness that has_material_basis_in homozygous or compound heterozygous mutation in the AGRN gene on chromosome 1p.,http://purl.obolibrary.org/obo/DOID_0110657,síndrome miasténico congénito 8,Síndrome miasténico congénito caracterizado por la herencia autosómica recesiva de defectos prominentes de las regiones pre y postsináptica y debilidad muscular que tiene_su_base_material_en mutación homocigota o heterocigota compuesta en el gen AGRN del cromosoma 1p.,TRUE
http://purl.obolibrary.org/obo/DOID_0110658,congenital myasthenic syndrome 15,A congenital myasthenic syndrome characterized by onset of progressive fatigable proximal muscle weakness in childhood that has_material_basis_in compound heterozygous mutation in the ALG14 gene on chromosome 1p21.,http://purl.obolibrary.org/obo/DOID_0110658,síndrome miasténico congénito 15,Un síndrome miasténico congénito caracterizado por la aparición de debilidad muscular proximal fatigable progresiva en la infancia que tiene_su_base_material_en mutación heterocigota compuesta en el gen ALG14 en el cromosoma 1p21.,TRUE
http://purl.obolibrary.org/obo/DOID_0110659,congenital myasthenic syndrome 7,A congenital myasthenic syndrome characterized by autosomal dominant inheritance of presynaptic defects with onset of symptoms in early childhood that has_material_basis_in heterozygous mutation in the SYT2 gene on chromosome 1q32.,http://purl.obolibrary.org/obo/DOID_0110659,síndrome miasténico congénito 7,Síndrome miasténico congénito caracterizado por la herencia autosómica dominante de defectos presinápticos con inicio de los síntomas en la primera infancia que tiene_su_base_material_en mutación heterocigota en el gen SYT2 del cromosoma 1q32.,TRUE
http://purl.obolibrary.org/obo/DOID_0110660,congenital myasthenic syndrome 12,A congenital myasthenic syndrome characterized by autosomal recessive inheritance of onset of proximal muscle weakness in the first decade that generally responds well to acetylcholinesterase inhibitor treatment that has_material_basis_in homozygous or compound heterozygous mutation in the GFPT1 gene on chromosome 2p13.,http://purl.obolibrary.org/obo/DOID_0110660,síndrome miasténico congénito 12,Síndrome miasténico congénito caracterizado por una herencia autosómica recesiva de aparición de debilidad muscular proximal en la primera década que generalmente responde bien al tratamiento con inhibidores de la acetilcolinesterasa que tiene_su_base_material_en mutación homocigota o heterocigota compuesta en el gen GFPT1 del cromosoma 2p13.,TRUE
http://purl.obolibrary.org/obo/DOID_0110661,congenital myasthenic syndrome 20,A congenital myasthenic syndrome characterized by autosomal recessive inheritance of severe hypotonia associated with episodic apnea that has_material_basis_in homozygous or compound heterozygous mutation in the SLC5A7 gene on chromosome 2q12.,http://purl.obolibrary.org/obo/DOID_0110661,síndrome miasténico congénito 20,Síndrome miasténico congénito caracterizado por la herencia autosómica recesiva de hipotonía grave asociada a apnea episódica que tiene_su_base_material_en mutación homocigota o heterocigota compuesta en el gen SLC5A7 del cromosoma 2q12.,TRUE
http://purl.obolibrary.org/obo/DOID_0110662,congenital myasthenic syndrome 1B,A congenital myasthenic syndrome characterized by defects in postsynaptic neuromuscular junctions with early-onset progressive muscle weakness that has_material_basis_in mutation in the CHRNA1 gene on chromosome 2q.,http://purl.obolibrary.org/obo/DOID_0110662,síndrome miasténico congénito 1B,Un síndrome miasténico congénito caracterizado por defectos en las uniones neuromusculares postsinápticas con debilidad muscular progresiva de aparición temprana que tiene_su_base_material_en mutación en el gen CHRNA1 del cromosoma 2q.,TRUE
http://purl.obolibrary.org/obo/DOID_0110663,congenital myasthenic syndrome 1A,A congenital myasthenic syndrome characterized by predominantly autosomal dominant inheritance of defects in postsynaptic neuromuscular junctions and early-onset progressive muscle weakness that has_material_basis_in mutation in the CHRNA1 gene on chromosome 2q.,http://purl.obolibrary.org/obo/DOID_0110663,síndrome miasténico congénito 1A,Síndrome miasténico congénito caracterizado por una herencia predominantemente autosómica dominante de defectos en las uniones neuromusculares postsinápticas y debilidad muscular progresiva de aparición temprana que tiene_su_base_material_en mutación en el gen CHRNA1 del cromosoma 2q.,TRUE
http://purl.obolibrary.org/obo/DOID_0110664,congenital myasthenic syndrome 3C,"A congenital myasthenic syndrome characterized by autosomal recessive inheritance of postsynaptic neuromuscular junction defects, low amplitude of the miniature endplate potential and current, and early-onset muscle weakness that has_material_basis_in compound heterozygous mutation in the CHRND gene on chromosome 2q37.",http://purl.obolibrary.org/obo/DOID_0110664,síndrome miasténico congénito 3C,"Un síndrome miasténico congénito caracterizado por la herencia autosómica recesiva de defectos de la unión neuromuscular postsináptica, baja amplitud del potencial y corriente de la placa terminal en miniatura y debilidad muscular de aparición temprana que tiene_su_base_material_en mutación heterocigota compuesta en el gen CHRND en el cromosoma 2q37.",TRUE
http://purl.obolibrary.org/obo/DOID_0110665,congenital myasthenic syndrome 3B,A congenital myasthenic syndrome characterized by autosomal recessive inheritance of postsynaptic neuromuscular junction defects resulting in rapid decay in endplate current and a failure to reach the threshold for depolarization and early onset progressive muscular weakness that has_material_basis_in homozygous or compound heterozygous mutation in the CHRND gene on chromosome 2q37.,http://purl.obolibrary.org/obo/DOID_0110665,síndrome miasténico congénito 3B,Síndrome miasténico congénito caracterizado por la herencia autosómica recesiva de defectos postsinápticos de la unión neuromuscular que provocan un rápido decaimiento de la corriente de la placa terminal y una incapacidad para alcanzar el umbral de despolarización y debilidad muscular progresiva de aparición precoz que tiene_su_base_material_en una mutación homocigota o heterocigota compuesta en el gen CHRND del cromosoma 2q37.,TRUE
http://purl.obolibrary.org/obo/DOID_0110666,congenital myasthenic syndrome 3A,A congenital myasthenic syndrome characterized by autosomal dominant inheritance of postsynaptic neuromuscular junction defects resulting in prolonged synaptic currents and early-onset progressive muscle weakness that has_material_basis_in heterozygous mutation in the CHRND gene on chromosome 2q37.,http://purl.obolibrary.org/obo/DOID_0110666,síndrome miasténico congénito 3A,Un síndrome miasténico congénito caracterizado por la herencia autosómica dominante de defectos postsinápticos de la unión neuromuscular que dan lugar a corrientes sinápticas prolongadas y debilidad muscular progresiva de aparición temprana que tiene_su_base_material_en mutación heterocigota en el gen CHRND en el cromosoma 2q37.,TRUE
http://purl.obolibrary.org/obo/DOID_0110667,congenital myasthenic syndrome 5,A congenital myasthenic syndrome characterized by autosomal recessive inheritance of a defect within the synapse at the neuromuscular junction resulting in prolonged synaptic currents and action potentials that has_material_basis_in homozygous or compound heterozygous mutation in the COLQ gene on chromosome 3p25.,http://purl.obolibrary.org/obo/DOID_0110667,síndrome miasténico congénito 5,Síndrome miasténico congénito caracterizado por la herencia autosómica recesiva de un defecto en la sinapsis de la unión neuromuscular que provoca corrientes sinápticas y potenciales de acción prolongados y que tiene_su_base_material_en una mutación homocigota o heterocigota compuesta en el gen COLQ del cromosoma 3p25.,TRUE
http://purl.obolibrary.org/obo/DOID_0110669,congenital myasthenic syndrome 14,A congenital myasthenic syndrome characterized by autosomal recessive inheritance of slowly progressive development of limb-girdle muscle weakness with onset in early childhood that has_material_basis_in homozygous mutation in the ALG2 gene on chromosome 9q22.,http://purl.obolibrary.org/obo/DOID_0110669,síndrome miasténico congénito 14,Síndrome miasténico congénito caracterizado por una herencia autosómica recesiva de desarrollo lentamente progresivo de debilidad muscular en las cinturas de las extremidades con inicio en la primera infancia que tiene_su_base_material_en una mutación homocigota en el gen ALG2 en el cromosoma 9q22.,TRUE
http://purl.obolibrary.org/obo/DOID_0110670,congenital myasthenic syndrome 9,"A congenital myasthenic syndrome characterized by autosomal recessive inheritance of defects in postsynaptic neuromuscular junctions, reduced miniature endplate potential amplitude, proximal muscle weakness and episodic respiratory insufficiency that has_material_basis_in homozygous or compound heterozygous mutation in the MUSK gene on chromosome 9q31.",http://purl.obolibrary.org/obo/DOID_0110670,síndrome miasténico congénito 9,"Síndrome miasténico congénito caracterizado por la herencia autosómica recesiva de defectos en las uniones neuromusculares postsinápticas, amplitud reducida del potencial de la placa terminal en miniatura, debilidad muscular proximal e insuficiencia respiratoria episódica que tiene_su_base_material_en mutación homocigota o heterocigota compuesta en el gen MUSK del cromosoma 9q31.",TRUE
http://purl.obolibrary.org/obo/DOID_0110671,congenital myasthenic syndrome 6,A congenital myasthenic syndrome characterized by autosomal recessive inheritance of a presynaptic defect resulting in onset of muscle weakeness in infancy or early childhood and a tendency to have sudden apneic episodes that has_material_basis_in homozygous or compound heterozygous mutation in the CHAT gene on chromosome 10q.,http://purl.obolibrary.org/obo/DOID_0110671,síndrome miasténico congénito 6,Síndrome miasténico congénito caracterizado por la herencia autosómica recesiva de un defecto presináptico que provoca la aparición de debilidad muscular en la infancia o la niñez temprana y una tendencia a sufrir episodios apneicos repentinos que tiene_su_base_material_en mutación homocigota o heterocigota compuesta en el gen CHAT del cromosoma 10q.,TRUE
http://purl.obolibrary.org/obo/DOID_0110672,congenital myasthenic syndrome 21,"A congenital myasthenic syndrome characterized by autosomal recessive inheritance of hypotonia, apneas, and feeding difficulties that has_material_basis_in homozygous or compound heterozygous mutation in the SLC18A3 gene on chromosome 10q11.",http://purl.obolibrary.org/obo/DOID_0110672,síndrome miasténico congénito 21,"Síndrome miasténico congénito caracterizado por la herencia autosómica recesiva de hipotonía, apneas y dificultades de alimentación que tiene_su_base_material_en una mutación homocigota o heterocigota compuesta en el gen SLC18A3 del cromosoma 10q11.",TRUE
http://purl.obolibrary.org/obo/DOID_0110673,congenital myasthenic syndrome 19,"A congenital myasthenic syndrome characterized by autosomal recessive inheritance of defects in the neuromuscular junction resulting in generalized muscle weakness, exercise intolerance, and respiratory insufficiency that has_material_basis_in homozygous mutation in the COL13A1 gene on chromosome 10q22.",http://purl.obolibrary.org/obo/DOID_0110673,síndrome miasténico congénito 19,"Síndrome miasténico congénito caracterizado por la herencia autosómica recesiva de defectos en la unión neuromuscular que provocan debilidad muscular generalizada, intolerancia al ejercicio e insuficiencia respiratoria que tiene_su_base_material_en una mutación homocigota en el gen COL13A1 del cromosoma 10q22.",TRUE
http://purl.obolibrary.org/obo/DOID_0110674,congenital myasthenic syndrome 17,A congenital myasthenic syndrome that has_material_basis_in compound heterozygous mutation in the LRP4 gene on chromosome 11p11.,http://purl.obolibrary.org/obo/DOID_0110674,síndrome miasténico congénito 17,Un síndrome miasténico congénito que tiene_su_base_material_en mutación heterocigota compuesta en el gen LRP4 en el cromosoma 11p11.,TRUE
http://purl.obolibrary.org/obo/DOID_0110675,congenital myasthenic syndrome 11,A congenital myasthenic syndrome characterized by autosomal recessive inheritance of low amplitude of the miniature endplate potential and current resulting from deficiency of Acetylcholine Receptor (AChR) at the endplate that has_material_basis_in homozygous or compound heterozygous mutation in the RAPSN gene on chromosome 11p11.,http://purl.obolibrary.org/obo/DOID_0110675,síndrome miasténico congénito 11,Síndrome miasténico congénito caracterizado por la herencia autosómica recesiva de baja amplitud del potencial de la placa terminal en miniatura y corriente resultante de la deficiencia del receptor de acetilcolina (AChR) en la placa terminal que tiene_su_base_material_en mutación homocigota o heterocigota compuesta en el gen RAPSN en el cromosoma 11p11.,TRUE
http://purl.obolibrary.org/obo/DOID_0110676,congenital myasthenic syndrome 13,"A congenital myasthenic syndrome characterized by autosomal recessive inheritance of proximal muscle weakness, decremental response to repeated nerve stimulation in EMG studies, and favorable response to acetylcholinesterase inhibitors that has_material_basis_in compound heterozygous mutation in the DPAGT1 gene on chromosome 11q23.",http://purl.obolibrary.org/obo/DOID_0110676,síndrome miasténico congénito 13,"Un síndrome miasténico congénito caracterizado por la herencia autosómica recesiva de debilidad muscular proximal, respuesta decremental a la estimulación nerviosa repetida en estudios EMG y respuesta favorable a los inhibidores de la acetilcolinesterasa que tiene_su_base_material_en mutación heterocigota compuesta en el gen DPAGT1 del cromosoma 11q23.",TRUE
http://purl.obolibrary.org/obo/DOID_0110677,congenital myasthenic syndrome 4B,"A congenital myasthenic syndrome characterized by autosomal recessive inheritance of postsynaptic neuromuscular junction defects, early-onset progressive muscle weakness, and kinetic abnormalities of the AChR channel that has_material_basis_in homozygous or compound heterozygous mutation in the CHRNE gene on chromosome 17p13.",http://purl.obolibrary.org/obo/DOID_0110677,síndrome miasténico congénito 4B,"Un síndrome miasténico congénito caracterizado por la herencia autosómica recesiva de defectos postsinápticos de la unión neuromuscular, debilidad muscular progresiva de aparición temprana y anomalías cinéticas del canal AChR que tiene_su_base_material_en mutación homocigota o heterocigota compuesta en el gen CHRNE del cromosoma 17p13.",TRUE
http://purl.obolibrary.org/obo/DOID_0110678,congenital myasthenic syndrome 4A,"A congenital myasthenic syndrome characterized by postsynaptic neuromuscular junction defects, early-onset progressive muscle weakness, and prolonged opening and activity of the acetylcholine receptor channel that has_material_basis_in heterozygous or rarely biallelic mutation in the CHRNE gene on chromosome 17p13.",http://purl.obolibrary.org/obo/DOID_0110678,síndrome miasténico congénito 4A,"Síndrome miasténico congénito caracterizado por defectos postsinápticos de la unión neuromuscular, debilidad muscular progresiva de aparición temprana y apertura y actividad prolongadas del canal receptor de acetilcolina que tiene_su_base_material_en mutación heterocigótica o raramente bialélica en el gen CHRNE del cromosoma 17p13.",TRUE
http://purl.obolibrary.org/obo/DOID_0110679,congenital myasthenic syndrome 4C,"A congenital myasthenic syndrome characterized by autosomal recessive inheritance of postsynaptic neuromuscular junction defects, early-onset muscle weakness, and low amplitude of the miniature endplate potential and current that has_material_basis_in homozygous or compound heterozygous mutation in the CHRNE gene on chromosome 17p13.",http://purl.obolibrary.org/obo/DOID_0110679,síndrome miasténico congénito 4C,"Síndrome miasténico congénito caracterizado por la herencia autosómica recesiva de defectos postsinápticos de la unión neuromuscular, debilidad muscular de aparición precoz y baja amplitud del potencial y corriente miniatura de la placa terminal que tiene_su_base_material_en mutación homocigota o heterocigota compuesta en el gen CHRNE del cromosoma 17p13.",TRUE
http://purl.obolibrary.org/obo/DOID_0110680,congenital myasthenic syndrome 2C,"A congenital myasthenic syndrome characterized by autosomal recessive inheritance of postsynaptic neuromuscular junction defects, early-onset muscle weakness, and low amplitude of the miniature endplate potential and current that has_material_basis_in compound heterozygous mutation in the CHRNB1 gene on chromosome 17p13.",http://purl.obolibrary.org/obo/DOID_0110680,síndrome miasténico congénito 2C,"Síndrome miasténico congénito caracterizado por la herencia autosómica recesiva de defectos postsinápticos de la unión neuromuscular, debilidad muscular de aparición precoz y baja amplitud del potencial y corriente miniatura de la placa terminal que tiene_su_base_material_en mutación heterocigota compuesta en el gen CHRNB1 del cromosoma 17p13.",TRUE
http://purl.obolibrary.org/obo/DOID_0110681,congenital myasthenic syndrome 2A,"A congenital myasthenic syndrome characterized by autosomal dominant inheritance of postsynaptic neuromuscular junction defects, early-onset progressive muscle weakness, and prolonged opening and activity of the acetylcholine receptor channel that has_material_basis_in heterozygous mutation in the CHRNB1 gene on chromosome 17p13.",http://purl.obolibrary.org/obo/DOID_0110681,síndrome miasténico congénito 2A,"Un síndrome miasténico congénito caracterizado por la herencia autosómica dominante de defectos postsinápticos de la unión neuromuscular, debilidad muscular progresiva de aparición temprana y apertura y actividad prolongadas del canal receptor de acetilcolina que tiene_su_base_material_en mutación heterocigota en el gen CHRNB1 del cromosoma 17p13.",TRUE
http://purl.obolibrary.org/obo/DOID_0110682,congenital myasthenic syndrome 16,A congenital myasthenic syndrome that has_material_basis_in heterozygous or homozygous mutation in the SCN4A gene on chromosome 17q23.,http://purl.obolibrary.org/obo/DOID_0110682,síndrome miasténico congénito 16,Un síndrome miasténico congénito que tiene_su_base_material_en una mutación heterocigota u homocigota en el gen SCN4A en el cromosoma 17q23.,TRUE
http://purl.obolibrary.org/obo/DOID_0110683,congenital myasthenic syndrome 18,"A congenital myasthenic syndrome characterized by autosomal dominant inheritance of presynaptic neuromuscular junction defects, early-onset muscle weakness, easy fatigability, delayed psychomotor development and ataxia that has_material_basis_in heterozygous mutation in the SNAP25 gene on chromosome 20p11.",http://purl.obolibrary.org/obo/DOID_0110683,síndrome miasténico congénito 18,"Síndrome miasténico congénito caracterizado por la herencia autosómica dominante de defectos presinápticos de la unión neuromuscular, debilidad muscular de aparición precoz, fatigabilidad fácil, retraso del desarrollo psicomotor y ataxia que tiene_su_base_material_en mutación heterocigota en el gen SNAP25 del cromosoma 20p11.",TRUE
http://purl.obolibrary.org/obo/DOID_0110711,congenital hypotrichosis with juvenile macular dystrophy,A hypotrichosis that has_material_basis_in a autosomal recessive mutation of the CDH3 gene on chromosome 16q22.1.,http://purl.obolibrary.org/obo/DOID_0110711,hipotricosis congénita con distrofia macular juvenil,Una hipotricosis que tiene_su_base_material_en una mutación autosómica recesiva del gen CDH3 en el cromosoma 16q22.1.,TRUE
http://purl.obolibrary.org/obo/DOID_0110712,Oguchi disease-1,"A congenital stationary night blindness characterized by congenital static night blindness, a golden or gray-white discoloration of the fundus that disappears in the dark-adapted state and typically normal function of all other visual functions that has_material_basis_in homozygous or compound heterozygous mutation in the SAG gene on chromosome 2q37.",http://purl.obolibrary.org/obo/DOID_0110712,enfermedad de Oguchi-1,"Una ceguera nocturna estacionaria congénita caracterizada por ceguera nocturna estática congénita, una decoloración dorada o gris-blanquecina del fondo de ojo que desaparece en el estado de adaptación a la oscuridad y un funcionamiento típicamente normal de todas las demás funciones visuales que tiene_su_base_material_en mutación homocigota o heterocigota compuesta en el gen SAG del cromosoma 2q37.",TRUE
http://purl.obolibrary.org/obo/DOID_0110713,Oguchi disease-2,"A congenital stationary night blindness characterized by congenital static night blindness, a golden or gray-white discoloration of the fundus that disappears in the dark-adapted state and typically normal function of all other visual functions that has_material_basis_in homozygous mutation in the GRK1 gene on chromosome 13q34.",http://purl.obolibrary.org/obo/DOID_0110713,enfermedad de Oguchi-2,"Una ceguera nocturna estacionaria congénita caracterizada por ceguera nocturna estática congénita, una decoloración dorada o gris-blanquecina del fondo de ojo que desaparece en el estado de adaptación a la oscuridad y un funcionamiento típicamente normal de todas las demás funciones visuales que tiene_su_base_material_en una mutación homocigota en el gen GRK1 del cromosoma 13q34.",TRUE
http://purl.obolibrary.org/obo/DOID_0110714,congenital stationary night blindness 1G,A congenital stationary night blindness characterized by autosomal recessive inheritance that has_material_basis_in homozygous mutation in the GNAT1 gene on chromosome 3p21.,http://purl.obolibrary.org/obo/DOID_0110714,ceguera nocturna estacionaria congénita 1G,Una ceguera nocturna estacionaria congénita caracterizada por una herencia autosómica recesiva que tiene_su_base_material_en una mutación homocigota en el gen GNAT1 del cromosoma 3p21.,TRUE
http://purl.obolibrary.org/obo/DOID_0110715,congenital stationary night blindness autosomal dominant 3,A congenital stationary night blindness characterized by autosomal dominant inheritance that has_material_basis_in heterozygous mutation in the GNAT1 gene on chromosome 3p21.,http://purl.obolibrary.org/obo/DOID_0110715,ceguera nocturna estacionaria congénita autosómica dominante 3,Una ceguera nocturna estacionaria congénita caracterizada por una herencia autosómica dominante que tiene_su_base_material_en una mutación heterocigota en el gen GNAT1 en el cromosoma 3p21.,TRUE
http://purl.obolibrary.org/obo/DOID_0110862,congenital stationary night blindness autosomal dominant 1,A congenital stationary night blindness characterized by autosomal dominant inheritance that has_material_basis_in mutations in the RHO gene on chromosome 3q22.1.,http://purl.obolibrary.org/obo/DOID_0110862,ceguera nocturna estacionaria congénita autosómica dominante 1,Una ceguera nocturna estacionaria congénita caracterizada por una herencia autosómica dominante que tiene_su_base_material_en mutaciones en el gen RHO del cromosoma 3q22.1.,TRUE
http://purl.obolibrary.org/obo/DOID_0110863,congenital stationary night blindness autosomal dominant 2,A congenital stationary night blindness characterized by autosomal dominant inhertance that has_material_basis_in heterozygous mutation in the PDE6B gene on chromosome 4p16.,http://purl.obolibrary.org/obo/DOID_0110863,ceguera nocturna estacionaria congénita autosómica dominante 2,Una ceguera nocturna estacionaria congénita caracterizada por una herencia autosómica dominante que tiene_su_base_material_en una mutación heterocigota en el gen PDE6B del cromosoma 4p16.,TRUE
http://purl.obolibrary.org/obo/DOID_0110864,congenital stationary night blindness 1F,A congenital stationary night blindness characterized by autosomal recessive inheritance that has_material_basis_in compound heterozygous mutation in the LRIT3 gene on chromosome 4q25.,http://purl.obolibrary.org/obo/DOID_0110864,ceguera nocturna estacionaria congénita 1F,Una ceguera nocturna estacionaria congénita caracterizada por una herencia autosómica recesiva que tiene_su_base_material_en una mutación heterocigota compuesta en el gen LRIT3 del cromosoma 4q25.,TRUE
http://purl.obolibrary.org/obo/DOID_0110865,congenital stationary night blindness 1B,A congenital stationary night blindness characterized by autosomal recessive inheritance that has_material_basis_in mutation in the GRM6 gene on chromosome 5q35.,http://purl.obolibrary.org/obo/DOID_0110865,ceguera nocturna estacionaria congénita 1B,Una ceguera nocturna estacionaria congénita caracterizada por una herencia autosómica recesiva que tiene_su_base_material_en mutación en el gen GRM6 del cromosoma 5q35.,TRUE
http://purl.obolibrary.org/obo/DOID_0110866,congenital stationary night blindness 1H,A congenital stationary night blindness characterized by autosomal recessive inheritance that has_material_basis_in homozygous or compound heterozygous mutation in the GNB3 gene on chromosome 12p13.,http://purl.obolibrary.org/obo/DOID_0110866,ceguera nocturna estacionaria congénita 1H,Una ceguera nocturna estacionaria congénita caracterizada por una herencia autosómica recesiva que tiene_su_base_material_en una mutación homocigota o heterocigota compuesta en el gen GNB3 del cromosoma 12p13.,TRUE
http://purl.obolibrary.org/obo/DOID_0110867,congenital stationary night blindness 1C,A congenital stationary night blindness characterized by autosomal recessive that has_material_basis_in homozygous or compound heterozygous mutation in the TRPM1 gene on chromosome 15q13-q14.,http://purl.obolibrary.org/obo/DOID_0110867,ceguera nocturna estacionaria congénita 1C,Una ceguera nocturna estacionaria congénita caracterizada por autosómica recesiva que tiene_su_base_material_en mutación homocigota o heterocigota compuesta en el gen TRPM1 en el cromosoma 15q13-q14.,TRUE
http://purl.obolibrary.org/obo/DOID_0110868,congenital stationary night blindness 1D,A congenital stationary night blindness characterized by autosomal recessive inheritance that has_material_basis_in homozygous mutation in the SLC24A1 gene on chromosome 15q22.,http://purl.obolibrary.org/obo/DOID_0110868,ceguera nocturna estacionaria congénita 1D,Una ceguera nocturna estacionaria congénita caracterizada por una herencia autosómica recesiva que tiene_su_base_material_en una mutación homocigota en el gen SLC24A1 del cromosoma 15q22.,TRUE
http://purl.obolibrary.org/obo/DOID_0110869,congenital stationary night blindness 1E,A congenital stationary night blindness characterized by autosomal recessive inheritance that has_material_basis_in homozygous or compound heterozygous mutation in the GPR179 gene on chromosome 17q12.,http://purl.obolibrary.org/obo/DOID_0110869,ceguera nocturna estacionaria congénita 1E,Una ceguera nocturna estacionaria congénita caracterizada por una herencia autosómica recesiva que tiene_su_base_material_en una mutación homocigota o heterocigota compuesta en el gen GPR179 del cromosoma 17q12.,TRUE
http://purl.obolibrary.org/obo/DOID_0110870,congenital stationary night blindness 1A,A congenital stationary night blindness that has_material_basis_in mutation in the NYX gene on chromosome Xp11.4.,http://purl.obolibrary.org/obo/DOID_0110870,ceguera nocturna estacionaria congénita 1A,Una ceguera nocturna estacionaria congénita que tiene_su_base_material_en mutación en el gen NYX en el cromosoma Xp11.4.,TRUE
http://purl.obolibrary.org/obo/DOID_0110871,congenital stationary night blindness 2A,A congenital stationary night blindness that has_material_basis_in mutation in the CACNA1F gene on chromosome Xp11.23.,http://purl.obolibrary.org/obo/DOID_0110871,ceguera nocturna estacionaria congénita 2A,Una ceguera nocturna estacionaria congénita que tiene_su_base_material_en mutación en el gen CACNA1F en el cromosoma Xp11.23.,TRUE
http://purl.obolibrary.org/obo/DOID_0110872,holoprosencephaly 2,A holoprosencephaly that has_material_basis_in mutation in the homeobox-containing SIX3 gene on chromosome 2p21.,http://purl.obolibrary.org/obo/DOID_0110872,holoprosencefalia 2,Una holoprosencefalia que tiene_su_base_material_en mutación en el gen SIX3 que contiene homeobox en el cromosoma 2p21.,TRUE
http://purl.obolibrary.org/obo/DOID_4621,holoprosencephaly,A congenital nervous system abnormality characterized by failed or incomplete separation of the forebrain early in gestation; it is accompanied by a spectrum of characteristic craniofacial anomalies.,http://purl.obolibrary.org/obo/DOID_4621,holoprosencefalia,Anomalía congénita del sistema nervioso caracterizada por una separación fallida o incompleta del cerebro anterior al principio de la gestación ;que se acompaña de un espectro de anomalías craneofaciales características.,TRUE
http://purl.obolibrary.org/obo/DOID_0110873,holoprosencephaly 9,A holoprosencephaly that has_material_basis_in heterozygous mutation in the GLI2 gene on chromosome 2q14.,http://purl.obolibrary.org/obo/DOID_0110873,holoprosencefalia 9,Una holoprosencefalia que tiene_su_base_material_en una mutación heterocigota en el gen GLI2 del cromosoma 2q14.,TRUE
http://purl.obolibrary.org/obo/DOID_0110874,holoprosencephaly 6,A holoprosencephaly that has_material_basis_in variation in the chromosome region 2q37.1-q37.3.,http://purl.obolibrary.org/obo/DOID_0110874,holoprosencefalia 6,Una holoprosencefalia que tiene_su_base_material_en la variación de la región cromosómica 2q37.1-q37.3.,TRUE
http://purl.obolibrary.org/obo/DOID_0110875,holoprosencephaly 3,A holoprosencephaly that has_material_basis_in heterozygous mutation in the SHH gene on chromosome 7q36.,http://purl.obolibrary.org/obo/DOID_0110875,holoprosencefalia 3,Una holoprosencefalia que tiene_su_base_material_en una mutación heterocigota en el gen SHH del cromosoma 7q36.,TRUE
http://purl.obolibrary.org/obo/DOID_0110876,holoprosencephaly 7,A holoprosencephaly that has_material_basis_in heterozygous mutation in the PTCH1 gene on chromosome 9q22.,http://purl.obolibrary.org/obo/DOID_0110876,holoprosencefalia 7,Una holoprosencefalia que tiene_su_base_material_en una mutación heterocigota en el gen PTCH1 del cromosoma 9q22.,TRUE
http://purl.obolibrary.org/obo/DOID_0110877,holoprosencephaly 11,A holoprosencephaly that has_material_basis_in heterozygous mutation in the CDON gene on chromosome 11q24.,http://purl.obolibrary.org/obo/DOID_0110877,holoprosencefalia 11,Una holoprosencefalia que tiene_su_base_material_en una mutación heterocigota en el gen CDON del cromosoma 11q24.,TRUE
http://purl.obolibrary.org/obo/DOID_0110878,holoprosencephaly 5,A holoprosencephaly that has_material_basis_in heterozygous mutation in the ZIC2 gene on chromosome 13q32.,http://purl.obolibrary.org/obo/DOID_0110878,holoprosencefalia 5,Una holoprosencefalia que tiene_su_base_material_en una mutación heterocigota en el gen ZIC2 del cromosoma 13q32.,TRUE
http://purl.obolibrary.org/obo/DOID_0110879,holoprosencephaly 8,A holoprosencephaly that has_material_basis_in variation in the chromosome region 14q13.,http://purl.obolibrary.org/obo/DOID_0110879,holoprosencefalia 8,Una holoprosencefalia que tiene_su_base_material_en la variación de la región cromosómica 14q13.,TRUE
http://purl.obolibrary.org/obo/DOID_0110880,holoprosencephaly 4,A holoprosencephaly that has_material_basis_in heterozygous mutation in the TGIF gene on chromosome 18p11.,http://purl.obolibrary.org/obo/DOID_0110880,holoprosencefalia 4,Una holoprosencefalia que tiene_su_base_material_en una mutación heterocigota en el gen TGIF del cromosoma 18p11.,TRUE
http://purl.obolibrary.org/obo/DOID_0110881,holoprosencephaly 1,A holoprosencephaly that has_material_basis_in variation in the chromosome region 21q22.3.,http://purl.obolibrary.org/obo/DOID_0110881,holoprosencefalia 1,Una holoprosencefalia que tiene_su_base_material_en la variación de la región cromosómica 21q22.3.,TRUE
http://purl.obolibrary.org/obo/DOID_0110916,hereditary spherocytosis type 1,A hereditary spherocytosis that has_material_basis_in an autosomal dominant mutation of the ANK1 gene on chromosome 8p11.21.,http://purl.obolibrary.org/obo/DOID_0110916,esferocitosis hereditaria tipo 1,Una esferocitosis hereditaria que tiene_su_base_material_en una mutación autosómica dominante del gen ANK1 en el cromosoma 8p11.21.,TRUE
http://purl.obolibrary.org/obo/DOID_12971,hereditary spherocytosis,"A congenital hemolytic anemia characterized by the production of red blood cells with a sphere shape, rather than the normal biconcave disk shape.",http://purl.obolibrary.org/obo/DOID_12971,esferocitosis hereditaria,"Anemia hemolítica congénita caracterizada por la producción de glóbulos rojos con forma de esfera, en lugar de la forma normal de disco bicóncavo.",TRUE
http://purl.obolibrary.org/obo/DOID_0110917,hereditary spherocytosis type 2,A hereditary spherocytosis that has_material_basis_in an autosomal dominant mutation of the SPTB gene on chromosome 14q23.3.,http://purl.obolibrary.org/obo/DOID_0110917,esferocitosis hereditaria tipo 2,Una esferocitosis hereditaria que tiene_su_base_material_en una mutación autosómica dominante del gen SPTB en el cromosoma 14q23.3.,TRUE
http://purl.obolibrary.org/obo/DOID_0110918,hereditary spherocytosis type 3,A hereditary spherocytosis that has_material_basis_in an autosomal dominant mutation of the SPTA1 gene on chromosome 1q23.1.,http://purl.obolibrary.org/obo/DOID_0110918,esferocitosis hereditaria tipo 3,Una esferocitosis hereditaria que tiene_su_base_material_en una mutación autosómica dominante del gen SPTA1 en el cromosoma 1q23.1.,TRUE
http://purl.obolibrary.org/obo/DOID_0110919,hereditary spherocytosis type 4,A hereditary spherocytosis that has_material_basis_in an autosomal dominant mutation of the SLC4A1 gene on chromosome 17q21.31.,http://purl.obolibrary.org/obo/DOID_0110919,esferocitosis hereditaria tipo 4,Una esferocitosis hereditaria que tiene_su_base_material_en una mutación autosómica dominante del gen SLC4A1 en el cromosoma 17q21.31.,TRUE
http://purl.obolibrary.org/obo/DOID_0110920,hereditary spherocytosis type 5,A hereditary spherocytosis that has_material_basis_in a mutation of the EPB42 gene on chromosome 15q15.2.,http://purl.obolibrary.org/obo/DOID_0110920,esferocitosis hereditaria tipo 5,Una esferocitosis hereditaria que tiene_su_base_material en una mutación del gen EPB42 en el cromosoma 15q15.2.,TRUE
http://purl.obolibrary.org/obo/DOID_0111066,congenital bile acid synthesis defect 5,"A congenital bile acid synthesis defect characterized by hepatomegaly, liver fibrosis and failure, splenomegaly, and elevated plasma levels of bile acid intermediates that has_material_basis_in homozygous mutation in the ABCD3 gene on chromosome 1p21.",http://purl.obolibrary.org/obo/DOID_0111066,defecto congénito de la síntesis de ácidos biliares 5,"Defecto congénito de la síntesis de ácidos biliares caracterizado por hepatomegalia, fibrosis e insuficiencia hepáticas, esplenomegalia y niveles plasmáticos elevados de intermediarios de ácidos biliares que tiene_su_base_material_en una mutación homocigota en el gen ABCD3 del cromosoma 1p21.",TRUE
http://purl.obolibrary.org/obo/DOID_0111067,congenital bile acid synthesis defect 6,"A congenital bile acid synthesis defect characterized by increased liver enzymes, decreased cholesterol, and increased serum and urine levels of bile acid intermediates that has_material_basis_in homozygous mutation in the ACOX2 gene on chromosome 3p14.",http://purl.obolibrary.org/obo/DOID_0111067,defecto congénito de la síntesis de ácidos biliares 6,"Defecto congénito de la síntesis de ácidos biliares caracterizado por un aumento de las enzimas hepáticas, una disminución del colesterol y un aumento de los niveles séricos y urinarios de intermediarios de ácidos biliares que tiene_su_base_material_en una mutación homocigota en el gen ACOX2 del cromosoma 3p14.",TRUE
http://purl.obolibrary.org/obo/DOID_0111068,congenital bile acid synthesis defect 4,"A congenital bile acid synthesis defect characterized by intrahepatic cholestasis, malabsorption of fat and fat-soluble vitamins, decreased serum cholesterol, and increased levels of THCA in bile, serum and urine that has_material_basis_in homozygous mutation in the AMACR gene on chromosome 5p13.",http://purl.obolibrary.org/obo/DOID_0111068,defecto congénito de la síntesis de ácidos biliares 4,"Defecto congénito de la síntesis de ácidos biliares caracterizado por colestasis intrahepática, malabsorción de grasas y vitaminas liposolubles, disminución del colesterol sérico y aumento de los niveles de THCA en la bilis, el suero y la orina que tiene_su_base_material_en una mutación homocigota en el gen AMACR del cromosoma 5p13.",TRUE
http://purl.obolibrary.org/obo/DOID_0111069,congenital bile acid synthesis defect 2,"A congenital bile acid synthesis defect characterized by rapid progession of severe cholestatic liver disease, decreased levels of chenodeoxycholic acid and cholic acid in the serum and urine, and malabsorption of fat and fat-soluble vitamins that has_material_basis_in homozygous or compound heterozygous mutation in the AKR1D1 gene on chromosome 7q33.",http://purl.obolibrary.org/obo/DOID_0111069,defecto congénito de la síntesis de ácidos biliares 2,"Defecto congénito de la síntesis de ácidos biliares caracterizado por la rápida progresión de una enfermedad hepática colestásica grave, niveles disminuidos de ácido quenodesoxicólico y ácido cólico en suero y orina, y malabsorción de grasas y vitaminas liposolubles que tiene_su_base_material_en una mutación homocigota o heterocigota compuesta en el gen AKR1D1 del cromosoma 7q33.",TRUE
http://purl.obolibrary.org/obo/DOID_0111070,congenital bile acid synthesis defect 3,"A congenital bile acid synthesis defect characterized by intrahepatic cholestasis, malabsorption of fat and fat-soluble vitamins, and increased serum bilirubin that has_material_basis_in homozygous mutation in the CYP7B1 gene on chromosome 8q12.",http://purl.obolibrary.org/obo/DOID_0111070,defecto congénito de la síntesis de ácidos biliares 3,"Defecto congénito de la síntesis de ácidos biliares caracterizado por colestasis intrahepática, malabsorción de grasas y vitaminas liposolubles y aumento de la bilirrubina sérica que tiene_su_base_material_en una mutación homocigota en el gen CYP7B1 del cromosoma 8q12.",TRUE
http://purl.obolibrary.org/obo/DOID_0111071,congenital bile acid synthesis defect 1,"A congenital bile acid synthesis defect characterized by progressive cholestatic liver disease, giant cell hepatitis, malabsorption of fat and fat-soluble vitamins, increased serum bilirubin and decreased serum cholesterol that has_material_basis_in homozygous or compound heterozygous mutation in the HSD3B7 gene on chromosome 16p.",http://purl.obolibrary.org/obo/DOID_0111071,defecto congénito de la síntesis de ácidos biliares 1,"Defecto congénito de la síntesis de ácidos biliares caracterizado por enfermedad hepática colestásica progresiva, hepatitis de células gigantes, malabsorción de grasas y vitaminas liposolubles, aumento de la bilirrubina sérica y disminución del colesterol sérico que tiene_su_base_material_en mutación homocigota o heterocigota compuesta en el gen HSD3B7 del cromosoma 16p.",TRUE
http://purl.obolibrary.org/obo/DOID_0111077,pyruvate kinase deficiency of red cells,A congenital nonspherocytic hemolytic anemia that has_material_basis_in homozygous or compound heterozygous mutation in the PKLR gene on chromosome 1q22.,http://purl.obolibrary.org/obo/DOID_0111077,deficiencia de piruvato quinasa de los glóbulos rojos,Una anemia hemolítica congénita no esferocítica que tiene_su_base_material_en una mutación homocigota o heterocigota compuesta en el gen PKLR del cromosoma 1q22.,TRUE
http://purl.obolibrary.org/obo/DOID_2861,congenital nonspherocytic hemolytic anemia,NA,http://purl.obolibrary.org/obo/DOID_2861,anemia hemolítica congénita no esferocítica,NA,TRUE
http://purl.obolibrary.org/obo/DOID_0111080,Fanconi anemia complementation group V,A Fanconi anemia that has_material_basis_in homozygous mutation in the MAD2L2 gene on chromosome 1p36.,http://purl.obolibrary.org/obo/DOID_0111080,Anemia de Fanconi grupo de complementación V,Una anemia de Fanconi que tiene_su_base_material_en una mutación homocigota en el gen MAD2L2 en el cromosoma 1p36.,TRUE
http://purl.obolibrary.org/obo/DOID_13636,Fanconi anemia,"A congenital hypoplastic anemia characterized by progressive pancytopenia with bone marrow failure, variable congenital malformations and predisposition to develop hematological or solid tumors. It is a result of a genetic defect in a cluster of proteins responsible for DNA repair.",http://purl.obolibrary.org/obo/DOID_13636,anemia de Fanconi,"Una anemia hipoplásica congénita caracterizada por una pancitopenia progresiva con insuficiencia de la médula ósea, malformaciones congénitas variables y predisposición a desarrollar tumores hematológicos o sólidos. Es el resultado de un defecto genético en un grupo de proteínas responsables de la reparación del ADN.",TRUE
http://purl.obolibrary.org/obo/DOID_0111081,Fanconi anemia complementation group T,A Fanconi anemia that has_material_basis_in compound heterozygous mutation in the UBE2T gene on chromosome 1q32.,http://purl.obolibrary.org/obo/DOID_0111081,Anemia de Fanconi grupo de complementación T,Una anemia de Fanconi que tiene_su_base_material_en mutación heterocigota compuesta en el gen UBE2T en el cromosoma 1q32.,TRUE
http://purl.obolibrary.org/obo/DOID_0111082,Fanconi anemia complementation group L,A Fanconi anemia that has_material_basis_in homozygous or compound heterozygous mutation in the PHF9 gene on chromosome 2p16.,http://purl.obolibrary.org/obo/DOID_0111082,Anemia de Fanconi grupo de complementación L,Una anemia de Fanconi que tiene_su_base_material_en una mutación homocigota o heterocigota compuesta en el gen PHF9 del cromosoma 2p16.,TRUE
http://purl.obolibrary.org/obo/DOID_0111083,Fanconi anemia complementation group D2,A Fanconi anemia that has_material_basis_in compound heterozygous or homozygous mutation in the FANCD2 gene on chromosome 3p25.,http://purl.obolibrary.org/obo/DOID_0111083,Grupo de complementación de la anemia de Fanconi D2,Una anemia de Fanconi que tiene_su_base_material_en una mutación heterocigota u homocigota compuesta en el gen FANCD2 del cromosoma 3p25.,TRUE
http://purl.obolibrary.org/obo/DOID_0111084,Fanconi anemia complementation group E,A Fanconi anemia that has_material_basis_in homozygous mutation in the FANCE gene on chromosome 6p22-p21.,http://purl.obolibrary.org/obo/DOID_0111084,Anemia de Fanconi grupo de complementación E,Una anemia de Fanconi que tiene_su_base_material_en mutación homocigota en el gen FANCE en el cromosoma 6p22-p21.,TRUE
http://purl.obolibrary.org/obo/DOID_0111085,Fanconi anemia complementation group U,A Fanconi anemia that has_material_basis_in homozygous mutation in the XRCC2 gene on chromosome 7q36.,http://purl.obolibrary.org/obo/DOID_0111085,Anemia de Fanconi grupo de complementación U,Una anemia de Fanconi que tiene_su_base_material_en una mutación homocigota en el gen XRCC2 en el cromosoma 7q36.,TRUE
http://purl.obolibrary.org/obo/DOID_0111086,Fanconi anemia complementation group G,A Fanconi anemia that has_material_basis_in homozygous or compound heterozygous mutation in the XRCC9 gene on chromosome 9p13.,http://purl.obolibrary.org/obo/DOID_0111086,Anemia de Fanconi grupo de complementación G,Una anemia de Fanconi que tiene_su_base_material_en una mutación homocigota o heterocigota compuesta en el gen XRCC9 en el cromosoma 9p13.,TRUE
http://purl.obolibrary.org/obo/DOID_0111087,Fanconi anemia complementation group C,A Fanconi anemia that has_material_basis_in homozygous or compound heterozygous mutation in the FANCC gene on chromosome 9q22.,http://purl.obolibrary.org/obo/DOID_0111087,Anemia de Fanconi grupo de complementación C,Una anemia de Fanconi que tiene_su_base_material_en mutación homocigota o heterocigota compuesta en el gen FANCC en el cromosoma 9q22.,TRUE
http://purl.obolibrary.org/obo/DOID_0111088,Fanconi anemia complementation group F,A Fanconi anemia that has_material_basis_in homozygous or compound heterozygous mutation in the FANCF gene on chromosome 11p15.,http://purl.obolibrary.org/obo/DOID_0111088,Fanconi anemia complementación grupo F,Una anemia de Fanconi que tiene_su_base_material_en homocigoto o heterocigoto compuesto mutación en el gen FANCF en el cromosoma 11p15.,TRUE
http://purl.obolibrary.org/obo/DOID_0111089,Fanconi anemia complementation group D1,A Fanconi anemia that has_material_basis_in homozygous or compound heterozygous mutation in the BRCA2 gene on chromosome 13q13.,http://purl.obolibrary.org/obo/DOID_0111089,Grupo de complementación de la anemia de Fanconi D1,Una anemia de Fanconi que tiene_su_base_material_en una mutación homocigota o heterocigota compuesta en el gen BRCA2 del cromosoma 13q13.,TRUE
http://purl.obolibrary.org/obo/DOID_0111090,Fanconi anemia complementation group R,A Fanconi anemia that has_material_basis_in heterozygous mutation in the RAD51 gene on chromosome 15q15.,http://purl.obolibrary.org/obo/DOID_0111090,Anemia de Fanconi grupo de complementación R,Una anemia de Fanconi que tiene_su_base_material_en mutación heterocigota en el gen RAD51 en el cromosoma 15q15.,TRUE
http://purl.obolibrary.org/obo/DOID_0111091,Fanconi anemia complementation group I,A Fanconi anemia that has_material_basis_in homozygous or compound heterozygous mutation in the FANCI gene on chromosome 15q26.,http://purl.obolibrary.org/obo/DOID_0111091,Anemia de Fanconi grupo de complementación I,Una anemia de Fanconi que tiene_su_base_material_en una mutación homocigota o heterocigota compuesta en el gen FANCI en el cromosoma 15q26.,TRUE
http://purl.obolibrary.org/obo/DOID_0111092,Fanconi anemia complementation group P,"A Fanconi anemia characterized by increased chromosomal instability, progressive bone marrow failure and in some cases skeletal abnormalities that has_material_basis_in homozygous or compound heterozygous mutation in the SLX4 gene on chromosome 16p13.3.",http://purl.obolibrary.org/obo/DOID_0111092,anemia de Fanconi grupo de complementación P,"Una anemia de Fanconi caracterizada por una mayor inestabilidad cromosómica, insuficiencia progresiva de la médula ósea y, en algunos casos, anomalías esqueléticas que tiene_su_base_material_en una mutación homocigota o heterocigota compuesta en el gen SLX4 del cromosoma 16p13.3.",TRUE
http://purl.obolibrary.org/obo/DOID_0111093,Fanconi anemia complementation group Q,A Fanconi anemia that has_material_basis_in compound heterozygous mutation in the ERCC4 gene on chromosome 16p13.,http://purl.obolibrary.org/obo/DOID_0111093,Anemia de Fanconi grupo de complementación Q,Una anemia de Fanconi que tiene_su_base_material_en mutación heterocigota compuesta en el gen ERCC4 en el cromosoma 16p13.,TRUE
http://purl.obolibrary.org/obo/DOID_0111094,Fanconi anemia complementation group N,A Fanconi anemia that has_material_basis_in compound heterozygous mutation in the PALB2 gene on chromosome 16p12.,http://purl.obolibrary.org/obo/DOID_0111094,Anemia de Fanconi grupo de complementación N,Una anemia de Fanconi que tiene_su_base_material_en mutación heterocigota compuesta en el gen PALB2 en el cromosoma 16p12.,TRUE
http://purl.obolibrary.org/obo/DOID_0111095,Fanconi anemia complementation group A,A Fanconi anemia that has_material_basis_in homozygous or compound heterozygous mutation in the FANCA gene on chromosome 16q24.,http://purl.obolibrary.org/obo/DOID_0111095,Anemia de Fanconi grupo de complementación A,Una anemia de Fanconi que tiene_su_base_material_en mutación homocigota o heterocigota compuesta en el gen FANCA en el cromosoma 16q24.,TRUE
http://purl.obolibrary.org/obo/DOID_0111096,Fanconi anemia complementation group O,A Fanconi anemia that has_material_basis_in homozygous mutation in the RAD51C gene on chromosome 17q21-q24.,http://purl.obolibrary.org/obo/DOID_0111096,Anemia de Fanconi grupo de complementación O,Una anemia de Fanconi que tiene_su_base_material_en mutación homocigota en el gen RAD51C en el cromosoma 17q21-q24.,TRUE
http://purl.obolibrary.org/obo/DOID_0111097,Fanconi anemia complementation group J,A Fanconi anemia that has_material_basis_in homozygous or compound heterozygous mutation in the BRIP1 gene on chromosome 17q22.,http://purl.obolibrary.org/obo/DOID_0111097,Anemia de Fanconi grupo de complementación J,Una anemia de Fanconi que tiene_su_base_material_en una mutación homocigota o heterocigota compuesta en el gen BRIP1 en el cromosoma 17q22.,TRUE
http://purl.obolibrary.org/obo/DOID_0111098,Fanconi anemia complementation group B,A Fanconi anemia that has_material_basis_in mutation in the FANCB gene on chromosome Xp22.,http://purl.obolibrary.org/obo/DOID_0111098,Anemia de Fanconi grupo de complementación B,Una anemia de Fanconi que tiene_su_base_material_en mutación en el gen FANCB en el cromosoma Xp22.,TRUE
http://purl.obolibrary.org/obo/DOID_0111135,congenital generalized lipodystrophy type 1,A congenital generalized lipodystrophy that has_material_basis_in an autosomal recessive mutation of AGPAT2 on chromosome 9q34.3.,http://purl.obolibrary.org/obo/DOID_0111135,lipodistrofia generalizada congénita tipo 1,Una lipodistrofia generalizada congénita que tiene_su_base_material_en una mutación autosómica recesiva de AGPAT2 en el cromosoma 9q34.3.,TRUE
http://purl.obolibrary.org/obo/DOID_0111136,congenital generalized lipodystrophy type 2,A congenital generalized lipodystrophy that has_material_basis_in an autosomal recessive mutation of BSCL2 on chromosome 11q12.3.,http://purl.obolibrary.org/obo/DOID_0111136,lipodistrofia generalizada congénita tipo 2,Una lipodistrofia generalizada congénita que tiene_su_base_material_en una mutación autosómica recesiva del BSCL2 en el cromosoma 11q12.3.,TRUE
http://purl.obolibrary.org/obo/DOID_0111137,congenital generalized lipodystrophy type 3,A congenital generalized lipodystrophy that has_material_basis_in an autosomal recessive mutation of CAV1 on chromosome 7q31.2.,http://purl.obolibrary.org/obo/DOID_0111137,lipodistrofia generalizada congénita tipo 3,Una lipodistrofia generalizada congénita que tiene_su_base_material_en una mutación autosómica recesiva de CAV1 en el cromosoma 7q31.2.,TRUE
http://purl.obolibrary.org/obo/DOID_0111138,congenital generalized lipodystrophy type 4,A congenital generalized lipodystrophy that has_material_basis_in an autosomal recessive mutation of CAVIN1 on chromosome 17q21.2.,http://purl.obolibrary.org/obo/DOID_0111138,lipodistrofia generalizada congénita tipo 4,Una lipodistrofia generalizada congénita que tiene_su_base_material_en una mutación autosómica recesiva de CAVIN1 en el cromosoma 17q21.2.,TRUE
http://purl.obolibrary.org/obo/DOID_0111153,congenital mirror movement disorder,A movement disease characterized by involuntary movements of one side of the body that mirror intentional movements on the opposite side primarily involving the upper limbs.,http://purl.obolibrary.org/obo/DOID_0111153,trastorno congénito del movimiento en espejo,Enfermedad del movimiento caracterizada por movimientos involuntarios de un lado del cuerpo que reflejan los movimientos intencionados del lado opuesto y que afecta principalmente a las extremidades superiores.,TRUE
http://purl.obolibrary.org/obo/DOID_0111169,subcortical band heterotopia,A congenital nervous system abnormality characterized by migration of neurons to ectopic locations in the brain where the neurons form areas that appear as band-like clusters of white tissue underneath the gray tissue of the cerebral cortex.,http://purl.obolibrary.org/obo/DOID_0111169,heterotopía subcortical en banda,Anomalía congénita del sistema nervioso caracterizada por la migración de neuronas a lugares ectópicos del cerebro donde las neuronas forman zonas que aparecen como grupos de tejido blanco en banda bajo el tejido gris de la corteza cerebral.,TRUE
http://purl.obolibrary.org/obo/DOID_0111216,autosomal recessive centronuclear myopathy,A centronuclear myopathy that has_material_basis_in autosomal recessive inheritance.,http://purl.obolibrary.org/obo/DOID_0111216,miopatía centronuclear autosómica recesiva,Una miopatía centronuclear que tiene_su_base_material_en la herencia autosómica recesiva.,TRUE
http://purl.obolibrary.org/obo/DOID_14717,centronuclear myopathy,"A congenital structural myopathy characterized by abnormally located nuclei in skeletal muscle cells. The nuclei are located in the center of the cell, instead of their normal location at the periphery.",http://purl.obolibrary.org/obo/DOID_14717,miopatía centronuclear,"Una miopatía estructural congénita caracterizada por núcleos anormalmente localizados en las células musculares esqueléticas. Los núcleos están situados en el centro de la célula, en lugar de su ubicación normal en la periferia.",TRUE
http://purl.obolibrary.org/obo/DOID_0111217,autosomal dominant centronuclear myopathy,A centronuclear myopathy that has_material_basis_in autosomal dominant inheritance.,http://purl.obolibrary.org/obo/DOID_0111217,miopatía centronuclear autosómica dominante,Una miopatía centronuclear que tiene_su_base_material_en la herencia autosómica dominante.,TRUE
http://purl.obolibrary.org/obo/DOID_0111220,centronuclear myopathy 2,An autosomal recessive centronuclear myopathy that has_material_basis_in homozygous or compound heterozygous mutation in BIN1 on 2q14.3.,http://purl.obolibrary.org/obo/DOID_0111220,miopatía centronuclear 2,Una miopatía centronuclear autosómica recesiva que tiene_su_base_material_en mutación homocigota o heterocigota compuesta en BIN1 en 2q14.3.,TRUE
http://purl.obolibrary.org/obo/DOID_0111221,centronuclear myopathy 6 with fiber-type disproportion,An autosomal recessive centronuclear myopathy that is characterized by onset in infancy or early childhood of slowly progressive centronuclear myopathy that has_material_basis_in homozygous or compound heterozygous mutation in the ZAK gene on 2q31.1.,http://purl.obolibrary.org/obo/DOID_0111221,miopatía centronuclear 6 con desproporción de fibras,Una miopatía centronuclear autosómica recesiva que se caracteriza por la aparición en la infancia o la niñez temprana de una miopatía centronuclear lentamente progresiva que tiene_su_base_material_en mutación homocigota o heterocigota compuesta en el gen ZAK en 2q31.1.,TRUE
http://purl.obolibrary.org/obo/DOID_0111222,centronuclear myopathy 5,"An autosomal recessive centronuclear myopathy characterized by severe neonatal hypotonia, respiratory insufficiency, and difficulty feeding that has_material_basis_in homozygous or compound heterozygous mutation in SPEG on 2q35.",http://purl.obolibrary.org/obo/DOID_0111222,miopatía centronuclear 5,"Una miopatía centronuclear autosómica recesiva caracterizada por hipotonía neonatal grave, insuficiencia respiratoria y dificultad para alimentarse que tiene_su_base_material_en mutación homocigota o heterocigota compuesta en SPEG en 2q35.",TRUE
http://purl.obolibrary.org/obo/DOID_0111223,centronuclear myopathy 1,"An autosomal dominant centronuclear myopathy characterized by slowly progressive muscle wasting and weakness involving mainly the limb girdle, trunk, and neck muscles that has_material_basis_in heterozygous mutation in DNM2 on 19p13.2.",http://purl.obolibrary.org/obo/DOID_0111223,miopatía centronuclear 1,"Una miopatía centronuclear autosómica dominante caracterizada por un desgaste muscular lentamente progresivo y debilidad que afecta principalmente a los músculos de la cintura de las extremidades, el tronco y el cuello que tiene_su_base_material_en mutación heterocigota en DNM2 en 19p13.2.",TRUE
http://purl.obolibrary.org/obo/DOID_0111224,centronuclear myopathy 4,An autosomal dominant centronuclear myopathy that has_material_basis_in heterozygous mutation in CCDC78 on 16p13.3.,http://purl.obolibrary.org/obo/DOID_0111224,miopatía centronuclear 4,Una miopatía centronuclear autosómica dominante que tiene_su_base_material_en mutación heterocigota en CCDC78 en 16p13.3.,TRUE
http://purl.obolibrary.org/obo/DOID_0111225,centronuclear myopathy X-linked,A centronuclear myopathy that has_material_basis_in X-linked inheritance of mutations in MTM1 on Xq28.,http://purl.obolibrary.org/obo/DOID_0111225,miopatía centronuclear ligada al cromosoma X,Una miopatía centronuclear que tiene_su_base_material_en la herencia ligada al cromosoma X de mutaciones en MTM1 en Xq28.,TRUE
http://purl.obolibrary.org/obo/DOID_0111226,X-linked congenital myopathy with fiber-type disproportion,"A congenital fiber-type disproportion characterized by bilateral ptosis, facial weakness, impaired suckling, generalized hypotonia, and respiratory insufficiency that has_material_basis_in mutation in the chromosome region Xq13.1-q22.1.",http://purl.obolibrary.org/obo/DOID_0111226,miopatía congénita ligada al cromosoma X con desproporción de tipo fibroso,"Una desproporción congénita de tipo fibroso caracterizada por ptosis bilateral, debilidad facial, alteración de la succión, hipotonía generalizada e insuficiencia respiratoria que tiene_su_base_material_en mutación en la región cromosómica Xq13.1-q22.1.",TRUE
http://purl.obolibrary.org/obo/DOID_0112374,muscular dystrophy-dystroglycanopathy,A congenital muscular dystrophy characterized by muscular dystrophy resulting from defective glycosylation of dystroglycan.,http://purl.obolibrary.org/obo/DOID_0112374,distrofia muscular-distroglicanopatía,Una distrofia muscular congénita caracterizada por una distrofia muscular resultante de una glicosilación defectuosa del distroglicano.,TRUE
http://purl.obolibrary.org/obo/DOID_0111230,congenital muscular dystrophy-dystroglycanopathy type A11,A congenital muscular dystrophy-dystroglycanopathy type A that has_material_basis_in homozygous or compound heterozygous mutation in B3GALNT2 on 1q42.3.,http://purl.obolibrary.org/obo/DOID_0111230,distrofia muscular congénita-distroglicanopatía tipo A11,Una distrofia muscular congénita-distroglicanopatía tipo A que tiene_su_base_material_en mutación homocigota o heterocigota compuesta en B3GALNT2 en 1q42.3.,TRUE
http://purl.obolibrary.org/obo/DOID_0111231,congenital muscular dystrophy-dystroglycanopathy type A8,A congenital muscular dystrophy-dystroglycanopathy type A that has_material_basis_in homozygous or compound heterozygous mutation in POMGNT2 on 3p22.1.,http://purl.obolibrary.org/obo/DOID_0111231,distrofia muscular congénita-distroglicanopatía tipo A8,Una distrofia muscular congénita-distroglicanopatía tipo A que tiene_su_base_material_en mutación homocigota o heterocigota compuesta en POMGNT2 en 3p22.1.,TRUE
http://purl.obolibrary.org/obo/DOID_0111232,congenital muscular dystrophy-dystroglycanopathy type A9,A congenital muscular dystrophy-dystroglycanopathy type A that has_material_basis_in homozygous or compound heterozygous mutation in DAG1 on 3p21.31.,http://purl.obolibrary.org/obo/DOID_0111232,distrofia muscular congénita-distroglicanopatía tipo A9,Una distrofia muscular congénita-distroglicanopatía tipo A que tiene_su_base_material_en mutación homocigota o heterocigota compuesta en DAG1 en 3p21.31.,TRUE
http://purl.obolibrary.org/obo/DOID_0111233,congenital muscular dystrophy-dystroglycanopathy A14,A congenital muscular dystrophy-dystroglycanopathy type A that has_material_basis_in homozygous or compound heterozygous mutation in in GMPPB on 3p21.31.,http://purl.obolibrary.org/obo/DOID_0111233,distrofia muscular congénita-distroglicanopatía A14,Una distrofia muscular congénita-distroglicanopatía tipo A que tiene_su_base_material_en mutación homocigota o heterocigota compuesta en en GMPPB en 3p21.31.,TRUE
http://purl.obolibrary.org/obo/DOID_0111234,congenital muscular dystrophy-dystroglycanopathy A7,A congenital muscular dystrophy-dystroglycanopathy type A that has_material_basis_in homozygous or compound heterozygous mutation in ISPD on 7p21.2-p21.1.,http://purl.obolibrary.org/obo/DOID_0111234,distrofia muscular congénita-distroglicanopatía A7,Una distrofia muscular congénita-distroglicanopatía tipo A que tiene_su_base_material_en mutación homocigota o heterocigota compuesta en ISPD en 7p21.2-p21.1.,TRUE
http://purl.obolibrary.org/obo/DOID_0111235,congenital muscular dystrophy-dystroglycanopathy type A12,A congenital muscular dystrophy-dystroglycanopathy type A that has_material_basis_in homozygous or compound heterozygous mutation in POMK on 8p11.21.,http://purl.obolibrary.org/obo/DOID_0111235,distrofia muscular congénita-distroglicanopatía tipo A12,Una distrofia muscular congénita-distroglicanopatía tipo A que tiene_su_base_material_en mutación homocigota o heterocigota compuesta en POMK en 8p11.21.,TRUE
http://purl.obolibrary.org/obo/DOID_0111236,congenital muscular dystrophy-dystroglycanopathy type A3,A congenital muscular dystrophy-dystroglycanopathy type A that has_material_basis_in homozygous or compound heterozygous mutation in POMGNT1 on 1p34.1.,http://purl.obolibrary.org/obo/DOID_0111236,distrofia muscular congénita-distroglicanopatía tipo A3,Una distrofia muscular congénita-distroglicanopatía tipo A que tiene_su_base_material_en mutación homocigota o heterocigota compuesta en POMGNT1 en 1p34.1.,TRUE
http://purl.obolibrary.org/obo/DOID_0111237,congenital muscular dystrophy-dystroglycanopathy type A1,A congenital muscular dystrophy-dystroglycanopathy type A that has_material_basis_in homozygous or compound heterozygous mutation in POMT1 on 9q34.13.,http://purl.obolibrary.org/obo/DOID_0111237,distrofia muscular congénita-distroglicanopatía tipo A1,Una distrofia muscular congénita-distroglicanopatía tipo A que tiene_su_base_material_en mutación homocigota o heterocigota compuesta en POMT1 en 9q34.13.,TRUE
http://purl.obolibrary.org/obo/DOID_0111238,congenital muscular dystrophy-dystroglycanopathy type A13,A congenital muscular dystrophy-dystroglycanopathy type A that has_material_basis_in homozygous or compound heterozygous mutation in B4GAT1 on 11q13.2.,http://purl.obolibrary.org/obo/DOID_0111238,distrofia muscular congénita-distroglicanopatía tipo A13,Una distrofia muscular congénita-distroglicanopatía tipo A que tiene_su_base_material_en mutación homocigota o heterocigota compuesta en B4GAT1 en 11q13.2.,TRUE
http://purl.obolibrary.org/obo/DOID_0111239,congenital muscular dystrophy-dystroglycanopathy type A10,A congenital muscular dystrophy-dystroglycanopathy type A that has_material_basis_in homozygous or compound heterozygous mutation in RXYLT1 on 12q14.2.,http://purl.obolibrary.org/obo/DOID_0111239,distrofia muscular congénita-distroglicanopatía tipo A10,Una distrofia muscular congénita-distroglicanopatía tipo A que tiene_su_base_material_en mutación homocigota o heterocigota compuesta en RXYLT1 en 12q14.2.,TRUE
http://purl.obolibrary.org/obo/DOID_0111240,congenital muscular dystrophy-dystroglycanopathy type A2,A congenital muscular dystrophy-dystroglycanopathy type A that has_material_basis_in homozygous or compound heterozygous mutation in POMT2 on 14q24.3.,http://purl.obolibrary.org/obo/DOID_0111240,distrofia muscular congénita-distroglicanopatía tipo A2,Una distrofia muscular congénita-distroglicanopatía tipo A que tiene_su_base_material_en mutación homocigota o heterocigota compuesta en POMT2 en 14q24.3.,TRUE
http://purl.obolibrary.org/obo/DOID_0111241,congenital muscular dystrophy-dystroglycanopathy type A5,A congenital muscular dystrophy-dystroglycanopathy type A that has_material_basis_in homozygous or compound heterozygous mutation in FKRP on 19q13.32.,http://purl.obolibrary.org/obo/DOID_0111241,distrofia muscular congénita-distroglicanopatía tipo A5,Una distrofia muscular congénita-distroglicanopatía tipo A que tiene_su_base_material_en mutación homocigota o heterocigota compuesta en FKRP en 19q13.32.,TRUE
http://purl.obolibrary.org/obo/DOID_0111242,congenital muscular dystrophy-dystroglycanopathy type A6,A congenital muscular dystrophy-dystroglycanopathy type A that has_material_basis_in homozygous or compound heterozygous mutation in LARGE on 22q12.3.,http://purl.obolibrary.org/obo/DOID_0111242,distrofia muscular congénita-distroglicanopatía tipo A6,Una distrofia muscular congénita-distroglicanopatía tipo A que tiene_su_base_material_en mutación homocigota o heterocigota compuesta en LARGE en 22q12.3.,TRUE
http://purl.obolibrary.org/obo/DOID_0111244,palmoplantar keratoderma and congenital alopecia 1,"An ectodermal dysplasia characterized by autosomal dominant inheritance of severe hyperkeratosis, congenital alopecia, and in some patients nail anomalies that has_material_basis_in heterozygous mutation in GJA1 on 6q22.31.",http://purl.obolibrary.org/obo/DOID_0111244,queratodermia palmoplantar y alopecia congénita 1,"Una displasia ectodérmica caracterizada por la herencia autosómica dominante de hiperqueratosis grave, alopecia congénita y, en algunos pacientes, anomalías ungueales que tiene_su_base_material_en la mutación heterocigota en GJA1 en 6q22.31.",TRUE
http://purl.obolibrary.org/obo/DOID_0111245,palmoplantar keratoderma and congenital alopecia 2,"An ectodermal dysplasia characterized by autosomal recessive inheritance of alopecia, progressive palmoplantar hyperkeratosis resulting in sclerodactyly and usually associated with cataracts and pseudoainhum formation.",http://purl.obolibrary.org/obo/DOID_0111245,queratodermia palmoplantar y alopecia congénita 2,"Una displasia ectodérmica caracterizada por la herencia autosómica recesiva de alopecia, hiperqueratosis palmoplantar progresiva que da lugar a esclerodactilia y suele asociarse a cataratas y formación de pseudoainhumaciones.",TRUE
http://purl.obolibrary.org/obo/DOID_0111334,congenital leptin deficiency,"A syndrome characterized by severe early-onset obesity, hyperphagia, hypogonadotropic hypogonadism, and neuroendocrine and metabolic dysfunction that has_material_basis_in homozygous or compound heterozygous mutation in LEP on chromosome 7q32.1.",http://purl.obolibrary.org/obo/DOID_0111334,deficiencia congénita de leptina,"Síndrome caracterizado por obesidad grave de aparición precoz, hiperfagia, hipogonadismo hipogonadotrópico y disfunción neuroendocrina y metabólica que tiene_su_base_material_en una mutación homocigota o heterocigota compuesta en LEP en el cromosoma 7q32.1.",TRUE
http://purl.obolibrary.org/obo/DOID_0111347,epidermolysis bullosa with congenital localized absence of skin and deformity of nails,"An autosomal dominant dystrophic epidermolysis bullosa characterized by severe blistering of skin and mucous membranes, congenital absence of skin on the lower extremities and congenital absence or deformity of nails that has_material_basis_in heterozygous mutation in the COL7A1 gene on chromosome 3p21.31.",http://purl.obolibrary.org/obo/DOID_0111347,epidermólisis bullosa con ausencia congénita localizada de piel y deformidad de las uñas,"Una epidermólisis bullosa distrófica autosómica dominante caracterizada por ampollas graves en la piel y las mucosas, ausencia congénita de piel en las extremidades inferiores y ausencia o deformidad congénita de las uñas que tiene_su_base_material_en una mutación heterocigota en el gen COL7A1 del cromosoma 3p21.31.",TRUE
http://purl.obolibrary.org/obo/DOID_0111359,large congenital melanocytic nevus,A skin disease characterized by the presence at birth of a pigmented skin lesion composed of melanocytes of more than 20 cm in projected adult diameter that has_material_basis_in somatic mutation in the NRAS gene on chromosome 11p15.5.,http://purl.obolibrary.org/obo/DOID_0111359,gran nevus melanocítico congénito,Enfermedad cutánea caracterizada por la presencia al nacer de una lesión cutánea pigmentada compuesta por melanocitos de más de 20 cm de diámetro proyectado en la edad adulta que tiene_su_base_material_en mutación somática en el gen NRAS del cromosoma 11p15.5.,TRUE
http://purl.obolibrary.org/obo/DOID_0111363,Heinz body anemia,"A congenital nonspherocytic hemolytic anemia characterized by nonspherocytic hemolytic anemia of Dacie type I with Heinz bodies seen in erythrocytes after splenectomy that has_material_basis_in heterozygous mutation in the HBA1, HBA2 or HBB genes on chromosome 11p15.4, 16p13.3, and 16p13.3, respectively.",http://purl.obolibrary.org/obo/DOID_0111363,anemia con cuerpos de Heinz,"Anemia hemolítica congénita no esferocítica caracterizada por anemia hemolítica no esferocítica de Dacie tipo I con cuerpos de Heinz observados en los eritrocitos tras una esplenectomía que tiene_su_base_material_en una mutación heterocigota en los genes HBA1,HBA2 o HBB en el cromosoma 11p15.4,16p13.3 y 16p13.3,respectivamente.",TRUE
http://purl.obolibrary.org/obo/DOID_0111396,congenital dyserythropoietic anemia type I,"A congenital dyserythropoietic anemia characterized by autosomal recessive inheritance of macrocytic anemia, ineffective erythropoiesis, and secondary hemochromatosis.",http://purl.obolibrary.org/obo/DOID_0111396,anemia diseritropoyética congénita tipo I,"Una anemia diseritropoyética congénita caracterizada por la herencia autosómica recesiva de anemia macrocítica, eritropoyesis ineficaz y hemocromatosis secundaria.",TRUE
http://purl.obolibrary.org/obo/DOID_1338,congenital dyserythropoietic anemia,"A congenital hemolytic anemia characterized by ineffective erythropoiesis, and resulting from a decrease in the number of red blood cells (RBCs) in the body and a less than normal quantity of hemoglobin in the blood.",http://purl.obolibrary.org/obo/DOID_1338,anemia diseritropoyética congénita,"Una anemia hemolítica congénita caracterizada por una eritropoyesis ineficaz, y que resulta de una disminución del número de glóbulos rojos (GR) en el organismo y de una cantidad de hemoglobina en la sangre inferior a la normal.",TRUE
http://purl.obolibrary.org/obo/DOID_0111397,congenital dyserythropoietic anemia type Ib,A congenital dyserythropoietic anemia type I that has_material_basis_in homozygous or compound heterozygous mutation in C15orf41 on chromosome 15q14.,http://purl.obolibrary.org/obo/DOID_0111397,anemia diseritropoyética congénita tipo Ib,Una anemia diseritropoyética congénita tipo I que tiene_su_base_material_en mutación homocigota o heterocigota compuesta en C15orf41 en el cromosoma 15q14.,TRUE
http://purl.obolibrary.org/obo/DOID_0111398,congenital dyserythropoietic anemia type Ia,A congenital dyserythropoietic anemia type I that has_material_basis_in homozygous or compound heterozygous mutation in the CDAN1 gene on chromosome 15q15.2.,http://purl.obolibrary.org/obo/DOID_0111398,anemia diseritropoyética congénita tipo Ia,Una anemia diseritropoyética congénita tipo I que tiene_su_base_material_en una mutación homocigota o heterocigota compuesta en el gen CDAN1 del cromosoma 15q15.2.,TRUE
http://purl.obolibrary.org/obo/DOID_0111399,congenital dyserythropoietic anemia type III,"A congenital dyserythropoietic anemia characterized by nonprogressive mild to moderate anemia, macrocytosis in the peripheral blood, and giant multinucleated erythroblasts that has_material_basis_in heterozygous mutation in an 11 cM interval within chromosome 15q21-q25.",http://purl.obolibrary.org/obo/DOID_0111399,anemia diseritropoyética congénita tipo III,"Una anemia diseritropoyética congénita caracterizada por anemia no progresiva de leve a moderada, macrocitosis en la sangre periférica y eritroblastos multinucleados gigantes que tiene_su_base_material_en una mutación heterocigota en un intervalo de 11 cM dentro del cromosoma 15q21-q25.",TRUE
http://purl.obolibrary.org/obo/DOID_0111400,congenital dyserythropoietic anemia type IV,A congenital dyserythropoietic anemia characterized by ineffective erythropoiesis and hemolysis resulting in anemia and abnormal erythroblast morphology that has_material_basis_in heterozygous mutation in the KLF1 gene on chromosome 19p13.13.,http://purl.obolibrary.org/obo/DOID_0111400,anemia diseritropoyética congénita tipo IV,Una anemia diseritropoyética congénita caracterizada por una eritropoyesis ineficaz y hemólisis que provoca anemia y una morfología anormal de los eritroblastos que tiene_su_base_material_en una mutación heterocigota en el gen KLF1 del cromosoma 19p13.13.,TRUE
http://purl.obolibrary.org/obo/DOID_0111401,congenital dyserythropoietic anemia type II,"A congenital dyserythropoietic anemia characterized by mild to severe anemia, bi- and multinucleated erythroblasts in bone marrow, jaundice and splenomegaly and may lead to liver iron overload and gallstones that has_material_basis_in homozygous or compound heterozygous mutation in the SEC23B gene on chromosome 20p11.23.",http://purl.obolibrary.org/obo/DOID_0111401,anemia diseritropoyética congénita tipo II,"Una anemia diseritropoyética congénita caracterizada por anemia de leve a grave, eritroblastos binucleados y multinucleados en la médula ósea, ictericia y esplenomegalia y que puede provocar sobrecarga de hierro en el hígado y cálculos biliares que tiene_su_base_material_en una mutación homocigota o heterocigota compuesta en el gen SEC23B del cromosoma 20p11.23.",TRUE
http://purl.obolibrary.org/obo/DOID_0111568,congenital vertical talus,"A connective tissue disease characterized by dislocation of the talonavicular joint with vertical orientation of the talus and rigid dorsal dislocation of the navicular, equinus deformity of the calcaneus, abduction deformity of the forefoot, and contracture of the soft tissues of the hind- and mid-foot that has_material_basis_in heterozygous mutation in the HOXD10 gene on chromosome 2q31.1.",http://purl.obolibrary.org/obo/DOID_0111568,astrágalo vertical congénito,"Enfermedad del tejido conjuntivo caracterizada por la luxación de la articulación talonavicular con orientación vertical del astrágalo y luxación dorsal rígida del navicular, deformidad en equino del calcáneo, deformidad en abducción del antepié y contractura de los tejidos blandos del retropié y el mediopié que tiene_su_base_material_en una mutación heterocigota en el gen HOXD10 del cromosoma 2q31.1.",TRUE
http://purl.obolibrary.org/obo/DOID_0111591,"congenital heart defects, hamartomas of tongue, and polysyndactyly","A syndrome characterized by congenital heart defects, hamartomas of tongue, and polysyndactyly that has_material_basis_in homozygous or compound heterozygous mutation in the WDPCP gene on chromosome 2p15.",http://purl.obolibrary.org/obo/DOID_0111591,"defectos cardiacos congénitos, hamartoma lingual y polisindactilia","Síndrome caracterizado por defectos cardiacos congénitos, hamartoma lingual y polisindactilia que tiene_su_base_material_en mutación homocigota o heterocigota compuesta en el gen WDPCP del cromosoma 2p15.",TRUE
http://purl.obolibrary.org/obo/DOID_0111595,congenital contractural arachnodactyly,"A distal arthrogryposis characterized by contractures, arachnodactyly, scoliosis, and crumpled ears that has_material_basis_in heterozygous mutation in the FBN2 gene on chromosome 5q23.3.",http://purl.obolibrary.org/obo/DOID_0111595,aracnodactilia contractural congénita,"Una artrogriposis distal caracterizada por contracturas, aracnodactilia, escoliosis y orejas arrugadas que tiene_su_base_material_en una mutación heterocigota en el gen FBN2 del cromosoma 5q23.3.",TRUE
http://purl.obolibrary.org/obo/DOID_0111633,congenital sucrase-isomaltase deficiency,A carbohydrate metabolic disorder characterized by malabsorption of oligosaccharides and disaccharides that has_material_basis_in homozygous or compound heterozygous mutation in SI on chromosome 3q26.1.,http://purl.obolibrary.org/obo/DOID_0111633,deficiencia congénita de sucrasa-isomaltasa,Trastorno metabólico de los hidratos de carbono caracterizado por una mala absorción de oligosacáridos y disacáridos que tiene_su_base_material_en una mutación homocigota o heterocigota compuesta en SI en el cromosoma 3q26.1.,TRUE
http://purl.obolibrary.org/obo/DOID_0111646,congenital lactase deficiency,A carbohydrate metabolic disorder characterized by watery diarrhea in infants fed with breast milk or other lactose-containing formulas that has_material_basis_in homozygous or compound heterozygous mutation in LCT on chromosome 2q21.3.,http://purl.obolibrary.org/obo/DOID_0111646,deficiencia congénita de lactasa,Trastorno metabólico de los hidratos de carbono caracterizado por diarrea acuosa en lactantes alimentados con leche materna u otras fórmulas que contienen lactosa que tiene_su_base_material_en mutación homocigota o heterocigota compuesta en LCT en el cromosoma 2q21.3.,TRUE
http://purl.obolibrary.org/obo/DOID_0111706,oblique facial clefting 1,"An orofacial cleft characterized by a congenital unilateral or bilateral oculo-facial defect beginning at the upper lip lateral to the Cupid's bow, then running lateral to the nasal wing, ending at the the lower eyelid lateral to the inferior punctum that has_material_basis_in heterozygous mutation in the SPECC1L gene on chromosome 22q11.23.",http://purl.obolibrary.org/obo/DOID_0111706,hendidura facial oblicua 1,"Una hendidura orofacial caracterizada por un defecto óculo-facial congénito unilateral o bilateral que comienza en el labio superior lateral al arco de Cupido, luego corre lateral al ala nasal, terminando en el párpado inferior lateral al punto inferior que tiene_su_base_material_en mutación heterocigota en el gen SPECC1L en el cromosoma 22q11.23.",TRUE
http://purl.obolibrary.org/obo/DOID_0111716,cryptophthalmia,A physical disorder characterized by ocular dysplasia with eyelid malformation.,http://purl.obolibrary.org/obo/DOID_0111716,criptoftalmia,Trastorno físico caracterizado por una displasia ocular con malformación de los párpados.,TRUE
http://purl.obolibrary.org/obo/DOID_0111717,isolated cryptophthalmia,A cryptophthalmia characterized by absence of the eyelids with skin covering the eye and often an underlying malformed eye.,http://purl.obolibrary.org/obo/DOID_0111717,criptoftalmia aislada,Una criptoftalmia caracterizada por la ausencia de párpados con piel que cubre el ojo y a menudo una malformación ocular subyacente.,TRUE
http://purl.obolibrary.org/obo/DOID_0111718,partial cryptophthalmia,"An isolated cryptophthalmia characterized by an ill-defined upper eyelid that is completely fused, often over an abnormally developed globe and a keratinized cornea.",http://purl.obolibrary.org/obo/DOID_0111718,criptoftalmia parcial,"Una criptoftalmia aislada caracterizada por un párpado superior mal definido y completamente fusionado, a menudo sobre un globo anormalmente desarrollado y una córnea queratinizada.",TRUE
http://purl.obolibrary.org/obo/DOID_0111719,complete cryptophthalmia,An isolated cryptophthalmia characterized by failure of formation of the lid folds and globe results in skin extending from the brow to the cheek without identifiable adnexal structures and often the presence of a vestigial ocular structure or cyst within the socket.,http://purl.obolibrary.org/obo/DOID_0111719,criptoftalmia completa,Una criptoftalmia aislada caracterizada por un fallo en la formación de los pliegues del párpado y el globo resulta en una piel que se extiende desde la ceja hasta la mejilla sin estructuras anexiales identificables y a menudo la presencia de una estructura ocular vestigial o un quiste dentro de la cuenca.,TRUE
http://purl.obolibrary.org/obo/DOID_0111720,congenital symblepharon,An isolated cryptophthalmia characterized by fusion of the upper eyelid skin to the superior aspect of the globe often associated with microphthalmia.,http://purl.obolibrary.org/obo/DOID_0111720,simbléfaron congénito,"Una criptoftalmia aislada caracterizada por la fusión de la piel del párpado superior con la cara superior del globo terráqueo, a menudo asociada a una microftalmia.",TRUE
http://purl.obolibrary.org/obo/DOID_0111733,pancreatic hypoplasia-diabetes-congenital heart disease syndrome,"A syndrome characterized by partial pancreatic agenesis, diabetes mellitus, and heart anomalies that has_material_basis_in heterozygous mutation in GATA6 on chromosome 18q11.2.",http://purl.obolibrary.org/obo/DOID_0111733,síndrome de hipoplasia pancreática-diabetes-cardiopatía congénita,"Síndrome caracterizado por agenesia pancreática parcial, diabetes mellitus y anomalías cardiacas que tiene_su_base_material_en una mutación heterocigota en GATA6 en el cromosoma 18q11.2.",TRUE
http://purl.obolibrary.org/obo/DOID_0111790,congenital nystagmus 1,A congenital nystagmus that has_material_basis_in mutation in the FRMD7 gene on chromosome Xq26.2.,http://purl.obolibrary.org/obo/DOID_0111790,nistagmo congénito 1,Un nistagmo congénito que tiene_su_base_material_en mutación en el gen FRMD7 en el cromosoma Xq26.2.,TRUE
http://purl.obolibrary.org/obo/DOID_9649,congenital nystagmus,"A pathologic nystagmus, present at birth, characterized by involuntary, rhythmic eye movements; oscillations are usually horizontal in direction.",http://purl.obolibrary.org/obo/DOID_9649,nistagmo congénito,"Un nistagmo patológico, presente al nacer, caracterizado por movimientos oculares involuntarios y rítmicos que ;oscilan normalmente en dirección horizontal.",TRUE
http://purl.obolibrary.org/obo/DOID_0111791,congenital nystagmus 7,A congenital nystagmus that has_material_basis_in heterozygous mutation in a region of chromosome 1q31.3-q32.1.,http://purl.obolibrary.org/obo/DOID_0111791,nistagmo congénito 7,Un nistagmo congénito que tiene_su_base_material_en una mutación heterocigota en una región del cromosoma 1q31.3-q32.1.,TRUE
http://purl.obolibrary.org/obo/DOID_0111792,congenital nystagmus 2,A congenital nystagmus that has_material_basis_in heterozygous mutation in a region of chromosome 6p12.,http://purl.obolibrary.org/obo/DOID_0111792,nistagmo congénito 2,Un nistagmo congénito que tiene_su_base_material_en una mutación heterocigota en una región del cromosoma 6p12.,TRUE
http://purl.obolibrary.org/obo/DOID_0111793,congenital nystagmus 3,A congenital nystagmus that has_material_basis_in heterozygous mutation in a region of chromosome 7p11.2.,http://purl.obolibrary.org/obo/DOID_0111793,nistagmo congénito 3,Un nistagmo congénito que tiene_su_base_material_en una mutación heterocigota en una región del cromosoma 7p11.2.,TRUE
http://purl.obolibrary.org/obo/DOID_0111795,congenital nystagmus 6,A congenital nystagmus that has_material_basis_in hemizygous of homoxygous mutation in the GPR143 gene on chromosome Xp22.2.,http://purl.obolibrary.org/obo/DOID_0111795,nistagmo congénito 6,Un nistagmo congénito que tiene_su_base_material_en una mutación hemicigota u homocigótica en el gen GPR143 del cromosoma Xp22.2.,TRUE
http://purl.obolibrary.org/obo/DOID_0111796,congenital nystagmus 5,A congenital nystagmus that has_material_basis_in hemizygous or heterozygous mutation in a region of chromosome Xp11.4.,http://purl.obolibrary.org/obo/DOID_0111796,nistagmo congénito 5,Un nistagmo congénito que tiene_su_base_material_en una mutación hemicigota o heterocigótica en una región del cromosoma Xp11.4.,TRUE
http://purl.obolibrary.org/obo/DOID_0111797,autosomal recessive congenital nystagmus,A congenital nystagmus characterized by autosomal recessive inheritance.,http://purl.obolibrary.org/obo/DOID_0111797,nistagmo congénito autosómico recesivo,Un nistagmo congénito caracterizado por una herencia autosómica recesiva.,TRUE
http://purl.obolibrary.org/obo/DOID_0111808,linear skin defects with multiple congenital anomalies 1,A syndromic microphthalmia characterized by unilateral or bilateral microphthalmia and linear skin defects on the face and neck in females and in utero lethality in males that has_material_basis_in heterozygous or hemizygous mutation in the HCCS gene on chromosome Xp22.2.,http://purl.obolibrary.org/obo/DOID_0111808,defectos cutáneos lineales con múltiples anomalías congénitas 1,Una microftalmia sindrómica caracterizada por microftalmia unilateral o bilateral y defectos cutáneos lineales en la cara y el cuello en las mujeres y muerte fetal en los hombres que tiene_su_base_material_en mutación heterocigota o hemicigota en el gen HCCS del cromosoma Xp22.2.,TRUE
http://purl.obolibrary.org/obo/DOID_0111835,congenital nongoitrous hypothyroidism 9,A congenital hypothyroidism characterized by a small thyroid gland with low free T4 levels and inappropriately normal levels of thyroid-stimulating hormone that has_material_basis_in hemizygous mutation in the IRS4 gene on chromosome Xq22.3.,http://purl.obolibrary.org/obo/DOID_0111835,hipotiroidismo congénito no nitroso 9,Un hipotiroidismo congénito caracterizado por una glándula tiroides pequeña con niveles bajos de T4 libre y niveles inapropiadamente normales de hormona estimulante de la tiroides que tiene_su_base_material_en mutación hemicigota en el gen IRS4 en el cromosoma Xq22.3.,TRUE
http://purl.obolibrary.org/obo/DOID_0111836,congenital nongoitrous hypothyroidism 7,"A congenital hypothyroidism characterized by normal-to-low T4 and normal-to-high thyrotropin levels, with reduced or absent pituitary responsiveness to thyrotropin-releasing hormone that has_material_basis_in homozygous or compound heterozygous mutation in the TRHR gene on chromosome 8q23.1.",http://purl.obolibrary.org/obo/DOID_0111836,hipotiroidismo congénito no nitroso 7,"Hipotiroidismo congénito caracterizado por niveles de T4 de normales a bajos y de tirotropina de normales a altos, con respuesta hipofisaria reducida o ausente a la hormona liberadora de tirotropina que tiene_su_base_material_en mutación homocigota o heterocigota compuesta en el gen TRHR del cromosoma 8q23.1.",TRUE
http://purl.obolibrary.org/obo/DOID_0111837,congenital nongoitrous hypothyroidism 8,A congenital hypothyroidism characterized by relatively mild central hypothyroidism that has_material_basis_in heterozygous or hemizygous mutation in the TBL1X gene on chromosome Xp22.3-p22.2.,http://purl.obolibrary.org/obo/DOID_0111837,hipotiroidismo congénito no nitroso 8,Hipotiroidismo congénito caracterizado por un hipotiroidismo central relativamente leve que tiene_su_base_material_en mutación heterocigota o hemicigota en el gen TBL1X del cromosoma Xp22.3-p22.2.,TRUE
http://purl.obolibrary.org/obo/DOID_0111839,congenital disorder of glycosylation Icc,"A congenital disorder of glycosylation type I characterized by developmental delay, impaired intellectual development, and mild facial dysmorphism associated with abnormal serum transferrin isoelectic focusing consistent with a type 1 pattern that has_material_basis_in hemizygous mutation in the MAGT1 gene on chromosome Xq21.1.",http://purl.obolibrary.org/obo/DOID_0111839,trastorno congénito de la glucosilación Icc,"Un trastorno congénito de la glucosilación tipo I caracterizado por retraso del desarrollo, desarrollo intelectual deficiente y dismorfismo facial leve asociado con un enfoque isoeléctrico anormal de la transferrina sérica consistente con un patrón de tipo 1 que tiene_su_base_material_en mutación hemicigota en el gen MAGT1 del cromosoma Xq21.1.",TRUE
http://purl.obolibrary.org/obo/DOID_0111846,X-linked congenital hemolytic anemia,A congenital hemolytic anemia characterized by mild congenital hemolytic anemia without morphologic red cell abnormalities that has_material_basis_in hemizygous mutation in the ATP11C gene on chromosome Xq27.1.,http://purl.obolibrary.org/obo/DOID_0111846,Anemia hemolítica congénita ligada al cromosoma X,Una anemia hemolítica congénita caracterizada por una anemia hemolítica congénita leve sin anomalías morfológicas de los glóbulos rojos que tiene_su_base_material_en una mutación hemicigota en el gen ATP11C del cromosoma Xq27.1.,TRUE
http://purl.obolibrary.org/obo/DOID_589,congenital hemolytic anemia,NA,http://purl.obolibrary.org/obo/DOID_589,anemia hemolítica congénita,NA,TRUE
http://purl.obolibrary.org/obo/DOID_0111862,congenital bilateral absence of vas deferens,A male infertility that is characterized by bilateral absence of the vas deferens resulting in obstroctive azoospermia and male infertility.,http://purl.obolibrary.org/obo/DOID_0111862,ausencia bilateral congénita de los conductos deferentes,"Infertilidad masculina que se caracteriza por la ausencia bilateral de los conductos deferentes, lo que provoca azoospermia obstructiva e infertilidad masculina.",TRUE
http://purl.obolibrary.org/obo/DOID_0111863,X-linked congenital bilateral absence of vas deferens,A congenital bilateral absence of vas deferens that has_material_basis_in mutation in the ADGRG2 gene on chromosome Xp22.13.,http://purl.obolibrary.org/obo/DOID_0111863,Ausencia bilateral congénita de conductos deferentes ligada al cromosoma X,Una ausencia bilateral congénita de conductos deferentes que tiene_su_base_material_en mutación en el gen ADGRG2 en el cromosoma Xp22.13.,TRUE
http://purl.obolibrary.org/obo/DOID_0111864,autosomal recessive congenital bilateral absence of vas deferens,A congenital bilateral absence of vas deferens that has_material_basis_in homozygous or compound heterozygous mutation in the CFTR gene on chromosome 7q31.2.,http://purl.obolibrary.org/obo/DOID_0111864,ausencia bilateral congénita autosómica recesiva de los conductos deferentes,Una ausencia bilateral congénita de los conductos deferentes que tiene_su_base_material_en una mutación homocigota o heterocigota compuesta en el gen CFTR del cromosoma 7q31.2.,TRUE
http://purl.obolibrary.org/obo/DOID_0111876,linear skin defects with multiple congenital anomalies 3,"A linear skin defects with multiple congenital anomalies characterized by linear skin defects, cardiomyopathy, and various other congenital anomalies that has_material_basis_in heterozygous mutation in the NDUFB11 gene on chromosome Xp11.3.",http://purl.obolibrary.org/obo/DOID_0111876,defectos cutáneos lineales con múltiples anomalías congénitas 3,"Un defecto cutáneo lineal con múltiples anomalías congénitas caracterizado por defectos cutáneos lineales, cardiomiopatía y otras anomalías congénitas diversas que tiene_su_base_material_en mutación heterocigota en el gen NDUFB11 del cromosoma Xp11.3.",TRUE
http://purl.obolibrary.org/obo/DOID_0111877,linear skin defects with multiple congenital anomalies 2,"A linear skin defects with multiple congenital anomalies characterized by linear skin defects, microcephaly, facial dysmorphism, and other congenital anomalies that has_material_basis_in heterozygous mutation in the COX7B gene on chromosome Xq21.1.",http://purl.obolibrary.org/obo/DOID_0111877,defectos cutáneos lineales con múltiples anomalías congénitas 2,"Un defecto cutáneo lineal con múltiples anomalías congénitas caracterizado por defectos cutáneos lineales, microcefalia, dismorfismo facial y otras anomalías congénitas que tiene_su_base_material_en una mutación heterocigota en el gen COX7B del cromosoma Xq21.1.",TRUE
http://purl.obolibrary.org/obo/DOID_0111878,Diamond-Blackfan anemia 7,A Diamond-Blackfan anemia that has_material_basis_in heterozygous mutation in the RPL11 gene on chromosome 1p36.11.,http://purl.obolibrary.org/obo/DOID_0111878,Anemia de Diamond-Blackfan 7,Una anemia de Diamond-Blackfan que tiene_su_base_material_en una mutación heterocigota en el gen RPL11 en el cromosoma 1p36.11.,TRUE
http://purl.obolibrary.org/obo/DOID_1339,Diamond-Blackfan anemia,A congenital hypoplastic anemia that is characterized by anemia (low red blood cell counts) with decreased erythroid progenitors in the bone marrow and has_material_basis_insufficient levels of red blood cells due to bone marrow dysfunction.,http://purl.obolibrary.org/obo/DOID_1339,Anemia de Diamond-Blackfan,Anemia hipoplásica congénita que se caracteriza por anemia (recuento bajo de glóbulos rojos) con disminución de los progenitores eritroides en la médula ósea y tiene_su_base_material niveles insuficientes de glóbulos rojos debido a una disfunción de la médula ósea.,TRUE
http://purl.obolibrary.org/obo/DOID_0111879,Diamond-Blackfan anemia 6,A Diamond-Blackfan anemia that has_material_basis_in heterozygous mutation in the RPL5 gene on chromosome 1p22.1.,http://purl.obolibrary.org/obo/DOID_0111879,Anemia de Diamond-Blackfan 6,Una anemia de Diamond-Blackfan que tiene_su_base_material_en una mutación heterocigota en el gen RPL5 en el cromosoma 1p22.1.,TRUE
http://purl.obolibrary.org/obo/DOID_0111880,Diamond-Blackfan anemia 17,A Diamond-Blackfan anemia that has_material_basis_in heterozygous mutation in the RPS27 gene on chromosome 1q21.3.,http://purl.obolibrary.org/obo/DOID_0111880,Anemia de Diamond-Blackfan 17,Una anemia de Diamond-Blackfan que tiene_su_base_material_en una mutación heterocigota en el gen RPS27 en el cromosoma 1q21.3.,TRUE
http://purl.obolibrary.org/obo/DOID_0111881,Diamond-Blackfan anemia 8,A Diamond-Blackfan anemia that has_material_basis_in heterozygous mutation in the RPS7 gene on chromosome 2p25.3.,http://purl.obolibrary.org/obo/DOID_0111881,Anemia de Diamond-Blackfan 8,Una anemia de Diamond-Blackfan que tiene_su_base_material_en una mutación heterocigota en el gen RPS7 del cromosoma 2p25.3.,TRUE
http://purl.obolibrary.org/obo/DOID_0111882,Diamond-Blackfan anemia 12,A Diamond-Blackfan anemia that has_material_basis_in heterozygous mutation in the RPL15 gene on chromosome 3p24.2.,http://purl.obolibrary.org/obo/DOID_0111882,Anemia de Diamond-Blackfan 12,Una anemia de Diamond-Blackfan que tiene_su_base_material_en una mutación heterocigota en el gen RPL15 en el cromosoma 3p24.2.,TRUE
http://purl.obolibrary.org/obo/DOID_0111883,Diamond-Blackfan anemia 5,A Diamond-Blackfan anemia that has_material_basis_in heterozygous mutation in the RPL35A gene on chromosome 3q29.,http://purl.obolibrary.org/obo/DOID_0111883,Anemia de Diamond-Blackfan 5,Una anemia de Diamond-Blackfan que tiene_su_base_material_en una mutación heterocigota en el gen RPL35A en el cromosoma 3q29.,TRUE
http://purl.obolibrary.org/obo/DOID_0111884,Diamond-Blackfan anemia 9,A Diamond-Blackfan anemia that has_material_basis_in heterozygous mutation in the RPS10 gene on chromosome 6p21.31.,http://purl.obolibrary.org/obo/DOID_0111884,Anemia de Diamond-Blackfan 9,Una anemia de Diamond-Blackfan que tiene_su_base_material_en una mutación heterocigota en el gen RPS10 en el cromosoma 6p21.31.,TRUE
http://purl.obolibrary.org/obo/DOID_0111885,Diamond-Blackfan anemia 2,A Diamond-Blackfan anemia that has_material_basis_in mutation in a region of chromosome 8p23.3-p22.,http://purl.obolibrary.org/obo/DOID_0111885,Anemia de Diamond-Blackfan 2,Una anemia de Diamond-Blackfan que tiene_su_base_material_en mutación en una región del cromosoma 8p23.3-p22.,TRUE
http://purl.obolibrary.org/obo/DOID_0111886,Diamond-Blackfan anemia 19,A Diamond-Blackfan anemia that has_material_basis_in heterozygous mutation in the RPL35 gene on chromosome 9q33.3.,http://purl.obolibrary.org/obo/DOID_0111886,Anemia de Diamond-Blackfan 19,Una anemia de Diamond-Blackfan que tiene_su_base_material_en una mutación heterocigota en el gen RPL35 en el cromosoma 9q33.3.,TRUE
http://purl.obolibrary.org/obo/DOID_0111887,Diamond-blackfan anemia 3,A Diamond-Blackfan anemia that has_material_basis_in heterozygous mutation in the RPS24 gene on chromosome 10q22.3.,http://purl.obolibrary.org/obo/DOID_0111887,Anemia de Diamond-Blackfan 3,Una anemia de Diamond-Blackfan que tiene_su_base_material_en una mutación heterocigota en el gen RPS24 en el cromosoma 10q22.3.,TRUE
http://purl.obolibrary.org/obo/DOID_0111888,Diamond-Blackfan anemia 10,A Diamond-Blackfan anemia that has_material_basis_in heterozygous mutation in the RPS26 gene on chromosome 12q13.2.,http://purl.obolibrary.org/obo/DOID_0111888,Anemia de Diamond-Blackfan 10,Una anemia de Diamond-Blackfan que tiene_su_base_material_en una mutación heterocigota en el gen RPS26 en el cromosoma 12q13.2.,TRUE
http://purl.obolibrary.org/obo/DOID_0111889,Diamond-Blackfan anemia 13,A Diamond-Blackfan anemia that has_material_basis_in heterozygous mutation in the RPS29 gene on chromosome 14q21.3.,http://purl.obolibrary.org/obo/DOID_0111889,Anemia de Diamond-Blackfan 13,Una anemia de Diamond-Blackfan que tiene_su_base_material_en una mutación heterocigota en el gen RPS29 del cromosoma 14q21.3.,TRUE
http://purl.obolibrary.org/obo/DOID_0111890,Diamond-Blackfan anemia 4,A Diamond-Blackfan anemia that has_material_basis_in heterozygous mutation in the RPS17 gene on chromosome 15q25.2.,http://purl.obolibrary.org/obo/DOID_0111890,Anemia de Diamond-Blackfan 4,Una anemia de Diamond-Blackfan que tiene_su_base_material_en una mutación heterocigota en el gen RPS17 del cromosoma 15q25.2.,TRUE
http://purl.obolibrary.org/obo/DOID_0111891,Diamond-Blackfan anemia 20,A Diamond-Blackfan anemia that has_material_basis_in heterozygous mutation in the RPS15A gene on chromosome 16p12.3.,http://purl.obolibrary.org/obo/DOID_0111891,Anemia de Diamond-Blackfan 20,Una anemia de Diamond-Blackfan que tiene_su_base_material_en una mutación heterocigota en el gen RPS15A en el cromosoma 16p12.3.,TRUE
http://purl.obolibrary.org/obo/DOID_0111892,Diamond-Blackfan anemia 11,A Diamond-Blackfan anemia that has_material_basis_in heterozygous mutation in the RPL26 gene on chromosome 17p13.1.,http://purl.obolibrary.org/obo/DOID_0111892,Anemia de Diamond-Blackfan 11,Una anemia de Diamond-Blackfan que tiene_su_base_material_en una mutación heterocigota en el gen RPL26 en el cromosoma 17p13.1.,TRUE
http://purl.obolibrary.org/obo/DOID_0111893,Diamond-Blackfan anemia 16,A Diamond-Blackfan anemia that has_material_basis_in heterozygous mutation in the RPL27 gene on chromosome 17q21.31.,http://purl.obolibrary.org/obo/DOID_0111893,Anemia de Diamond-Blackfan 16,Una anemia de Diamond-Blackfan que tiene_su_base_material_en una mutación heterocigota en el gen RPL27 en el cromosoma 17q21.31.,TRUE
http://purl.obolibrary.org/obo/DOID_0111894,Diamond-Blackfan anemia 15 with mandibulofacial dysostosis,"A Diamond-Blackfan anemia characterized by Diamond-Blackfan anemia and mandibulofacial dysostosis (micrognathia, downslanting palpebral fissures, submucosal cleft palate or bifid uvula, and malar hypoplasia) that has_material_basis_in heterozygous mutation in the RPS28 gene on chromosome 19p13.2.",http://purl.obolibrary.org/obo/DOID_0111894,anemia de Diamond-Blackfan 15 con disostosis mandibulofacial,"Una anemia de Diamond-Blackfan caracterizada por anemia de Diamond-Blackfan y disostosis mandibulofacial (micrognatia, fisuras palpebrales inclinadas hacia abajo, paladar hendido submucoso o úvula bífida e hipoplasia malar) que tiene_su_base_material_en mutación heterocigota en el gen RPS28 del cromosoma 19p13.2.",TRUE
http://purl.obolibrary.org/obo/DOID_0111895,Diamond-Blackfan anemia 1,A Diamond-Blackfan anemia that has_material_basis_in heterozygous mutation in the RPS19 gene on chromosome 19q13.2.,http://purl.obolibrary.org/obo/DOID_0111895,Anemia de Diamond-Blackfan 1,Una anemia de Diamond-Blackfan que tiene_su_base_material_en una mutación heterocigota en el gen RPS19 en el cromosoma 19q13.2.,TRUE
http://purl.obolibrary.org/obo/DOID_0111896,Diamond-Blackfan anemia 18,A Diamond-Blackfan anemia that has_material_basis_in heterozygous mutation in the RPL18 gene on chromosome 19q13.33.,http://purl.obolibrary.org/obo/DOID_0111896,Anemia de Diamond-Blackfan 18,Una anemia de Diamond-Blackfan que tiene_su_base_material_en una mutación heterocigota en el gen RPL18 en el cromosoma 19q13.33.,TRUE
http://purl.obolibrary.org/obo/DOID_0111897,Diamond-Blackfan anemia 14 with mandibulofacial dysostosis,"A Diamond-Blackfan anemia characterized by Diamond-Blackfan anemia, bilateral microtia, and cleft palate that has_material_basis_in hemizygous mutation in the TSR2 gene on chromosome Xp11.22.",http://purl.obolibrary.org/obo/DOID_0111897,Anemia de Diamond-Blackfan 14 con disostosis mandibulofacial,"Una anemia de Diamond-Blackfan caracterizada por anemia de Diamond-Blackfan, microtia bilateral y paladar hendido que tiene_su_base_material_en una mutación hemicigota en el gen TSR2 del cromosoma Xp11.22.",TRUE
http://purl.obolibrary.org/obo/DOID_0111932,severe congenital encephalopathy due to MECP2 mutation,"A brain disease characterized by severe neonatal encephalopathy, developmental delay, and microcephaly that has_material_basis_in hemizygous mutation in the MECP2 gene on chromosome Xq28.",http://purl.obolibrary.org/obo/DOID_0111932,encefalopatía congénita grave debida a la mutación MECP2,"Enfermedad cerebral caracterizada por encefalopatía neonatal grave, retraso del desarrollo y microcefalia que tiene_su_base_material_en mutación hemicigota en el gen MECP2 del cromosoma Xq28.",TRUE
http://purl.obolibrary.org/obo/DOID_0112002,immunodeficiency 47,"A primary immunodeficiency disease characterized by liver dysfunction, recurrent bacterial infections, hypogammaglobulinemia, and defective glycosylation of serum proteins that has_material_basis_in hemizygous mutation in the ATP6AP1 gene on chromosome Xq28.",http://purl.obolibrary.org/obo/DOID_0112002,inmunodeficiencia 47,"Enfermedad de inmunodeficiencia primaria caracterizada por disfunción hepática, infecciones bacterianas recurrentes, hipogammaglobulinemia y glicosilación defectuosa de las proteínas séricas que tiene_su_base_material_en la mutación hemicigota en el gen ATP6AP1 del cromosoma Xq28.",TRUE
http://purl.obolibrary.org/obo/DOID_0112014,congenital megabladder,A bladder disease characterized by a massively dilated urinary bladder with disruption of the smooth muscle in the wall of the bladder that has_material_basis_in heterozygous mutation in the MYOCD gene on chromosome 17p12.,http://purl.obolibrary.org/obo/DOID_0112014,megavejiga congénita,Enfermedad de la vejiga caracterizada por una vejiga urinaria masivamente dilatada con alteración del músculo liso de la pared de la vejiga que tiene_su_base_material_en mutación heterocigota en el gen MYOCD del cromosoma 17p12.,TRUE
http://purl.obolibrary.org/obo/DOID_0112128,X-linked severe congenital neutropenia,A severe congenital neutropenia that has_material_basis_in hemizygous activating mutation in WAS on chromosome Xp11.23.,http://purl.obolibrary.org/obo/DOID_0112128,Neutropenia congénita grave ligada al cromosoma X,Una neutropenia congénita grave que tiene_su_base_material_en una mutación activadora hemicigota en WAS en el cromosoma Xp11.23.,TRUE
http://purl.obolibrary.org/obo/DOID_0112129,severe congenital neutropenia 7,"A severe congenital neutropenia characterized by onset of recurrent infections in infancy or early childhood, peripheral neutropenia but normal granulocyte maturation in the bone marrow that has_material_basis_in homozygous or compound heterozygous mutation in the CSF3R gene on chromosome 1p34.3.",http://purl.obolibrary.org/obo/DOID_0112129,neutropenia congénita grave 7,"Una neutropenia congénita grave caracterizada por la aparición de infecciones recurrentes en la infancia o la niñez temprana, neutropenia periférica pero maduración normal de granulocitos en la médula ósea que tiene_su_base_material_en mutación homocigota o heterocigota compuesta en el gen CSF3R del cromosoma 1p34.3.",TRUE
http://purl.obolibrary.org/obo/DOID_0112130,autosomal dominant severe congenital neutropenia,A severe congenital neutropenia that has_material_basis_in heterozygous mutation of an autosomal gene.,http://purl.obolibrary.org/obo/DOID_0112130,neutropenia congénita grave autosómica dominante,Una neutropenia congénita grave que tiene_su_base_material_en la mutación heterocigota de un gen autosómico.,TRUE
http://purl.obolibrary.org/obo/DOID_0112131,severe congenital neutropenia 2,An autosomal dominant severe congenital neutropenia that has_material_basis_in heterozygous mutation in the GFI1 gene on chromosome 1p22.1.,http://purl.obolibrary.org/obo/DOID_0112131,neutropenia congénita grave 2,Una neutropenia congénita grave autosómica dominante que tiene_su_base_material_en mutación heterocigota en el gen GFI1 en el cromosoma 1p22.1.,TRUE
http://purl.obolibrary.org/obo/DOID_0112132,severe congenital neutropenia 5,"A severe congenital neutropenia characterized by neutropenia and neutrophil dysfunction, a lack of response to G-CSF, life-threatening infections, bone marrow fibrosis, and renal extramedullary hematopoiesis that has_material_basis_in homozygous or compound heterozygous mutation in the VPS45 gene on chromosome 1q21.2.",http://purl.obolibrary.org/obo/DOID_0112132,neutropenia congénita grave 5,"Una neutropenia congénita grave caracterizada por neutropenia y disfunción de los neutrófilos, falta de respuesta al G-CSF, infecciones potencialmente mortales, fibrosis de la médula ósea y hematopoyesis extramedular renal que tiene_su_base_material_en mutación homocigota o heterocigota compuesta en el gen VPS45 del cromosoma 1q21.2.",TRUE
http://purl.obolibrary.org/obo/DOID_0112133,severe congenital neutropenia 3,"A severe congenital neutropenia characterized by bone marrow failure resulting in low numbers of neutrophils, increased susceptibility to bacterial and fungal infections, and increased risk of developing myelodysplastic syndrome or acute myeloid leukemia that has_material_basis_in homozygous or compound heterozygous mutation in the HAX1 gene on chromosome 1q21.3.",http://purl.obolibrary.org/obo/DOID_0112133,neutropenia congénita grave 3,"Una neutropenia congénita grave caracterizada por un fallo de la médula ósea que da lugar a un bajo número de neutrófilos, una mayor susceptibilidad a las infecciones bacterianas y fúngicas y un mayor riesgo de desarrollar síndrome mielodisplásico o leucemia mieloide aguda que tiene_su_base_material_en una mutación homocigota o heterocigota compuesta en el gen HAX1 del cromosoma 1q21.3.",TRUE
http://purl.obolibrary.org/obo/DOID_0112134,severe congenital neutropenia 6,A severe congenital neutropenia that has_material_basis_in homozygous or compound heterozygous mutation in the JAGN1 gene on chromosome 3p25.3.,http://purl.obolibrary.org/obo/DOID_0112134,neutropenia congénita grave 6,Una neutropenia congénita grave que tiene_su_base_material_en una mutación homocigota o heterocigota compuesta en el gen JAGN1 del cromosoma 3p25.3.,TRUE
http://purl.obolibrary.org/obo/DOID_0112135,severe congenital neutropenia 8,An autosomal dominant severe congenital neutropenia characterized by decreased neutrophils and onset of recurrent bacterial infections in early infancy that has_material_basis_in heterozygous mutation in the SRP54 gene on chromosome 14q13.2.,http://purl.obolibrary.org/obo/DOID_0112135,neutropenia congénita grave 8,Una neutropenia congénita grave autosómica dominante caracterizada por una disminución de los neutrófilos y la aparición de infecciones bacterianas recurrentes en la primera infancia que tiene_su_base_material_en una mutación heterocigota en el gen SRP54 del cromosoma 14q13.2.,TRUE
http://purl.obolibrary.org/obo/DOID_0112136,severe congenital neutropenia 4,A severe congenital neutropenia that has_material_basis_in homozygous or compound heterozygous mutation in the G6PC3 gene on chromosome 17q21.31.,http://purl.obolibrary.org/obo/DOID_0112136,neutropenia congénita grave 4,Una neutropenia congénita grave que tiene_su_base_material_en una mutación homocigota o heterocigota compuesta en el gen G6PC3 del cromosoma 17q21.31.,TRUE
http://purl.obolibrary.org/obo/DOID_0112183,familial thyroid dyshormonogenesis,A congenital hypothyroidism characterized by thyroid hormone deficiency that is present from birth and results from defects in thyroid hormone synthesis.,http://purl.obolibrary.org/obo/DOID_0112183,dishormonogénesis tiroidea familiar,Hipotiroidismo congénito caracterizado por la deficiencia de hormona tiroidea que está presente desde el nacimiento y es el resultado de defectos en la síntesis de la hormona tiroidea.,TRUE
http://purl.obolibrary.org/obo/DOID_0112184,thyroid dyshormonogenesis 5,A familial thyroid dyshormonogenesis that has_material_basis_in homozygous or compound heterozygous mutation in DUOXA2 on chromosome 15q21.1.,http://purl.obolibrary.org/obo/DOID_0112184,dishormonogénesis tiroidea 5,Una dishormonogénesis tiroidea familiar que tiene_su_base_material_en una mutación homocigota o heterocigota compuesta en DUOXA2 en el cromosoma 15q21.1.,TRUE
http://purl.obolibrary.org/obo/DOID_0112185,thyroid dyshormonogenesis 1,A familial thyroid dyshormonogenesis that has_material_basis_in homozygous or compound heterozygous mutation in SLC5A5 on chromosome 19p13.11.,http://purl.obolibrary.org/obo/DOID_0112185,dishormonogénesis tiroidea 1,Una dishormonogénesis tiroidea familiar que tiene_su_base_material_en una mutación homocigota o heterocigota compuesta en SLC5A5 en el cromosoma 19p13.11.,TRUE
http://purl.obolibrary.org/obo/DOID_0112186,thyroid dyshormonogenesis 2A,A familial thyroid dyshormonogenesis that has_material_basis_in homozygous or compound heterozygous mutation in TPO on chromosome 2p25.3.,http://purl.obolibrary.org/obo/DOID_0112186,dishormonogénesis tiroidea 2A,Una dishormonogénesis tiroidea familiar que tiene_su_base_material_en una mutación homocigota o heterocigota compuesta en TPO en el cromosoma 2p25.3.,TRUE
http://purl.obolibrary.org/obo/DOID_0112187,thyroid dyshormonogenesis 3,A familial thyroid dyshormonogenesis that has_material_basis_in homozygous or compound heterozygous mutation in TG on chromosome 8q24.22.,http://purl.obolibrary.org/obo/DOID_0112187,dishormonogénesis tiroidea 3,Una dishormonogénesis tiroidea familiar que tiene_su_base_material_en una mutación homocigota o heterocigota compuesta en TG en el cromosoma 8q24.22.,TRUE
http://purl.obolibrary.org/obo/DOID_0112188,thyroid dyshormonogenesis 4,A familial thyroid dyshormonogenesis that has_material_basis_in homozygous or compound heterozygous mutation in IYD on chromosome 6q25.1.,http://purl.obolibrary.org/obo/DOID_0112188,dishormonogénesis tiroidea 4,Una dishormonogénesis tiroidea familiar que tiene_su_base_material_en una mutación homocigota o heterocigota compuesta en IYD en el cromosoma 6q25.1.,TRUE
http://purl.obolibrary.org/obo/DOID_0112189,thyroid dyshormonogenesis 6,A familial thyroid dyshormonogenesis that has_material_basis_in homozygous or compound heterozygous mutation in DUOX2 on chromosome 15q21.1.,http://purl.obolibrary.org/obo/DOID_0112189,dishormonogénesis tiroidea 6,Una dishormonogénesis tiroidea familiar que tiene_su_base_material_en una mutación homocigota o heterocigota compuesta en DUOX2 en el cromosoma 15q21.1.,TRUE
http://purl.obolibrary.org/obo/DOID_0112213,multiple congenital anomalies-hypotonia-seizures syndrome 4,A multiple congenital anomalies-hypotonia-seizures syndrome characterized by onset in the first months of life of refractory seizures and severe global developmental delay that has_material_basis_in homozygous or compound heterozygous mutation in the PIGQ gene on chromosome 16p13.3.,http://purl.obolibrary.org/obo/DOID_0112213,síndrome de anomalías congénitas múltiples-hipotonía-convulsiones 4,Un síndrome de anomalías congénitas múltiples-hipotonía-convulsiones caracterizado por la aparición en los primeros meses de vida de convulsiones refractarias y un grave retraso global del desarrollo que tiene_su_base_material_en mutación homocigota o heterocigota compuesta en el gen PIGQ del cromosoma 16p13.3.,TRUE
http://purl.obolibrary.org/obo/DOID_0112227,tubulinopathy,A congenital nervous system abnormality characterized by complex cortical malformations including in most cases dysmorphic basal ganglia that has_material_basis_in mutation in one or more of the tubulin genes.,http://purl.obolibrary.org/obo/DOID_0112227,tubulopatía,Anomalía congénita del sistema nervioso caracterizada por malformaciones corticales complejas que incluyen en la mayoría de los casos ganglios basales dismórficos y que tiene_su_base_material_en mutación en uno o más de los genes de la tubulina.,TRUE
http://purl.obolibrary.org/obo/DOID_0112228,lissencephaly 9 with complex brainstem malformation,"A lissencephaly characterized by global developmental delay, impaired intellectual development with poor or absent speech, pachygyria, lissencephaly, and malformation of the brainstem that has_material_basis_in heterozygous mutation in the MACF1 gene on chromosome 1p34.3.",http://purl.obolibrary.org/obo/DOID_0112228,lisencefalia 9 con malformación compleja del tronco encefálico,"Una lisencefalia caracterizada por un retraso global del desarrollo, un desarrollo intelectual deficiente con habla pobre o ausente, paquigiria, lisencefalia y malformación del tronco encefálico que tiene_su_base_material_en una mutación heterocigota en el gen MACF1 del cromosoma 1p34.3.",TRUE
http://purl.obolibrary.org/obo/DOID_0112229,lissencephaly 10,"A lissencephaly characterized by variably delayed development, mildly to moderately impaired intellectual development and language delay, seizures, brain features consistent with neuronal migration defects that has_material_basis_in heterozygous mutation in the CEP85L gene on chromosome 6q22.31.",http://purl.obolibrary.org/obo/DOID_0112229,lisencefalia 10,"Una lisencefalia caracterizada por un retraso variable del desarrollo, un desarrollo intelectual de leve a moderadamente deficiente y retraso del lenguaje, convulsiones, rasgos cerebrales consistentes con defectos de migración neuronal que tiene_su_base_material_en una mutación heterocigota en el gen CEP85L en el cromosoma 6q22.31.",TRUE
http://purl.obolibrary.org/obo/DOID_0112230,lissencephaly 5,"A lissencephaly characterized by hydrocephalus, seizures, severely delayed psychomotor development, and cobblestone changes in the cortex, more severe in the posterior region, and subcortical band heterotopia that has_material_basis_in homozygous or compound heterozygous mutation in the LAMB1 gene on chromosome 7q31.1.",http://purl.obolibrary.org/obo/DOID_0112230,lisencefalia 5,"Una lisencefalia caracterizada por hidrocefalia, convulsiones, desarrollo psicomotor gravemente retrasado y cambios en empedrado en el córtex, más graves en la región posterior, y heterotopía en banda subcortical que tiene_su_base_material_en mutación homocigota o heterocigota compuesta en el gen LAMB1 del cromosoma 7q31.1.",TRUE
http://purl.obolibrary.org/obo/DOID_0112231,lissencephaly 7 with cerebellar hypoplasia,"A lissencephaly characterized by lack of psychomotor development, facial dysmorphism, arthrogryposis, and early-onset intractable seizures resulting in death in infancy that has_material_basis_in homozygous or compound heterozygous mutation in the CDK5 gene on chromosome 7q36.1.",http://purl.obolibrary.org/obo/DOID_0112231,lisencefalia 7 con hipoplasia cerebelosa,"Una lisencefalia caracterizada por falta de desarrollo psicomotor, dismorfismo facial, artrogriposis y convulsiones intratables de aparición precoz con resultado de muerte en la infancia que tiene_su_base_material_en mutación homocigota o heterocigota compuesta en el gen CDK5 del cromosoma 7q36.1.",TRUE
http://purl.obolibrary.org/obo/DOID_0112232,lissencephaly 3,"A lissencephaly characterized by brain malformations, microcephaly, developmental delay and epilepsy that has_material_basis_in heterozygous mutation in the TUBA1A gene on chromosome 12q13.12.",http://purl.obolibrary.org/obo/DOID_0112232,lisencefalia 3,"Una lisencefalia caracterizada por malformaciones cerebrales, microcefalia, retraso del desarrollo y epilepsia que tiene_su_base_material_en una mutación heterocigota en el gen TUBA1A del cromosoma 12q13.12.",TRUE
http://purl.obolibrary.org/obo/DOID_0112233,lissencephaly 8,"A lissencephaly characterized by delayed psychomotor development, intellectual disability with poor or absent speech, early-onset refractory seizures, and hypotonia that has_material_basis_in homozygous or compound heterozygous mutation in the TMTC3 gene on chromosome 12q21.32.",http://purl.obolibrary.org/obo/DOID_0112233,lisencefalia 8,"Una lisencefalia caracterizada por un retraso en el desarrollo psicomotor, discapacidad intelectual con habla deficiente o ausente, convulsiones refractarias de aparición precoz e hipotonía que tiene_su_base_material_en una mutación homocigota o heterocigota compuesta en el gen TMTC3 del cromosoma 12q21.32.",TRUE
http://purl.obolibrary.org/obo/DOID_0112234,microlissencephaly,A lissencephaly characterized by lissencephaly in combination with severe congenital microcephaly.,http://purl.obolibrary.org/obo/DOID_0112234,microlisencefalia,Una lisencefalia caracterizada por lisencefalia en combinación con microcefalia congénita grave.,TRUE
http://purl.obolibrary.org/obo/DOID_0112235,lissencephaly 4,"A microlissencephaly characterized by lissencephaly, severe brain atrophy, extreme microcephaly, and profound intellectual disability that has_material_basis_in homozygous or compound heterozygous mutation in the NDE1 gene on chromosome 16p13.11.",http://purl.obolibrary.org/obo/DOID_0112235,lisencefalia 4,"Una microlisencefalia caracterizada por lisencefalia, atrofia cerebral grave, microcefalia extrema y discapacidad intelectual profunda que tiene_su_base_material_en una mutación homocigota o heterocigota compuesta en el gen NDE1 del cromosoma 16p13.11.",TRUE
http://purl.obolibrary.org/obo/DOID_0112236,lissencephaly 6,"A microlissencephaly characterized by severe microcephaly, developmental delay, lissencephaly, pachygyria, and hypoplasia of the corpus callosum that has_material_basis_in homozygous or compound heterozygous mutation in the KATNB1 gene on chromosome 16q21.",http://purl.obolibrary.org/obo/DOID_0112236,lisencefalia 6,"Una microlisencefalia caracterizada por microcefalia grave, retraso del desarrollo, lisencefalia, paquigiria e hipoplasia del cuerpo calloso que tiene_su_base_material_en una mutación homocigota o heterocigota compuesta en el gen KATNB1 del cromosoma 16q21.",TRUE
http://purl.obolibrary.org/obo/DOID_0112237,lissencephaly 1,"A lissencephaly characterized by an abnormally thick cortex, reduced or abnormal lamination, and diffuse neuronal heterotopia that has_material_basis_in mutation heterozygous in the PAFAH1B1 gene on chromosome 17p13.3.",http://purl.obolibrary.org/obo/DOID_0112237,lisencefalia 1,"Una lisencefalia caracterizada por un córtex anormalmente grueso, una laminación reducida o anormal y una heterotopía neuronal difusa que tiene_su_base_material_en una mutación heterocigota en el gen PAFAH1B1 del cromosoma 17p13.3.",TRUE
http://purl.obolibrary.org/obo/DOID_0112238,X-linked lissencephaly 2,"A lissencephaly characterized by structural brain anomalies, early-onset intractable seizures, severe psychomotor retardation, and ambiguous genitalia that has_material_basis_in mutation in ARX on chromosome Xp21.3.",http://purl.obolibrary.org/obo/DOID_0112238,lisencefalia 2 ligada al cromosoma X,"Una lisencefalia caracterizada por anomalías cerebrales estructurales, convulsiones intratables de aparición temprana, retraso psicomotor grave y genitales ambiguos que tiene_su_base_material_en la mutación en ARX en el cromosoma Xp21.3.",TRUE
http://purl.obolibrary.org/obo/DOID_0112239,X-linked lissencephaly 1,A lissencephaly characterized by classic lissencephaly and intellectual disability in males that has_material_basis_in mutation in DCX on chromosome Xq23.,http://purl.obolibrary.org/obo/DOID_0112239,Lisencefalia 1 ligada al cromosoma X,Una lisencefalia caracterizada por lisencefalia clásica y discapacidad intelectual en varones que tiene_su_base_material_en mutación en DCX en el cromosoma Xq23.,TRUE
http://purl.obolibrary.org/obo/DOID_0112321,"alacrima, achalasia, and impaired intellectual development syndrome","A congenital disorder of glycosylation characterized by onset in infancy of alacrima, achalasia, and impaired intellectual development without adrenal insufficiency that has_material_basis_in homozygous or compound heterozygous mutation in the GMPPA gene on chromosome 2q35.",http://purl.obolibrary.org/obo/DOID_0112321,"síndrome de alacrimia, acalasia y retraso del desarrollo intelectual","Trastorno congénito de la glicosilación caracterizado por la aparición en la infancia de alacrimia, acalasia y retraso del desarrollo intelectual sin insuficiencia suprarrenal que tiene_su_base_material_en mutación homocigota o heterocigota compuesta en el gen GMPPA del cromosoma 2q35.",TRUE
http://purl.obolibrary.org/obo/DOID_0112376,muscular dystrophy-dystroglycanopathy type B15,A muscular dystrophy-dystroglycanopathy type B that has_material_basis_in homozygous or compound heterozygous mutation in the DPM3 gene on chromosome 1q22.,http://purl.obolibrary.org/obo/DOID_0112376,distrofia muscular-distroglicanopatía tipo B15,Una distrofia muscular-distroglicanopatía tipo B que tiene_su_base_material_en mutación homocigota o heterocigota compuesta en el gen DPM3 del cromosoma 1q22.,TRUE
http://purl.obolibrary.org/obo/DOID_0112377,muscular dystrophy-dystroglycanopathy type B14,A muscular dystrophy-dystroglycanopathy type B that has_material_basis_in homozygous or compound heterozygous mutation in the GMPPB gene on chromosome 3p21.31.,http://purl.obolibrary.org/obo/DOID_0112377,distrofia muscular-distroglicanopatía tipo B14,Una distrofia muscular-distroglicanopatía tipo B que tiene_su_base_material_en mutación homocigota o heterocigota compuesta en el gen GMPPB del cromosoma 3p21.31.,TRUE
http://purl.obolibrary.org/obo/DOID_0112378,muscular dystrophy-dystroglycanopathy type B3,A muscular dystrophy-dystroglycanopathy type B that has_material_basis_in homozygous or compound heterozygous mutation in the POMGNT1 gene on chromosome 1p34.1.,http://purl.obolibrary.org/obo/DOID_0112378,distrofia muscular-distroglicanopatía tipo B3,Una distrofia muscular-distroglicanopatía tipo B que tiene_su_base_material_en mutación homocigota o heterocigota compuesta en el gen POMGNT1 del cromosoma 1p34.1.,TRUE
http://purl.obolibrary.org/obo/DOID_0112379,muscular dystrophy-dystroglycanopathy type B4,A muscular dystrophy-dystroglycanopathy type B characteried by muscular dystropy resulting from impaired glycosylation of dystroglycan in the absence of intellectual impairment that has_material_basis_in homozygous or compound heterozygous mutation in the FKTN gene on chromosome 9q31.2.,http://purl.obolibrary.org/obo/DOID_0112379,distrofia muscular-distroglicanopatía tipo B4,Una distrofia muscular-distroglicanopatía tipo B caracterizada por distrofia muscular resultante de la alteración de la glicosilación del distroglicano en ausencia de deficiencia intelectual que tiene_su_base_material_en mutación homocigota o heterocigota compuesta en el gen FKTN del cromosoma 9q31.2.,TRUE
http://purl.obolibrary.org/obo/DOID_0112380,muscular dystrophy-dystroglycanopathy type B2,A muscular dystrophy-dystroglycanopathy type B that has_material_basis_in homozygous or compound heterozygous mutation in the POMT2 gene on chromosome 14q24.3.,http://purl.obolibrary.org/obo/DOID_0112380,distrofia muscular-distroglicanopatía tipo B2,Una distrofia muscular-distroglicanopatía tipo B que tiene_su_base_material_en mutación homocigota o heterocigota compuesta en el gen POMT2 del cromosoma 14q24.3.,TRUE
http://purl.obolibrary.org/obo/DOID_0112381,muscular dystrophy-dystroglycanopathy type C12,A muscular dystrophy-dystroglycanopathy characterized by limb-girdle congenital muscular dystrophy and cognitive impairment that has_material_basis_in homozygous or compound heterozygous mutation in the POMK gene on chromosome 8p11.21.,http://purl.obolibrary.org/obo/DOID_0112381,distrofia muscular-distroglicanopatía tipo C12,Una distrofia muscular-distroglicanopatía caracterizada por distrofia muscular congénita de cinturas de extremidades y deterioro cognitivo que tiene_su_base_material_en mutación homocigota o heterocigota compuesta en el gen POMK en el cromosoma 8p11.21.,TRUE
http://purl.obolibrary.org/obo/DOID_0112382,muscular dystrophy-dystroglycanopathy type C8,A muscular dystrophy-dystroglycanopathy characterized by onset in childhood of a variable phrenotype that ranges from mild intellectual disability and gait abnormalities to asymptomatic that has_material_basis_in homozygous or compound heterozygous mutation in the POMGNT2 gene on chromosome 3p22.1.,http://purl.obolibrary.org/obo/DOID_0112382,distrofia muscular-distroglicanopatía tipo C8,Una distrofia muscular-distroglicanopatía caracterizada por la aparición en la infancia de un fenotipo variable que va desde una discapacidad intelectual leve y anomalías de la marcha hasta asintomática que tiene_su_base_material_en mutación homocigota o heterocigota compuesta en el gen POMGNT2 del cromosoma 3p22.1.,TRUE
http://purl.obolibrary.org/obo/DOID_10039,late congenital syphilis,"A congenital syphilis that occurs in children at or greater than two years of age who acquired the infection trans-placentally. The infection has_symptom gummatous ulcers, has_symptom periosteal lesions, has_symptom paresis, has_symptom tabes, has_symptom optic atrophy, has_symptom interstitial keratitis, has_symptom sensorineural deafness, and has_symptom dental deformities.",http://purl.obolibrary.org/obo/DOID_10039,sífilis congénita tardía,"Una sífilis congénita que se produce en niños de dos años o más que adquirieron la infección por vía transplacentaria. La infección tiene_síntomas de úlceras gingivales, tiene_síntomas de lesiones periósticas, tiene_síntomas de paresia, tiene_síntomas de tabes, tiene_síntomas de atrofia óptica, tiene_síntomas de queratitis intersticial, tiene_síntomas de sordera neurosensorial y tiene_síntomas de deformidades dentales.",TRUE
http://purl.obolibrary.org/obo/DOID_10348,blepharophimosis,An eyelid disease that is characterized by abnormal narrowness of the palpebral fissure in the horizontal direction caused by the lateral displacement of the medial canthi of the eyelids.,http://purl.obolibrary.org/obo/DOID_10348,blefarofimosis,Enfermedad de los párpados que se caracteriza por una estrechez anormal de la hendidura palpebral en sentido horizontal causada por el desplazamiento lateral de los cantos medios de los párpados.,TRUE
http://purl.obolibrary.org/obo/DOID_10488,imperforate anus,NA,http://purl.obolibrary.org/obo/DOID_10488,ano imperforado,NA,TRUE
http://purl.obolibrary.org/obo/DOID_10783,methemoglobinemia,NA,http://purl.obolibrary.org/obo/DOID_10783,metahemoglobinemia,NA,TRUE
http://purl.obolibrary.org/obo/DOID_2860,hemoglobinopathy,NA,http://purl.obolibrary.org/obo/DOID_2860,hemoglobinopatía,NA,TRUE
http://purl.obolibrary.org/obo/DOID_1088,meningocele,A spina bifida that is characterized by herniation of the meninges between the vertebrae.,http://purl.obolibrary.org/obo/DOID_1088,meningocele,Una espina bífida que se caracteriza por la herniación de las meninges entre las vértebras.,TRUE
http://purl.obolibrary.org/obo/DOID_10892,hypospadias,A physical disorder characterized by an abnormally placed urethral opening on the underside of the penis or on the perineum.,http://purl.obolibrary.org/obo/DOID_10892,hipospadias,Trastorno físico caracterizado por una abertura uretral anormalmente situada en la parte inferior del pene o en el perineo.,TRUE
http://purl.obolibrary.org/obo/DOID_11044,gastroschisis,NA,http://purl.obolibrary.org/obo/DOID_11044,gastrosquisis,NA,TRUE
http://purl.obolibrary.org/obo/DOID_11211,buphthalmos,"A hydrophthalmos characterized by early onset glaucoma in one or both eyes with elevated intraocular pressure, increased corneal diameter, and swelling of the globe and has_symptom early vision loss, photophobia, blepharospasm, tearing, increased corneal diameter, increased corneal thickness, and enlarged globe. Buphthalmos is caused by severe congenital defects of the trabecular meshwork and anterior chamber angle that block aqueous outflow and raises intraocular pressure, leading to optic nerve atrophy and early vision loss.",http://purl.obolibrary.org/obo/DOID_11211,buftalmos,"Hidroftalmía caracterizada por glaucoma de aparición precoz en uno o ambos ojos con presión intraocular elevada, aumento del diámetro corneal e hinchazón del globo y tiene_síntomas de pérdida precoz de visión, fotofobia, blefaroespasmo, lagrimeo, aumento del diámetro corneal, aumento del grosor corneal y globo agrandado. El buftalmos está causado por defectos congénitos graves de la malla trabecular y del ángulo de la cámara anterior que bloquean la salida del humor acuoso y elevan la presión intraocular, lo que provoca atrofia del nervio óptico y pérdida precoz de la visión.",TRUE
http://purl.obolibrary.org/obo/DOID_11212,hydrophthalmos,"A primary congenital glaucoma characterized by early onset glaucoma in one or both eyes with elevated intraocular pressure and increased corneal diameter and has_symptom early vision loss, increased corneal diameter, and increased corneal thickness. Hydrophthalmus is caused by congenital defects of the trabecular meshwork and anterior chamber angle that block aqueous outflow and raises intraocular pressure, leading to optic nerve atrophy and early vision loss.",http://purl.obolibrary.org/obo/DOID_11212,hidroftalmía,"Glaucoma congénito primario caracterizado por la aparición precoz de glaucoma en uno o ambos ojos con presión intraocular elevada y aumento del diámetro corneal y presentar_síntomas de pérdida precoz de visión, aumento del diámetro corneal y aumento del grosor de la córnea. La hidroftalmía está causada por defectos congénitos de la malla trabecular y del ángulo de la cámara anterior que bloquean el flujo de salida acuoso y elevan la presión intraocular, lo que provoca atrofia del nervio óptico y pérdida precoz de visión.",TRUE
http://purl.obolibrary.org/obo/DOID_11367,congenital aphakia,NA,http://purl.obolibrary.org/obo/DOID_11367,afaquia congénita,NA,TRUE
http://purl.obolibrary.org/obo/DOID_1148,polydactyly,A physical disorder that is characterized by the presence of more than five fingers per hand or five toes per foot.,http://purl.obolibrary.org/obo/DOID_1148,polidactilia,Trastorno físico que se caracteriza por la presencia de más de cinco dedos por mano o cinco dedos por pie.,TRUE
http://purl.obolibrary.org/obo/DOID_12961,Poland syndrome,"A physical disorder that is characterized by missing or underdeveloped muscles on one side of the body, resulting in abnormalities that can affect the chest, shoulder, arm, and hand.",http://purl.obolibrary.org/obo/DOID_12961,síndrome de Poland,"Trastorno físico que se caracteriza por la ausencia o el subdesarrollo de los músculos de un lado del cuerpo, lo que provoca anomalías que pueden afectar al pecho, el hombro, el brazo y la mano.",TRUE
http://purl.obolibrary.org/obo/DOID_13336,congenital toxoplasmosis,A toxoplasmosis that involves a reactivated infection of the mother transmitted to the fetus during pregnancy. Spontaneous abortion and stillbirth may occur.,http://purl.obolibrary.org/obo/DOID_13336,toxoplasmosis congénita,Toxoplasmosis que consiste en una infección reactivada de la madre transmitida al feto durante el embarazo. Pueden producirse abortos espontáneos y mortinatos.,TRUE
http://purl.obolibrary.org/obo/DOID_1342,congenital hypoplastic anemia,NA,http://purl.obolibrary.org/obo/DOID_1342,anemia hipoplásica congénita,NA,TRUE
http://purl.obolibrary.org/obo/DOID_13620,patent foramen ovale,NA,http://purl.obolibrary.org/obo/DOID_13620,foramen oval patente,NA,TRUE
http://purl.obolibrary.org/obo/DOID_14177,congenital hypogammaglobulinemia,NA,http://purl.obolibrary.org/obo/DOID_14177,hipogammaglobulinemia congénita,NA,TRUE
http://purl.obolibrary.org/obo/DOID_14681,Silver-Russell syndrome,"A physical disorder that is characterized by severe intrauterine growth retardation, poor postnatal growth, craniofacial features such as a triangular shaped face and a broad forehead, body asymmetry, and a variety of minor malformations.",http://purl.obolibrary.org/obo/DOID_14681,síndrome de Silver-Russell,"Trastorno físico que se caracteriza por un retraso grave del crecimiento intrauterino, un crecimiento postnatal deficiente, rasgos craneofaciales como una cara de forma triangular y frente ancha, asimetría corporal y una variedad de malformaciones menores.",TRUE
http://purl.obolibrary.org/obo/DOID_422,congenital structural myopathy,"A myopathy that is characterized by hypotonia, muscle weakness, and delayed development of motor skills.",http://purl.obolibrary.org/obo/DOID_422,miopatía estructural congénita,"Una miopatía que se caracteriza por hipotonía, debilidad muscular y retraso en el desarrollo de las habilidades motoras.",TRUE
http://purl.obolibrary.org/obo/DOID_14725,autosomal dominant microcephaly,A microcephaly that has_material_basis_in heterozygous mutation in an autosomal gene.,http://purl.obolibrary.org/obo/DOID_14725,microcefalia autosómica dominante,Una microcefalia que tiene_su_base_material_en una mutación heterocigótica en un gen autosómico.,TRUE
http://purl.obolibrary.org/obo/DOID_1657,ventricular septal defect,"A heart septal defect characterized by an opening in the interventricular septum, causing a shunt between ventricles.",http://purl.obolibrary.org/obo/DOID_1657,comunicación interventricular,Defecto del tabique cardíaco caracterizado por una abertura en el tabique interventricular que provoca una derivación entre ventrículos.,TRUE
http://purl.obolibrary.org/obo/DOID_1998,Lutembacher's syndrome,NA,http://purl.obolibrary.org/obo/DOID_1998,síndrome de Lutembacher,NA,TRUE
http://purl.obolibrary.org/obo/DOID_2236,congenital afibrinogenemia,A blood coagulation disease that is characterized by an impaired blood clotting resulting from a lack deficiency of a the fibrinogen protein (coagulation factor I).,http://purl.obolibrary.org/obo/DOID_2236,afibrinogenemia congénita,Enfermedad de la coagulación sanguínea que se caracteriza por una alteración de la coagulación de la sangre como consecuencia de una deficiencia de la proteína fibrinógeno (factor I de coagulación).,TRUE
http://purl.obolibrary.org/obo/DOID_2859,hemoglobin C disease,NA,http://purl.obolibrary.org/obo/DOID_2859,enfermedad de la hemoglobina C,NA,TRUE
http://purl.obolibrary.org/obo/DOID_3827,congenital diaphragmatic hernia,"A diaphragm disease characterized by the lack of development of all or part of the diaphragm, which results in an abnormal opening that allows the stomach and intestines to move into the chest cavity and crowd the heart and lungs.",http://purl.obolibrary.org/obo/DOID_3827,hernia diafragmática congénita,"Enfermedad del diafragma caracterizada por la falta de desarrollo de todo o parte del diafragma, lo que da lugar a una abertura anormal que permite que el estómago y los intestinos se desplacen hacia la cavidad torácica y apiñen el corazón y los pulmones.",TRUE
http://purl.obolibrary.org/obo/DOID_4297,scimitar syndrome,"A congenital heart disease that is characterized by partial or entire anomalous curved venous drainage of the right lung to the inferior vena cava, association with variable right lung and pulmonary artery hypoplasia, dextraposition of the heart and an anomalous systemic blood supply to the ipsilateral lung.",http://purl.obolibrary.org/obo/DOID_4297,síndrome de la cimitarra,"cardiopatía congénita que se caracteriza por un drenaje venoso curvo anómalo parcial o total del pulmón derecho a la vena cava inferior, asociado a una hipoplasia variable del pulmón derecho y de la arteria pulmonar, una dextraposición del corazón y un aporte sanguíneo sistémico anómalo al pulmón ipsilateral.",TRUE
http://purl.obolibrary.org/obo/DOID_4626,hydranencephaly,NA,http://purl.obolibrary.org/obo/DOID_4626,hidranencefalia,NA,TRUE
http://purl.obolibrary.org/obo/DOID_4773,congenital mesoblastic nephroma,A kidney cancer that is characterized by the presence of fibroblastic cells.,http://purl.obolibrary.org/obo/DOID_4773,nefroma mesoblástico congénito,Cáncer de riñón que se caracteriza por la presencia de células fibroblásticas.,TRUE
http://purl.obolibrary.org/obo/DOID_5378,hemoglobin D disease,NA,http://purl.obolibrary.org/obo/DOID_5378,enfermedad de la hemoglobina D,NA,TRUE
http://purl.obolibrary.org/obo/DOID_5379,hemoglobin E disease,NA,http://purl.obolibrary.org/obo/DOID_5379,enfermedad de la hemoglobina E,NA,TRUE
http://purl.obolibrary.org/obo/DOID_6406,double outlet right ventricle,NA,http://purl.obolibrary.org/obo/DOID_6406,ventrículo derecho de doble salida,NA,TRUE
http://purl.obolibrary.org/obo/DOID_6419,tetralogy of Fallot,NA,http://purl.obolibrary.org/obo/DOID_6419,tetralogía de Fallot,NA,TRUE
http://purl.obolibrary.org/obo/DOID_7280,congenital epulis,NA,http://purl.obolibrary.org/obo/DOID_7280,epulis congénito,NA,TRUE
http://purl.obolibrary.org/obo/DOID_758,situs inversus,A visceral heterotaxy that is characterized by complete right-to-left reversal of the position of the major thoracic and abdominal organs.,http://purl.obolibrary.org/obo/DOID_758,situs inversus,Heterotaxia visceral que se caracteriza por la inversión completa de derecha a izquierda de la posición de los principales órganos torácicos y abdominales.,TRUE
http://purl.obolibrary.org/obo/DOID_8082,cellular congenital mesoblastic nephroma,NA,http://purl.obolibrary.org/obo/DOID_8082,nefroma mesoblástico congénito celular,NA,TRUE
http://purl.obolibrary.org/obo/DOID_8083,classic congenital mesoblastic nephroma,NA,http://purl.obolibrary.org/obo/DOID_8083,nefroma mesoblástico congénito clásico,NA,TRUE
http://purl.obolibrary.org/obo/DOID_8303,congenital granular cell tumor,NA,http://purl.obolibrary.org/obo/DOID_8303,tumor congénito de células granulares,NA,TRUE
http://purl.obolibrary.org/obo/DOID_8418,congenital fibrosarcoma,NA,http://purl.obolibrary.org/obo/DOID_8418,fibrosarcoma congénito,NA,TRUE
http://purl.obolibrary.org/obo/DOID_9296,cleft lip,An orofacial cleft that is characterized by a congenital defect in the upper lip where the maxillary prominence fails to merge with the merged medial nasal prominences.,http://purl.obolibrary.org/obo/DOID_9296,labio leporino,Hendidura orofacial que se caracteriza por un defecto congénito en el labio superior en el que la prominencia maxilar no llega a fusionarse con las prominencias nasales medias fusionadas.,TRUE
http://purl.obolibrary.org/obo/DOID_9487,Meckel's diverticulum,A physical disorder that is characterized by a congenital abnormality characterized by the outpouching or sac formation in the ileum.,http://purl.obolibrary.org/obo/DOID_9487,divertículo de Meckel,Trastorno físico que se caracteriza por una anomalía congénita caracterizada por la formación de una bolsa o saco en el íleon.,TRUE
http://purl.obolibrary.org/obo/DOID_9565,dextrocardia,NA,http://purl.obolibrary.org/obo/DOID_9565,dextrocardia,NA,TRUE
http://purl.obolibrary.org/obo/DOID_9621,non-congenital cyst of kidney,NA,http://purl.obolibrary.org/obo/DOID_9621,quiste no congénito de riñón,NA,TRUE
http://purl.obolibrary.org/obo/DOID_9827,radioulnar synostosis,NA,http://purl.obolibrary.org/obo/DOID_9827,sinostosis radiocubital,NA,TRUE
http://purl.obolibrary.org/obo/DOID_990,congenital heart block,"An atrioventricular block characterized by the presence of conduction system disease of any form, which is diagnosed on or before 28 days of life.",http://purl.obolibrary.org/obo/DOID_990,bloqueo cardiaco congénito,"Un bloqueo auriculoventricular caracterizado por la presencia de una enfermedad del sistema de conducción de cualquier forma, que se diagnostica a los 28 días de vida o antes.",TRUE
http://purl.obolibrary.org/obo/DOID_9955,hypoplastic left heart syndrome,A congenital heart disease characterized by abnormal development of the left-sided structures of the heart.,http://purl.obolibrary.org/obo/DOID_9955,síndrome del corazón izquierdo hipoplásico,Enfermedad cardiaca congénita caracterizada por un desarrollo anormal de las estructuras del lado izquierdo del corazón.,TRUE
