review_notes,cause,match_en,quality,class,definition,google_translate_to_en,en_osa,en_dl,compare_en,clase,definición,google_translate_to_es,compare_es,en_qgram.1,en_qgram.4,en_cos.1,en_cos.4,en_jaccard.1,en_jaccard.4
,,exact,5,http://purl.obolibrary.org/obo/DOID_0050328,A hypothyroidism that is present at birth.,A hypothyroidism that is present at birth.,1,1,exact,http://purl.obolibrary.org/obo/DOID_0050328,Un hipotiroidismo que está presente al nacer.,Un hipotiroidismo que está presente al nacer.,exact,1,1,1,1,1,1
,,,,http://purl.obolibrary.org/obo/DOID_0080015,"A disease that has_material_basis_in a genetic abnormality, error with embryonic development, infection or compromised intrauterine environment.","A disease that has its material basis in a genetic abnormality, an error with embryonic development, an infection, or a compromised intrauterine environment.",0.8980891719745223,0.8980891719745223,,http://purl.obolibrary.org/obo/DOID_0080015,"Una enfermedad que tiene_su_base_material_en una anomalía genética, un error con el desarrollo embrionario, una infección o un entorno intrauterino comprometido.","Una enfermedad que tiene_base_material_en una anomalía genética, error en el desarrollo embrionario, infección o ambiente intrauterino comprometido.",,0.9368770764119602,0.8135593220338984,0.9860651939403687,0.809058969,0.9615384615384616,0.6900584795321637
,,,,http://purl.obolibrary.org/obo/DOID_0050453,A congenital nervous system abnormality characterized by the absence of folds in the cerebral cortex and caused_by defective neuronal migration during the 12th to 24th weeks of gestation.,Congenital anomaly of the nervous system characterized by the absence of folds in the cerebral cortex and caused by defective neuronal migration during weeks 12 to 24 of gestation.,0.7754010695187166,0.7754010695187166,,http://purl.obolibrary.org/obo/DOID_0050453,Anomalía congénita del sistema nervioso caracterizada por la ausencia de pliegues en la corteza cerebral y causada_por una migración neuronal defectuosa durante las semanas 12 a 24 de gestación.,Una anomalía congénita del sistema nervioso caracterizada por la ausencia de pliegues en la corteza cerebral y causada por una migración neuronal defectuosa durante las semanas 12 a 24 de gestación.,,0.9591280653950953,0.8033240997229917,0.9951064014961847,0.8264676277124073,0.9032258064516129,0.6764705882352942
,,,,http://purl.obolibrary.org/obo/DOID_0050454,A congenital nervous system abnormality characterized by non proper migration of neurons during the early development of the fetal brain.,Congenital anomaly of the nervous system characterized by inappropriate migration of neurons during early fetal brain development.,0.5328467153284672,0.5401459854014599,,http://purl.obolibrary.org/obo/DOID_0050454,Anomalía congénita del sistema nervioso caracterizada por la migración no adecuada de las neuronas durante el desarrollo temprano del cerebro fetal.,Una anomalía congénita del sistema nervioso caracterizada por una migración inadecuada de neuronas durante el desarrollo temprano del cerebro fetal.,,0.9363295880149812,0.6819923371647509,0.9919422444590272,0.6965363491672304,0.92,0.5178571428571429
,,,,http://purl.obolibrary.org/obo/DOID_0050488,"A congenital syphilis that is manifested during the first 3 months of life. The infection has_symptom skin lesions, has_symptom lymphadenopathy, has_symptom hepatosplenomegaly, has_symptom failure to thrive, has_symptom blood-stained nasal discharge, has_symptom perioral fissures, has_symptom meningitis, has_symptom choroiditis, has_symptom hydrocephalus, has_symptom seizures, has_symptom intellectual disability, has_symptom osteochondritis, and has_symptom pseudoparalysis.","A congenital syphilis that manifests itself during the first 3 months of life. The infection presents skin lesions, lymphadenopathy, hepatosplenomegaly, growth retardation, bloody nasal discharge, perioral fissures, meningitis, choroiditis, hydrocephalus, seizures, intellectual disability, osteochondritis and pseudoparalysis.",0.6171548117154811,0.6171548117154811,,http://purl.obolibrary.org/obo/DOID_0050488,"Una sífilis congénita que se manifiesta durante los 3 primeros meses de vida. La infección presenta lesiones cutáneas, linfadenopatía, hepatoesplenomegalia, retraso del crecimiento, secreción nasal sanguinolenta, fisuras periorales, meningitis, coroiditis, hidrocefalia, convulsiones, discapacidad intelectual, osteocondritis y pseudoparálisis.","Una sífilis congénita que se manifiesta durante los primeros 3 meses de vida. La infección tiene_síntoma lesiones cutáneas, tiene_síntoma linfadenopatía, tiene_síntoma hepatoesplenomegalia, tiene_síntoma falta de medro, tiene_síntoma secreción nasal manchada de sangre, tiene_síntoma fisuras periorales, tiene_síntoma meningitis, tiene_síntoma coroiditis, tiene_síntoma hidrocefalia, tiene_síntoma convulsiones, tiene_síntoma intelectual discapacidad, osteocondritis con síntomas y pseudoparálisis con síntomas .",,0.8,0.6332916145181477,0.941240165,0.326598077,0.8709677419354839,0.6198979591836735
,,,,http://purl.obolibrary.org/obo/DOID_9856,A syphilis that results_in a multisystem infection in the fetus via the placenta.,Syphilis that causes a multisystem infection in the fetus through the placenta.,0.7777777777777778,0.7777777777777778,,http://purl.obolibrary.org/obo/DOID_9856,Una sífilis que provoca_una una infección multisistémica en el feto a través de la placenta.,Una sífilis que resulta en una infección multisistémica en el feto a través de la placenta.,,0.9,0.7272727272727273,0.9810384883719658,0.7439024390243901,0.782608696,0.5684210526315789
,,,,http://purl.obolibrary.org/obo/DOID_0050534,A hereditary night blindness that is characterized by hemeralopia with a moderate loss of visual acuity and caused by defective photoreceptor-to-bipolar cell signaling with common ERG findings of reduced or absent b-waves and generally normal a-waves.,An inherited night blindness characterized by hemeralopia with a moderate loss of visual acuity and caused by defective signaling from photoreceptors to bipolar cells with common ERG findings of reduced or absent b waves and generally normal a waves.,0.8207171314741035,0.8207171314741035,,http://purl.obolibrary.org/obo/DOID_0050534,Una ceguera nocturna hereditaria que se caracteriza por hemeralopía con una pérdida moderada de agudeza visual y causada por una señalización defectuosa de los fotorreceptores a las células bipolares con hallazgos ERG comunes de ondas b reducidas o ausentes y ondas a generalmente normales.,Una ceguera nocturna hereditaria que se caracteriza por hemeralopía con una pérdida moderada de agudeza visual y causada por una señalización defectuosa de los fotorreceptores a las células bipolares con hallazgos ERG comunes de ondas b reducidas o ausentes y ondas a generalmente normales.,exact,0.9620758483033932,0.8282828282828283,0.9948849795049391,0.839641003,0.9655172413793104,0.6970802919708029
,,,,http://purl.obolibrary.org/obo/DOID_0050545,A physical disorder characterized by the abnormal distribution of the major visceral organs within the chest and abdomen.,Physical disorder characterized by the abnormal distribution of the major visceral organs within the thorax and abdomen.,0.9338842975206612,0.9338842975206612,,http://purl.obolibrary.org/obo/DOID_0050545,Trastorno físico caracterizado por la distribución anormal de los principales órganos viscerales dentro del tórax y el abdomen.,Un trastorno físico caracterizado por la distribución anormal de los principales órganos viscerales dentro del pecho y el abdomen.,,0.9543568464730291,0.9106382978723404,0.9943451222901544,0.9225155057709324,0.8571428571428571,0.8264462809917356
,,,,http://purl.obolibrary.org/obo/DOID_0050546,"An adrenal gland disease that is characterized by cortisol deficiency, hypoaldosteronism and excessive or insufficient sex hormones, has_material_basis_in the mutation in the gene for 21-hydroxylase, 11beta-hydroxylase, 3beta-hydroxysteroid, 17alpha-hydroxylase or 20,22-desmolase.","Disease of the adrenal gland characterized by cortisol deficiency, hypoaldosteronism and excess or insufficiency of sex hormones, has_its_material_base_in the mutation in the gene for 21-hydroxylase, 11beta-hydroxylase, 3beta-hydroxysteroid, 17alpha-hydroxylase or 20,22- desmolase.",0.8546099290780143,0.8546099290780143,,http://purl.obolibrary.org/obo/DOID_0050546,"Enfermedad de la glándula suprarrenal que se caracteriza por deficiencia de cortisol, hipoaldosteronismo y exceso o insuficiencia de hormonas sexuales, tiene_su_base_material_en la mutación en el gen de la 21-hidroxilasa, 11beta-hidroxilasa, 3beta-hidroxiesteroide, 17alfa-hidroxilasa o 20,22-desmolasa.","Una enfermedad de la glándula suprarrenal que se caracteriza por deficiencia de cortisol, hipoaldosteronismo y hormonas sexuales excesivas o insuficientes, tiene base_material_en la mutación en el gen de la 21-hidroxilasa, 11beta-hidroxilasa, 3beta-hidroxiesteroide, 17alfa-hidroxilasa o 20,22-desmolasa.",,0.9662522202486679,0.8725314183123878,0.9971845460895696,0.9135491394688106,0.9117647058823529,0.7557251908396947
,,,,http://purl.obolibrary.org/obo/DOID_0050557,"A muscular dystrophy that is characterized by diminished muscle tone (hypotonia), progressive muscle weakness and degeneration (atrophy), abnormally fixed joints, spinal rigidity, and delays in reaching motor milestones such as sitting or standing unassisted.","A muscular dystrophy characterized by decreased muscle tone (hypotonia), progressive muscle weakness and degeneration (atrophy), abnormally fixed joints, spinal rigidity, and delays in achieving motor milestones such as sitting or standing without assistance.",0.8841698841698842,0.8841698841698842,,http://purl.obolibrary.org/obo/DOID_0050557,"Una distrofia muscular que se caracteriza por un tono muscular disminuido (hipotonía), debilidad muscular progresiva y degeneración (atrofia), articulaciones anormalmente fijas, rigidez espinal y retrasos en alcanzar hitos motores como sentarse o ponerse de pie sin ayuda.","Una distrofia muscular que se caracteriza por disminución del tono muscular (hipotonía), debilidad y degeneración muscular progresiva (atrofia), articulaciones anormalmente fijas, rigidez de la columna y retrasos en alcanzar hitos motores como sentarse o pararse sin ayuda.",,0.9691119691119691,0.86328125,0.9974039530267167,0.8821598825651735,1,0.7472527472527473
,,,,http://purl.obolibrary.org/obo/DOID_0050558,"A congenital muscular dystrophy that is characterized by muscle weakness and respiratory depression and has_material_basis_in mutation in the COL6A1, COL6A2 and COL6A3 that produce components of type VI collagen.","A congenital muscular dystrophy that is characterized by muscle weakness and respiratory depression and has_its_base_material_mutation in COL6A1,COL6A2 and COL6A3 that produce components of type VI collagen.",0.9056603773584906,0.9056603773584906,,http://purl.obolibrary.org/obo/DOID_0050558,"Una distrofia muscular congénita que se caracteriza por debilidad muscular y depresión respiratoria y tiene_su_base_material_en mutación en los COL6A1,COL6A2 y COL6A3 que producen componentes del colágeno tipo VI.","Una distrofia muscular congénita que se caracteriza por debilidad muscular y depresión respiratoria y tiene una mutación en COL6A1, COL6A2 y COL6A3 que producen componentes del colágeno tipo VI.",,0.9832935560859188,0.9007263922518159,0.9982219223497716,0.9176555028164349,1,0.8095238095238095
,,,,http://purl.obolibrary.org/obo/DOID_0050559,"A congenital muscular dystrophy-dystroglycanopathy type A that is characterized by muscle weakness, failure to thrive, severe intellectual and developmental disability, impaired vision and cardiac abnormalities and has_material_basis_in mutation in the FKTN gene that produces the fukutin protein.","A congenital muscular dystrophy-dystroglycanopathy type A that is characterized by muscle weakness, developmental delay, severe intellectual and developmental disabilities, vision problems, and heart abnormalities and has a mutation in the FKTN gene that produces the protein fukutin.",0.7744107744107744,0.7744107744107744,,http://purl.obolibrary.org/obo/DOID_0050559,"Una distrofia muscular congénita-distroglicanopatía tipo A que se caracteriza por debilidad muscular, retraso en el desarrollo, discapacidad intelectual y del desarrollo grave, problemas de visión y anomalías cardiacas y tiene_su_base_material_en mutación en el gen FKTN que produce la proteína fukutina.","Una distrofia-distroglicanopatía muscular congénita tipo A que se caracteriza por debilidad muscular, retraso del crecimiento, discapacidad intelectual y del desarrollo grave, problemas de visión y anomalías cardíacas y tiene una mutación en el gen FKTN que produce la proteína fukutina.",,0.9500860585197934,0.7721739130434783,0.9910241833867736,0.8114950260304721,0.9696969696969697,0.6466876971608833
,,,,http://purl.obolibrary.org/obo/DOID_0111229,"A congenital muscular dystrophy-dystroglycanopathy characterized by cobblestone lissencephaly, muscle weakness, and brain and eye anomalies that has_material_basis_in autosomal recessive inheritance a defect in alpha-dystroglycan post-translational processing.","A congenital muscular dystrophy-dystroglycanopathy characterized by cobblestone lissencephaly, muscle weakness, and brain and eye abnormalities that has_its_material_base_in autosomal recessive inheritance a defect in the post-translational processing of alpha-dystroglycan.",0.8211678832116789,0.8211678832116789,,http://purl.obolibrary.org/obo/DOID_0111229,"Una distrofia muscular congénita-distroglicanopatía caracterizada por lisencefalia en empedrado, debilidad muscular y anomalías cerebrales y oculares que tiene_su_base_material_en la herencia autosómica recesiva un defecto en el procesamiento postraduccional del alfa-distroglicano.","Una distrofia-distroglicanopatía muscular congénita caracterizada por lisencefalia en adoquines, debilidad muscular y anomalías cerebrales y oculares que tiene una base material en la herencia autosómica recesiva y un defecto en el procesamiento postraduccional del alfa-distroglicano.",,0.9737827715355806,0.9015151515151515,0.9984062718094707,0.9175342965008829,1,0.8127340823970037
,,,,http://purl.obolibrary.org/obo/DOID_0050560,"A congenital muscular dystrophy that is characterized by hypotonia, seizures, severe intellectual and developmental disability, eye abnormalities and early death and has_material_basis_in mutations in multiple genes including POMT1, POMT2, ISPD, FKTN, FKRP, and LARGE1.","A congenital muscular dystrophy characterized by hypotonia, seizures, severe intellectual and developmental disabilities, ocular abnormalities, and premature death and has_its_material_base_in mutations in multiple genes, including POMT1,POMT2,ISPD, FKTN, FKRP, and LARGE1.",0.8754578754578755,0.8754578754578755,,http://purl.obolibrary.org/obo/DOID_0050560,"Una distrofia muscular congénita que se caracteriza por hipotonía, convulsiones, discapacidad intelectual y del desarrollo grave, anomalías oculares y muerte prematura y tiene_su_base_material_en mutaciones en múltiples genes, incluidos POMT1,POMT2,ISPD, FKTN, FKRP y LARGE1.","Una distrofia muscular congénita que se caracteriza por hipotonía, convulsiones, discapacidad intelectual y del desarrollo grave, anomalías oculares y muerte prematura y tiene mutaciones en múltiples genes, incluidos POMT1, POMT2, ISPD, FKTN, FKRP y LARGE1.",,0.963099631,0.8171641791044776,0.9943768056925444,0.8361944545014771,1,0.7079037800687286
,,,,http://purl.obolibrary.org/obo/DOID_0050567,"A physical disorder that is characterized by cleft lip and/or cleft palate that result in feeding, speech and hearing problems caused by failures during development.","Physical disorder characterized by the presence of a cleft lip and/or palate that gives rise to feeding, speech and hearing problems caused by failures during development.",0.736842105,0.736842105,,http://purl.obolibrary.org/obo/DOID_0050567,"Trastorno físico que se caracteriza por la presencia de labio leporino y/o paladar hendido que dan lugar a problemas de alimentación, habla y audición causados por fallos durante el desarrollo.","Un trastorno físico que se caracteriza por labio hendido y/o paladar hendido que resulta en problemas de alimentación, habla y audición causados ​​por fallas durante el desarrollo.",,0.9464285714285714,0.7696969696969697,0.9920191631165215,0.7936658222150214,0.9259259259259259,0.6368421052631579
,,,,http://purl.obolibrary.org/obo/DOID_0050570,A congenital disorder of glycosylation characterized by under-glycosylated serum glycoproteins.,Congenital disorder of glycosylation characterized by underglycosylated serum glycoproteins.,0.9578947368421052,0.9578947368421052,,http://purl.obolibrary.org/obo/DOID_0050570,Trastorno congénito de la glicosilación caracterizado por glicoproteínas séricas infraglucosiladas.,Un trastorno congénito de la glicosilación caracterizado por glicoproteínas séricas poco glicosiladas.,,0.9732620320855615,0.9392265193370166,0.9956594511641788,0.9520467648266259,0.88,0.872093023
,,,,http://purl.obolibrary.org/obo/DOID_5212,A carbohydrate metabolic disorder that involves deficient or defective glycosylation of a variety of tissue proteins and/or lipids.,Carbohydrate metabolic disorder involving deficient or defective glycosylation of various proteins and/or tissue lipids.,0.7633587786259541,0.7633587786259541,,http://purl.obolibrary.org/obo/DOID_5212,Trastorno metabólico de los hidratos de carbono que implica una glicosilación deficiente o defectuosa de diversas proteínas y/o lípidos tisulares.,Un trastorno metabólico de los carbohidratos que implica una glicosilación deficiente o defectuosa de una variedad de proteínas y/o lípidos tisulares.,,0.9163346613545816,0.7836734693877551,0.9853098918452273,0.7899047916248723,0.92,0.6462585034013606
,,,,http://purl.obolibrary.org/obo/DOID_0050571,A congenital disorder of glycosylation that involves malfunctioning trimming or processing of the protein-bound oligosaccharide chain.,A congenital disorder of glycosylation that involves a malfunction of trimming or processing of the oligosaccharide chain attached to the protein.,0.7191780821917808,0.7191780821917808,,http://purl.obolibrary.org/obo/DOID_0050571,Un trastorno congénito de la glicosilación que implica un mal funcionamiento del recorte o procesamiento de la cadena de oligosacáridos unida a la proteína.,Un trastorno congénito de la glicosilación que implica un mal funcionamiento del recorte o procesamiento de la cadena de oligosacáridos unida a proteínas.,,0.9071428571428571,0.8248175182481752,0.981023811,0.8469257208241591,0.9166666666666666,0.72
,,,,http://purl.obolibrary.org/obo/DOID_0050585,"A lipodystrophy that is characterized by extreme scarcity of subcutaneous fat, muscular hypertrophy, fatty liver, hypertriglyceremia and metabolic complications including insulin resistance.","A lipodystrophy characterized by an extreme lack of subcutaneous fat, muscle hypertrophy, fatty liver, hypertriglyceridemia, and metabolic complications, including insulin resistance.",0.8736842105263158,0.8736842105263158,,http://purl.obolibrary.org/obo/DOID_0050585,"Una lipodistrofia que se caracteriza por una escasez extrema de grasa subcutánea, hipertrofia muscular, hígado graso, hipertrigliceridemia y complicaciones metabólicas, incluida la resistencia a la insulina.","Una lipodistrofia que se caracteriza por una extrema escasez de grasa subcutánea, hipertrofia muscular, hígado graso, hipertrigliceremia y complicaciones metabólicas, incluida la resistencia a la insulina.",,0.9436997319034852,0.8065395095367848,0.9935198580020499,0.8239456445833601,0.9629629629629629,0.6619047619047619
,,,,http://purl.obolibrary.org/obo/DOID_0050588,"A congenital muscular dystrophy characterized by muscle weakness, cognitive impairment and brain abnormalities and has_material_basis_in mutation to the POMT1 gene that encodes O-mannosyltransferase.","A congenital muscular dystrophy characterized by muscle weakness, cognitive impairment and brain abnormalities and has a mutation in the POMT1 gene that encodes O-mannosyltransferase.",0.9045226130653267,0.9045226130653267,,http://purl.obolibrary.org/obo/DOID_0050588,"Una distrofia muscular congénita caracterizada por debilidad muscular, deterioro cognitivo y anomalías cerebrales y tiene_su_base_material_en mutación en el gen POMT1 que codifica la O-manosiltransferasa.","Una distrofia muscular congénita caracterizada por debilidad muscular, deterioro cognitivo y anomalías cerebrales y que tiene una mutación en el gen POMT1 que codifica la O-manosiltransferasa.",,0.9528795811518325,0.9042553191489362,0.9949541402770679,0.9095791490932459,0.9705882352941176,0.8258706467661692
,,,,http://purl.obolibrary.org/obo/DOID_0112375,"A muscular dystrophy-dystroglycanopathy characterized by early onset of muscle weakness, intellectual disability in most cases, and variable presence of mild brain anomalies.","A muscular dystrophy-dystroglycanopathy characterized by the early onset of muscle weakness, intellectual disability in most cases, and variable presence of mild brain abnormalities.",0.9560439560439561,0.9560439560439561,,http://purl.obolibrary.org/obo/DOID_0112375,"Una distrofia-distroglicanopatía muscular caracterizada por la aparición temprana de debilidad muscular, discapacidad intelectual en la mayoría de los casos y presencia variable de anomalías cerebrales leves.","Una distrofia muscular-distroglicanopatía caracterizada por la aparición temprana de debilidad muscular, discapacidad intelectual en la mayoría de los casos y presencia variable de anomalías cerebrales leves.",,0.9775280898876404,0.9257142857142857,0.998387926,0.9314255546884147,1,0.856353591
,,,,http://purl.obolibrary.org/obo/DOID_0050590,A neutropenia characterized by a maturation arrest of granulopoiesis at the level or promyelocytes and early onset of severe bacterial infections.,A neutropenia characterized by an arrest in the maturation of granulopoiesis at the level of promyelocytes and the early appearance of serious bacterial infections.,0.7621951219512195,0.7621951219512195,,http://purl.obolibrary.org/obo/DOID_0050590,Una neutropenia caracterizada por una detención de la maduración de la granulopoyesis a nivel de los promielocitos y la aparición precoz de infecciones bacterianas graves.,Neutropenia caracterizada por una detención de la maduración de la granulopoyesis a nivel de los promielocitos y la aparición temprana de infecciones bacterianas graves.,,0.935483871,0.7631578947368421,0.9949995826864034,0.7753312323930325,1,0.6271186440677966
,,,,http://purl.obolibrary.org/obo/DOID_0050593,"A glaucoma that is characterized by damage to the optic nerves that reduces peripheral vision and leads to blindness, has_material_basis_in mutation in the MYOC gene and appears before the age of 5 without other associated abnormalities.","A glaucoma that is characterized by damage to the optic nerves that reduces peripheral vision and leads to blindness, has a mutation in the MYOC gene and appears before the age of 5 without other associated anomalies.",0.9113924050632911,0.9113924050632911,,http://purl.obolibrary.org/obo/DOID_0050593,"Un glaucoma que se caracteriza por daños en los nervios ópticos que reducen la visión periférica y conducen a la ceguera, tiene_su_base_material_en mutación en el gen MYOC y aparece antes de los 5 años sin otras anomalías asociadas.","Un glaucoma que se caracteriza por un daño en los nervios ópticos que reduce la visión periférica y conduce a la ceguera, tiene una mutación en el gen MYOC y aparece antes de los 5 años sin otras anomalías asociadas.",,0.9515418502202643,0.9017857142857143,0.9948130368558359,0.9139076937674137,0.96875,0.8154506437768241
,,,,http://purl.obolibrary.org/obo/DOID_0050651,"A congenital heart septal defect characterized by an abnormal or inadequate fusion of the superior and inferior endocardial cushions with the mid portion of the atrial septum and the muscular portion of the ventricular septum, thus allowing extra blood to circulate the lungs.","Congenital cardiac septal defect characterized by abnormal or inadequate fusion of the upper and lower endocardial cushions with the middle portion of the atrial septum and the muscular portion of the ventricular septum, allowing excess blood to circulate through the lungs.",0.8442028985507246,0.8442028985507246,,http://purl.obolibrary.org/obo/DOID_0050651,"Defecto congénito del tabique cardiaco caracterizado por una fusión anormal o inadecuada de los cojines endocárdicos superior e inferior con la porción media del tabique auricular y la porción muscular del tabique ventricular, lo que permite que la sangre sobrante circule por los pulmones.","Comunicación congénita del tabique cardíaco caracterizada por una fusión anormal o inadecuada de las almohadillas endocárdicas superior e inferior con la porción media del tabique auricular y la porción muscular del tabique ventricular, lo que permite que sangre adicional circule por los pulmones.",,0.9563636363636363,0.8161764705882353,0.9965157500005055,0.8750024335941682,0.9310344827586207,0.6605166051660517
,,,,http://purl.obolibrary.org/obo/DOID_0050663,"A congenital muscular dystrophy that is characterized by myopathy and joint contractures that progresses slowly, has_material_basis_in autosomal dominant inheritance of heterozygous mutation in the COL6A1 gene, the COL6A2 gene, or the COL6A3 gene.","A congenital muscular dystrophy characterized by slowly progressing myopathy and joint contractures has_its_material_base_in an autosomal dominant inheritance of heterozygous mutation in the COL6A1 gene, the COL6A2 gene, or the COL6A3 gene.",0.7773279352226721,0.7773279352226721,,http://purl.obolibrary.org/obo/DOID_0050663,"Una distrofia muscular congénita que se caracteriza por miopatía y contracturas articulares que progresa lentamente, tiene_su_base_material_en una herencia autosómica dominante de mutación heterocigótica en el gen COL6A1,el gen COL6A2 o el gen COL6A3.","Una distrofia muscular congénita que se caracteriza por miopatía y contracturas articulares que progresa lentamente, tiene base_material_en herencia autosómica dominante de mutación heterocigótica en el gen COL6A1, el gen COL6A2 o el gen COL6A3.",,0.9691991786447639,0.8731808731808732,0.9966305011258683,0.8912560501046185,1,0.763265306
,,,,http://purl.obolibrary.org/obo/DOID_0050674,A steroid inherited metabolic disorder characterized by abnormal conversion of cholesterol into bile acids which occurs predominantly in the liver.,Steroid-inherited metabolic disorder characterized by an abnormal conversion of cholesterol to bile acids that occurs predominantly in the liver.,0.9115646258503401,0.9115646258503401,,http://purl.obolibrary.org/obo/DOID_0050674,Trastorno metabólico heredado de los esteroides caracterizado por una conversión anormal del colesterol en ácidos biliares que se produce predominantemente en el hígado.,Un trastorno metabólico heredado por esteroides caracterizado por una conversión anormal del colesterol en ácidos biliares que ocurre predominantemente en el hígado.,,0.952054795,0.8601398601398601,0.9934430667492113,0.8630946833531258,0.8461538461538461,0.7577639751552795
,,,,http://purl.obolibrary.org/obo/DOID_0050734,A vitamin B12 deficiency that is characterized by megaloblastic anemia due to the absence of gastric intrinsic factor which results in abnormal vitamin B12 absorption.,Vitamin B12 deficiency characterized by megaloblastic anemia due to the absence of gastric intrinsic factor that causes abnormal absorption of vitamin B12.,0.7305389221556886,0.7305389221556886,,http://purl.obolibrary.org/obo/DOID_0050734,Deficiencia de vitamina B12 que se caracteriza por una anemia megaloblástica debida a la ausencia del factor intrínseco gástrico que provoca una absorción anormal de la vitamina B12.,Una deficiencia de vitamina B12 que se caracteriza por anemia megaloblástica debido a la ausencia del factor intrínseco gástrico que resulta en una absorción anormal de vitamina B12.,,0.937888199,0.8164556962025317,0.9934013327606126,0.837925362,0.896551724,0.6914285714285714
,,,,http://purl.obolibrary.org/obo/DOID_10907,A congenital nervous system abnormality that is characterized by a significantly smaller than normal head in infants.,Congenital anomaly of the nervous system characterized by a significantly smaller head than normal in babies.,0.6068376068376069,0.6068376068376069,,http://purl.obolibrary.org/obo/DOID_10907,Anomalía congénita del sistema nervioso que se caracteriza por una cabeza significativamente más pequeña de lo normal en los bebés.,Una anomalía congénita del sistema nervioso que se caracteriza por una cabeza significativamente más pequeña de lo normal en los bebés.,,0.9203539823008849,0.6636363636363636,0.9871436274030245,0.6771078943018073,0.9166666666666666,0.5104895104895105
,,,,http://purl.obolibrary.org/obo/DOID_0050811,A steroid inherited metabolic disorder that is characterized by adrenal insufficiency and variable degrees of hyper or hypo androgeny manifestations resulting from steroidogenic enzyme deficiency.,An inherited steroid metabolic disorder characterized by adrenal insufficiency and varying degrees of hyper- or hypoandrogenic manifestations resulting from steroidogenic enzyme deficiency.,0.846938776,0.846938776,,http://purl.obolibrary.org/obo/DOID_0050811,Trastorno metabólico heredado de esteroides que se caracteriza por insuficiencia suprarrenal y grados variables de manifestaciones de hiper o hipoandrogenia resultantes de la deficiencia de enzimas esteroidogénicas.,Un trastorno metabólico heredado por esteroides que se caracteriza por insuficiencia suprarrenal y grados variables de manifestaciones de hiper o hipoandrogenia resultantes de la deficiencia de enzimas esteroidogénicas.,,0.9558441558441558,0.8443271767810027,0.9951651883806851,0.8656238570411896,0.96,0.736318408
,,,,http://purl.obolibrary.org/obo/DOID_0050813,"A spondyloepiphyseal dysplasia that is characterized by short stature of prenatal onset, joint dislocations (knees, hips, radial heads), club feet, and limitation of range of motion that can involve all large joints.","A spondyloepiphyseal dysplasia that is characterized by short stature of prenatal onset, joint dislocations (knees, hips, radial heads), club feet and limited range of motion that can affect all large joints.",0.9259259259259259,0.9259259259259259,,http://purl.obolibrary.org/obo/DOID_0050813,"Una displasia espondiloepifisaria que se caracteriza por baja estatura de inicio prenatal, luxaciones articulares (rodillas, caderas, cabezas radiales), pies zambos y limitación de la amplitud de movimiento que puede afectar a todas las grandes articulaciones.","Una displasia espondiloepifisaria que se caracteriza por estatura baja de inicio prenatal, dislocaciones de las articulaciones (rodillas, caderas, cabezas radiales), pies zambos y limitación del rango de movimiento que puede afectar a todas las articulaciones grandes.",,0.9622641509433962,0.8995215311004785,0.996019073,0.9112638241011228,0.9655172413793104,0.8287037037037037
,,,,http://purl.obolibrary.org/obo/DOID_0060259,"A physical disorder characterized by pancreatic fibrosis, renal dysplasia and hepatic dysgenesis; it is usual fatal soon after birth.","Physical disorder characterized by pancreatic fibrosis, renal dysplasia, and hepatic dysgenesis; usually fatal shortly after birth.",0.8721804511278195,0.8721804511278195,,http://purl.obolibrary.org/obo/DOID_0060259,"Trastorno físico caracterizado por fibrosis pancreática, displasia renal y disgenesia hepática ;que suele ser mortal poco después del nacimiento.","Un trastorno físico caracterizado por fibrosis pancreática, displasia renal y disgenesia hepática; suele ser mortal poco después del nacimiento.",,0.9318181818181819,0.8294573643410853,0.9884066033518983,0.8394384210560641,0.92,0.7006802721088435
,,,,http://purl.obolibrary.org/obo/DOID_0060261,A ptosis characterized by eyelid drop present at birth.,A ptosis characterized by the drooping of the eyelid present at birth.,0.6714285714285715,0.6714285714285715,,http://purl.obolibrary.org/obo/DOID_0060261,Una ptosis caracterizada por la caída del párpado presente al nacer.,Una ptosis caracterizada por la caída del párpado presente desde el nacimiento.,,0.88,0.7394957983193278,0.9815610204144711,0.7241388205442966,0.9047619047619048,0.6027397260273972
,,,,http://purl.obolibrary.org/obo/DOID_0060285,"An inherited neural tube defect that is characterized by enlarged openings in the parietal bones of the skull, has_material_basis_in mutation in the ALX4 gene or MSX2 gene.","Hereditary neural tube defect characterized by enlarged openings in the parietal bones of the skull, its material basis is the mutation of the ALX4 gene or the MSX2 gene.",0.8023255813953488,0.8023255813953488,,http://purl.obolibrary.org/obo/DOID_0060285,"Defecto hereditario del tubo neural que se caracteriza por aberturas agrandadas en los huesos parietales del cráneo, tiene_su_base_material_en la mutación del gen ALX4 o del gen MSX2.","Un defecto hereditario del tubo neural que se caracteriza por aberturas agrandadas en los huesos parietales del cráneo, tiene una mutación en el gen ALX4 o en el gen MSX2.",,0.935672515,0.7380952380952381,0.9893171449852398,0.7755546989593006,0.9393939393939394,0.6062176165803109
,,,,http://purl.obolibrary.org/obo/DOID_0080074,A physical disorder characterized by incomplete closure of the neural tube.,Physical disorder characterized by incomplete closure of the neural tube.,0.96,0.96,,http://purl.obolibrary.org/obo/DOID_0080074,Trastorno físico caracterizado por el cierre incompleto del tubo neural.,Un trastorno físico caracterizado por el cierre incompleto del tubo neural.,,0.972972973,0.971830986,0.9950098324334893,0.9719273929377942,0.9130434782608695,0.9452054794520548
,,,,http://purl.obolibrary.org/obo/DOID_0060296,A secretory diarrhea that has_material_basis_in mutation in the SLC26A3 gene.,A secretory diarrhea that has_its_base_material_mutation in the SLC26A3 gene.,0.8051948051948052,0.8051948051948052,,http://purl.obolibrary.org/obo/DOID_0060296,Una diarrea secretoria que tiene_su_base_material_en mutación en el gen SLC26A3.,Una diarrea secretora que tiene una mutación en el gen SLC26A3.,,0.961038961,0.8243243243243243,0.9922713368615975,0.8243243243243243,1,0.7011494252873564
,,,,http://purl.obolibrary.org/obo/DOID_0060326,"A spina bifida characterized by protrusion of the spinal cord through an opening, covered by meningeal membranes.","spina bifida characterized by the protrusion of the spinal cord through an opening, covered by meningeal membranes.",0.9478260869565217,0.9478260869565217,,http://purl.obolibrary.org/obo/DOID_0060326,"espina bífida caracterizada por la protrusión de la médula espinal a través de una abertura, cubierta por membranas meníngeas.",Espina bífida caracterizada por la protrusión de la médula espinal a través de una abertura cubierta por membranas meníngeas.,,0.9824561403508771,0.954954955,0.9978920185684396,0.9610548234239157,0.96,0.9339622641509434
,,,,http://purl.obolibrary.org/obo/DOID_0080016,A neural tube defect that is characterized by incomplete closing of the spine and membranes around the spinal cord during early development.,Neural tube defect characterized by incomplete closure of the vertebral column and the membranes surrounding the spinal cord during early development.,0.74,0.74,,http://purl.obolibrary.org/obo/DOID_0080016,Defecto del tubo neural que se caracteriza por el cierre incompleto de la columna vertebral y las membranas que rodean la médula espinal durante el desarrollo temprano.,Un defecto del tubo neural que se caracteriza por el cierre incompleto de la columna y las membranas que rodean la médula espinal durante el desarrollo temprano.,,0.9103448275862069,0.7323943661971831,0.9834375363822375,0.7619713830759788,0.92,0.6011904761904762
,,,,http://purl.obolibrary.org/obo/DOID_0060327,"A physical disorder characterized by a defect in the development of the abdominal wall muscles, resulting in the intestines, liver and other organs to remain outside of the abdomen in a sac.","Physical disorder characterized by a defect in the development of the muscles of the abdominal wall, which causes the intestines, liver, and other organs to remain outside the abdomen in a pouch.",0.7692307692307692,0.7692307692307692,,http://purl.obolibrary.org/obo/DOID_0060327,"Trastorno físico caracterizado por un defecto en el desarrollo de los músculos de la pared abdominal, que provoca que los intestinos, el hígado y otros órganos queden fuera del abdomen en una bolsa.","Un trastorno físico caracterizado por un defecto en el desarrollo de los músculos de la pared abdominal, lo que hace que los intestinos, el hígado y otros órganos permanezcan fuera del abdomen en un saco.",,0.9506493506493506,0.8179419525065963,0.9935615040361536,0.8591130972156876,0.9259259259259259,0.6896551724137931
,,,,http://purl.obolibrary.org/obo/DOID_0060341,"A physical disorder characterized by mandibular hypoplasia or agnathia, ventromedial auricular malposition (melotia) and/or auricular fusion (synotia), and microstomia with oroglossal hypoplasia or aglossia. Holoprosencephaly is the most commonly identified association, but skeletal, genitourinary and cardiovascular anomalies and situs inversus have been reported.","Physical disorder characterized by mandibular hypoplasia or agnathia, ventromedial auricular malposition (melotia) and/or auricular fusion (synotia), and microstomia with oroglossal hypoplasia or aglossia. Holoprosencephaly is the most commonly identified association, but skeletal, genitourinary and cardiovascular anomalies and situs inversus have been reported.",0.9918032786885246,0.9918032786885246,,http://purl.obolibrary.org/obo/DOID_0060341,"Trastorno físico caracterizado por hipoplasia mandibular o agnatia, malposición auricular ventromedial (melotia) y/o fusión auricular (sinotia), y microstomía con hipoplasia oroglosal o aglosia. La holoprosencefalia es la asociación más comúnmente identificada, pero se han notificado anomalías esqueléticas, genitourinarias y cardiovasculares y situs inversus.","Un trastorno físico caracterizado por hipoplasia mandibular o agnatia, malposición auricular ventromedial (melotia) y/o fusión auricular (sinotia) y microstomía con hipoplasia oroglosa o aglosia. La holoprosencefalia es la asociación identificada con mayor frecuencia, pero se han informado anomalías esqueléticas, genitourinarias y cardiovasculares y situs inversus.",,0.9945205479452055,0.994475138,0.9997814351432249,0.9957287688333366,0.9375,0.9876160990712074
,,,,http://purl.obolibrary.org/obo/DOID_0060445,A stromal dystrophy that is characterized by the presence of bilateral corneal opacities that can be seen at or shortly after birth.,A stromal dystrophy that is characterized by the presence of bilateral corneal opacities that can be observed at birth or shortly after.,0.875,0.875,,http://purl.obolibrary.org/obo/DOID_0060445,Una distrofia estromal que se caracteriza por la presencia de opacidades corneales bilaterales que pueden observarse al nacer o poco después.,Una distrofia estromal que se caracteriza por la presencia de opacidades corneales bilaterales que se pueden observar en el nacimiento o poco después.,,0.9776119402985075,0.8854961832061069,0.9980011552262329,0.8937069314308907,0.9545454545454546,0.7872340425531915
,,,,http://purl.obolibrary.org/obo/DOID_0060558,"A syndrome characterized by congenital nonprogressive joint contractures. The contractures can involve the upper or lower limbs and/or the vertebral column, leading to various degrees of flexion or extension limitations evident at birth.","Syndrome characterized by non-progressive congenital joint contractures. Contractures can affect the upper or lower extremities and/or the spine, leading to varying degrees of flexion or extension limitations evident at birth.",0.729957806,0.729957806,,http://purl.obolibrary.org/obo/DOID_0060558,"Síndrome caracterizado por contracturas articulares congénitas no progresivas. Las contracturas pueden afectar a las extremidades superiores o inferiores y/o a la columna vertebral, dando lugar a diversos grados de limitaciones de flexión o extensión evidentes al nacer.","Un síndrome caracterizado por contracturas articulares congénitas no progresivas. Las contracturas pueden afectar a los miembros superiores o inferiores y/o a la columna vertebral, provocando diversos grados de limitaciones en flexión o extensión evidentes desde el nacimiento.",,0.9200863930885529,0.7527352297592997,0.9905812061668793,0.7874299914084559,0.8484848484848485,0.5962264150943396
,,,,http://purl.obolibrary.org/obo/DOID_0060559,A lethal congenital contracture syndrome that has_material_basis_in homozygous or compound heterozygous mutation in the mRNA export mediator the GLE1 gene on chromosome 9q34.,Lethal congenital contracture syndrome that has_its_base_material_in homozygous or compound heterozygous mutation in the mRNA export mediator the GLE1 gene on chromosome 9q34.,0.9085714285714286,0.9085714285714286,,http://purl.obolibrary.org/obo/DOID_0060559,Síndrome de contractura congénita letal que tiene_su_base_material_en mutación homocigota o heterocigota compuesta en el mediador de exportación de ARNm el gen GLE1 en el cromosoma 9q34.,"Un síndrome de contractura congénita letal que tiene una mutación homocigótica o heterocigótica compuesta en el mediador de exportación de ARNm, el gen GLE1, en el cromosoma 9q34.",,0.9799426934097422,0.9271137026239067,0.9981318940142303,0.9354036396223552,1,0.8554913294797688
,,,,http://purl.obolibrary.org/obo/DOID_0060560,A lethal congenital contracture syndrome that can be that has_material_basis_in homozygous mutation in the ERBB3 gene on chromosome 12q13.,A lethal congenital contracture syndrome that may have a homozygous mutation in the ERBB3 gene on chromosome 12q13.,0.8043478260869565,0.8043478260869565,,http://purl.obolibrary.org/obo/DOID_0060560,Un síndrome de contractura congénita letal que puede ser que tenga_base_material_en mutación homocigota en el gen ERBB3 en el cromosoma 12q13.,Un síndrome de contractura congénita letal que puede deberse a una mutación homocigótica en el gen ERBB3 en el cromosoma 12q13.,,0.8932806324110671,0.8016194331983806,0.9815180150321625,0.8246010474267046,0.9,0.6785714285714286
,,exact,5,http://purl.obolibrary.org/obo/DOID_0060563,A patent ductus arteriosus with facial dysmorphism and abnormal fifth digits.,A patent ductus arteriosus with facial dysmorphism and abnormal fifth digits.,1,1,exact,http://purl.obolibrary.org/obo/DOID_0060563,Un conducto arterioso persistente con dismorfismo facial y quintos dígitos anormales.,Un conducto arterioso permeable con dismorfismo facial y quinto dígito anormal.,,1,1,1,1,1,1
,,,,http://purl.obolibrary.org/obo/DOID_0060613,A cleft palate that has_material_basis_in mutation in the TBX22 gene on chromosome Xq21.,A cleft palate that has_its_material_base_in a mutation in the TBX22 gene on chromosome Xq21.,0.9139784946236559,0.9139784946236559,,http://purl.obolibrary.org/obo/DOID_0060613,Un paladar hendido que tiene_su_base_material_en una mutación en el gen TBX22 del cromosoma Xq21.,Un paladar hendido que tiene una mutación en el gen TBX22 en el cromosoma Xq21.,,0.9723756906077348,0.88,0.9981923461268478,0.8803594037315453,1,0.7857142857142857
,,,,http://purl.obolibrary.org/obo/DOID_674,"An orofacial cleft characterized by a fissure of the soft and/or hard palate, due to faulty fusion of the two plates of the skull that form the hard palate.","Orofacial cleft characterized by a fissure of the soft and/or hard palate, due to a defective fusion of the two plates of the skull that form the hard palate.",0.9113924050632911,0.9177215189873418,,http://purl.obolibrary.org/obo/DOID_674,"Hendidura orofacial caracterizada por una fisura del paladar blando y/o duro, debida a una fusión defectuosa de las dos placas del cráneo que forman el paladar duro.","Hendidura orofacial caracterizada por una fisura del paladar blando y/o duro, debido a una fusión defectuosa de las dos placas del cráneo que forman el paladar duro.",,0.9554140127388535,0.9090909090909091,0.9950292077931556,0.9363733096915948,0.8928571428571429,0.8068965517241379
,,,,http://purl.obolibrary.org/obo/DOID_0060638,"A neonatal diabetes that is characterized by intrauterine growth retardation, hypothyroidism and onset of nonimmune diabetes mellitus within the first few weeks of life, and that has_material_basis_in homozygous or compound heterozygous mutations in the GLIS3 gene on chromosome 9p24.","A neonatal diabetes that is characterized by intrauterine growth retardation, hypothyroidism and the appearance of non-immune diabetes mellitus in the first weeks of life, and that has_its_material_base_in homozygous or compound heterozygous mutations in the GLIS3 gene on chromosome 9p24.",0.903114187,0.903114187,,http://purl.obolibrary.org/obo/DOID_0060638,"Una diabetes neonatal que se caracteriza por retraso del crecimiento intrauterino, hipotiroidismo y aparición de diabetes mellitus no inmunitaria en las primeras semanas de vida, y que tiene_su_base_material_en mutaciones homocigóticas o heterocigóticas compuestas en el gen GLIS3 del cromosoma 9p24.","Diabetes neonatal que se caracteriza por retraso del crecimiento intrauterino, hipotiroidismo y aparición de diabetes mellitus no inmune dentro de las primeras semanas de vida, y que tiene base material en mutaciones homocigotas o heterocigotas compuestas en el gen GLIS3 en el cromosoma 9p24.",,0.9703315881326352,0.8853615520282188,0.9973181156196897,0.9063520785120108,0.9722222222222222,0.7922535211267606
,,,,http://purl.obolibrary.org/obo/DOID_0060646,"A pleural disease characterized by the accumulation of chyle within the pleural space leading to respiratory distress, malnutrition and immunological compromise, either immediately after birth or within the first few weeks of life.","Pleural disease characterized by the accumulation of chyle in the pleural space that causes respiratory distress, malnutrition, and immunocompromise, either immediately after birth or in the first weeks of life.",0.8528138528138528,0.8528138528138528,,http://purl.obolibrary.org/obo/DOID_0060646,"Enfermedad pleural caracterizada por la acumulación de quilo en el espacio pleural que provoca dificultad respiratoria, desnutrición y compromiso inmunológico, ya sea inmediatamente después del nacimiento o en las primeras semanas de vida.","Una enfermedad pleural caracterizada por la acumulación de quilo dentro del espacio pleural que provoca dificultad respiratoria, desnutrición y compromiso inmunológico, ya sea inmediatamente después del nacimiento o dentro de las primeras semanas de vida.",,0.9321266968325792,0.8165137614678899,0.9933364203303674,0.8241710956891521,0.8888888888888888,0.6978723404255319
,,,,http://purl.obolibrary.org/obo/DOID_0060649,"A corneal endothelial dystrophy that has_material_basis_in homozygous or compound heterozygous mutation in the SLC4A11 gene, which encodes a sodium borate cotransporter, on chromosome 20p13 and is characterized by thickening and opacification of the cornea, altered morphology of the endothelium, and secretion of an abnormal collagenous layer at the Descemet membrane.","A corneal endothelial dystrophy that has_its_material_base_in a homozygous or compound heterozygous mutation in the SLC4A11 gene, which encodes a sodium borate cotransporter, on chromosome 20p13 and is characterized by thickening and opacification of the cornea, altered morphology of the endothelium and the secretion of an abnormal collagen layer in Descemet's membrane.",0.935483871,0.935483871,,http://purl.obolibrary.org/obo/DOID_0060649,"Una distrofia endotelial de la córnea que tiene_su_base_material_en una mutación homocigota o heterocigota compuesta en el gen SLC4A11,que codifica un cotransportador de borato de sodio, en el cromosoma 20p13 y se caracteriza por el engrosamiento y la opacificación de la córnea, la morfología alterada del endotelio y la secreción de una capa colágena anormal en la membrana de Descemet.","Una distrofia endotelial corneal que tiene una base material en una mutación homocigótica o heterocigótica compuesta en el gen SLC4A11, que codifica un cotransportador de borato de sodio, en el cromosoma 20p13 y se caracteriza por engrosamiento y opacificación de la córnea, morfología alterada del endotelio y secreción de una capa de colágeno anormal. en la membrana de Descemet.",,0.9878542510121457,0.9142857142857143,0.9995295890640742,0.9334788128410808,0.972972973,0.8314606741573034
,,,,http://purl.obolibrary.org/obo/DOID_0060653,A lethal congenital contracture syndrome that has_material_basis_in homozygous mutation in the PIP5K1C gene on chromosome 19p13.,A lethal congenital contracture syndrome that has_its_material_base_in a homozygous mutation in the PIP5K1C gene on chromosome 19p13.,0.9398496240601504,0.9398496240601504,,http://purl.obolibrary.org/obo/DOID_0060653,Un síndrome de contractura congénita letal que tiene_su_base_material_en una mutación homocigota en el gen PIP5K1C del cromosoma 19p13.,Un síndrome de contractura congénita letal que tiene_material_basis_in mutación homocigótica en el gen PIP5K1C en el cromosoma 19p13.,,0.9808429118773946,0.9176470588235294,0.9986744745445104,0.9226662805542832,1,0.8432835820895522
,,,,http://purl.obolibrary.org/obo/DOID_0060654,A lethal congenital contracture syndrome that has_material_basis_in homozygous mutation in the MYBPC1 gene on chromosome 12q23.,A lethal congenital contracture syndrome that has_its_material_base_in a homozygous mutation in the MYBPC1 gene on chromosome 12q23.,0.9393939393939394,0.9393939393939394,,http://purl.obolibrary.org/obo/DOID_0060654,Un síndrome de contractura congénita letal que tiene_su_base_material_en una mutación homocigota en el gen MYBPC1 del cromosoma 12q23.,Un síndrome de contractura congénita letal que tiene_material_basis_in mutación homocigótica en el gen MYBPC1 en el cromosoma 12q23.,,0.9806949806949807,0.9169960474308301,0.9986738179355611,0.9220923860994318,1,0.8421052631578947
,,,,http://purl.obolibrary.org/obo/DOID_0060655,An ichthyosis that is characterized by autosomal recessive inheritance and abnormal skin scaling over the whole body due to a defect in keratinization.,Ichthyosis characterized by autosomal recessive inheritance and abnormal peeling of the skin over the entire body due to a defect in keratinization.,0.7880794701986755,0.7880794701986755,,http://purl.obolibrary.org/obo/DOID_0060655,Ictiosis que se caracteriza por una herencia autosómica recesiva y una descamación anormal de la piel de todo el cuerpo debida a un defecto en la queratinización.,Una ictiosis que se caracteriza por una herencia autosómica recesiva y una descamación anormal de la piel en todo el cuerpo debido a un defecto en la queratinización.,,0.9364548494983278,0.8191126279863481,0.9891055236922235,0.8239248127895183,0.8518518518518519,0.7
,,,,http://purl.obolibrary.org/obo/DOID_0060656,"An autosomal recessive congenital ichthyosis that is characterized by lamellar ichthyosis, ectropion, eclabium and hyperkeratosis that has_material_basis_in homozygous or compound heterozygous mutation in the TGM1 gene on chromosome 14q11.2.","An autosomal recessive congenital ichthyosis characterized by lamellar ichthyosis, ectropion, eclabium and hyperkeratosis that has_its_base_material_in homozygous or compound heterozygous mutation in the TGM1 gene on chromosome 14q11.2.",0.9128630705394191,0.9128630705394191,,http://purl.obolibrary.org/obo/DOID_0060656,"Una ictiosis congénita autosómica recesiva que se caracteriza por ictiosis lamelar, ectropión, eclabio e hiperqueratosis que tiene_su_base_material_en mutación homocigota o heterocigota compuesta en el gen TGM1 del cromosoma 14q11.2.","Una ictiosis congénita autosómica recesiva que se caracteriza por ictiosis laminar, ectropión, eclabium e hiperqueratosis que tiene base material en una mutación homocigótica o heterocigótica compuesta en el gen TGM1 en el cromosoma 14q11.2.",,0.9811320754716981,0.9384288747346072,0.9988644715052252,0.9486457583991905,1,0.8938053097345132
,,,,http://purl.obolibrary.org/obo/DOID_0060668,"A congenital nervous system abnormality characterized by failure of the anterior neuropore to close resulting in partial or complete absence of the cranial vault accompanied by absence of overlying tissues, including the brain and cerebral hemispheres, skull and scalp.","Congenital anomaly of the nervous system characterized by a failure in closure of the anterior neuropore that causes partial or complete absence of the cranial vault accompanied by the absence of overlying tissues, including the brain and cerebral hemispheres, skull and scalp.",0.779783394,0.779783394,,http://purl.obolibrary.org/obo/DOID_0060668,"Anomalía congénita del sistema nervioso caracterizada por un fallo en el cierre del neuróporo anterior que provoca la ausencia parcial o completa de la bóveda craneal acompañada de la ausencia de los tejidos suprayacentes, incluidos el cerebro y los hemisferios cerebrales, el cráneo y el cuero cabelludo.","Una anomalía congénita del sistema nervioso caracterizada por la falta de cierre del neuroporo anterior, lo que resulta en una ausencia parcial o completa de la bóveda craneal acompañada de ausencia de los tejidos suprayacentes, incluidos el cerebro y los hemisferios cerebrales, el cráneo y el cuero cabelludo.",,0.9560439560439561,0.8296296296296296,0.9964155620232693,0.8694712803919313,0.9259259259259259,0.7101449275362319
,,,,http://purl.obolibrary.org/obo/DOID_0060710,"An autosomal recessive congenital ichthyosis characterized by fine scales on the scalp, face, trunk and limbs, marked palmoplantar hyperlinearity, hyperkeratosis, acanthosis, mild hypergranulosis and thickened stratum corneum that has_material_basis_in homozygous or compound heterozygous mutation in the ALOX12B gene on chromosome 17p13.","An autosomal recessive congenital ichthyosis characterized by fine scales on the scalp, face, trunk and extremities, marked palmoplantar hyperlinearity, hyperkeratosis, acanthosis, mild hypergranulosis and thickened stratum corneum that has a homozygous or compound heterozygous mutation in the ALOX12B gene on the chromosome. 17p13.",0.908284024,0.908284024,,http://purl.obolibrary.org/obo/DOID_0060710,"Una ictiosis congénita autosómica recesiva caracterizada por escamas finas en el cuero cabelludo, la cara, el tronco y las extremidades, hiperlinearidad palmoplantar marcada, hiperqueratosis, acantosis, hipergranulosis leve y estrato córneo engrosado que tiene_su_base_material_en mutación homocigota o heterocigota compuesta en el gen ALOX12B del cromosoma 17p13.","Una ictiosis congénita autosómica recesiva caracterizada por escamas finas en el cuero cabelludo, la cara, el tronco y las extremidades, hiperlinealidad palmoplantar marcada, hiperqueratosis, acantosis, hipergranulosis leve y estrato córneo engrosado que tiene base material en una mutación homocigótica o heterocigótica compuesta en el gen ALOX12B en el cromosoma 17p13.",,0.962742176,0.9082706766917293,0.99612592,0.9253705634023865,0.9444444444444444,0.8303030303030303
,,,,http://purl.obolibrary.org/obo/DOID_0060711,"An autosomal recessive congenital ichthyosis characterized by mild ichthyosis, fine scales on the scalp, face, trunk and limbs, dark brown adherent scales on the neck, elbow and knees, and hypohydrosis that has_material_basis_in homozygous or compound heterozygous mutation in the ALOXE3 gene on chromosome 17p13.","An autosomal recessive congenital ichthyosis characterized by mild ichthyosis, fine scales on the scalp, face, trunk, and extremities, dark brown adherent scales on the neck, elbow, and knees, and hypohidrosis that has_its_base_material_in homozygous or heterozygous mutation composed in the ALOXE3 gene on chromosome 17p13.",0.8672839506172839,0.8672839506172839,,http://purl.obolibrary.org/obo/DOID_0060711,"Una ictiosis congénita autosómica recesiva caracterizada por ictiosis leve, escamas finas en el cuero cabelludo, la cara, el tronco y las extremidades, escamas adherentes de color marrón oscuro en el cuello, el codo y las rodillas, e hipohidrosis que tiene_su_base_material_en mutación homocigota o heterocigota compuesta en el gen ALOXE3 del cromosoma 17p13.","Ictiosis congénita autosómica recesiva caracterizada por ictiosis leve, escamas finas en el cuero cabelludo, cara, tronco y extremidades, escamas adherentes de color marrón oscuro en el cuello, codos y rodillas e hipohidrosis que tiene base material en una mutación homocigótica o heterocigótica compuesta en el gen ALOXE3 en el cromosoma 17p13. .",,0.967032967,0.8684627575277337,0.9965569646959231,0.8989194465973053,0.9722222222222222,0.75
,,,,http://purl.obolibrary.org/obo/DOID_0060712,An autosomal recessive congenital ichthyosis characterized by generalized ichthyosis and ectropion that has_material_basis_in homozygous or compound heterozygous mutation in the ABCA12 gene on chromosome 2q35.,An autosomal recessive congenital ichthyosis characterized by generalized ichthyosis and ectropion that has a homozygous or compound heterozygous mutation in the ABCA12 gene on chromosome 2q35.,0.9186602870813397,0.9186602870813397,,http://purl.obolibrary.org/obo/DOID_0060712,Una ictiosis congénita autosómica recesiva caracterizada por ictiosis generalizada y ectropión que tiene_su_base_material_en mutación homocigota o heterocigota compuesta en el gen ABCA12 del cromosoma 2q35.,Ictiosis congénita autosómica recesiva caracterizada por ictiosis generalizada y ectropión que tiene base material en una mutación homocigótica o heterocigótica compuesta en el gen ABCA12 en el cromosoma 2q35.,,0.9552238805970149,0.9343434343434344,0.994427718,0.9467184703326357,0.967741935,0.8677248677248677
,,,,http://purl.obolibrary.org/obo/DOID_0060713,"An autosomal recessive congenital ichthyosis characterized by severe neonatal ichthyosis with bilateral ectropion and eclabium, flattened and rudimentary nose and ears, constricting bands around the extremities and frequently lethality during infancy that has_material_basis_in homozygous or compound heterozygous mutation in the ABCA12 gene on chromosome 2q35.","An autosomal recessive congenital ichthyosis characterized by severe neonatal ichthyosis with bilateral ectropion and eclabium, flattened and rudimentary nose and ears, constrictive bands around the extremities and frequently lethal during infancy that has its material basis in a homozygous or compound heterozygous mutation in the ABCA12 gene on the chromosome. 2q35.",0.948509485,0.948509485,,http://purl.obolibrary.org/obo/DOID_0060713,"Una ictiosis congénita autosómica recesiva caracterizada por ictiosis neonatal grave con ectropión y eclabio bilaterales, nariz y orejas aplanadas y rudimentarias, bandas constrictivas alrededor de las extremidades y con frecuencia letal durante la infancia que tiene_su_base_material_en una mutación homocigota o heterocigota compuesta en el gen ABCA12 del cromosoma 2q35.","Ictiosis congénita autosómica recesiva caracterizada por ictiosis neonatal grave con ectropión y eclabium bilaterales, nariz y orejas aplanadas y rudimentarias, bandas constrictivas alrededor de las extremidades y frecuentemente letalidad durante la infancia que tiene base material en una mutación homocigótica o heterocigótica compuesta en el gen ABCA12 en el cromosoma 2q35.",,0.9726027397260274,0.9060773480662984,0.9976558279729193,0.9247733112084742,0.9714285714285714,0.8286516853932584
,,,,http://purl.obolibrary.org/obo/DOID_0060714,"An autosomal recessive congenital ichthyosis characterized by fine white or greyish-white scales, hyperkeratosis, moderate acanthosis, and moderate parakeratosis that has_material_basis_in homozygous mutation in the CYP4F22 gene on chromosome 19p13.","An autosomal recessive congenital ichthyosis characterized by fine white or grayish-white scales, hyperkeratosis, acanthosis and moderate parakeratosis that has its material basis in the homozygous mutation in the CYP4F22 gene on chromosome 19p13.",0.9116465863453815,0.9116465863453815,,http://purl.obolibrary.org/obo/DOID_0060714,"Una ictiosis congénita autosómica recesiva caracterizada por finas escamas blancas o blanco grisáceas, hiperqueratosis, acantosis y paraqueratosis moderadas que tiene_su_base_material_en la mutación homocigota en el gen CYP4F22 del cromosoma 19p13.","Ictiosis congénita autosómica recesiva caracterizada por escamas finas de color blanco o blanco grisáceo, hiperqueratosis, acantosis moderada y paraqueratosis moderada que tiene base material en una mutación homocigótica en el gen CYP4F22 en el cromosoma 19p13.",,0.9637096774193549,0.8734693877551021,0.9953688102193576,0.8947562059792249,0.9736842105263158,0.8122448979591836
,,,,http://purl.obolibrary.org/obo/DOID_0060715,"An autosomal recessive congenital ichthyosis characterized by generalized ichthyosis, hyperkeratosis, parakeratosis and moderate acanthosis that has_material_basis_in homozygous or compound heterozygous mutation in the NIPAL4 gene on chromosome 5q33.","An autosomal recessive congenital ichthyosis characterized by generalized ichthyosis, hyperkeratosis, parakeratosis and moderate acanthosis that has_its_base_material_in homozygous or compound heterozygous mutation in the NIPAL4 gene on chromosome 5q33.",0.9486166007905138,0.9486166007905138,,http://purl.obolibrary.org/obo/DOID_0060715,"Una ictiosis congénita autosómica recesiva caracterizada por ictiosis generalizada, hiperqueratosis, paraqueratosis y acantosis moderada que tiene_su_base_material_en mutación homocigota o heterocigota compuesta en el gen NIPAL4 en el cromosoma 5q33.","Ictiosis congénita autosómica recesiva caracterizada por ictiosis generalizada, hiperqueratosis, paraqueratosis y acantosis moderada que tiene base material en una mutación homocigótica o heterocigótica compuesta en el gen NIPAL4 en el cromosoma 5q33.",,0.9940357852882704,0.9577464788732395,0.9996638251795986,0.968046622,1,0.9074889867841409
,,,,http://purl.obolibrary.org/obo/DOID_0060716,"An autosomal recessive congenital ichthyosis characterized by fine whitish scales, moderate to severe erythroderma, compact hyperkeratosis, hypergranulosis, acanthosis, and papillomatosis that has_material_basis_in variation in the chromosome region 12p11.2-q13.1.","An autosomal recessive congenital ichthyosis characterized by fine whitish scales, moderate to severe erythroderma, compact hyperkeratosis, hypergranulosis, acanthosis, and papillomatosis that has its material basis in variation in the chromosomal region 12p11.2-q13.1.",0.966542751,0.966542751,,http://purl.obolibrary.org/obo/DOID_0060716,"Una ictiosis congénita autosómica recesiva caracterizada por finas escamas blanquecinas, eritrodermia de moderada a grave, hiperqueratosis compacta, hipergranulosis, acantosis y papilomatosis que tiene_su_base_material_en la variación en la región cromosómica 12p11.2-q13.1.","Una ictiosis congénita autosómica recesiva caracterizada por finas escamas blanquecinas, eritrodermia de moderada a grave, hiperqueratosis compacta, hipergranulosis, acantosis y papilomatosis que tiene una variación en la base material en la región cromosómica 12p11.2-q13.1.",,0.975609756,0.9297912713472486,0.9972822889465843,0.9439967479767967,0.9696969696969697,0.8823529411764706
,,,,http://purl.obolibrary.org/obo/DOID_0060717,"An autosomal recessive congenital ichthyosis characterized by diffuse lamellar ichthyosis, slight facial erythema, hyperkeratosis, orthokeratosis, hypergranulosis, and acanthosis that has_material_basis_in homozygous mutation in the LIPN gene on chromosome 10q23.","An autosomal recessive congenital ichthyosis characterized by diffuse lamellar ichthyosis, mild facial erythema, hyperkeratosis, orthokeratosis, hypergranulosis and acanthosis that has a homozygous mutation in the LIPN gene on chromosome 10q23.",0.9125475285171103,0.9125475285171103,,http://purl.obolibrary.org/obo/DOID_0060717,"Una ictiosis congénita autosómica recesiva caracterizada por ictiosis lamelar difusa, eritema facial leve, hiperqueratosis, ortoqueratosis, hipergranulosis y acantosis que tiene_su_base_material_en mutación homocigota en el gen LIPN del cromosoma 10q23.","Ictiosis congénita autosómica recesiva caracterizada por ictiosis laminar difusa, eritema facial leve, hiperqueratosis, ortoqueratosis, hipergranulosis y acantosis que tiene base material en una mutación homocigótica en el gen LIPN en el cromosoma 10q23.",,0.9546351084812623,0.9021956087824351,0.9960306556190035,0.9282645059268897,0.9722222222222222,0.8155737704918032
,,,,http://purl.obolibrary.org/obo/DOID_0060718,"An autosomal recessive congenital ichthyosis characterized by fine erythrodermic scales, palmoplantar hyperlinearity, thick orthohyperkeratosis, hypergranulosis, moderate acanthosis and mild alopecia that has_material_basis_in homozygous mutation in the CERS3 gene on chromosome 15q26.","An autosomal recessive congenital ichthyosis characterized by fine erythrodermic scales, palmoplantar hyperlinearity, coarse orthokeratosis, hypergranulosis, moderate acanthosis and mild alopecia that has a homozygous mutation in the CERS3 gene on chromosome 15q26.",0.9017543859649123,0.9017543859649123,,http://purl.obolibrary.org/obo/DOID_0060718,"Una ictiosis congénita autosómica recesiva caracterizada por finas escamas eritrodérmicas, hiperlinearidad palmoplantar, ortoqueratosis gruesa, hipergranulosis, acantosis moderada y alopecia leve que tiene_su_base_material_en mutación homocigota en el gen CERS3 del cromosoma 15q26.","Una ictiosis congénita autosómica recesiva caracterizada por escamas eritrodérmicas finas, hiperlinealidad palmoplantar, ortohiperqueratosis gruesa, hipergranulosis, acantosis moderada y alopecia leve que tiene base material en una mutación homocigota en el gen CERS3 en el cromosoma 15q26.",,0.9563636363636363,0.9007352941176471,0.9960376862960748,0.9131427383011977,0.972972973,0.8204225352112676
,,,,http://purl.obolibrary.org/obo/DOID_0060719,"An autosomal recessive congenital ichthyosis characterized by generalized ichthyosis, moderade erythroderma, palmoplantar keratoderma and hypergranulosis that has_material_basis_in homozygous mutation in the PNPLA1 gene on chromosome 6p21.","An autosomal recessive congenital ichthyosis characterized by generalized ichthyosis, moderate erythroderma, palmoplantar keratoderma and hypergranulosis that has a homozygous mutation in the PNPLA1 gene on chromosome 6p21.",0.9246861924686193,0.9246861924686193,,http://purl.obolibrary.org/obo/DOID_0060719,"Una ictiosis congénita autosómica recesiva caracterizada por ictiosis generalizada, eritrodermia moderada, queratodermia palmoplantar e hipergranulosis que tiene_su_base_material_en mutación homocigota en el gen PNPLA1 del cromosoma 6p21.","Una ictiosis congénita autosómica recesiva caracterizada por ictiosis generalizada, eritrodermia moderada, queratodermia palmoplantar e hipergranulosis que tiene base material en una mutación homocigótica en el gen PNPLA1 en el cromosoma 6p21.",,0.961038961,0.9254385964912281,0.9957919919321474,0.9379057563487964,0.96875,0.8571428571428571
,,,,http://purl.obolibrary.org/obo/DOID_0060720,"An autosomal recessive congenital ichthyosis characterized by ichthyosis, hypotrichosis, photophobia, corneal opacity, pingueculum, blepharitis, marked acanthosis, otrhohyperkeratosis and hyperkeratosis that has_material_basis_in homozygous mutation in the ST14 gene on chromosome 11q24.","An autosomal recessive congenital ichthyosis characterized by ichthyosis, hypotrichosis, photophobia, corneal opacity, pinguecula, blepharitis, marked acanthosis, orthokeratosis and hyperkeratosis that has its material basis in a homozygous mutation in the ST14 gene on chromosome 11q24.",0.9407665505226481,0.9407665505226481,,http://purl.obolibrary.org/obo/DOID_0060720,"Una ictiosis congénita autosómica recesiva caracterizada por ictiosis, hipotricosis, fotofobia, opacidad corneal, pinguécula, blefaritis, acantosis marcada, ortoqueratosis e hiperqueratosis que tiene_su_base_material_en una mutación homocigota en el gen ST14 del cromosoma 11q24.","Una ictiosis congénita autosómica recesiva caracterizada por ictiosis, hipotricosis, fotofobia, opacidad corneal, pinguéculo, blefaritis, acantosis marcada, otrhohiperqueratosis e hiperqueratosis que tiene base material en una mutación homocigótica en el gen ST14 en el cromosoma 11q24.",,0.9651567944250871,0.8908450704225352,0.9958438789829716,0.9182090009488901,0.96875,0.8035714285714286
,,,,http://purl.obolibrary.org/obo/DOID_0060731,"An autonomic nervous system disease characterized by reduced responsiveness of the respiratory center to carbon dioxide, diminished pupillary light responses, and other symptoms related to defects in the autonomic nervous system and that has_material_basis_in most commonly heterozygous mutation in the PHOX2B gene on chromosome 4p13 and less frequently mutations in the RET, GDNF, EDN3, BDNF, or ASCL1 genes.","Disease of the autonomic nervous system characterized by reduced responsiveness of the respiratory center to carbon dioxide, diminished pupillary responses to light, and other symptoms related to defects in the autonomic nervous system and most commonly having a heterozygous mutation in the PHOX2B gene on the chromosome. 4p13 and less frequently mutations in the RET, GDNF, EDN3, BDNF or ASCL1 genes.",0.8141809290953546,0.8141809290953546,,http://purl.obolibrary.org/obo/DOID_0060731,"Enfermedad del sistema nervioso autónomo caracterizada por una capacidad de respuesta reducida del centro respiratorio al dióxido de carbono, respuestas pupilares a la luz disminuidas y otros síntomas relacionados con defectos en el sistema nervioso autónomo y que tiene_su_base_material_en más comúnmente mutación heterocigota en el gen PHOX2B del cromosoma 4p13 y con menos frecuencia mutaciones en los genes RET, GDNF, EDN3,BDNF o ASCL1.","Una enfermedad del sistema nervioso autónomo caracterizada por una menor capacidad de respuesta del centro respiratorio al dióxido de carbono, una disminución de las respuestas pupilares a la luz y otros síntomas relacionados con defectos en el sistema nervioso autónomo y que tiene su base material en la mutación más comúnmente heterocigota en el gen PHOX2B en el cromosoma 4p13 y con menor frecuencia. mutaciones en los genes RET, GDNF, EDN3, BDNF o ASCL1.",,0.9617755856966708,0.8745341614906832,0.9971290605927993,0.9102447169958836,0.9787234042553191,0.7730870712401056
,,,,http://purl.obolibrary.org/obo/DOID_0060769,"A severe combined immunodeficiency characterized by congenital alopecia, severe T-cell immunodeficiency, and ridging, pitting or curving of all nails that has_material_basis_in homozygous mutation in the FOXN1 gene on chromosome 17q11-q12.","Severe combined immunodeficiency characterized by congenital alopecia, severe T-cell immunodeficiency, and ridges, pitting, or curling of all nails that have a homozygous mutation in the FOXN1 gene on chromosome 17q11-q12.",0.89539749,0.89539749,,http://purl.obolibrary.org/obo/DOID_0060769,"Inmunodeficiencia combinada grave caracterizada por alopecia congénita, inmunodeficiencia grave de células T y crestas, picaduras o curvatura de todas las uñas que tiene_su_base_material_en mutación homocigota en el gen FOXN1 en el cromosoma 17q11-q12.","Una inmunodeficiencia combinada grave caracterizada por alopecia congénita, inmunodeficiencia grave de células T y surcos, hoyuelos o curvaturas en todas las uñas que tiene una mutación homocigótica en el gen FOXN1 en el cromosoma 17q11-q12.",,0.9501084598698482,0.8791208791208791,0.9932147998119311,0.8979633773102336,0.918918919,0.7854077253218884
,,,,http://purl.obolibrary.org/obo/DOID_0060770,A congenital heart disease characterized by complete inversion of the great vessels where the aorta incorrectly arises from the right ventricle and the pulmonary artery incorrectly arises from the left ventricle.,Congenital heart disease characterized by a complete inversion of the great vessels in which the aorta arises incorrectly from the right ventricle and the pulmonary artery arises incorrectly from the left ventricle.,0.8186046511627907,0.8186046511627907,,http://purl.obolibrary.org/obo/DOID_0060770,Enfermedad cardiaca congénita caracterizada por una inversión completa de los grandes vasos en la que la aorta nace incorrectamente del ventrículo derecho y la arteria pulmonar nace incorrectamente del ventrículo izquierdo.,Una cardiopatía congénita caracterizada por una inversión completa de los grandes vasos donde la aorta surge incorrectamente del ventrículo derecho y la arteria pulmonar surge incorrectamente del ventrículo izquierdo.,,0.9742388758782201,0.8788598574821853,0.9978618262303893,0.8937345759719829,0.9230769230769231,0.7819148936170213
,,,,http://purl.obolibrary.org/obo/DOID_0060772,"A congenital heart disease that is characterized by a congenital cardiac malformation characterized by atrioventricular concordance and ventriculoarterial discordance and that 
has_material_basis_in heterozygous mutation in the GDF1 gene on chromosome 19p13.",A congenital heart disease characterized by a congenital cardiac malformation characterized by an atrioventricular concordance and a ventricle-arterial discordance and which has its material base in a heterozygous mutation in the GDF1 gene on chromosome 19p13.,0.8769230769230769,0.8769230769230769,,http://purl.obolibrary.org/obo/DOID_0060772,Una cardiopatía congénita que se caracteriza por una malformación cardíaca congénita caracterizada por una concordancia auriculoventricular y una discordancia ventrículo arterial y que tiene_su_base_material_en mutación heterocigota en el gen GDF1 del cromosoma 19p13.,"Una cardiopatía congénita que se caracteriza por una malformación cardíaca congénita caracterizada por concordancia auriculoventricular y discordancia ventriculoarterial y que 
has_material_basis_in mutación heterocigota en el gen GDF1 en el cromosoma 19p13.",,0.9575289575289575,0.82421875,0.9946577487034748,0.8709708888761069,0.8823529411764706,0.6625514403292181
,,,,http://purl.obolibrary.org/obo/DOID_0060774,A diarrhea that is characterized by frequent loose or liquid bowel movements where the disease is present from birth.,Diarrhea characterized by frequent watery or soft stools when the disease is present from birth.,0.6752136752136753,0.6752136752136753,,http://purl.obolibrary.org/obo/DOID_0060774,Diarrea que se caracteriza por deposiciones líquidas o blandas frecuentes cuando la enfermedad está presente desde el nacimiento.,"Una diarrea que se caracteriza por deposiciones frecuentes, sueltas o líquidas, donde la enfermedad está presente desde el nacimiento.",,0.8732394366197183,0.6183574879227054,0.9819409693026953,0.6328080517266373,0.8846153846153846,0.44680851063829785
,,,,http://purl.obolibrary.org/obo/DOID_0060775,"A congenital diarrhea characterized by onset of intractable life-threatening watery diarrhea during infancy, lack of microvilli on the surface of enterocytes and occurrence of intracellular vacuolar structures containing microvilli that has_material_basis_in homozygous or compound heterozygous mutation in the MYO5B gene on chromosome 18q21.","A congenital diarrhea characterized by the development of life-threatening intractable watery diarrhea during infancy, the lack of microvilli on the surface of enterocytes, and the appearance of intracellular vacuolar structures containing microvilli that have a homozygous or compound heterozygous mutation in the MYO5B gene on the chromosome. 18q21.",0.809116809,0.809116809,,http://purl.obolibrary.org/obo/DOID_0060775,"Una diarrea congénita caracterizada por la aparición de diarrea acuosa intratable potencialmente mortal durante la infancia, la falta de microvellosidades en la superficie de los enterocitos y la aparición de estructuras vacuolares intracelulares que contienen microvellosidades que tiene_su_base_material_en mutación homocigota o heterocigota compuesta en el gen MYO5B del cromosoma 18q21.","Diarrea congénita caracterizada por la aparición de diarrea acuosa intratable y potencialmente mortal durante la infancia, falta de microvellosidades en la superficie de los enterocitos y aparición de estructuras vacuolares intracelulares que contienen microvellosidades que tienen una base material en una mutación homocigótica o heterocigótica compuesta en el gen MYO5B en el cromosoma 18q21.",,0.935064935,0.826783115,0.9910281456849298,0.8501917942185291,0.9736842105263158,0.7023121387283237
,,,,http://purl.obolibrary.org/obo/DOID_0060776,"A congenital diarrhea characterized by intractable diarrhea of infancy with villous atrophy, absence of inflammation, and intestinal epithelial cell dysplasia manifesting as focal epithelial tufts in the duodenum and jejunum that has_material_basis_in homozygous or compound heterozygous mutation in the EPCAM gene on chromosome 2p21.","A congenital diarrhea characterized by intractable diarrhea of ​​infancy with villous atrophy, absence of inflammation, and dysplasia of intestinal epithelial cells manifesting as focal epithelial tufts in the duodenum and jejunum that has a homozygous or compound heterozygous mutation in the chromosome EPCAM gene. 2p21.",0.811377246,0.811377246,,http://purl.obolibrary.org/obo/DOID_0060776,"Una diarrea congénita caracterizada por diarrea intratable de la infancia con atrofia vellositaria, ausencia de inflamación y displasia de las células epiteliales intestinales que se manifiesta como penachos epiteliales focales en el duodeno y el yeyuno que tiene_su_base_material_en mutación homocigota o heterocigota compuesta en el gen EPCAM del cromosoma 2p21.","Diarrea congénita caracterizada por diarrea intratable de la infancia con atrofia de las vellosidades, ausencia de inflamación y displasia de células epiteliales intestinales que se manifiesta como mechones epiteliales focales en el duodeno y el yeyuno que tiene base material en una mutación homocigótica o heterocigótica compuesta en el gen EPCAM en el cromosoma 2p21.",,0.9664634146341463,0.9015384615384615,0.9975335877005259,0.9227726147537249,0.9428571428571428,0.8076923076923077
,,,,http://purl.obolibrary.org/obo/DOID_0060777,A secretory diarrhea that has_material_basis_in homozygous or compound heterozygous mutation in the SLC9A3 gene on chromosome 5p15.,A secretory diarrhea that has_its_material_base_in a homozygous or compound heterozygous mutation in the SLC9A3 gene on chromosome 5p15.,0.9411764705882353,0.9411764705882353,,http://purl.obolibrary.org/obo/DOID_0060777,Una diarrea secretora que tiene_su_base_material_en una mutación homocigota o heterocigota compuesta en el gen SLC9A3 del cromosoma 5p15.,Una diarrea secretora que tiene una mutación homocigótica o heterocigótica compuesta en el gen SLC9A3 en el cromosoma 5p15.,,0.9812734082397003,0.9195402298850575,0.9986510050762076,0.9254134140073665,1,0.8455882352941176
,,,,http://purl.obolibrary.org/obo/DOID_0060778,"A congenital diarrhea characterized by watery diarrhea, protein-losing enteropathy, patchy areas of dystrophic microvilli in the duodenum and patchy areas of villous atrophy that has_material_basis_in homozygous mutation in the DGAT1 gene on chromosome 8q24.3.","A congenital diarrhea characterized by watery diarrhea, protein-losing enteropathy, patchy areas of dystrophic microvilli in the duodenum, and patchy areas of villous atrophy that has a homozygous mutation in the DGAT1 gene on chromosome 8q24.3.",0.9307692307692308,0.9307692307692308,,http://purl.obolibrary.org/obo/DOID_0060778,"Una diarrea congénita caracterizada por diarrea acuosa, enteropatía perdedora de proteínas, áreas parcheadas de microvellosidades distróficas en el duodeno y áreas parcheadas de atrofia vellositaria que tiene_su_base_material_en mutación homocigota en el gen DGAT1 del cromosoma 8q24.3.","Una diarrea congénita caracterizada por diarrea acuosa, enteropatía perdedora de proteínas, áreas irregulares de microvellosidades distróficas en el duodeno y áreas irregulares de atrofia de las vellosidades que tiene base material en una mutación homocigota en el gen DGAT1 en el cromosoma 8q24.3.",,0.9623762376237623,0.9338677354709419,0.9962455361279389,0.9471344893186205,0.972972973,0.8680851063829788
,,,,http://purl.obolibrary.org/obo/DOID_0060779,A congenital diarrhea characterized by chronic unremitting malabsorptive diarrhea and a profound dysgenesis of the enteroendocrine cells that has_material_basis_in mutation in the gene encoding neurogenin-3 (NEUROG3) on chromosome 10q21.3.,A congenital diarrhea characterized by incessant chronic malabsorptive diarrhea and a profound dysgenesis of enteroendocrine cells that has_its_material_base_mutation in the gene that encodes neurogenin-3 (NEUROG3) on chromosome 10q21.3.,0.8410041841004184,0.8410041841004184,,http://purl.obolibrary.org/obo/DOID_0060779,Una diarrea congénita caracterizada por una diarrea malabsortiva crónica incesante y una disgenesia profunda de las células enteroendocrinas que tiene_su_base_material_en mutación en el gen que codifica la neurogenina-3 (NEUROG3) en el cromosoma 10q21.3.,Una diarrea congénita caracterizada por una diarrea crónica malabsortiva que no remite y una disgenesia profunda de las células enteroendocrinas que tiene una mutación en el gen que codifica la neurogenina-3 (NEUROG3) en el cromosoma 10q21.3.,,0.957983193,0.8340425531914893,0.9944553351782224,0.8458885720088007,1,0.7215686274509804
,,,,http://purl.obolibrary.org/obo/DOID_0060780,"A congenital diarrhea characterized by mild, early-onset chronic diarrhea that has_material_basis_in heterozygous mutation in the GUCY2C gene on chromosome 12p12.","A congenital diarrhea characterized by mild, early-onset chronic diarrhea that has_its_material_base_in a heterozygous mutation in the GUCY2C gene on chromosome 12p12.",0.9520958083832335,0.9520958083832335,,http://purl.obolibrary.org/obo/DOID_0060780,Una diarrea congénita caracterizada por una diarrea crónica leve de aparición temprana que tiene_su_base_material_en una mutación heterocigota en el gen GUCY2C del cromosoma 12p12.,Diarrea congénita caracterizada por diarrea crónica leve de aparición temprana que tiene una mutación heterocigótica en el gen GUCY2C en el cromosoma 12p12.,,0.9848024316109423,0.93498452,0.9992004507022997,0.9422381480890886,1,0.8703703703703703
,,,,http://purl.obolibrary.org/obo/DOID_0060781,A secretory diarrhea that has_material_basis_in homozygous or compound heterozygous mutation in the SPINT2 gene on chromosome 19q13.,A secretory diarrhea that has a homozygous or compound heterozygous mutation in the SPINT2 gene on chromosome 19q13.,0.8712121212121212,0.8712121212121212,,http://purl.obolibrary.org/obo/DOID_0060781,Una diarrea secretora que tiene_su_base_material_en mutación homocigota o heterocigota compuesta en el gen SPINT2 del cromosoma 19q13.,Una diarrea secretora que tiene una mutación homocigótica o heterocigótica compuesta en el gen SPINT2 en el cromosoma 19q13.,,0.9274193548387096,0.8925619834710744,0.984537283,0.9024477187771298,0.9090909090909091,0.7984496124031008
,,,,http://purl.obolibrary.org/obo/DOID_0060856,"A visceral heterotaxy that is characterized by complete atrioventricular septal defect with a common atrium and univentricular AV connection, total anomalous pulmonary drainage, and transposition or malposition of the great arteries and that has_material_basis_in homozygous mutation in the GDF1 gene on chromosome 19p12.","Visceral heterotaxy that is characterized by a complete atrioventricular septal defect with common atrium and univentricular AV connection, total anomalous pulmonary drainage and transposition or malposition of the great arteries and that has_its_base_material_in homozygous mutation in the GDF1 gene on chromosome 19p12.",0.9345794392523364,0.9345794392523364,,http://purl.obolibrary.org/obo/DOID_0060856,"heterotaxia visceral que se caracteriza por defecto septal auriculoventricular completo con aurícula común y conexión AV univentricular, drenaje pulmonar anómalo total y transposición o malposición de las grandes arterias y que tiene_su_base_material_en mutación homocigota en el gen GDF1 del cromosoma 19p12.","Una heterotaxia visceral que se caracteriza por una comunicación auriculoventricular completa con una aurícula común y una conexión AV univentricular, drenaje pulmonar anómalo total y transposición o malposición de las grandes arterias y que tiene base material en una mutación homocigótica en el gen GDF1 en el cromosoma 19p12.",,0.9875389408099688,0.9371069182389937,0.9994052500832803,0.9504950495049505,1,0.8675496688741722
,,,,http://purl.obolibrary.org/obo/DOID_0060902,A lissencephaly that has_material_basis_in homozygous mutation in the gene encoding reelin (RELN) on chromosome 7q22.,A lissencephaly that has_its_material_base_in a homozygous mutation in the gene that encodes reelin (RELN) on chromosome 7q22.,0.873015873,0.873015873,,http://purl.obolibrary.org/obo/DOID_0060902,Una lisencefalia que tiene_su_base_material_en una mutación homocigota en el gen que codifica la reelina (RELN) en el cromosoma 7q22.,Una lisencefalia que tiene una mutación homocigótica en el gen que codifica la reelina (RELN) en el cromosoma 7q22.,,0.9382716049382716,0.8270042194092827,0.9898174643519744,0.8328640049254107,1,0.7205882352941176
,,,,http://purl.obolibrary.org/obo/DOID_0070123,A congenital hypothyroidism characterized by a permanent thyroid deficiency present at birth and resulting from deficiency in TSH synthesis that has_material_basis_in homozygous mutation in the TSHB gene on chromosome 1p13.,A congenital hypothyroidism characterized by a permanent thyroid deficiency present at birth and resulting from a deficiency in the synthesis of TSH that has_its_material_base_in a homozygous mutation in the TSHB gene on chromosome 1p13.,0.9156118143459916,0.9156118143459916,,http://purl.obolibrary.org/obo/DOID_0070123,Un hipotiroidismo congénito caracterizado por una deficiencia tiroidea permanente presente al nacer y resultante de una deficiencia en la síntesis de TSH que tiene_su_base_material_en una mutación homocigota en el gen TSHB del cromosoma 1p13.,Un hipotiroidismo congénito caracterizado por una deficiencia tiroidea permanente presente al nacer y resultante de una deficiencia en la síntesis de TSH que tiene base material en una mutación homocigótica en el gen TSHB en el cromosoma 1p13.,,0.9695652173913043,0.8986784140969163,0.9981642236791745,0.9139953087396221,1,0.8165938864628821
,,,,http://purl.obolibrary.org/obo/DOID_0070124,A congenital hypothyroidism that has_material_basis_in heterozygous mutation in the PAX8 gene on chromosome 2q13.,A congenital hypothyroidism that has_its_material_base_in a heterozygous mutation in the PAX8 gene on chromosome 2q13.,0.9322033898305084,0.9322033898305084,,http://purl.obolibrary.org/obo/DOID_0070124,Un hipotiroidismo congénito que tiene_su_base_material_en una mutación heterocigota en el gen PAX8 en el cromosoma 2q13.,Un hipotiroidismo congénito que tiene una mutación heterocigótica en el gen PAX8 en el cromosoma 2q13.,,0.9783549783549783,0.9066666666666666,0.998284518,0.9068906179277497,1,0.8292682926829268
,,,,http://purl.obolibrary.org/obo/DOID_0070125,A congenital hypothyroidism that has_material_basis_in heterozygous mutation in the NKX2-5 gene on chromosome 5q35.,A congenital hypothyroidism that has_its_material_base_in a heterozygous mutation in the NKX2-5 gene on chromosome 5q35.,0.9333333333333333,0.9333333333333333,,http://purl.obolibrary.org/obo/DOID_0070125,Un hipotiroidismo congénito que tiene_su_base_material_en una mutación heterocigota en el gen NKX2-5 del cromosoma 5q35.,Un hipotiroidismo congénito que tiene una mutación heterocigótica en el gen NKX2-5 en el cromosoma 5q35.,,0.9787234042553191,0.9082969432314411,0.9982868495289725,0.9085135251589957,1,0.832
,,,,http://purl.obolibrary.org/obo/DOID_0070126,A congenital hypothyroidism that has_material_basis_in mutation in the TSHR gene on chromosome 14q31.,A congenital hypothyroidism that has_its_material_base_in the mutation of the TSHR gene on chromosome 14q31.,0.8888888888888888,0.8888888888888888,,http://purl.obolibrary.org/obo/DOID_0070126,Un hipotiroidismo congénito que tiene_su_base_material_en la mutación del gen TSHR en el cromosoma 14q31.,Un hipotiroidismo congénito que tiene una mutación en el gen TSHR en el cromosoma 14q31.,,0.9473684210526316,0.8571428571428572,0.991397914,0.8611200867370725,0.967741935,0.7631578947368421
,,,,http://purl.obolibrary.org/obo/DOID_0070127,A congenital hypothyroidism characterized by autosomal dominant inheritance of resistance to thyrotropin that has_material_basis_in variation in the chromosome region 15q25.3-q26.1.,A congenital hypothyroidism characterized by autosomal dominant inheritance of thyrotropin resistance that has_its_material_base_in the variation of the chromosomal region 15q25.3-q26.1.,0.8064516129032258,0.8064516129032258,,http://purl.obolibrary.org/obo/DOID_0070127,Un hipotiroidismo congénito caracterizado por la herencia autosómica dominante de la resistencia a la tirotropina que tiene_su_base_material_en la variación de la región cromosómica 15q25.3-q26.1.,Un hipotiroidismo congénito caracterizado por una herencia autosómica dominante de resistencia a la tirotropina que tiene una variación en la región cromosómica 15q25.3-q26.1.,,0.9754768392370572,0.8587257617728532,0.9979061261123098,0.867563368,1,0.7819148936170213
,,,,http://purl.obolibrary.org/obo/DOID_0070128,A congenital hypothyroidism that has_material_basis_in heterozygous mutation in the THRA gene on chromosome 17q21.1.,A congenital hypothyroidism that has_its_material_base_in a heterozygous mutation in the THRA gene on chromosome 17q21.1.,0.9338842975206612,0.9338842975206612,,http://purl.obolibrary.org/obo/DOID_0070128,Un hipotiroidismo congénito que tiene_su_base_material_en una mutación heterocigota en el gen THRA en el cromosoma 17q21.1.,Un hipotiroidismo congénito que tiene base material en una mutación heterocigótica en el gen THRA en el cromosoma 17q21.1.,,0.9789029535864979,0.9090909090909091,0.9982888838328375,0.9093039416592694,1,0.8333333333333334
,,,,http://purl.obolibrary.org/obo/DOID_0070253,A congenital disorder of glycosylation type II that has_material_basis_in an autosomal recessive mutation of the MGAT2 gene on chromosome 14q21.3.,A congenital type II glycosylation disorder that has_its_material_base_in an autosomal recessive mutation of the MGAT2 gene on chromosome 14q21.3.,0.8424657534246576,0.8424657534246576,,http://purl.obolibrary.org/obo/DOID_0070253,Un trastorno congénito de la glucosilación tipo II que tiene_su_base_material_en una mutación autosómica recesiva del gen MGAT2 en el cromosoma 14q21.3.,Un trastorno congénito de la glicosilación tipo II que tiene una base_material_en una mutación autosómica recesiva del gen MGAT2 en el cromosoma 14q21.3.,,0.9794520547945206,0.8811188811188811,0.9976137462275438,0.8881771162293777,1,0.7870967741935484
,,,,http://purl.obolibrary.org/obo/DOID_0070254,A congenital disorder of glycosylation type II that has_material_basis_in an autosomal recessive mutation of the MOGS gene on chromosome 2p13.1.,A congenital type II glycosylation disorder that has_its_material_base_in an autosomal recessive mutation of the MOGS gene on chromosome 2p13.1.,0.8402777777777778,0.8402777777777778,,http://purl.obolibrary.org/obo/DOID_0070254,Un trastorno congénito de la glicosilación tipo II que tiene_su_base_material_en una mutación autosómica recesiva del gen MOGS en el cromosoma 2p13.1.,Un trastorno congénito de la glicosilación tipo II que tiene una base_material_en una mutación autosómica recesiva del gen MOGS en el cromosoma 2p13.1.,,0.9791666666666666,0.8794326241134752,0.9976061299290971,0.8866863710271848,1,0.7843137254901961
,,,,http://purl.obolibrary.org/obo/DOID_0070255,A congenital disorder of glycosylation type II that has_material_basis_in an autosomal recessive mutation of the SLC35C1 gene on chromosome 11p11.2.,A congenital type II glycosylation disorder that has_its_material_base_in an autosomal recessive mutation of the SLC35C1 gene on chromosome 11p11.2.,0.8445945945945946,0.8445945945945946,,http://purl.obolibrary.org/obo/DOID_0070255,Un trastorno congénito de la glicosilación tipo II que tiene_su_base_material_en una mutación autosómica recesiva del gen SLC35C1 en el cromosoma 11p11.2.,Un trastorno congénito de la glicosilación tipo II que tiene_material_basis_en una mutación autosómica recesiva del gen SLC35C1 en el cromosoma 11p11.2.,,0.9797297297297297,0.8827586206896552,0.9976511121656476,0.8896291456932837,1,0.7898089171974523
,,,,http://purl.obolibrary.org/obo/DOID_0070256,A congenital disorder of glycosylation type II that has_material_basis_in an autosomal recessive mutation of the B4GALT1 gene on chromosome 9p21.1.,A congenital type II glycosylation disorder that has_its_material_base_in an autosomal recessive mutation of the B4GALT1 gene on chromosome 9p21.1.,0.8435374149659864,0.8435374149659864,,http://purl.obolibrary.org/obo/DOID_0070256,Un trastorno congénito de la glicosilación tipo II que tiene_su_base_material_en una mutación autosómica recesiva del gen B4GALT1 en el cromosoma 9p21.1.,Un trastorno congénito de la glicosilación tipo II que tiene una base_material_en una mutación autosómica recesiva del gen B4GALT1 en el cromosoma 9p21.1.,,0.9795918367346939,0.8819444444444444,0.9976231987202511,0.8889078755472037,1,0.7884615384615384
,,,,http://purl.obolibrary.org/obo/DOID_0070257,A congenital disorder of glycosylation type II that has_material_basis_in a mutation of the COG7 gene on chromosome 16p12.2.,A congenital type II glycosylation disorder that has_its_material_base_in a mutation of the COG7 gene on chromosome 16p12.2.,0.814516129,0.814516129,,http://purl.obolibrary.org/obo/DOID_0070257,Un trastorno congénito de la glucosilación tipo II que tiene_su_base_material_en una mutación del gen COG7 en el cromosoma 16p12.2.,Un trastorno congénito de la glicosilación tipo II que tiene su base material en una mutación del gen COG7 en el cromosoma 16p12.2.,,0.9758064516129032,0.859504132,0.9966931732983237,0.867213966,1,0.753731343
,,,,http://purl.obolibrary.org/obo/DOID_0070258,A congenital disorder of glycosylation type II that has_material_basis_in an autosomal recessive mutation of the SLC35A1 gene on chromosome 6q15.,A congenital type II glycosylation disorder that has_its_material_base_in an autosomal recessive mutation of the SLC35A1 gene on chromosome 6q15.,0.8413793103448276,0.8413793103448276,,http://purl.obolibrary.org/obo/DOID_0070258,Un trastorno congénito de la glucosilación tipo II que tiene_su_base_material_en una mutación autosómica recesiva del gen SLC35A1 en el cromosoma 6q15.,Un trastorno congénito de la glicosilación tipo II que tiene una base_material_en una mutación autosómica recesiva del gen SLC35A1 en el cromosoma 6q15.,,0.9793103448275862,0.8802816901408451,0.9976080385579281,0.8874366792335794,1,0.7857142857142857
,,,,http://purl.obolibrary.org/obo/DOID_0070259,A congenital disorder of glycosylation type II that has_material_basis_in a mutation of the COG1 gene on chromosome 17q25.1.,A congenital type II glycosylation disorder that has_its_material_base_in a mutation of the COG1 gene on chromosome 17q25.1.,0.814516129,0.814516129,,http://purl.obolibrary.org/obo/DOID_0070259,Un trastorno congénito de la glucosilación tipo II que tiene_su_base_material_en una mutación del gen COG1 en el cromosoma 17q25.1.,Un trastorno congénito de la glicosilación tipo II que tiene su base material en una mutación del gen COG1 en el cromosoma 17q25.1.,,0.9758064516129032,0.859504132,0.9966931732983237,0.867213966,1,0.753731343
,,,,http://purl.obolibrary.org/obo/DOID_0070260,A congenital disorder of glycosylation type II that has_material_basis_in a mutation of the COG8 gene on chromosome 16q22.1.,A congenital type II glycosylation disorder that has_its_material_base_in a mutation of the COG8 gene on chromosome 16q22.1.,0.814516129,0.814516129,,http://purl.obolibrary.org/obo/DOID_0070260,Un trastorno congénito de la glucosilación tipo II que tiene_su_base_material_en una mutación del gen COG8 en el cromosoma 16q22.1.,Un trastorno congénito de la glicosilación tipo II que tiene su base material en una mutación del gen COG8 en el cromosoma 16q22.1.,,0.9758064516129032,0.859504132,0.9966858675151987,0.867213966,1,0.753731343
,,,,http://purl.obolibrary.org/obo/DOID_0070261,A congenital disorder of glycosylation type II that has_material_basis_in a mutation of the COG5 gene on chromosome 7q22.3.,A congenital type II glycosylation disorder that has_its_material_base_in a mutation of the COG5 gene on chromosome 7q22.3.,0.8130081300813008,0.8130081300813008,,http://purl.obolibrary.org/obo/DOID_0070261,Un trastorno congénito de la glucosilación tipo II que tiene_su_base_material_en una mutación del gen COG5 en el cromosoma 7q22.3.,Un trastorno congénito de la glicosilación tipo II que tiene su base material en una mutación del gen COG5 en el cromosoma 7q22.3.,,0.975609756,0.8583333333333334,0.9966748481150205,0.866168584,1,0.7518796992481203
,,,,http://purl.obolibrary.org/obo/DOID_0070262,A congenital disorder of glycosylation type II that has_material_basis_in an autosomal recessive mutation of the COG4 gene on chromosome 16q22.1.,A congenital type II glycosylation disorder that has_its_material_base_in an autosomal recessive mutation of the COG4 gene on chromosome 16q22.1.,0.8413793103448276,0.8413793103448276,,http://purl.obolibrary.org/obo/DOID_0070262,Un trastorno congénito de la glucosilación tipo II que tiene_su_base_material_en una mutación autosómica recesiva del gen COG4 en el cromosoma 16q22.1.,Un trastorno congénito de la glicosilación tipo II que tiene una base_material_en una mutación autosómica recesiva del gen COG4 en el cromosoma 16q22.1.,,0.9793103448275862,0.8802816901408451,0.9976080385579281,0.8874366792335794,1,0.7857142857142857
,,,,http://purl.obolibrary.org/obo/DOID_0070263,A congenital disorder of glycosylation type II that has_material_basis_in an autosomal recessive mutation of the TMEM165 gene on chromosome 4q12.,A congenital type II glycosylation disorder that has_its_material_base_in an autosomal recessive mutation of the TMEM165 gene on chromosome 4q12.,0.8413793103448276,0.8413793103448276,,http://purl.obolibrary.org/obo/DOID_0070263,Un trastorno congénito de la glucosilación tipo II que tiene_su_base_material_en una mutación autosómica recesiva del gen TMEM165 en el cromosoma 4q12.,Un trastorno congénito de la glicosilación tipo II que tiene una base_material_en una mutación autosómica recesiva del gen TMEM165 en el cromosoma 4q12.,,0.9793103448275862,0.8802816901408451,0.9976042182519974,0.8874366792335794,1,0.7857142857142857
,,,,http://purl.obolibrary.org/obo/DOID_0070264,A congenital disorder of glycosylation type II that has_material_basis_in an autosomal recessive mutation of the COG6 gene on chromosome 13q14.11.,A congenital type II glycosylation disorder that has_its_material_base_in an autosomal recessive mutation of the COG6 gene on chromosome 13q14.11.,0.8424657534246576,0.8424657534246576,,http://purl.obolibrary.org/obo/DOID_0070264,Un trastorno congénito de la glucosilación tipo II que tiene_su_base_material_en una mutación autosómica recesiva del gen COG6 en el cromosoma 13q14.11.,Un trastorno congénito de la glicosilación tipo II que tiene una base_material_en una mutación autosómica recesiva del gen COG6 en el cromosoma 13q14.11.,,0.9794520547945206,0.8811188811188811,0.9976250802397224,0.8881771162293777,1,0.7870967741935484
,,,,http://purl.obolibrary.org/obo/DOID_0070265,"A congenital disorder of glycosylation type II that is characterized by infantile onset seizures, hypsarrhythmia, hypotonia, and severe intellectual disability with lack of speech and that has_material_basis_in X-linked dominant inheritance of hemizygous or heterozygous mutation in the SLC35A2 gene on chromosome Xp11.23.","A congenital type II glycosylation disorder characterized by infantile-onset seizures, hypsarrhythmia, hypotonia, and severe intellectual disability with lack of speech and which has its material basis in X-linked dominant inheritance of a hemizygous or heterozygous mutation in the SLC35A2 gene on chromosome Xp11. 23.",0.8788819875776397,0.8788819875776397,,http://purl.obolibrary.org/obo/DOID_0070265,"Un trastorno congénito de la glucosilación tipo II que se caracteriza por convulsiones de inicio infantil, hipsarritmia, hipotonía y discapacidad intelectual grave con falta de habla y que tiene_su_base_material_en herencia dominante ligada al cromosoma X de mutación hemicigota o heterocigótica en el gen SLC35A2 del cromosoma Xp11.23.","Un trastorno congénito de la glicosilación tipo II que se caracteriza por convulsiones de inicio infantil, hipsarritmia, hipotonía y discapacidad intelectual grave con falta del habla y que tiene una herencia dominante ligada al cromosoma X de una mutación hemicigota o heterocigota en el gen SLC35A2 en el cromosoma Xp11.23.",,0.9765990639625585,0.8566929133858268,0.9976217759260977,0.864200797,0.9736842105263158,0.7558823529411764
,,,,http://purl.obolibrary.org/obo/DOID_0070266,A congenital disorder of glycosylation type II that has_material_basis_in an autosomal recessive mutation of the SLC39A8 gene on chromosome 4q24.,A congenital type II glycosylation disorder that has_its_material_base_in an autosomal recessive mutation of the SLC39A8 gene on chromosome 4q24.,0.8413793103448276,0.8413793103448276,,http://purl.obolibrary.org/obo/DOID_0070266,Un trastorno congénito de la glucosilación tipo II que tiene_su_base_material_en una mutación autosómica recesiva del gen SLC39A8 en el cromosoma 4q24.,Un trastorno congénito de la glicosilación tipo II que tiene una base_material_en una mutación autosómica recesiva del gen SLC39A8 en el cromosoma 4q24.,,0.9793103448275862,0.8802816901408451,0.9976042182519974,0.8874366792335794,1,0.7857142857142857
,,,,http://purl.obolibrary.org/obo/DOID_0070267,A congenital disorder of glycosylation type II that has_material_basis_in an autosomal recessive mutation of the CCDC115 gene on chromosome 2q21.1.,A congenital type II glycosylation disorder that has_its_material_base_in an autosomal recessive mutation of the CCDC115 gene on chromosome 2q21.1.,0.8435374149659864,0.8435374149659864,,http://purl.obolibrary.org/obo/DOID_0070267,Un trastorno congénito de la glucosilación tipo II que tiene_su_base_material_en una mutación autosómica recesiva del gen CCDC115 en el cromosoma 2q21.1.,Un trastorno congénito de la glicosilación tipo II que tiene una base_material_en una mutación autosómica recesiva del gen CCDC115 en el cromosoma 2q21.1.,,0.9795918367346939,0.8819444444444444,0.9976418808168066,0.8889078755472037,1,0.7884615384615384
,,,,http://purl.obolibrary.org/obo/DOID_0070268,A congenital disorder of glycosylation type II that has_material_basis_in an autosomal recessive mutation of the TMEM199 gene on chromosome 17q11.2.,A congenital type II glycosylation disorder that has_its_material_base_in an autosomal recessive mutation of the TMEM199 gene on chromosome 17q11.2.,0.8445945945945946,0.8445945945945946,,http://purl.obolibrary.org/obo/DOID_0070268,Un trastorno congénito de la glucosilación tipo II que tiene_su_base_material_en una mutación autosómica recesiva del gen TMEM199 en el cromosoma 17q11.2.,Un trastorno congénito de la glicosilación tipo II que tiene una base_material_en una mutación autosómica recesiva del gen TMEM199 en el cromosoma 17q11.2.,,0.9797297297297297,0.8827586206896552,0.9976363070972737,0.8896291456932837,1,0.7898089171974523
,,,,http://purl.obolibrary.org/obo/DOID_0070269,A congenital disorder of glycosylation type II that has_material_basis_in an autosomal recessive mutation of the COG2 gene on chromosome 1q42.2.,A congenital type II glycosylation disorder that has_its_material_base_in an autosomal recessive mutation of the COG2 gene on chromosome 1q42.2.,0.8402777777777778,0.8402777777777778,,http://purl.obolibrary.org/obo/DOID_0070269,Un trastorno congénito de la glicosilación tipo II que tiene_su_base_material_en una mutación autosómica recesiva del gen COG2 en el cromosoma 1q42.2.,Un trastorno congénito de la glicosilación tipo II que tiene una base_material_en una mutación autosómica recesiva del gen COG2 en el cromosoma 1q42.2.,,0.9791666666666666,0.8794326241134752,0.9976099441457756,0.8866863710271848,1,0.7843137254901961
,,,,http://purl.obolibrary.org/obo/DOID_0070277,"A primary autosomal recessive microcephaly characterized by impaired intellectual development with poor speech, progressive microcephaly, and appendicular spasticity that has_material_basis_in homozygous or compound heterozygous mutation in the MFSD2A gene on chromosome 1p34.","A primary autosomal recessive microcephaly characterized by poor intellectual development with poor speech, progressive microcephaly, and appendiceal spasticity that has its material basis in a homozygous or compound heterozygous mutation in the MFSD2A gene on chromosome 1p34.",0.9350180505415162,0.9350180505415162,,http://purl.obolibrary.org/obo/DOID_0070277,"Una microcefalia primaria autosómica recesiva caracterizada por un desarrollo intelectual deficiente con habla deficiente, microcefalia progresiva y espasticidad apendicular que tiene_su_base_material_en una mutación homocigota o heterocigota compuesta en el gen MFSD2A del cromosoma 1p34.","Una microcefalia autosómica recesiva primaria caracterizada por un desarrollo intelectual deficiente con dificultad para hablar, microcefalia progresiva y espasticidad apendicular que tiene base material en una mutación homocigótica o heterocigótica compuesta en el gen MFSD2A en el cromosoma 1p34.",,0.96925859,0.8811700182815356,0.9958407028122972,0.8998982627028241,0.9705882352941176,0.7841726618705036
,,,,http://purl.obolibrary.org/obo/DOID_0070296,"A primary microcephaly characterized by microcephaly present at birth, where the brain is small but has normal architecture, and nonprogressive mental retardation that has_material_basis_in an autosomal recessive mutation.","A primary microcephaly characterized by microcephaly present at birth, in which the brain is small but has normal architecture, and non-progressive mental retardation that has its material basis in an autosomal recessive mutation.",0.9391304347826087,0.9391304347826087,,http://purl.obolibrary.org/obo/DOID_0070296,"Una microcefalia primaria caracterizada por microcefalia presente al nacer, en la que el cerebro es pequeño pero tiene una arquitectura normal, y retraso mental no progresivo que tiene_su_base_material_en una mutación autosómica recesiva.","Una microcefalia primaria caracterizada por microcefalia presente al nacer, donde el cerebro es pequeño pero tiene una arquitectura normal, y retraso mental no progresivo que tiene base material en una mutación autosómica recesiva.",,0.9557522123893806,0.8789237668161435,0.9939428061261368,0.8983956766563331,0.9259259259259259,0.7668161434977578
,,,,http://purl.obolibrary.org/obo/DOID_0070278,A primary autosomal recessive microcephaly that has_material_basis_in homozygous or compound heterozygous mutation in the STIL gene on chromosome 1p33.,A primary autosomal recessive microcephaly that has its material basis in a homozygous or compound heterozygous mutation in the STIL gene on chromosome 1p33.,0.9426751592356688,0.9426751592356688,,http://purl.obolibrary.org/obo/DOID_0070278,Una microcefalia primaria autosómica recesiva que tiene_su_base_material_en una mutación homocigota o heterocigota compuesta en el gen STIL del cromosoma 1p33.,Una microcefalia autosómica recesiva primaria que tiene una mutación homocigótica o heterocigótica compuesta en el gen STIL del cromosoma 1p33.,,0.961038961,0.8874172185430463,0.9913626531645336,0.8966081920214647,0.9666666666666667,0.7950310559006211
,,,,http://purl.obolibrary.org/obo/DOID_0070279,A primary autosomal recessive microcephaly that has_material_basis_in homozygous or compound heterozygous mutation in the SASS6 gene on chromosome 1p21.,A primary autosomal recessive microcephaly that has its material basis in a homozygous or compound heterozygous mutation in the SASS6 gene on chromosome 1p21.,0.9430379746835443,0.9430379746835443,,http://purl.obolibrary.org/obo/DOID_0070279,Una microcefalia primaria autosómica recesiva que tiene_su_base_material_en una mutación homocigota o heterocigota compuesta en el gen SASS6 del cromosoma 1p21.,Una microcefalia autosómica recesiva primaria que tiene una mutación homocigótica o heterocigótica compuesta en el gen SASS6 en el cromosoma 1p21.,,0.9612903225806452,0.8881578947368421,0.9913903579821752,0.8972333855645146,0.9642857142857143,0.7962962962962963
,,,,http://purl.obolibrary.org/obo/DOID_0070280,A primary autosomal recessive microcephaly that has_material_basis_in homozygous or compound heterozygous mutation in the ASPM gene on chromosome 1q31.,A primary autosomal recessive microcephaly that has its material basis in a homozygous or compound heterozygous mutation in the ASPM gene on chromosome 1q31.,0.9426751592356688,0.9426751592356688,,http://purl.obolibrary.org/obo/DOID_0070280,Una microcefalia primaria autosómica recesiva que tiene_su_base_material_en una mutación homocigota o heterocigota compuesta en el gen ASPM del cromosoma 1q31.,Una microcefalia autosómica recesiva primaria que tiene una base material en una mutación homocigótica o heterocigótica compuesta en el gen ASPM en el cromosoma 1q31.,,0.961038961,0.8874172185430463,0.9913503259310175,0.8966081920214647,0.9666666666666667,0.7950310559006211
,,,,http://purl.obolibrary.org/obo/DOID_0070281,A primary autosomal recessive microcephaly that has_material_basis_in homozygous or compound heterozygous mutation in the COPB2 gene on chromosome 3q23.,A primary autosomal recessive microcephaly that has its material basis in a homozygous or compound heterozygous mutation in the COPB2 gene on chromosome 3q23.,0.9430379746835443,0.9430379746835443,,http://purl.obolibrary.org/obo/DOID_0070281,Una microcefalia primaria autosómica recesiva que tiene_su_base_material_en una mutación homocigota o heterocigota compuesta en el gen COPB2 del cromosoma 3q23.,Una microcefalia autosómica recesiva primaria que tiene una base material en una mutación homocigótica o heterocigótica compuesta en el gen COPB2 en el cromosoma 3q23.,,0.9612903225806452,0.8881578947368421,0.991353409,0.8972333855645146,0.967741935,0.7962962962962963
,,,,http://purl.obolibrary.org/obo/DOID_0070282,A primary autosomal recessive microcephaly that has_material_basis_in homozygous or compound heterozygous mutation in the CEP135 gene on chromosome 4q.,A primary autosomal recessive microcephaly that has_its_material_base_in a homozygous or compound heterozygous mutation in the CEP135 gene on chromosome 4q.,0.9487179487179487,0.9487179487179487,,http://purl.obolibrary.org/obo/DOID_0070282,Una microcefalia primaria autosómica recesiva que tiene_su_base_material_en una mutación homocigota o heterocigota compuesta en el gen CEP135 del cromosoma 4q.,Una microcefalia autosómica recesiva primaria que tiene una mutación homocigótica o heterocigótica compuesta en el gen CEP135 en el cromosoma 4q.,,0.9837133550488599,0.9302325581395349,0.9989200411382477,0.9354953314429287,1,0.864516129
,,,,http://purl.obolibrary.org/obo/DOID_0070283,A primary autosomal recessive microcephaly that has_material_basis_in homozygous or compound heterozygous mutation in the CENPE gene on chromosome 4q24.,A primary autosomal recessive microcephaly that has_its_material_base_in a homozygous or compound heterozygous mutation in the CENPE gene on chromosome 4q24.,0.9490445859872612,0.9490445859872612,,http://purl.obolibrary.org/obo/DOID_0070283,Una microcefalia primaria autosómica recesiva que tiene_su_base_material_en una mutación homocigota o heterocigota compuesta en el gen CENPE del cromosoma 4q24.,Una microcefalia autosómica recesiva primaria que tiene una base material en una mutación homocigótica o heterocigótica compuesta en el gen CENPE en el cromosoma 4q24.,,0.9838187702265372,0.9306930693069306,0.998921421,0.9358892283591775,1,0.8653846153846154
,,,,http://purl.obolibrary.org/obo/DOID_0070284,A primary autosomal recessive microcephaly that has_material_basis_in homozygous or compound heterozygous mutation in the CDK6 gene on chromosome 7q21.,A primary autosomal recessive microcephaly that has its material basis in a homozygous or compound heterozygous mutation in the CDK6 gene on chromosome 7q21.,0.9426751592356688,0.9426751592356688,,http://purl.obolibrary.org/obo/DOID_0070284,Una microcefalia primaria autosómica recesiva que tiene_su_base_material_en una mutación homocigota o heterocigota compuesta en el gen CDK6 del cromosoma 7q21.,Una microcefalia autosómica recesiva primaria que tiene una mutación homocigótica o heterocigótica compuesta en el gen CDK6 en el cromosoma 7q21.,,0.961038961,0.8874172185430463,0.9913379906555074,0.8966081920214647,0.96875,0.7950310559006211
,,,,http://purl.obolibrary.org/obo/DOID_0070285,A primary autosomal recessive microcephaly that has_material_basis_in homozygous or compound heterozygous mutation in the MCPH1 gene on chromosome 8p23.,A primary autosomal recessive microcephaly that has its material basis in a homozygous or compound heterozygous mutation in the MCPH1 gene on chromosome 8p23.,0.9430379746835443,0.9430379746835443,,http://purl.obolibrary.org/obo/DOID_0070285,Una microcefalia primaria autosómica recesiva que tiene_su_base_material_en una mutación homocigota o heterocigota compuesta en el gen MCPH1 del cromosoma 8p23.,Una microcefalia autosómica recesiva primaria que tiene una mutación homocigótica o heterocigótica compuesta en el gen MCPH1 en el cromosoma 8p23.,,0.9612903225806452,0.8881578947368421,0.9913595721320966,0.8972333855645146,0.96875,0.7962962962962963
,,,,http://purl.obolibrary.org/obo/DOID_0070286,A primary autosomal recessive microcephaly that has_material_basis_in homozygous or compound heterozygous mutation in the CDK5RAP2 gene on chromosome 9q33.,A primary autosomal recessive microcephaly that has_its_material_base_in a homozygous or compound heterozygous mutation in the CDK5RAP2 gene on chromosome 9q33.,0.95,0.95,,http://purl.obolibrary.org/obo/DOID_0070286,Una microcefalia primaria autosómica recesiva que tiene_su_base_material_en una mutación homocigota o heterocigota compuesta en el gen CDK5RAP2 del cromosoma 9q33.,Una microcefalia autosómica recesiva primaria que tiene una mutación homocigótica o heterocigótica compuesta en el gen CDK5RAP2 en el cromosoma 9q33.,,0.9841269841269842,0.9320388349514563,0.9989222528713508,0.9370425713316364,1,0.8679245283018868
,,,,http://purl.obolibrary.org/obo/DOID_0070287,A primary autosomal recessive microcephaly that has_material_basis_in homozygous or compound heterozygous mutation in the PHC1 gene on chromosome 12p13.,A primary autosomal recessive microcephaly that has its material basis in a homozygous or compound heterozygous mutation in the PHC1 gene on chromosome 12p13.,0.9430379746835443,0.9430379746835443,,http://purl.obolibrary.org/obo/DOID_0070287,Una microcefalia primaria autosómica recesiva que tiene_su_base_material_en una mutación homocigota o heterocigota compuesta en el gen PHC1 del cromosoma 12p13.,Una microcefalia autosómica recesiva primaria que tiene una mutación homocigótica o heterocigótica compuesta en el gen PHC1 en el cromosoma 12p13.,,0.9612903225806452,0.8881578947368421,0.9913780502896861,0.8972333855645146,0.9666666666666667,0.7962962962962963
,,,,http://purl.obolibrary.org/obo/DOID_0070288,A primary autosomal recessive microcephaly that has_material_basis_in homozygous or compound heterozygous mutation in the CIT gene on chromosome 12q24.,A primary autosomal recessive microcephaly that has its material basis in a homozygous or compound heterozygous mutation in the CIT gene on chromosome 12q24.,0.9426751592356688,0.9426751592356688,,http://purl.obolibrary.org/obo/DOID_0070288,Una microcefalia primaria autosómica recesiva que tiene_su_base_material_en una mutación homocigota o heterocigota compuesta en el gen CIT del cromosoma 12q24.,Una microcefalia autosómica recesiva primaria que tiene una mutación homocigótica o heterocigótica compuesta en el gen CIT en el cromosoma 12q24.,,0.961038961,0.8874172185430463,0.9913441592731796,0.8966081920214647,0.967741935,0.7950310559006211
,,,,http://purl.obolibrary.org/obo/DOID_0070289,A primary autosomal recessive microcephaly that has_material_basis_in homozygous or compound heterozygous mutation in the ANKLE2 gene on chromosome 12q24.,A primary autosomal recessive microcephaly that has_its_material_base_in a homozygous or compound heterozygous mutation in the ANKLE2 gene on chromosome 12q24.,0.949685535,0.949685535,,http://purl.obolibrary.org/obo/DOID_0070289,Una microcefalia primaria autosómica recesiva que tiene_su_base_material_en una mutación homocigota o heterocigota compuesta en el gen ANKLE2 del cromosoma 12q24.,Una microcefalia autosómica recesiva primaria que tiene una mutación homocigótica o heterocigótica compuesta en el gen ANKLE2 en el cromosoma 12q24.,,0.9840255591054313,0.9315960912052117,0.9989230870846247,0.9366627627761696,1,0.8670886075949367
,,,,http://purl.obolibrary.org/obo/DOID_0070290,A primary autosomal recessive microcephaly that has_material_basis_in homozygous or compound heterozygous mutation in the CENPJ gene on chromosome 13q12.,A primary autosomal recessive microcephaly that has_its_material_base_in a homozygous or compound heterozygous mutation in the CENPJ gene on chromosome 13q12.,0.9493670886075949,0.9493670886075949,,http://purl.obolibrary.org/obo/DOID_0070290,Una microcefalia primaria autosómica recesiva que tiene_su_base_material_en una mutación homocigota o heterocigota compuesta en el gen CENPJ del cromosoma 13q12.,Una microcefalia autosómica recesiva primaria que tiene una base material en una mutación homocigótica o heterocigótica compuesta en el gen CENPJ en el cromosoma 13q12.,,0.9839228295819936,0.9311475409836065,0.9989211446323921,0.9362783432816194,1,0.8662420382165605
,,,,http://purl.obolibrary.org/obo/DOID_0070291,A primary autosomal recessive microcephaly that has_material_basis_in homozygous or compound heterozygous mutation in the KNL1 gene on chromosome 15q15.,A primary autosomal recessive microcephaly that has_its_material_base_in a homozygous or compound heterozygous mutation in the KNL1 gene on chromosome 15q15.,0.9490445859872612,0.9490445859872612,,http://purl.obolibrary.org/obo/DOID_0070291,Una microcefalia primaria autosómica recesiva que tiene_su_base_material_en una mutación homocigota o heterocigota compuesta en el gen KNL1 del cromosoma 15q15.,Una microcefalia autosómica recesiva primaria que tiene una mutación homocigótica o heterocigótica compuesta en el gen KNL1 en el cromosoma 15q15.,,0.9838187702265372,0.9306930693069306,0.9989225306568988,0.9358892283591775,1,0.8653846153846154
,,,,http://purl.obolibrary.org/obo/DOID_0070292,A primary autosomal recessive microcephaly that has_material_basis_in homozygous or compound heterozygous mutation in the CEP152 gene on chromosome 15q21.,A primary autosomal recessive microcephaly that has its material basis in a homozygous or compound heterozygous mutation in the CEP152 gene on chromosome 15q21.,0.94375,0.94375,,http://purl.obolibrary.org/obo/DOID_0070292,Una microcefalia primaria autosómica recesiva que tiene_su_base_material_en una mutación homocigota o heterocigota compuesta en el gen CEP152 del cromosoma 15q21.,Una microcefalia autosómica recesiva primaria que tiene una mutación homocigótica o heterocigótica compuesta en el gen CEP152 en el cromosoma 15q21.,,0.9617834394904459,0.8896103896103896,0.9913780502896861,0.8984613547288685,0.967741935,0.7987804878048781
,,,,http://purl.obolibrary.org/obo/DOID_0070293,A primary autosomal recessive microcephaly that has_material_basis_in homozygous or compound heterozygous mutation in the WDR62 gene on chromosome 19q13.,A primary autosomal recessive microcephaly that has its material basis in a homozygous or compound heterozygous mutation in the WDR62 gene on chromosome 19q13.,0.9433962264150944,0.9433962264150944,,http://purl.obolibrary.org/obo/DOID_0070293,Una microcefalia primaria autosómica recesiva que tiene_su_base_material_en una mutación homocigota o heterocigota compuesta en el gen WDR62 del cromosoma 19q13.,Una microcefalia autosómica recesiva primaria que tiene una mutación homocigótica o heterocigótica compuesta en el gen WDR62 en el cromosoma 19q13.,,0.9615384615384616,0.8888888888888888,0.9913503259310175,0.8978510615272157,0.9696969696969697,0.7975460122699386
,,,,http://purl.obolibrary.org/obo/DOID_0070294,A primary autosomal recessive microcephaly that has_material_basis_in homozygous or compound heterozygous mutation in the ZNF335 gene on chromosome 20q13.,A primary autosomal recessive microcephaly that has its material basis in a homozygous or compound heterozygous mutation in the ZNF335 gene on chromosome 20q13.,0.94375,0.94375,,http://purl.obolibrary.org/obo/DOID_0070294,Una microcefalia primaria autosómica recesiva que tiene_su_base_material_en una mutación homocigota o heterocigota compuesta en el gen ZNF335 del cromosoma 20q13.,Una microcefalia autosómica recesiva primaria que tiene una mutación homocigótica o heterocigótica compuesta en el gen ZNF335 en el cromosoma 20q13.,,0.9617834394904459,0.8896103896103896,0.9913657336693342,0.8984613547288685,0.9696969696969697,0.7987804878048781
,,,,http://purl.obolibrary.org/obo/DOID_0070295,A primary microcephaly that has_material_basis_in heterozygous mutation in the WDFY3 gene on chromosome 4q21.,A primary microcephaly that has_its_material_base_in a heterozygous mutation in the WDFY3 gene on chromosome 4q21.,0.9298245614035088,0.9298245614035088,,http://purl.obolibrary.org/obo/DOID_0070295,Una microcefalia primaria que tiene_su_base_material_en una mutación heterocigota en el gen WDFY3 del cromosoma 4q21.,Una microcefalia primaria que tiene base_material_en una mutación heterocigótica en el gen WDFY3 en el cromosoma 4q21.,,0.9775784753363229,0.9032258064516129,0.9981862054169877,0.9034656675694033,1,0.8235294117647058
,,,,http://purl.obolibrary.org/obo/DOID_0070297,"A microcephaly characterized by microcephaly present at birth, where the brain is small but has normal architecture, and nonprogressive mental retardation.","A microcephaly characterized by microcephaly present at birth, in which the brain is small but has normal architecture, and non-progressive mental retardation.",0.9559748427672956,0.9559748427672956,,http://purl.obolibrary.org/obo/DOID_0070297,"Una microcefalia caracterizada por microcefalia presente al nacer, en la que el cerebro es pequeño pero tiene una arquitectura normal, y retraso mental no progresivo.","Una microcefalia caracterizada por microcefalia presente al nacer, donde el cerebro es pequeño pero tiene una arquitectura normal y retraso mental no progresivo.",,0.9681528662420382,0.9155844155844156,0.9958896362697538,0.9261961664558903,0.9615384615384616,0.8333333333333334
,,,,http://purl.obolibrary.org/obo/DOID_0070315,A congenital heart disease characterized by underdevelopment of the structures on the right side of the heart commonly associated with atrial septal defect.,"Congenital heart disease characterized by underdevelopment of the structures on the right side of the heart, commonly associated with an atrial septal defect.",0.9556962025316456,0.9556962025316456,,http://purl.obolibrary.org/obo/DOID_0070315,"Enfermedad cardiaca congénita caracterizada por el subdesarrollo de las estructuras del lado derecho del corazón, comúnmente asociada a una comunicación interauricular.",Una cardiopatía congénita caracterizada por el subdesarrollo de las estructuras del lado derecho del corazón comúnmente asociada con la comunicación interauricular.,,0.9808917197452229,0.948051948,0.9983680413169548,0.9558011049723757,0.8888888888888888,0.9
,,,,http://purl.obolibrary.org/obo/DOID_0070336,"An arthrogryposis multiplex congenita characterized by congenital joint contractures, dysmorphic facial features, distal skeletal anomalies with clenched hands and clubfeet, and edema with fetal hydrops and that has_material_basis_in homozygous or compound heterozygous mutation in the NEB gene on chromosome 2q23.","A congenital arthrogryposis multiplex characterized by congenital joint contractures, dysmorphic facial features, distal skeletal anomalies with clenched hands and club feet, and edema with hydrops fetalis and which has a homozygous or compound heterozygous mutation in the NEB gene on chromosome 2q23.",0.8343949044585988,0.8343949044585988,,http://purl.obolibrary.org/obo/DOID_0070336,"Una artrogriposis múltiple congénita caracterizada por contracturas articulares congénitas, rasgos faciales dismórficos, anomalías esqueléticas distales con manos apretadas y pies zambos, y edema con hidropesía fetal y que tiene_su_base_material_en mutación homocigota o heterocigota compuesta en el gen NEB del cromosoma 2q23.","Una artrogriposis múltiple congénita caracterizada por contracturas articulares congénitas, rasgos faciales dismórficos, anomalías esqueléticas distales con manos apretadas y pies zambos, y edema con hidropesía fetal y que tiene base material en una mutación homocigótica o heterocigótica compuesta en el gen NEB en el cromosoma 2q23.",,0.9642857142857143,0.8819672131147541,0.996434467,0.9063268335344042,0.9714285714285714,0.7745098039215687
,,,,http://purl.obolibrary.org/obo/DOID_0080954,A nervous system disease that is characterized by development of multiple joint contractures affecting two or more areas of the body prior to birth.,Disease of the nervous system characterized by the development of multiple joint contractures that affect two or more areas of the body before birth.,0.7046979865771812,0.7046979865771812,,http://purl.obolibrary.org/obo/DOID_0080954,Enfermedad del sistema nervioso que se caracteriza por el desarrollo de contracturas articulares múltiples que afectan a dos o más zonas del cuerpo antes del nacimiento.,Una enfermedad del sistema nervioso que se caracteriza por el desarrollo de múltiples contracturas articulares que afectan dos o más áreas del cuerpo antes del nacimiento.,,0.9292929292929293,0.7697594501718213,0.9874500294344165,0.7808231040624232,0.8888888888888888,0.650887574
,,,,http://purl.obolibrary.org/obo/DOID_0080073,A spina bifida that is characterized by minor splits in the vertebrae where the outer part of some of the vertebrae is not completely closed.,A spina bifida that is characterized by small fissures in the vertebrae in which the outside of some of them is not completely closed.,0.7588652482269503,0.7588652482269503,,http://purl.obolibrary.org/obo/DOID_0080073,Una espina bífida que se caracteriza por pequeñas fisuras en las vértebras en las que la parte externa de algunas de ellas no está completamente cerrada.,Una espina bífida que se caracteriza por divisiones menores en las vértebras donde la parte exterior de algunas de las vértebras no está completamente cerrada.,,0.8872727272727272,0.6988847583643123,0.9759988172113693,0.750322473,1,0.5668789808917197
,,,,http://purl.obolibrary.org/obo/DOID_0080079,"A nonsyndromic congenital nail disorder that is characterized by excessive longitudinal striations and numerous superficial pits on the nails, which have a distinctive rough, sand paper-like appearance.","A non-syndromic congenital nail disorder characterized by excessive longitudinal striations and numerous superficial pits on the nails, which have a distinctive rough, sandpaper-like appearance.",0.9504950495049505,0.9504950495049505,,http://purl.obolibrary.org/obo/DOID_0080079,"Trastorno ungueal congénito no sindrómico que se caracteriza por un exceso de estrías longitudinales y numerosas picaduras superficiales en las uñas, que tienen un aspecto distintivo áspero, como de papel de lija.","Un trastorno congénito de las uñas no sindrómico que se caracteriza por estrías longitudinales excesivas y numerosos hoyos superficiales en las uñas, que tienen una apariencia distintiva áspera, parecida al papel de lija.",,0.9747474747474747,0.9333333333333333,0.9981317227865524,0.936555861,1,0.8768472906403941
,,,,http://purl.obolibrary.org/obo/DOID_0080683,A nail disease that is characterized by underdevelopment of nails.,Nail disease characterized by underdevelopment of the nails.,0.7727272727272727,0.7727272727272727,,http://purl.obolibrary.org/obo/DOID_0080683,Enfermedad ungueal que se caracteriza por el subdesarrollo de las uñas.,Una enfermedad de las uñas que se caracteriza por el subdesarrollo de las uñas.,,0.9206349206349207,0.8,0.9835838219868551,0.8090869104729183,0.9166666666666666,0.6857142857142857
,,,,http://purl.obolibrary.org/obo/DOID_0080080,"A nonsyndromic congenital nail disorder that is characterized by nails that are abnormally thin and concave from side to side, with turned up edges.","A nonsyndromic congenital nail disorder characterized by abnormally thin nails that are concave from side to side, with upturned edges.",0.75,0.75,,http://purl.obolibrary.org/obo/DOID_0080080,"Trastorno ungueal congénito no sindrómico que se caracteriza por uñas anormalmente delgadas y cóncavas de lado a lado, con los bordes vueltos hacia arriba.","Un trastorno congénito de las uñas no sindrómico que se caracteriza por uñas anormalmente delgadas y cóncavas de lado a lado, con bordes redondeados.",,0.9540636042402827,0.8447653429602888,0.9966512356635457,0.8597778295541291,1,0.7368421052631579
,,,,http://purl.obolibrary.org/obo/DOID_0080081,A nonsyndromic congenital nail disorder that is characterized by white discoloration of the nails.,Congenital non-syndromic nail disorder characterized by white discoloration of the nails.,0.7040816326530612,0.7040816326530612,,http://purl.obolibrary.org/obo/DOID_0080081,Trastorno ungueal congénito no sindrómico que se caracteriza por la decoloración blanca de las uñas.,Un trastorno congénito de las uñas no sindrómico que se caracteriza por una decoloración blanca de las uñas.,,0.9304812834224598,0.8397790055248618,0.990205356,0.8506663463946992,0.875,0.7156862745098039
,,,,http://purl.obolibrary.org/obo/DOID_0080082,"A nonsyndromic congenital nail disorder that is characterized by complete absence or severe hypoplasia of all fingernails and toenails without significant bone anomalies, and that has_material_basis_in homozygous or compound heterozygous mutation in the R-spondin-4 gene on chromosome 20p13.","A non-syndromic congenital nail disorder characterized by the complete absence or severe hypoplasia of all fingernails and toenails without significant bony abnormalities, and which has a homozygous or compound heterozygous mutation in the R-spondin-4 gene on chromosome 20p13. .",0.859106529,0.859106529,,http://purl.obolibrary.org/obo/DOID_0080082,"Un trastorno congénito no sindrómico de las uñas que se caracteriza por la ausencia completa o hipoplasia grave de todas las uñas de manos y pies sin anomalías óseas significativas, y que tiene_su_base_material_en mutación homocigota o heterocigota compuesta en el gen R-espondina-4 del cromosoma 20p13.","Un trastorno congénito de las uñas no sindrómico que se caracteriza por ausencia completa o hipoplasia grave de todas las uñas de manos y pies sin anomalías óseas significativas, y que tiene base material en una mutación homocigótica o heterocigótica compuesta en el gen R-espondina-4 en el cromosoma 20p13.",,0.9543859649122807,0.8333333333333334,0.9951622711766714,0.8435959988549188,0.9705882352941176,0.7175324675324676
,,,,http://purl.obolibrary.org/obo/DOID_0080083,"A nonsyndromic congenital nail disorder that is characterized by a decreased growth rate, thick and hard nails, and a straight or concave proximal edge of detachment.","A nonsyndromic congenital nail disorder characterized by a decreased growth rate, thick, hard nails, and a straight or concave detached proximal edge.",0.7951807228915663,0.7951807228915663,,http://purl.obolibrary.org/obo/DOID_0080083,"Trastorno ungueal congénito no sindrómico que se caracteriza por una tasa de crecimiento disminuida, uñas gruesas y duras y un borde proximal de desprendimiento recto o cóncavo.","Trastorno ungueal congénito no sindrómico que se caracteriza por una disminución de la tasa de crecimiento, uñas gruesas y duras y un borde de desprendimiento proximal recto o cóncavo.",,0.9430379746835443,0.8580645161290322,0.9952447720979238,0.8666631792709197,0.9629629629629629,0.7558139534883721
,,,,http://purl.obolibrary.org/obo/DOID_0080084,A nonsyndromic congenital nail disorder that is characterized by partial absences of nails.,Non-syndromic congenital nail disorder characterized by the partial absence of nails.,0.8131868131868132,0.8131868131868132,,http://purl.obolibrary.org/obo/DOID_0080084,Trastorno ungueal congénito no sindrómico que se caracteriza por la ausencia parcial de uñas.,Un trastorno ungueal congénito no sindrómico que se caracteriza por ausencias parciales de uñas.,,0.9318181818181819,0.788235294,0.9899064530080351,0.798206407,0.875,0.6435643564356436
,,,,http://purl.obolibrary.org/obo/DOID_0080085,"A nonsyndromic congenital nail disorder that is characterized by nails with longi- tudinal streaks, thinning of the nail plate, poorly developed or absent lunulae, along with variously disturbed formation of the nail plate leading to increased vulnerability of the free nail margins.","Non-syndromic congenital nail disorder characterized by nails with longitudinal striations, thinning of the nail plate, underdeveloped or absent lunules, together with variously altered nail plate formation leading to increased vulnerability of the free margins of the nail plate. a.",0.7031802120141343,0.7031802120141343,,http://purl.obolibrary.org/obo/DOID_0080085,"Trastorno ungueal congénito no sindrómico que se caracteriza por uñas con estrías longitudinales, adelgazamiento de la lámina ungueal, lúnulas poco desarrolladas o ausentes, junto con una formación de la lámina ungueal alterada de forma diversa que conduce a una mayor vulnerabilidad de los márgenes libres de la uña.","Un trastorno ungueal congénito no sindrómico que se caracteriza por uñas con estrías longitudinales, adelgazamiento de la placa ungueal, lúnulas poco desarrolladas o ausentes, junto con diversas alteraciones en la formación de la placa ungueal que conducen a una mayor vulnerabilidad de los márgenes ungueales libres.",,0.9681978798586572,0.7535714285714286,0.996551741,0.8260342300497099,0.896551724,0.5868852459016394
,,,,http://purl.obolibrary.org/obo/DOID_0080086,A nonsyndromic congenital nail disorder that is characterized by dystrophy of the toenails only.,Nonsyndromic congenital nail disorder characterized by dystrophy of only the toenails.,0.78125,0.78125,,http://purl.obolibrary.org/obo/DOID_0080086,Trastorno ungueal congénito no sindrómico que se caracteriza por la distrofia únicamente de las uñas de los pies.,Un trastorno ungueal congénito no sindrómico que se caracteriza por distrofia de las uñas de los pies únicamente.,,0.9340659340659341,0.8409090909090909,0.9908317758862135,0.845750624,0.9130434782608695,0.7227722772277227
,,,,http://purl.obolibrary.org/obo/DOID_0080087,"A nonsyndromic congenital nail disorder that is characterized by normal nails at birth with dystrophic changes developing within the first decade of life, resulting in onycholysis of fingernails and anonychia of toenails.","A nonsyndromic congenital nail disorder characterized by normal nails at birth with dystrophic changes that develop in the first decade of life, leading to onycholysis of the fingernails and anonychia of the toenails.",0.8416289592760181,0.8416289592760181,,http://purl.obolibrary.org/obo/DOID_0080087,"Un trastorno ungueal congénito no sindrómico que se caracteriza por uñas normales al nacer con cambios distróficos que se desarrollan en la primera década de la vida, dando lugar a onicólisis de las uñas de las manos y anoniquia de las uñas de los pies.","Trastorno ungueal congénito no sindrómico que se caracteriza por uñas normales al nacer con cambios distróficos que se desarrollan dentro de la primera década de la vida, lo que resulta en onicólisis de las uñas de las manos y anoniquia de las uñas de los pies.",,0.9543379,0.8425925925925926,0.9943653827500458,0.8641808654344573,0.9615384615384616,0.7477477477477478
,,,,http://purl.obolibrary.org/obo/DOID_0080101,"A congenital myopathy that has_material_basis_in homozygous mutation in the CNTN1 gene on chromosome 12q12 and that is characterized antenatally, by fetal akinesia, intrauterine growth restriction and polyhydramnios, and, following birth, by severe neonatal hypotonia, severe generalized skeletal, bulbar and respiratory muscle weakness, multiple flexion contractures, and normal creatine kinase serum levels.","A congenital myopathy that has_its_material_base_in a homozygous mutation in the CNTN1 gene on chromosome 12q12 and that is characterized prenatally, by fetal akinesia, intrauterine growth restriction and polyhydramnios and, after birth, by severe neonatal hypotonia, skeletal, bulbar and severe generalized respiratory muscle weakness , multiple flexion contractures and normal serum creatine kinase levels.",0.8410757946210269,0.8410757946210269,,http://purl.obolibrary.org/obo/DOID_0080101,"Una miopatía congénita que tiene_su_base_material_en mutación homocigota en el gen CNTN1 del cromosoma 12q12 y que se caracteriza antenatalmente, por acinesia fetal, restricción del crecimiento intrauterino y polihidramnios y, tras el nacimiento, por hipotonía neonatal grave, debilidad muscular esquelética, bulbar y respiratoria generalizada grave, contracturas múltiples en flexión y niveles séricos normales de creatina quinasa.","Una miopatía congénita que tiene base material en una mutación homocigota en el gen CNTN1 en el cromosoma 12q12 y que se caracteriza prenatalmente por acinesia fetal, restricción del crecimiento intrauterino y polihidramnios y, después del nacimiento, por hipotonía neonatal grave, debilidad grave generalizada de los músculos esqueléticos, bulbares y respiratorios, múltiples contracturas en flexión y niveles séricos normales de creatina quinasa.",,0.9742962056303549,0.8853267570900123,0.9983780753930354,0.9026587945665207,1,0.781021898
,,,,http://purl.obolibrary.org/obo/DOID_0080102,"A congenital myopathy that is characterized by skeletal muscle weakness, particularly in the muscles of the shoulders, upper arms, hips, and thighs.","A congenital myopathy characterized by skeletal muscle weakness, especially in the muscles of the shoulders, upper arms, hips, and thighs.",0.8918918918918919,0.8918918918918919,,http://purl.obolibrary.org/obo/DOID_0080102,"Una miopatía congénita que se caracteriza por debilidad muscular esquelética, sobre todo en los músculos de los hombros, la parte superior de los brazos, las caderas y los muslos.","Una miopatía congénita que se caracteriza por debilidad de los músculos esqueléticos, particularmente en los músculos de los hombros, la parte superior de los brazos, las caderas y los muslos.",,0.951048951,0.8714285714285714,0.9916827915201043,0.8850701109120654,1,0.76
,,,,http://purl.obolibrary.org/obo/DOID_0080138,"A multiple congenital anomalies-hypotonia-seizures syndrome that is characterized by neonatal hypotonia, lack of psychomotor development, seizures, dysmorphic features, and variable congenital anomalies involving the cardiac, urinary, and gastrointestinal systems and has_material_basis_in homozygous mutation in the PIGN gene on chromosome 18q21.","A multiple congenital anomaly-hypotonia-seizure syndrome characterized by neonatal hypotonia, lack of psychomotor development, seizures, dysmorphic features, and variable congenital anomalies affecting the cardiac, urinary, and gastrointestinal systems and has its material basis in a homozygous mutation in the PIGN gene in chromosome 18q21.",0.9193083573487032,0.9193083573487032,,http://purl.obolibrary.org/obo/DOID_0080138,"Un síndrome de anomalías congénitas múltiples-hipotonía-convulsiones que se caracteriza por hipotonía neonatal, falta de desarrollo psicomotor, convulsiones, rasgos dismórficos y anomalías congénitas variables que afectan a los sistemas cardiaco, urinario y gastrointestinal y tiene_su_base_material_en una mutación homocigota en el gen PIGN en el cromosoma 18q21.","Un síndrome de anomalías congénitas múltiples, hipotonía y convulsiones que se caracteriza por hipotonía neonatal, falta de desarrollo psicomotor, convulsiones, características dismórficas y anomalías congénitas variables que afectan a los sistemas cardíaco, urinario y gastrointestinal y tiene una mutación homocigótica en el gen PIGN en el cromosoma 18q21. .",,0.969521045,0.8726207906295754,0.9971022800375339,0.8983332355374629,0.9722222222222222,0.7603550295857988
,,,,http://purl.obolibrary.org/obo/DOID_0080503,"A lipid metabolism disorder that is characterized by severe global developmental delay, hypotonia, and early-onset seizures, associated with multiple cardiac, genitourinary, and gastrointestinal congenital anomalies.","Lipid metabolism disorder characterized by severe global developmental delay, hypotonia, and early-onset seizures, associated with multiple congenital cardiac, genitourinary, and gastrointestinal anomalies.",0.8472222222222222,0.8472222222222222,,http://purl.obolibrary.org/obo/DOID_0080503,"Trastorno del metabolismo de los lípidos que se caracteriza por un grave retraso global del desarrollo, hipotonía y convulsiones de aparición temprana, asociado a múltiples anomalías congénitas cardiacas, genitourinarias y gastrointestinales.","Un trastorno del metabolismo de los lípidos que se caracteriza por un retraso global grave en el desarrollo, hipotonía y convulsiones de aparición temprana, asociado con múltiples anomalías congénitas cardíacas, genitourinarias y gastrointestinales.",,0.9715639810426541,0.9519230769230769,0.998085866,0.955595233,0.9259259259259259,0.9047619047619048
,,,,http://purl.obolibrary.org/obo/DOID_0080139,"A multiple congenital anomalies-hypotonia-seizures syndrome that is characterized by X-linked recessive inheritance of dysmorphic features, neonatal hypotonia, myoclonic seizures and variable abnormalities involving the central nervous, cardiac, and urinary systems that has_material_basis_in mutation in the PIGA gene on chromosome Xp22.",A multiple congenital anomaly-hypotonia-seizure syndrome characterized by PIGA on chromosome Xp22.,0.2869822485207101,0.2869822485207101,,http://purl.obolibrary.org/obo/DOID_0080139,"Un síndrome de anomalías congénitas múltiples-hipotonía-convulsiones que se caracteriza por la herencia recesiva ligada al cromosoma X de rasgos dismórficos, hipotonía neonatal, convulsiones mioclónicas y anomalías variables que afectan a los sistemas nervioso central, cardiaco y urinario que tiene_su_base_material_en la mutación del gen PIGA en el cromosoma Xp22.","Un síndrome de anomalías congénitas múltiples, hipotonía y convulsiones que se caracteriza por una herencia recesiva ligada al cromosoma X de características dismórficas, hipotonía neonatal, convulsiones mioclónicas y anomalías variables que afectan a los sistemas nervioso central, cardíaco y urinario y que tiene una mutación en el gen PIGA en el cromosoma Xp22. .",,0.4495412844036697,0.38139534883720927,0.9468735243246557,0.49676958854142006,0.8484848484848485,0.25
,,,,http://purl.obolibrary.org/obo/DOID_0080140,"A multiple congenital anomalies-hypotonia-seizures syndrome that is characterized by neonatal hypotonia, lack of psychomotor development, seizures, dysmorphic features, and variable congenital anomalies involving the cardiac, urinary, and gastrointestinal systems and that has_material_basis_in homozygous or compound heterozygous mutation in the PIGT gene on chromosome 20q13.","Multiple congenital anomalies-hypotonia-seizures syndrome characterized by neonatal hypotonia, lack of psychomotor development, seizures, dysmorphic features, and variable congenital anomalies affecting the cardiac, urinary, and gastrointestinal systems and having its material basis in a homozygous or compound heterozygous mutation in the PIGT gene on chromosome 20q13.",0.9230769230769231,0.9230769230769231,,http://purl.obolibrary.org/obo/DOID_0080140,"Síndrome de anomalías congénitas múltiples-hipotonía-convulsiones que se caracteriza por hipotonía neonatal, falta de desarrollo psicomotor, convulsiones, rasgos dismórficos y anomalías congénitas variables que afectan a los sistemas cardiaco, urinario y gastrointestinal y que tiene_su_base_material_en una mutación homocigota o heterocigota compuesta en el gen PIGT del cromosoma 20q13.","Un síndrome de anomalías congénitas múltiples-hipotonía-convulsiones que se caracteriza por hipotonía neonatal, falta de desarrollo psicomotor, convulsiones, características dismórficas y anomalías congénitas variables que involucran los sistemas cardíaco, urinario y gastrointestinal y que tiene base material en una mutación homocigótica o heterocigótica compuesta en el PIGT. gen en el cromosoma 20q13.",,0.9732620320855615,0.894878706,0.9980932568354842,0.9134195363045222,0.9210526315789473,0.7966101694915254
,,,,http://purl.obolibrary.org/obo/DOID_0080143,"An ocular motility disease that is characterized by the inability to move the eyes in certain directions, droopy eyelids and eyes that are fixed in an abnormal position.","Ocular motility disease characterized by the inability to move the eyes in certain directions, drooping eyelids, and eyes fixed in an abnormal position.",0.8520710059171598,0.8520710059171598,,http://purl.obolibrary.org/obo/DOID_0080143,"Enfermedad de la motilidad ocular que se caracteriza por la incapacidad de mover los ojos en determinadas direcciones, párpados caídos y ojos fijos en una posición anormal.","Una enfermedad de la motilidad ocular que se caracteriza por la incapacidad de mover los ojos en determinadas direcciones, párpados caídos y ojos fijos en una posición anormal.",,0.9283489096573209,0.8507936507936508,0.9926106631491087,0.8590955661638683,0.8888888888888888,0.7409638554216867
,,,,http://purl.obolibrary.org/obo/DOID_0080173,"A physical disorder that is characterized as a spectrum of anomalies involving the urinary tract, genital tract, musculoskeletal system and sometimes the intestinal tract.","A physical disorder characterized by a spectrum of abnormalities affecting the urinary tract, genital tract, musculoskeletal system, and sometimes the intestinal tract.",0.8771929824561404,0.8771929824561404,,http://purl.obolibrary.org/obo/DOID_0080173,"Trastorno físico que se caracteriza por un espectro de anomalías que afectan al tracto urinario, el tracto genital, el sistema musculoesquelético y, en ocasiones, el tracto intestinal.","Un trastorno físico que se caracteriza como un espectro de anomalías que involucran el tracto urinario, el tracto genital, el sistema musculoesquelético y, a veces, el tracto intestinal.",,0.9380530973451328,0.8048048048048049,0.992952953,0.8410984211823564,0.9230769230769231,0.6486486486486487
,,,,http://purl.obolibrary.org/obo/DOID_0080174,"A bladder exstrophy-epispadias-cloacal exstrophy complex that is characterized by an evaginated bladder plate, epispadias and an anterior defect of the pelvis, pelvic floor and abdominal wall. The rear portion of the bladder wall (posterior vesical wall) turns outward (exstrophy) through an opening in the abdominal wall and urine is excreted through this opening.","Bladder exstrophy-epispadias-cloacal exstrophy complex characterized by an evaginated bladder plate, epispadias, and an anterior defect of the pelvis, pelvic floor, and abdominal wall. The posterior portion of the bladder wall (posterior bladder wall) rotates outward (exstrophy) through an opening in the abdominal wall and urine is excreted through this opening.",0.9123287671232877,0.9123287671232877,,http://purl.obolibrary.org/obo/DOID_0080174,"Complejo de extrofia vesical-epispadias-extrofia cloacal que se caracteriza por una placa vesical evaginada, epispadias y un defecto anterior de la pelvis, el suelo pélvico y la pared abdominal. La porción posterior de la pared de la vejiga (pared vesical posterior) gira hacia fuera (extrofia) a través de una abertura en la pared abdominal y la orina se excreta a través de esta abertura.","Un complejo de extrofia vesical-epispadias-extrofia cloacal que se caracteriza por una placa vesical evaginada, epispadias y un defecto anterior de la pelvis, el suelo pélvico y la pared abdominal. La porción posterior de la pared de la vejiga (pared vesical posterior) gira hacia afuera (extrofia) a través de una abertura en la pared abdominal y la orina se excreta a través de esta abertura.",,0.9684499314128944,0.8907330567081604,0.9977652182314598,0.9343471116930762,0.9375,0.7986577181208053
,,,,http://purl.obolibrary.org/obo/DOID_0080175,"A bladder exstrophy-epispadias-cloacal exstrophy complex that is characterized by a defect in the urethra, bladder and bowel.","Bladder exstrophy-epispadias-cloacal exstrophy complex characterized by a defect in the urethra, bladder and intestine.",0.848,0.848,,http://purl.obolibrary.org/obo/DOID_0080175,"Complejo de extrofia vesical-epispadias-extrofia cloacal que se caracteriza por un defecto en la uretra, la vejiga y el intestino.","Un complejo de extrofia vesical-epispadias-extrofia cloacal que se caracteriza por un defecto en la uretra, la vejiga y el intestino.",,0.9344262295081968,0.865546218,0.9879858750932006,0.8886552686206936,0.8888888888888888,0.7540983606557377
,,,,http://purl.obolibrary.org/obo/DOID_0080180,"A syndrome that is characterized in neonates by microcephaly, craniofacial disproportion, spasticity, seizures, irritability and brainstem dysfunction including feeding difficulties, ocular abnormalities and findings on neuroimaging such as calcifications, cortical disorders and ventriculomegaly and has_material_basis_in the acquisition of Zika virus infection in utero.","A syndrome characterized in neonates by microcephaly, craniofacial disproportion, spasticity, seizures, irritability, and brainstem dysfunction, including feeding difficulties, ocular abnormalities, and neuroimaging findings such as calcifications, cortical disorders, and ventriculomegaly, and which has its material basis in the acquisition of Zika virus infection in utero.",0.8803191489361702,0.8803191489361702,,http://purl.obolibrary.org/obo/DOID_0080180,"Síndrome que se caracteriza en los neonatos por microcefalia, desproporción craneofacial, espasticidad, convulsiones, irritabilidad y disfunción del tronco encefálico, incluidas dificultades para alimentarse, anomalías oculares y hallazgos en neuroimagen como calcificaciones, trastornos corticales y ventriculomegalia, y que tiene_su_base_material_en la adquisición de la infección por el virus del Zika en el útero.","Un síndrome que se caracteriza en los recién nacidos por microcefalia, desproporción craneofacial, espasticidad, convulsiones, irritabilidad y disfunción del tronco encefálico, incluidas dificultades para alimentarse, anomalías oculares y hallazgos en neuroimagen como calcificaciones, trastornos corticales y ventriculomegalia, y tiene base material en la adquisición de la infección por el virus del Zika en el útero.",,0.9759358288770054,0.8652291105121294,0.9975547811353221,0.8750305576043521,0.9333333333333333,0.7935656836461126
,,,,http://purl.obolibrary.org/obo/DOID_0080197,A congenital muscular dystrophy characterized by onset of progressive muscle weakness in early childhood with autosomal recessive inheritance that has_material_basis_in homozygous or compound heterozygous mutation in the INPP5K gene (607875) on chromosome 17p13.,A congenital muscular dystrophy characterized by the onset of progressive muscle weakness in early childhood with autosomal recessive inheritance that has its material basis in a homozygous or compound heterozygous mutation in the INPP5K gene (607875) on chromosome 17p13.,0.9522058823529411,0.9522058823529411,,http://purl.obolibrary.org/obo/DOID_0080197,Una distrofia muscular congénita caracterizada por la aparición de debilidad muscular progresiva en la primera infancia con herencia autosómica recesiva que tiene_su_base_material_en una mutación homocigota o heterocigota compuesta en el gen INPP5K (607875) en el cromosoma 17p13.,Una distrofia muscular congénita caracterizada por la aparición de debilidad muscular progresiva en la primera infancia con herencia autosómica recesiva que tiene base material en una mutación homocigótica o heterocigótica compuesta en el gen INPP5K (607875) en el cromosoma 17p13.,,0.9700374531835206,0.9204545454545454,0.9964248360618636,0.9302863204048449,0.975,0.8571428571428571
,,,,http://purl.obolibrary.org/obo/DOID_0080257,"An autosomal recessive congenital ichthyosis that is characterized by lamellar ichthyosis, ectropion, eclabium and hyperkeratosis that has_material_basis_in homozygous mutation in the SDR9C7 gene on chromosome 12q13.","An autosomal recessive congenital ichthyosis characterized by lamellar ichthyosis, ectropion, eclabium and hyperkeratosis that has_its_material_base_in a homozygous mutation in the SDR9C7 gene on chromosome 12q13.",0.9259259259259259,0.9259259259259259,,http://purl.obolibrary.org/obo/DOID_0080257,"Una ictiosis congénita autosómica recesiva que se caracteriza por ictiosis lamelar, ectropión, eclabio e hiperqueratosis que tiene_su_base_material_en una mutación homocigota en el gen SDR9C7 del cromosoma 12q13.","Una ictiosis congénita autosómica recesiva que se caracteriza por ictiosis lamelar, ectropión, eclabium e hiperqueratosis que tiene base material en una mutación homocigótica en el gen SDR9C7 en el cromosoma 12q13.",,0.9836829836829837,0.9314420803782506,0.9989520111205862,0.9410278934585483,1,0.8846153846153846
,,,,http://purl.obolibrary.org/obo/DOID_0080258,"An autosomal recessive congenital ichthyosis that is characterized by lamellar ichthyosis, ectropion, eclabium and hyperkeratosis that has_material_basis_in homozygous or compound heterozygous mutation in the SULT2B1 gene on chromosome 19q13.","An autosomal recessive congenital ichthyosis characterized by lamellar ichthyosis, ectropion, eclabium and hyperkeratosis that has_its_base_material_in homozygous or compound heterozygous mutation in the SULT2B1 gene on chromosome 19q13.",0.9132231404958677,0.9132231404958677,,http://purl.obolibrary.org/obo/DOID_0080258,"Una ictiosis congénita autosómica recesiva que se caracteriza por ictiosis lamelar, ectropión, eclabio e hiperqueratosis que tiene_su_base_material_en mutación homocigota o heterocigota compuesta en el gen SULT2B1 del cromosoma 19q13.","Una ictiosis congénita autosómica recesiva que se caracteriza por ictiosis laminar, ectropión, eclabium e hiperqueratosis que tiene base material en una mutación homocigótica o heterocigótica compuesta en el gen SULT2B1 en el cromosoma 19q13.",,0.9812108559498957,0.9386892177589852,0.9988631852899061,0.9488270524656308,1,0.8942731277533039
,,,,http://purl.obolibrary.org/obo/DOID_0080313,A physical disorder that is characterized by fusion of maxilla and mandible.,Physical disorder characterized by the fusion of the maxilla and mandible.,0.75,0.75,,http://purl.obolibrary.org/obo/DOID_0080313,Trastorno físico que se caracteriza por la fusión del maxilar y la mandíbula.,Un trastorno físico que se caracteriza por la fusión del maxilar y la mandíbula.,,0.9333333333333333,0.7777777777777778,0.9847881459012859,0.7568258638074243,0.875,0.6511627906976745
,,,,http://purl.obolibrary.org/obo/DOID_0080395,An orofacial cleft characterized by autosomal dominant inheritance that has_material_basis_in variation in chromosome region 6p24.3.,An orofacial cleft characterized by an autosomal dominant inheritance that has_its_material_base_in the variation of the chromosomal region 6p24.3.,0.8571428571428572,0.8571428571428572,,http://purl.obolibrary.org/obo/DOID_0080395,Una hendidura orofacial caracterizada por una herencia autosómica dominante que tiene_su_base_material_en la variación de la región cromosómica 6p24.3.,Una hendidura orofacial caracterizada por herencia autosómica dominante que tiene variación en la región cromosómica 6p24.3.,,0.9390681003584229,0.8131868131868132,0.9931256209860033,0.8164965809277259,1,0.7012987012987013
,,,,http://purl.obolibrary.org/obo/DOID_0080396,An orofacial cleft that has_material_basis_in variation in the chromosome region 2p13.,An orofacial cleft that has_its_material_base_in the variation in chromosomal region 2p13.,0.8222222222222222,0.8222222222222222,,http://purl.obolibrary.org/obo/DOID_0080396,Una hendidura orofacial que tiene_su_base_material_en la variación en la región cromosómica 2p13.,Una hendidura orofacial que tiene una variación en la base material en la región cromosómica 2p13.,,0.9772727272727273,0.8117647058823529,0.9970891916117441,0.8163076801578756,1,0.68
,,,,http://purl.obolibrary.org/obo/DOID_0080397,An orofacial cleft that has_material_basis_in variation in the chromosomal region 19q13.,An orofacial cleft that has_its_material_base_in the variation of the 19q13 chromosome region.,0.7234042553191489,0.7234042553191489,,http://purl.obolibrary.org/obo/DOID_0080397,Una hendidura orofacial que tiene_su_base_material_en la variación de la región cromosómica 19q13.,Una hendidura orofacial que tiene una base_material_en variación en la región cromosómica 19q13.,,0.9230769230769231,0.7159090909090908,0.9815772120673549,0.7259764061501939,1,0.5727272727272728
,,,,http://purl.obolibrary.org/obo/DOID_0080398,An orofacial cleft that has_material_basis_in variation in the 4q21-q31 chromosomal region.,An orofacial cleft that has_its_base_material_in the variation of the chromosomal region 4q21-q31.,0.6224489795918368,0.6224489795918368,,http://purl.obolibrary.org/obo/DOID_0080398,Una hendidura orofacial que tiene_su_base_material_en la variación de la región cromosómica 4q21-q31.,Una hendidura orofacial que tiene variación en la base material en la región cromosómica 4q21-q31.,,0.9417989417989419,0.7431693989071038,0.9890712913424947,0.7531063782240143,1,0.6071428571428571
,,,,http://purl.obolibrary.org/obo/DOID_0080399,An orofacial cleft that has_material_basis_in mutation in the MSX1 gene on chromosome 4p16.,An orofacial cleft that has_its_base_material_mutation in the MSX1 gene on chromosome 4p16.,0.8351648351648352,0.8351648351648352,,http://purl.obolibrary.org/obo/DOID_0080399,Una hendidura orofacial que tiene_su_base_material_en mutación en el gen MSX1 en el cromosoma 4p16.,Una hendidura orofacial que tiene una mutación en el gen MSX1 en el cromosoma 4p16.,,0.967032967,0.8522727272727273,0.9941880327099386,0.8522727272727273,1,0.7425742574257426
,,,,http://purl.obolibrary.org/obo/DOID_0080400,An orofacial cleft that has_material_basis_in by homozygous mutation in the PVRL1 gene on chromosome 11q23.,An orofacial cleft that has_its_base_material_in a homozygous mutation in the PVRL1 gene on chromosome 11q23.,0.8623853211009174,0.8623853211009174,,http://purl.obolibrary.org/obo/DOID_0080400,Una hendidura orofacial que tiene_su_base_material_en una mutación homocigota en el gen PVRL1 del cromosoma 11q23.,Una hendidura orofacial que se debe a una mutación homocigótica en el gen PVRL1 en el cromosoma 11q23.,,0.9722222222222222,0.8571428571428572,0.9962057753869633,0.8571817324793919,1,0.75
,,,,http://purl.obolibrary.org/obo/DOID_0080401,An orofacial cleft that has_material_basis_in heterozygous mutation in the TP63 gene on chromosome 3q28.,An orofacial cleft that has_its_base_material_in a heterozygous mutation in the TP63 gene on chromosome 3q28.,0.8623853211009174,0.8623853211009174,,http://purl.obolibrary.org/obo/DOID_0080401,Una hendidura orofacial que tiene_su_base_material_en una mutación heterocigota en el gen TP63 en el cromosoma 3q28.,Una hendidura orofacial que tiene una mutación heterocigótica en el gen TP63 en el cromosoma 3q28.,,0.9765258215962441,0.8695652173913043,0.9982716618396144,0.8698189998335926,1,0.7692307692307693
,,,,http://purl.obolibrary.org/obo/DOID_0080402,An orofacial cleft that has_material_basis_in variation in the chromosome region 13q33.1-q34.,An orofacial cleft that has_its_base_material_in the variation of the chromosomal region 13q33.1-q34.,0.7920792079207921,0.7920792079207921,,http://purl.obolibrary.org/obo/DOID_0080402,Una hendidura orofacial que tiene_su_base_material_en la variación de la región cromosómica 13q33.1-q34.,Una hendidura orofacial que tiene_material_basis_in variación en la región cromosómica 13q33.1-q34.,,0.9381443298969072,0.7659574468085106,0.9913021199060594,0.7769677791040542,1,0.6283185840707964
,,,,http://purl.obolibrary.org/obo/DOID_0080403,An orofacial cleft that has_material_basis_in mutation in the SUMO1 gene on chromosome 2q33.,An orofacial cleft that has_its_base_material_mutation in the SUMO1 gene on chromosome 2q33.,0.8369565217391304,0.8369565217391304,,http://purl.obolibrary.org/obo/DOID_0080403,Una hendidura orofacial que tiene_su_base_material_en mutación en el gen SUMO1 en el cromosoma 2q33.,Una hendidura orofacial que tiene una mutación en el gen SUMO1 en el cromosoma 2q33.,,0.967391304,0.8539325842696629,0.99419927,0.853932584,1,0.7450980392156863
,,,,http://purl.obolibrary.org/obo/DOID_0080404,An orofacial cleft that has_material_basis_in heterozygous mutation in the BMP4 gene on chromosome 14q22.,An orofacial cleft that has_its_material_base_in a heterozygous mutation in the BMP4 gene on chromosome 14q22.,0.9272727272727272,0.9272727272727272,,http://purl.obolibrary.org/obo/DOID_0080404,Una hendidura orofacial que tiene_su_base_material_en una mutación heterocigota en el gen BMP4 en el cromosoma 14q22.,Una hendidura orofacial que tiene una mutación heterocigótica en el gen BMP4 en el cromosoma 14q22.,,0.9767441860465116,0.8995215311004785,0.9982710186647761,0.8997790537743927,1,0.8173913043478261
,,,,http://purl.obolibrary.org/obo/DOID_0080405,An orofacial cleft that has_material_basis_in variation in the chromosome region 8q24.3.,An orofacial cleft that has_its_material_base_in the variation of chromosomal region 8q24.3.,0.8043478260869565,0.8043478260869565,,http://purl.obolibrary.org/obo/DOID_0080405,Una hendidura orofacial que tiene_su_base_material_en la variación de la región cromosómica 8q24.3.,Una hendidura orofacial que tiene una variación en la base material en la región cromosómica 8q24.3.,,0.9555555555555556,0.7816091954022988,0.9930111001188945,0.7867155194709717,1,0.638095238
,,,,http://purl.obolibrary.org/obo/DOID_0080406,An orofacial cleft characterized by autosomal doninant inhertitance that has_material_basis_in variation in chromosome region 1p33 associated with enrichment of the T allele of SNP rs3827730.,An orofacial cleft characterized by autosomal dominant inheritance that has_its_material_base_in the variation in the chromosomal region 1p33 associated with the enrichment of the T allele of the SNP rs3827730.,0.8761904761904762,0.8761904761904762,,http://purl.obolibrary.org/obo/DOID_0080406,Una hendidura orofacial caracterizada por herencia autosómica dominante que tiene_su_base_material_en la variación en la región cromosómica 1p33 asociada al enriquecimiento del alelo T del SNP rs3827730.,Una hendidura orofacial caracterizada por una herencia autosómica donante que tiene una variación en la región cromosómica 1p33 asociada con el enriquecimiento del alelo T del SNP rs3827730.,,0.9476309226932669,0.8202531645569621,0.9931625148576027,0.7969790659678121,1,0.7383177570093458
,,,,http://purl.obolibrary.org/obo/DOID_0080407,"An orofacial cleft that is characterized by incomplete median clefts of both the lower lip and upper lip, double labial frenulum and fusion of the upper gingival and upper labial mucosa, in addition to poor dental alignment, and increased interdental distance between the lower and upper median incisors.","An orofacial cleft characterized by incomplete median clefts of both the lower and upper lip, double labial frenulum, and fusion of the upper gingiva and upper labial mucosa, in addition to poor dental alignment, and a greater interdental distance between the lower median incisors. and higher.",0.8651315789473684,0.8651315789473684,,http://purl.obolibrary.org/obo/DOID_0080407,"Una hendidura orofacial que se caracteriza por hendiduras medianas incompletas tanto del labio inferior como del superior, doble frenillo labial y fusión de la encía superior y la mucosa labial superior, además de una mala alineación dental, y una mayor distancia interdental entre los incisivos medianos inferiores y superiores.","Una hendidura orofacial que se caracteriza por hendiduras medianas incompletas tanto del labio inferior como del labio superior, doble frenillo labial y fusión de la mucosa gingival superior y labial superior, además de una mala alineación dental y una mayor distancia interdental entre la mediana inferior y la superior. incisivos.",,0.9632107023411371,0.8783783783783784,0.9977804182829968,0.9211054146385156,1,0.7806691449814126
,,,,http://purl.obolibrary.org/obo/DOID_0080408,An orofacial cleft that has_material_basis_in mutation in the DLX4 gene on chromosome 17q21.,An orofacial cleft that has_its_material_base_in the mutation of the DLX4 gene on chromosome 17q21.,0.8787878787878788,0.8787878787878788,,http://purl.obolibrary.org/obo/DOID_0080408,Una hendidura orofacial que tiene_su_base_material_en la mutación del gen DLX4 en el cromosoma 17q21.,Una hendidura orofacial que tiene una mutación en el gen DLX4 en el cromosoma 17q21.,,0.9424083769633508,0.8432432432432433,0.9905594946738441,0.847998304,1,0.7428571428571429
,,,,http://purl.obolibrary.org/obo/DOID_0080552,"A congenital disorder of glycosylation I that is characterized by a severe encephalopathy with axial hypotonia, abnormal eye movement, pronounced psychomotor retardation, peripheral neuropathy, cerebellar hypoplasia, and retinitis pigmentosa and has_material_basis_in homozygous or compound heterozygous mutation in the gene encoding phosphomannomutase-2 on chromosome 16p13.","A congenital disorder of glycosylation I characterized by severe encephalopathy with axial hypotonia, abnormal eye movement, pronounced psychomotor retardation, peripheral neuropathy, cerebellar hypoplasia, and retinitis pigmentosa and has a homozygous or compound heterozygous mutation in the gene encoding phosphomannomutase. -2 on chromosome 16p13.",0.9226666666666666,0.9226666666666666,,http://purl.obolibrary.org/obo/DOID_0080552,"Un trastorno congénito de la glucosilación I que se caracteriza por una encefalopatía grave con hipotonía axial, movimiento anormal de los ojos, retraso psicomotor pronunciado, neuropatía periférica, hipoplasia cerebelosa y retinitis pigmentaria y tiene_su_base_material_en mutación homocigota o heterocigota compuesta en el gen que codifica la fosfomanomutasa-2 en el cromosoma 16p13.","Un trastorno congénito de la glicosilación I que se caracteriza por una encefalopatía grave con hipotonía axial, movimientos oculares anormales, retraso psicomotor pronunciado, neuropatía periférica, hipoplasia cerebelosa y retinitis pigmentosa y tiene una mutación homocigótica o heterocigótica compuesta en el gen que codifica la fosfomanomutasa-2 en el cromosoma. 16p13.",,0.9641873278236914,0.9277777777777778,0.9973936965421019,0.9381058561180525,0.9705882352941176,0.8579387186629527
,,,,http://purl.obolibrary.org/obo/DOID_0080553,A congenital disorder of glycosylation I that is characterized by fibroblasts with reduced dolichol profiles and enhanced accumulation of free cholesterol and has_material_basis_in homozygous mutation in the NUS1 gene on chromosome 6q22.,A congenital disorder of glycosylation I characterized by fibroblasts with reduced dolichol profiles and increased accumulation of free cholesterol and has a homozygous mutation in the NUS1 gene on chromosome 6q22.,0.869198312,0.869198312,,http://purl.obolibrary.org/obo/DOID_0080553,Un trastorno congénito de la glicosilación I que se caracteriza por fibroblastos con perfiles de dolicol reducidos y mayor acumulación de colesterol libre y tiene_su_base_material_en mutación homocigota en el gen NUS1 en el cromosoma 6q22.,Un trastorno congénito de la glicosilación I que se caracteriza por fibroblastos con perfiles reducidos de dolicol y una mayor acumulación de colesterol libre y tiene una mutación homocigótica en el gen NUS1 en el cromosoma 6q22.,,0.9490022172949002,0.8719101123595505,0.9948338534046592,0.8883993856363427,0.9696969696969697,0.7689075630252101
,,,,http://purl.obolibrary.org/obo/DOID_0080554,"A congenital disorder of glycosylation I that is characterized by protein-losing enteropathy, cyclic vomiting, profound hypoglycemia, failure to thrive, liver fibrosis, protein-losing enteropathy with hypoalbuminaemia, life-threatening intestinal bleeding of diffuse origin, protein C and S deficiency, low anti-thrombine III levels and has_material_basis_in compound heterozygous mutation in the gene encoding mannosephosphate isomerase on chromosome 15q24.","A congenital disorder of glycation I characterized by protein-losing enteropathy, cyclic vomiting, profound hypoglycemia, growth retardation, liver fibrosis, protein-losing enteropathy with hypoalbuminemia, life-threatening intestinal bleeding of diffuse origin, protein C and S deficiency , low levels of antithrombin III and has_its_base_material_in a compound heterozygous mutation in the gene encoding mannose-6-phosphate isomerase on chromosome 15q24.",0.8602620087336245,0.8602620087336245,,http://purl.obolibrary.org/obo/DOID_0080554,"Un trastorno congénito de la glucosilación I que se caracteriza por enteropatía perdedora de proteínas, vómitos cíclicos, hipoglucemia profunda, retraso del crecimiento, fibrosis hepática, enteropatía perdedora de proteínas con hipoalbuminemia, hemorragia intestinal potencialmente mortal de origen difuso, deficiencia de proteínas C y S, niveles bajos de antitrombina III y tiene_su_base_material_en una mutación heterocigota compuesta en el gen que codifica la manosa-6-fosfato isomerasa en el cromosoma 15q24.","Un trastorno congénito de la glicosilación I que se caracteriza por enteropatía perdedora de proteínas, vómitos cíclicos, hipoglucemia profunda, retraso del crecimiento, fibrosis hepática, enteropatía perdedora de proteínas con hipoalbuminemia, hemorragia intestinal de origen difuso potencialmente mortal, deficiencia de proteínas C y S, niveles bajos de antitrombina III y tiene una mutación heterocigótica compuesta en el gen que codifica la manosafosfato isomerasa en el cromosoma 15q24.",,0.9781181619256017,0.8436123348017621,0.9989756179305408,0.8834344912577223,0.972972973,0.7019438444924406
,,,,http://purl.obolibrary.org/obo/DOID_0080555,"A congenital disorder of glycosylation I that is characterized by psychomotor retardation with delayed walking and speech, hypotonia, seizures, and sometimes protein-losing enteropathy and has_material_basis_in homozygous or compound heterozygous mutation in the ALG6 gene on chromosome 1p31.","A congenital disorder of glycosylation I characterized by psychomotor retardation with delayed gait and speech, hypotonia, seizures, and occasionally protein-losing enteropathy and has a homozygous or compound heterozygous mutation in the ALG6 gene on chromosome 1p31.",0.8595890410958904,0.8595890410958904,,http://purl.obolibrary.org/obo/DOID_0080555,"Un trastorno congénito de la glucosilación I que se caracteriza por retraso psicomotor con retraso en la marcha y el habla, hipotonía, convulsiones y, en ocasiones, enteropatía con pérdida de proteínas y tiene_su_base_material_en mutación homocigota o heterocigota compuesta en el gen ALG6 del cromosoma 1p31.","Un trastorno congénito de la glicosilación I que se caracteriza por retraso psicomotor con retraso en la marcha y el habla, hipotonía, convulsiones y, a veces, enteropatía perdedora de proteínas y que tiene una base material en una mutación homocigótica o heterocigótica compuesta en el gen ALG6 en el cromosoma 1p31.",,0.9428571428571428,0.85198556,0.9935279526826553,0.8756665870790541,0.9411764705882353,0.7364864864864865
,,,,http://purl.obolibrary.org/obo/DOID_0080556,A congenital disorder of glycosylation I that is characterized by severe neurologic involvement associated with dysmorphism and visual impairment and has_material_basis_in homozygous or compound heterozygous mutation in the ALG3 gene on chromosome 3q27.,A congenital disorder of glycosylation I that is characterized by severe neurological involvement associated with dysmorphism and visual impairment and has its material basis in a homozygous or compound heterozygous mutation in the ALG3 gene on chromosome 3q27.,0.9578544061302682,0.9578544061302682,,http://purl.obolibrary.org/obo/DOID_0080556,Un trastorno congénito de la glicosilación I que se caracteriza por una afectación neurológica grave asociada a dismorfismo y deficiencia visual y tiene_su_base_material_en mutación homocigota o heterocigota compuesta en el gen ALG3 del cromosoma 3q27.,Un trastorno congénito de la glicosilación I que se caracteriza por una afectación neurológica grave asociada con dismorfismo y discapacidad visual y tiene una base material en una mutación homocigótica o heterocigótica compuesta en el gen ALG3 en el cromosoma 3q27.,,0.9727626459143969,0.9173228346456693,0.9968516763668137,0.9267773953376326,0.9696969696969697,0.8449612403100775
,,,,http://purl.obolibrary.org/obo/DOID_0080557,"A congenital disorder of glycosylation I that is characterized by psychomotor delay, seizures, hypotonia, facial dysmorphism and microcephaly and has_material_basis_in homozygous or compound heterozygous mutation in the DPM1 gene on chromosome 20q13.","A congenital glycosylation I disorder characterized by psychomotor retardation, seizures, hypotonia, facial dysmorphism, and microcephaly and has its material basis in a homozygous or compound heterozygous mutation in the DPM1 gene on chromosome 20q13.",0.8452380952380952,0.8452380952380952,,http://purl.obolibrary.org/obo/DOID_0080557,"Un trastorno congénito de la glucosilación I que se caracteriza por retraso psicomotor, convulsiones, hipotonía, dismorfismo facial y microcefalia y tiene_su_base_material_en mutación homocigota o heterocigota compuesta en el gen DPM1 del cromosoma 20q13.","Un trastorno congénito de la glicosilación I que se caracteriza por retraso psicomotor, convulsiones, hipotonía, dismorfismo facial y microcefalia y tiene base material en una mutación homocigótica o heterocigótica compuesta en el gen DPM1 en el cromosoma 20q13.",,0.9681274900398407,0.8266129032258065,0.9970269059777432,0.8471682319963191,0.9705882352941176,0.7032967032967034
,,,,http://purl.obolibrary.org/obo/DOID_0080558,"A congenital disorder of glycosylation I that is characterized by psychomotor delay, seizures, failure to thrive, and cutaneous and ocular anomalies and has_material_basis_in homozygous or compound heterozygous mutation in the MPDU1 gene on chromosome 17p13.","A congenital disorder of glycosylation I characterized by psychomotor retardation, seizures, growth retardation, and skin and eye abnormalities and has its material basis in a homozygous or compound heterozygous mutation in the MPDU1 gene on chromosome 17p13.",0.7722007722007722,0.7722007722007722,,http://purl.obolibrary.org/obo/DOID_0080558,"Un trastorno congénito de la glucosilación I que se caracteriza por retraso psicomotor, convulsiones, retraso del crecimiento y anomalías cutáneas y oculares y tiene_su_base_material_en mutación homocigota o heterocigota compuesta en el gen MPDU1 del cromosoma 17p13.","Un trastorno congénito de la glicosilación I que se caracteriza por retraso psicomotor, convulsiones, retraso del crecimiento y anomalías cutáneas y oculares y tiene base material en una mutación homocigótica o heterocigótica compuesta en el gen MPDU1 en el cromosoma 17p13.",,0.9400386847195358,0.6888454011741683,0.9920138357644526,0.7093701745330511,0.8888888888888888,0.5313531353135313
,,,,http://purl.obolibrary.org/obo/DOID_0080559,"A congenital disorder of glycosylation I that is characterized by facial dysmorphism (prominent forehead, large ears, thin upper lip), generalized hypotonia, feeding difficulties, moderate to severe developmental delay, progressive microcephaly, frequent upper respiratory tract infections due to impaired immunity with decreased immunoglobulin levels, and decreased coagulation factors and has_material_basis_in homozygous or compound heterozygous mutation in the gene encoding dolichyl-P-mannose:Man-7-GlcNAc-2-PP-dolichyl-alpha-6-mannosyltransferase on chromosome 22q13.","A congenital disorder of glycosylation I characterized by facial dysmorphism (prominent forehead, large ears, thin upper lip), generalized hypotonia, feeding difficulties, moderate to severe developmental delay, progressive microcephaly, frequent upper respiratory infections due to altered immunity with decreased levels of immunoglobulins and decreased coagulation factors and has_its_base_material_in homozygous or compound heterozygous mutation in the gene that encodes dolicyl-P-mannose:Man-7-GlcNAc-2-PP-dolicyl- alpha-6-mannosyltransferase on chromosome 22q13.",0.8952879581151832,0.8952879581151832,,http://purl.obolibrary.org/obo/DOID_0080559,"Un trastorno congénito de la glucosilación I que se caracteriza por dismorfismo facial (frente prominente, orejas grandes, labio superior fino), hipotonía generalizada, dificultades de alimentación, retraso del desarrollo de moderado a grave, microcefalia progresiva, infecciones frecuentes de las vías respiratorias superiores debidas a una inmunidad alterada con disminución de los niveles de inmunoglobulinas y disminución de los factores de coagulación y tiene_su_base_material_en mutación homocigota o heterocigota compuesta en el gen que codifica la dolicil-P-manosa:Man-7-GlcNAc-2-PP-dolicil-alfa-6-manosiltransferasa en el cromosoma 22q13.","Un trastorno congénito de la glicosilación I que se caracteriza por dismorfismo facial (frente prominente, orejas grandes, labio superior delgado), hipotonía generalizada, dificultades para alimentarse, retraso en el desarrollo de moderado a grave, microcefalia progresiva, infecciones frecuentes del tracto respiratorio superior debido a un deterioro de la inmunidad con disminución niveles de inmunoglobulinas y factores de coagulación disminuidos y tiene una mutación homocigótica o heterocigótica compuesta en el gen que codifica la dolichil-P-manosa: Man-7-GlcNAc-2-PP-dolichil-alfa-6-manosiltransferasa en el cromosoma 22q13.",,0.980701754,0.8994708994708995,0.9988365840190767,0.9081059674966132,1,0.8225806451612904
,,,,http://purl.obolibrary.org/obo/DOID_0080560,"A congenital disorder of glycosylation I that is characterized by gastrointestinal symptoms (diarrhea, vomiting, feeding problems with failure to thrive, protein-losing enteropathy), edema and ascites (including hydrops fetalis), hepatomegaly, renal tubulopathy, coagulation anomalies due to thrombocytopenia, brain involvement (psychomotor delay, seizures, ataxia), facial dysmorphism (low-set ears and retrognathia), pes equinovarus, and muscular hypotonia and has_material_basis_in heterozygous mutation in the gene encoding dolichyl-P-glucose:Glc-1-Man-9-GlcNAc-2-PP-dolichyl-alpha-3-glucosyltransferase on chromosome 11q14.","A congenital disorder of glycation I characterized by gastrointestinal symptoms (diarrhea, vomiting, feeding problems with growth retardation, protein-losing enteropathy), edema and ascites (including hydrops fetalis), hepatomegaly, renal tubulopathy, coagulation abnormalities due to thrombocytopenia, cerebral involvement (psychomotor retardation, seizures, ataxia), facial dysmorphism (low-set ears and retrognathia), club foot and muscular hypotonia and has_its_base_material_in heterozygous mutation in the gene that encodes dolicyl-P-glucose:Glc-1 -Man-9-GlcNAc-2-PP-dolicyl-alpha-3-glucosyltransferase on chromosome 11q14.",0.8648648648648649,0.8648648648648649,,http://purl.obolibrary.org/obo/DOID_0080560,"Un trastorno congénito de la glucosilación I que se caracteriza por síntomas gastrointestinales (diarrea, vómitos, problemas de alimentación con retraso del crecimiento, enteropatía perdedora de proteínas), edema y ascitis (incluida hidropesía fetal), hepatomegalia, tubulopatía renal, anomalías de la coagulación debidas a trombocitopenia, afectación cerebral (retraso psicomotor, convulsiones, ataxia), dismorfismo facial (orejas de implantación baja y retrognatia), pie equinovaro e hipotonía muscular y tiene_su_base_material_en mutación heterocigota en el gen que codifica la dolicil-P-glucosa:Glc-1-Man-9-GlcNAc-2-PP-dolicil-alfa-3-glucosiltransferasa en el cromosoma 11q14.","Un trastorno congénito de la glicosilación I que se caracteriza por síntomas gastrointestinales (diarrea, vómitos, problemas de alimentación con retraso del crecimiento, enteropatía perdedora de proteínas), edema y ascitis (incluida hidropesía fetal), hepatomegalia, tubulopatía renal, anomalías de la coagulación debidas a trombocitopenia, afectación cerebral (retraso psicomotor, convulsiones, ataxia), dismorfismo facial (orejas de implantación baja y retrognatia), pie equinovaro e hipotonía muscular y has_material_basis_in mutación heterocigótica en el gen que codifica la dolichil-P-glucosa:Glc-1-Man-9- GlcNAc-2-PP-dolichil-alfa-3-glucosiltransferasa en el cromosoma 11q14.",,0.9673826571201273,0.832933653,0.9974162419156709,0.8387898391269412,1,0.7360482654600302
,,,,http://purl.obolibrary.org/obo/DOID_0080561,"A congenital disorder of glycosylation I that is characterized by iris coloboma, cataract, infantile spasms, developmental delay and abnormal coagulation factors and has_material_basis_in compound heterozygous mutation in the ALG2 gene on chromosome 9q22.","A congenital disorder of glycosylation I characterized by coloboma of the iris, cataracts, infantile spasms, developmental delay, and abnormal coagulation factors and has its material basis in a compound heterozygous mutation in the ALG2 gene on chromosome 9q22.",0.8625954198473282,0.8625954198473282,,http://purl.obolibrary.org/obo/DOID_0080561,"Un trastorno congénito de la glucosilación I que se caracteriza por coloboma del iris, cataratas, espasmos infantiles, retraso del desarrollo y factores de coagulación anormales y tiene_su_base_material_en una mutación heterocigota compuesta en el gen ALG2 del cromosoma 9q22.","Un trastorno congénito de la glicosilación I que se caracteriza por coloboma del iris, cataratas, espasmos infantiles, retraso en el desarrollo y factores de coagulación anormales y que tiene una mutación heterocigótica compuesta en el gen ALG2 en el cromosoma 9q22.",,0.9748549323017408,0.837573386,0.9968240392788479,0.8568669723520257,0.96875,0.7184115523465704
,,,,http://purl.obolibrary.org/obo/DOID_0080562,"A congenital disorder of glycosylation I that is characterized by hypotonia, intractable seizures, developmental delay, microcephaly and severe fetal hypokinesia and has_material_basis_in homozygous or compound heterozygous mutation in the DPAGT1 gene, which encodes UDP-GlcNAc:dolichyl-phosphate N-acetylglucosamine phosphotransferase, on chromosome 11q23.","A congenital disorder of glycosylation I characterized by hypotonia, intractable seizures, developmental delay, microcephaly, and severe fetal hypokinesia and has_its_base_material_in homozygous or compound heterozygous mutation in the DPAGT1 gene, which encodes UDP-GlcNAc:dolicylphosphate N-acetylglucosamine phosphotransferase, on chromosome 11q23.",0.9327731092436975,0.9327731092436975,,http://purl.obolibrary.org/obo/DOID_0080562,"Un trastorno congénito de la glucosilación I que se caracteriza por hipotonía, convulsiones intratables, retraso del desarrollo, microcefalia e hipocinesia fetal grave y tiene_su_base_material_en mutación homocigota o heterocigota compuesta en el gen DPAGT1,que codifica la UDP-GlcNAc:dolicilfosfato N-acetilglucosamina fosfotransferasa, en el cromosoma 11q23.","Un trastorno congénito de la glicosilación I que se caracteriza por hipotonía, convulsiones intratables, retraso en el desarrollo, microcefalia e hipocinesia fetal grave y que tiene una mutación homocigótica o heterocigótica compuesta en el gen DPAGT1, que codifica UDP-GlcNAc:dolichil-fosfato N-acetilglucosamina fosfotransferasa, en cromosoma 11q23.",,0.9830508474576272,0.9259259259259259,0.9990400332721614,0.9342041594574141,1,0.8539325842696629
,,,,http://purl.obolibrary.org/obo/DOID_0080563,"A congenital disorder of glycosylation I that is characterized by severe developmental and psychomotor delay, muscular hypotonia, intractable early-onset seizures, and microcephaly and has_material_basis_in homozygous or compound heterozygous mutation in the gene encoding beta-1,4-mannosyltransferase on chromosome 16p13.","A congenital disorder of glycosylation I characterized by severe psychomotor and developmental delay, muscular hypotonia, early-onset intractable seizures, and microcephaly and has a homozygous or compound heterozygous mutation in the gene encoding beta-1,4-mannosyltransferase in chromosome 16p13.",0.7950310559006211,0.7950310559006211,,http://purl.obolibrary.org/obo/DOID_0080563,"Un trastorno congénito de la glucosilación I que se caracteriza por un grave retraso psicomotor y del desarrollo, hipotonía muscular, convulsiones intratables de aparición temprana y microcefalia y tiene_su_base_material_en mutación homocigota o heterocigota compuesta en el gen que codifica la beta-1,4-manosiltransferasa en el cromosoma 16p13.","Un trastorno congénito de la glicosilación I que se caracteriza por un retraso psicomotor y del desarrollo grave, hipotonía muscular, convulsiones intratables de aparición temprana y microcefalia y que tiene una base material en una mutación homocigótica o heterocigótica compuesta en el gen que codifica la beta-1,4-manosiltransferasa en el cromosoma 16p13.",,0.9612903225806452,0.8794788273615635,0.9974444757845653,0.8941249511025431,0.96875,0.7808641975308642
,,,,http://purl.obolibrary.org/obo/DOID_0080564,"A congenital disorder of glycosylation I that is characterized by progressive microcephaly, hypotonia, developmental delay, drug-resistant infantile epilepsy, and hepatomegaly and has_material_basis_in homozygous mutation in the ALG9 gene on chromosome 11q23.","A congenital disorder of glycosylation I characterized by progressive microcephaly, hypotonia, developmental delay, drug-resistant childhood epilepsy, and hepatomegaly and has a homozygous mutation in the ALG9 gene on chromosome 11q23.",0.8687258687258688,0.8687258687258688,,http://purl.obolibrary.org/obo/DOID_0080564,"Un trastorno congénito de la glucosilación I que se caracteriza por microcefalia progresiva, hipotonía, retraso del desarrollo, epilepsia infantil resistente a los fármacos y hepatomegalia y tiene_su_base_material_en mutación homocigota en el gen ALG9 del cromosoma 11q23.","Un trastorno congénito de la glicosilación I que se caracteriza por microcefalia progresiva, hipotonía, retraso en el desarrollo, epilepsia infantil resistente a los medicamentos y hepatomegalia y tiene base material en una mutación homocigótica en el gen ALG9 en el cromosoma 11q23.",,0.9271255060728745,0.8729508196721312,0.9888694813474513,0.8823211996303643,0.9714285714285714,0.7706766917293233
,,,,http://purl.obolibrary.org/obo/DOID_0080565,"A congenital disorder of glycosylation I that is characterized by muscular hypotonia and ichthyosis and has_material_basis_in homozygous mutation in the DOLK gene, which encodes the enzyme responsible for the final step of the de novo biosynthesis of dolichol phosphate, on chromosome 9q34.","A congenital disorder of glycosylation I characterized by muscle hypotonia and ichthyosis and has a homozygous mutation in the DOLK gene, which encodes the enzyme responsible for the final step of de novo biosynthesis of dolichol phosphate, on chromosome 9q34.",0.8896551724137931,0.8896551724137931,,http://purl.obolibrary.org/obo/DOID_0080565,"Un trastorno congénito de la glucosilación I que se caracteriza por hipotonía muscular e ictiosis y tiene_su_base_material_en mutación homocigota en el gen DOLK, que codifica la enzima responsable del paso final de la biosíntesis de novo del fosfato de dolicol, en el cromosoma 9q34.","Un trastorno congénito de la glicosilación I que se caracteriza por hipotonía muscular e ictiosis y tiene base_material_en una mutación homocigótica en el gen DOLK, que codifica la enzima responsable del paso final de la biosíntesis de novo de dolicol fosfato, en el cromosoma 9q34.",,0.9454545454545454,0.8933823529411765,0.995288835,0.9085386381772756,0.9722222222222222,0.8105263157894737
,,,,http://purl.obolibrary.org/obo/DOID_0080566,"A congenital disorder of glycosylation I that is characterized by poorly coordinated suck resulting in difficulty feeding and failure to thrive, myoclonic jerks with hypotonia and brisk reflexes progressing to a seizure disorder, roving eyes, developmental delay, poor to absent visual contact, and sensorineural hearing loss and has_material_basis_in homozygous or compound heterozygous mutation in the RFT1 gene on chromosome 3p21.","A congenital disorder of glycosylation I characterized by poorly coordinated sucking leading to feeding difficulty and growth retardation, myoclonic jerks with hypotonia and jerky reflexes progressing to a seizure disorder, wandering eyes, developmental delay, poor eye contact a absent and sensorineural hearing loss and has_its_base_material_in homozygous or compound heterozygous mutation in the RFT1 gene on chromosome 3p21.",0.789838337,0.789838337,,http://purl.obolibrary.org/obo/DOID_0080566,"Un trastorno congénito de la glucosilación I que se caracteriza por una succión mal coordinada que provoca dificultad para alimentarse y retraso del crecimiento, sacudidas mioclónicas con hipotonía y reflejos bruscos que progresan a un trastorno convulsivo, ojos errantes, retraso del desarrollo, contacto visual de pobre a ausente y pérdida auditiva neurosensorial y tiene_su_base_material_en mutación homocigota o heterocigota compuesta en el gen RFT1 en el cromosoma 3p21.","Un trastorno congénito de la glicosilación I que se caracteriza por una succión mal coordinada que produce dificultad para alimentarse y retraso del crecimiento, sacudidas mioclónicas con hipotonía y reflejos rápidos que progresan a un trastorno convulsivo, ojos errantes, retraso en el desarrollo, contacto visual deficiente o ausente y audición neurosensorial. pérdida y has_material_basis_in mutación homocigótica o heterocigótica compuesta en el gen RFT1 en el cromosoma 3p21.",,0.9500580720092915,0.7976608187134503,0.9950432781741483,0.8376159601546965,1,0.6630901287553648
,,,,http://purl.obolibrary.org/obo/DOID_0080567,"A congenital disorder of glycosylation I that is characterized by facial dysmorphism (microcephaly, high forehead, low posterior hairline, strabismus), hypotonia, failure to thrive, intractable seizures, developmental delay, persistent vomiting and gastric bleeding and has_material_basis_in homozygous or compound heterozygous mutation in the ALG11 gene on chromosome 13q14.","A congenital disorder of glycosylation I characterized by facial dysmorphism (microcephaly, high forehead, low posterior hairline, strabismus), hypotonia, growth retardation, intractable seizures, developmental delay, persistent vomiting, and gastric hemorrhage and has_its_base_material_in homozygous mutation or compound heterozygous in the ALG11 gene on chromosome 13q14.",0.8293333333333334,0.8293333333333334,,http://purl.obolibrary.org/obo/DOID_0080567,"Un trastorno congénito de la glucosilación I que se caracteriza por dismorfismo facial (microcefalia, frente alta, línea posterior del cabello baja, estrabismo), hipotonía, retraso del crecimiento, convulsiones intratables, retraso del desarrollo, vómitos persistentes y hemorragia gástrica y tiene_su_base_material_en mutación homocigota o heterocigota compuesta en el gen ALG11 del cromosoma 13q14.","Un trastorno congénito de la glicosilación I que se caracteriza por dismorfismo facial (microcefalia, frente alta, línea del cabello posterior baja, estrabismo), hipotonía, retraso del crecimiento, convulsiones intratables, retraso en el desarrollo, vómitos persistentes y sangrado gástrico y tiene base material en una mutación homocigota o heterocigota compuesta en el gen ALG11 en el cromosoma 13q14.",,0.9666221628838452,0.847913863,0.9970746802913735,0.8571434747803925,1,0.7339901477832512
,,,,http://purl.obolibrary.org/obo/DOID_0080568,"A congenital disorder of glycosylation I that is characterized by a highly variable phenotype typically presenting with severe visual impairment, variable ocular anomalies (such as optic nerve hypoplasia/atrophy, iris and optic nerve coloboma, congenital cataract, glaucoma), intellectual disability, cerebellar abnormalities, nystagmus, hypotonia, ataxia, and/or ichthyosiform skin lesions and has_material_basis_in homozygous or compound heterozygous mutation in the SRD5A3 gene on chromosome 4q12.","A congenital disorder of glycosylation I characterized by a highly variable phenotype typically presenting with severe visual impairment, variable ocular anomalies (such as optic nerve hypoplasia/atrophy, coloboma of the iris and optic nerve, congenital cataract, glaucoma), intellectual disability, cerebellar anomalies, nystagmus, hypotonia, ataxia and/or ichthyosiform skin lesions and has_its_material_base_in a homozygous or compound heterozygous mutation in the SRD5A3 gene on chromosome 4q12.",0.908,0.908,,http://purl.obolibrary.org/obo/DOID_0080568,"Un trastorno congénito de la glucosilación I que se caracteriza por un fenotipo muy variable que se presenta típicamente con deficiencia visual grave, anomalías oculares variables (como hipoplasia/atrofia del nervio óptico, coloboma del iris y del nervio óptico, catarata congénita, glaucoma), discapacidad intelectual, anomalías cerebelosas, nistagmo, hipotonía, ataxia y/o lesiones cutáneas ictiosiformes y tiene_su_base_material_en una mutación homocigota o heterocigota compuesta en el gen SRD5A3 del cromosoma 4q12.","Un trastorno congénito de la glicosilación I que se caracteriza por un fenotipo muy variable que normalmente se presenta con discapacidad visual grave, anomalías oculares variables (como hipoplasia/atrofia del nervio óptico, coloboma del iris y del nervio óptico, cataratas congénitas, glaucoma), discapacidad intelectual, anomalías cerebelosas. , nistagmo, hipotonía, ataxia y/o lesiones cutáneas ictiosiformes y tiene base_material_en una mutación homocigótica o heterocigótica compuesta en el gen SRD5A3 en el cromosoma 4q12.",,0.986986987,0.918429003,0.9994207830250064,0.9342044038605328,1,0.861995754
,,,,http://purl.obolibrary.org/obo/DOID_0080569,"A congenital disorder of glycosylation I that is characterized by failure to thrive, developmental delay, hypotonia, strabismus and hepatic dysfunction and has_material_basis_in compound heterozygous mutation in the DDOST gene on chromosome 1p36.","A congenital disorder of glycosylation I characterized by growth retardation, developmental delay, hypotonia, strabismus, and hepatic dysfunction and has_its_base_material_in compound heterozygous mutation in the DDOST gene on chromosome 1p36.",0.8495934959349594,0.8495934959349594,,http://purl.obolibrary.org/obo/DOID_0080569,"Un trastorno congénito de la glucosilación I que se caracteriza por retraso en el crecimiento, retraso en el desarrollo, hipotonía, estrabismo y disfunción hepática y tiene_su_base_material_en mutación heterocigota compuesta en el gen DDOST del cromosoma 1p36.","Un trastorno congénito de la glicosilación I que se caracteriza por retraso del crecimiento, retraso en el desarrollo, hipotonía, estrabismo y disfunción hepática y que tiene una mutación heterocigótica compuesta en el gen DDOST en el cromosoma 1p36.",,0.9611451942740287,0.8322981366459627,0.9963838920879432,0.8546455899737841,0.9714285714285714,0.70411985
,,,,http://purl.obolibrary.org/obo/DOID_0080570,"A congenital disorder of glycosylation I that is characterized by a wide range of clinical manifestations, most commonly presenting with bifid uvula with or without cleft palate at birth, associated with growth delay, hepatopathy with elevated aminotransferase serum levels, myopathy (including exercise-related fatigue, exercise intolerance, muscle weakness), intermittent hypoglycemia, and dilated cardiomyopathy and/or cardiac arrest, due to decreased phosphoglucomutase 1 enzyme activity and has_material_basis_in homozygous or compound heterozygous mutation in the PGM1 gene on chromosome 1p31.","A congenital disorder of glycosylation I characterized by a wide range of clinical manifestations, most commonly presenting with bifid uvula with or without cleft palate at birth, associated with growth retardation, liver disease with elevated serum aminotransferase levels, myopathy (including fatigue related to exercise, exercise intolerance, muscle weakness), intermittent hypoglycemia, and dilated cardiomyopathy and/or cardiac arrest, due to decreased activity of the enzyme phosphoglucomutase 1 and has_its_base_material_in homozygous or compound heterozygous mutation in the PGM1 gene of the chromosome 1p31.",0.8198051948051948,0.8198051948051948,,http://purl.obolibrary.org/obo/DOID_0080570,"Un trastorno congénito de la glicosilación I que se caracteriza por una amplia gama de manifestaciones clínicas, presentándose más comúnmente con úvula bífida con o sin paladar hendido al nacer, asociada a retraso del crecimiento, hepatopatía con niveles séricos elevados de aminotransferasa, miopatía (incluyendo fatiga relacionada con el ejercicio, intolerancia al ejercicio, debilidad muscular), hipoglucemia intermitente, y cardiomiopatía dilatada y/o paro cardiaco, debido a la disminución de la actividad de la enzima fosfoglucomutasa 1 y tiene_su_base_material_en mutación homocigota o heterocigota compuesta en el gen PGM1 del cromosoma 1p31.","Un trastorno congénito de la glicosilación I que se caracteriza por una amplia gama de manifestaciones clínicas, que se presenta más comúnmente con úvula bífida con o sin paladar hendido al nacer, asociado con retraso en el crecimiento, hepatopatía con niveles séricos elevados de aminotransferasas, miopatía (incluida la fatiga relacionada con el ejercicio). , intolerancia al ejercicio, debilidad muscular), hipoglucemia intermitente y miocardiopatía dilatada y/o paro cardíaco, debido a una disminución de la actividad de la enzima fosfoglucomutasa 1 y tiene base material en una mutación homocigótica o heterocigótica compuesta en el gen PGM1 en el cromosoma 1p31.",,0.974485597,0.8751033912324235,0.9989849556724968,0.9010903720174003,0.9743589743589743,0.7813021702838063
,,,,http://purl.obolibrary.org/obo/DOID_0080571,"A congenital disorder of glycosylation I that is characterized by respiratory distress and severe hypotonia at birth, severe global developmental delay, early-onset intractable seizures, myopathic fascies with craniofacial dysmorphism (trigonocephaly/progressive microcephaly, low anterior hairline, arched eyebrows, hypotelorism, strabismus, small nose, prominent philtrum, thin upper lip, high-arched palate, micrognathia, malocclusion), severe, congenital flexion joint contractures and elevated serum creatine kinase levels and has_material_basis_in homozygous or compound heterozygous mutation in the DPM2 gene on chromosome 9q34.","A congenital disorder of glycosylation I characterized by respiratory distress and severe hypotonia at birth, severe global developmental delay, early-onset intractable seizures, myopathic facies with craniofacial dysmorphism (progressive trigonocephaly/microcephaly, low anterior hairline, arched eyebrows , hypotelorism, strabismus, small nose, prominent philtrum, thin upper lip, high-arched palate, micrognathia, malocclusion), severe congenital contractures of the flexion joints and elevated serum levels of creatine kinase and has_its_base_material_in homozygous or compound heterozygous mutation in the DPM2 gene on chromosome 9q34.",0.853125,0.853125,,http://purl.obolibrary.org/obo/DOID_0080571,"Un trastorno congénito de la glucosilación I que se caracteriza por dificultad respiratoria e hipotonía grave al nacer, retraso global grave del desarrollo, convulsiones intratables de aparición precoz, facies miopáticas con dismorfismo craneofacial (trigonocefalia/microcefalia progresiva, línea anterior del cabello baja, cejas arqueadas, hipotelorismo, estrabismo, nariz pequeña, surco nasolabial prominente, labio superior delgado, paladar de arco alto, micrognatia, maloclusión), contracturas congénitas graves de las articulaciones en flexión y niveles séricos elevados de creatina cinasa y tiene_su_base_material_en mutación homocigota o heterocigota compuesta en el gen DPM2 del cromosoma 9q34.","Un trastorno congénito de la glicosilación I que se caracteriza por dificultad respiratoria e hipotonía grave al nacer, retraso grave en el desarrollo global, convulsiones intratables de inicio temprano, fascias miopáticas con dismorfismo craneofacial (trigonocefalia/microcefalia progresiva, línea anterior baja del cabello, cejas arqueadas, hipotelorismo, estrabismo). , nariz pequeña, filtrum prominente, labio superior delgado, paladar arqueado, micrognatia, maloclusión), contracturas congénitas graves de las articulaciones en flexión y niveles elevados de creatina quinasa sérica y tiene una mutación homocigótica o heterocigótica compuesta en el gen DPM2 en el cromosoma 9q34.",,0.9898039215686274,0.9156816390858944,0.9996099484222195,0.9312358504222956,1,0.8401305057096248
,,,,http://purl.obolibrary.org/obo/DOID_0080572,"A congenital disorder of glycosylation I that is characterized by developmental delay, intellectual disability, failure to thrive, hypotonia and seizures and has_material_basis_in homozygous mutation in the STT3A gene on chromosome 11q24.","A congenital disorder of glycosylation I characterized by developmental delay, intellectual disability, growth retardation, hypotonia, and seizures and has its material basis in a homozygous mutation in the STT3A gene on chromosome 11q24.",0.8613445378151261,0.8613445378151261,,http://purl.obolibrary.org/obo/DOID_0080572,"Un trastorno congénito de la glucosilación I que se caracteriza por retraso del desarrollo, discapacidad intelectual, retraso del crecimiento, hipotonía y convulsiones y tiene_su_base_material_en una mutación homocigota en el gen STT3A del cromosoma 11q24.","Un trastorno congénito de la glicosilación I que se caracteriza por retraso en el desarrollo, discapacidad intelectual, retraso del crecimiento, hipotonía y convulsiones y tiene base material en una mutación homocigótica en el gen STT3A en el cromosoma 11q24.",,0.957983193,0.8,0.9960963092422486,0.8221171571707637,0.9428571428571428,0.6604477611940298
,,,,http://purl.obolibrary.org/obo/DOID_0080573,"A congenital disorder of glycosylation I that is characterized by intrauterine growth retardation, microcephaly, failure to thrive, developmental delay, intellectual disability, hypotonia, seizures, optic nerve atrophy and respiratory difficulties and has_material_basis_in homozygous mutation in the STT3B gene on chromosome 3p23.","A congenital disorder of glycosylation I characterized by intrauterine growth retardation, microcephaly, growth retardation, developmental delay, intellectual disability, hypotonia, seizures, optic nerve atrophy, and respiratory difficulties and has_its_material_base_in a homozygous mutation in the STT3B gene of the chromosome 3p23.",0.8892215568862275,0.8892215568862275,,http://purl.obolibrary.org/obo/DOID_0080573,"Un trastorno congénito de la glucosilación I que se caracteriza por retraso del crecimiento intrauterino, microcefalia, retraso del crecimiento, retraso del desarrollo, discapacidad intelectual, hipotonía, convulsiones, atrofia del nervio óptico y dificultades respiratorias y tiene_su_base_material_en una mutación homocigota en el gen STT3B del cromosoma 3p23.","Un trastorno congénito de la glicosilación I que se caracteriza por retraso del crecimiento intrauterino, microcefalia, retraso del crecimiento, retraso del desarrollo, discapacidad intelectual, hipotonía, convulsiones, atrofia del nervio óptico y dificultades respiratorias y tiene base material en una mutación homocigota en el gen STT3B en el cromosoma 3p23.",,0.9744360902255639,0.8588770864946889,0.998545889,0.8835447377014705,1,0.788235294
,,,,http://purl.obolibrary.org/obo/DOID_0080574,"A congenital disorder of glycosylation I that is characterized by neurologic abnormalities (global developmental delay in language, social skills and fine and gross motor development, intellectual disability, hypotonia, microcephaly, seizures/epilepsy), facial dysmorphism (deep set eyes, large ears, hypoplastic vermillion of upper lip, large mouth with widely spaced teeth), feeding problems often due to chewing difficulties and aversion to food with certain textures, failure to thrive, gastrointestinal abnormalities (reflux or vomiting) and strabismus and has_material_basis_in hemizygous mutation in the SSR4 gene on chromosome Xq28.","A congenital disorder of glycosylation I characterized by neurological abnormalities (global delay in language development, social skills, and fine and gross motor development, intellectual disability, hypotonia, microcephaly, seizures/epilepsy), facial dysmorphism (sunken eyes , large ears, hypoplastic vermilion of the upper lip, large mouth with widely spaced teeth), feeding problems often due to chewing difficulties and aversion to foods with certain textures, growth retardation, gastrointestinal abnormalities (reflux or vomiting) and strabismus and has_its_base_material_in hemizygous mutation in the SSR4 gene on chromosome Xq28.",0.878125,0.878125,,http://purl.obolibrary.org/obo/DOID_0080574,"Un trastorno congénito de la glucosilación I que se caracteriza por anomalías neurológicas (retraso global del desarrollo del lenguaje, de las habilidades sociales y del desarrollo motor fino y grueso, discapacidad intelectual, hipotonía, microcefalia, convulsiones/epilepsia), dismorfismo facial (ojos hundidos, orejas grandes, bermellón hipoplásico del labio superior, boca grande con dientes muy separados), problemas de alimentación debidos a menudo a dificultades de masticación y aversión a los alimentos con determinadas texturas, retraso del crecimiento, anomalías gastrointestinales (reflujo o vómitos) y estrabismo y tiene_su_base_material_en mutación hemicigota en el gen SSR4 del cromosoma Xq28.","Un trastorno congénito de la glicosilación I que se caracteriza por anomalías neurológicas (retraso global en el desarrollo del lenguaje, habilidades sociales y desarrollo motor fino y grueso, discapacidad intelectual, hipotonía, microcefalia, convulsiones/epilepsia), dismorfismo facial (ojos hundidos, orejas grandes, bermellón hipoplásico del labio superior, boca grande con dientes muy espaciados), problemas de alimentación debidos a menudo a dificultades para masticar y aversión a alimentos con determinadas texturas, retraso del crecimiento, anomalías gastrointestinales (reflujo o vómitos) y estrabismo y has_material_basis_in mutación hemicigota en el gen SSR4 en el cromosoma Xq28.",,0.984375,0.8822605965463108,0.9993796471138082,0.9101822515932649,1,0.7882165605095541
,,,,http://purl.obolibrary.org/obo/DOID_0080587,"A congenital myasthenic syndrome characterized by neonatal hypotonia, neonatal feeding problems, and nasal dysarthria and that has_material_basis_in homozygous or compound heterozygous mutation in the PREPL gene on chromosome 2p21.","Congenital myasthenic syndrome characterized by neonatal hypotonia, neonatal feeding problems and nasal dysarthria and which has its material base in a homozygous or compound heterozygous mutation in the PREPL gene on chromosome 2p21.",0.9188034188034188,0.9188034188034188,,http://purl.obolibrary.org/obo/DOID_0080587,"Síndrome miasténico congénito caracterizado por hipotonía neonatal, problemas de alimentación neonatal y disartria nasal y que tiene_su_base_material_en mutación homocigota o heterocigota compuesta en el gen PREPL del cromosoma 2p21.","Un síndrome miasténico congénito caracterizado por hipotonía neonatal, problemas de alimentación neonatal y disartria nasal y que tiene base material en una mutación homocigótica o heterocigótica compuesta en el gen PREPL en el cromosoma 2p21.",,0.967741935,0.8627450980392157,0.9960047668752828,0.8818399277748009,0.8787878787878788,0.7448559670781894
,,,,http://purl.obolibrary.org/obo/DOID_3635,"A neuromuscular junction disease that is characterized by weakness and easy fatiguability resulting from a genetic defect at the junction where the nerve stimulates muscle activity that result in muscle weakness and may affect nerve cells (presynaptic), muscle cells (postsynaptic) or the space between nerve and muscle cells (synaptic).","Neuromuscular junction disease characterized by weakness and easy fatigue as a result of a genetic defect in the junction where the nerve stimulates muscle activity that results in muscle weakness and can affect nerve cells (presynaptic), muscle cells (postsynaptic) or to the space between nerve and muscle cells (synaptic).",0.9050445103857567,0.9050445103857567,,http://purl.obolibrary.org/obo/DOID_3635,"Enfermedad de la unión neuromuscular que se caracteriza por debilidad y fácil fatigabilidad como resultado de un defecto genético en la unión donde el nervio estimula la actividad muscular que da lugar a debilidad muscular y puede afectar a las células nerviosas (presináptica), a las células musculares (postsináptica) o al espacio entre las células nerviosas y musculares (sináptica).","Una enfermedad de la unión neuromuscular que se caracteriza por debilidad y facilidad para fatigarse como resultado de un defecto genético en la unión donde el nervio estimula la actividad muscular que resulta en debilidad muscular y puede afectar las células nerviosas (presinápticas), las células musculares (postinápticas) o el espacio entre los nervios. y células musculares (sinápticas).",,0.9667673716012084,0.875,0.9976909060293868,0.9283684306639849,0.9354838709677419,0.7340425531914894
,,,,http://purl.obolibrary.org/obo/DOID_0080589,A Klippel-Feil syndrome that has_material_basis_in heterozygous mutation in the GDF6 gene on chromosome 8q22.,A Klippel-Feil syndrome that has_its_material_base_in a heterozygous mutation in the GDF6 gene on chromosome 8q22.,0.9298245614035088,0.9298245614035088,,http://purl.obolibrary.org/obo/DOID_0080589,Un síndrome de Klippel-Feil que tiene_su_base_material_en una mutación heterocigota en el gen GDF6 en el cromosoma 8q22.,Un síndrome de Klippel-Feil que tiene_material_basis_in mutación heterocigótica en el gen GDF6 en el cromosoma 8q22.,,0.9775784753363229,0.9032258064516129,0.9981852599059222,0.9052090776559473,1,0.8220338983050848
,,,,http://purl.obolibrary.org/obo/DOID_10426,A physical disorder that is characterized by abnormal segmentation of the vertebra during fetal development which results in fusion located in cervical vertebra.,Physical disorder characterized by abnormal segmentation of the vertebra during fetal development that results in a localized fusion in the cervical vertebra.,0.782608696,0.782608696,,http://purl.obolibrary.org/obo/DOID_10426,Trastorno físico que se caracteriza por una segmentación anormal de la vértebra durante el desarrollo fetal que da lugar a una fusión localizada en la vértebra cervical.,Un trastorno físico que se caracteriza por una segmentación anormal de la vértebra durante el desarrollo fetal que resulta en una fusión localizada en la vértebra cervical.,,0.9592476489028213,0.8178913738019169,0.996250536,0.8456060880966544,0.8846153846153846,0.6863905325443787
,,,,http://purl.obolibrary.org/obo/DOID_0080590,A Klippel-Feil syndrome that has_material_basis_in homozygous mutation in the MEOX1 gene on chromosome 17q21.,A Klippel-Feil syndrome that has_its_material_base_in a homozygous mutation in the MEOX1 gene on chromosome 17q21.,0.9298245614035088,0.9298245614035088,,http://purl.obolibrary.org/obo/DOID_0080590,Un síndrome de Klippel-Feil que tiene_su_base_material_en una mutación homocigota en el gen MEOX1 en el cromosoma 17q21.,Un síndrome de Klippel-Feil que tiene_material_basis_in mutación homocigótica en el gen MEOX1 en el cromosoma 17q21.,,0.9775784753363229,0.9032258064516129,0.9979253145759828,0.9052090776559473,1,0.8220338983050848
,,,,http://purl.obolibrary.org/obo/DOID_0080591,A Klippel-Feil syndrome that has_material_basis_in heterozygous mutation in the GDF3 gene on chromosome 12p13.,A Klippel-Feil syndrome that has_its_material_base_in a heterozygous mutation in the GDF3 gene on chromosome 12p13.,0.9304347826086956,0.9304347826086956,,http://purl.obolibrary.org/obo/DOID_0080591,Un síndrome de Klippel-Feil que tiene_su_base_material_en una mutación heterocigota en el gen GDF3 del cromosoma 12p13.,Un síndrome de Klippel-Feil que tiene_material_basis_in una mutación heterocigótica en el gen GDF3 en el cromosoma 12p13.,,0.9777777777777777,0.904109589,0.9981863848305657,0.9060573737851124,1,0.8235294117647058
,,,,http://purl.obolibrary.org/obo/DOID_0080592,A Klippel-Feil syndrome that has_material_basis_in homozygous mutation in the MYO18B gene on chromosome 22q12.,A Klippel-Feil syndrome that has_its_material_base_in a homozygous mutation in the MYO18B gene on chromosome 22q12.,0.9304347826086956,0.9304347826086956,,http://purl.obolibrary.org/obo/DOID_0080592,Un síndrome de Klippel-Feil que tiene_su_base_material_en una mutación homocigota en el gen MYO18B en el cromosoma 22q12.,Un síndrome de Klippel-Feil que tiene_material_basis_in mutación homocigótica en el gen MYO18B en el cromosoma 22q12.,,0.9777777777777777,0.904109589,0.9979274455858391,0.9060573737851124,1,0.8235294117647058
,,,,http://purl.obolibrary.org/obo/DOID_0080593,An orofacial cleft that has_material_basis_in variation in an enhancer of the IRF6 gene on chromosome 1q32.,An orofacial cleft that has_its_base_material_in the variation of an enhancer of the IRF6 gene on chromosome 1q32.,0.8333333333333334,0.8333333333333334,,http://purl.obolibrary.org/obo/DOID_0080593,Una hendidura orofacial que tiene_su_base_material_en la variación de un potenciador del gen IRF6 en el cromosoma 1q32.,Una hendidura orofacial que tiene una variación en un potenciador del gen IRF6 en el cromosoma 1q32.,,0.9502262443438914,0.8186046511627907,0.992996253,0.8249579113843055,1,0.7096774193548387
,,,,http://purl.obolibrary.org/obo/DOID_0080625,A severe congenital neutropenia that has_material_basis_in heterozygous mutation in the neutrophil elastase gene on chromosome 19p13.,A severe congenital neutropenia that has its material basis in a heterozygous mutation in the neutrophil elastase gene on chromosome 19p13.,0.935251799,0.935251799,,http://purl.obolibrary.org/obo/DOID_0080625,Una neutropenia congénita grave que tiene_su_base_material_en mutación heterocigota en el gen de la elastasa de neutrófilos en el cromosoma 19p13.,Una neutropenia congénita grave que tiene base material en una mutación heterocigótica en el gen de la elastasa de neutrófilos en el cromosoma 19p13.,,0.9558823529411765,0.8721804511278195,0.9898203893853648,0.8822848978230564,0.9615384615384616,0.7708333333333334
,,,,http://purl.obolibrary.org/obo/DOID_0080633,A physical disorder that has_material_basis_in homozygous or compound heterozygous mutation in the PLD1 gene on chromosome 3q26.,A physical disorder that is based on a homozygous or compound heterozygous mutation in the PLD1 gene on chromosome 3q26.,0.8671875,0.8671875,,http://purl.obolibrary.org/obo/DOID_0080633,Un trastorno físico que tiene_base_en una mutación homocigota o heterocigota compuesta en el gen PLD1 del cromosoma 3q26.,Un trastorno físico que tiene una base_material_en una mutación homocigótica o heterocigótica compuesta en el gen PLD1 en el cromosoma 3q26.,,0.9274193548387096,0.8347107438016529,0.9826414889695527,0.8487040668965893,0.967741935,0.7111111111111111
,,,,http://purl.obolibrary.org/obo/DOID_0080700,A physical disorder that is characterized by impairment of the development of the lower half of the body.,Physical disorder characterized by a deficiency in the development of the lower half of the body.,0.7904761904761904,0.7904761904761904,,http://purl.obolibrary.org/obo/DOID_0080700,Trastorno físico que se caracteriza por una deficiencia en el desarrollo de la mitad inferior del cuerpo.,Un trastorno físico que se caracteriza por un deterioro del desarrollo de la mitad inferior del cuerpo.,,0.8910891089108911,0.7448979591836735,0.9783817599016029,0.8065816633124241,0.9166666666666666,0.6055045871559633
,,,,http://purl.obolibrary.org/obo/DOID_0080720,A syndrome that is characterized by autosomal dominant inheritance of congenital deafness and onychodystrophy and that has_material_basis_in heterozygous mutation in the ATP6V1B2 gene on chromosome 8p21.,Syndrome characterized by autosomal dominant inheritance of congenital deafness and onychodystrophy and which has_its_material_base_in a heterozygous mutation in the ATP6V1B2 gene on chromosome 8p21.,0.8866995073891626,0.8866995073891626,,http://purl.obolibrary.org/obo/DOID_0080720,Síndrome que se caracteriza por la herencia autosómica dominante de la sordera congénita y la onicodistrofia y que tiene_su_base_material_en una mutación heterocigota en el gen ATP6V1B2 del cromosoma 8p21.,Un síndrome que se caracteriza por una herencia autosómica dominante de sordera congénita y onicodistrofia y que tiene una mutación heterocigótica en el gen ATP6V1B2 en el cromosoma 8p21.,,0.9651741293532339,0.8686868686868687,0.9958959820694542,0.8640878702801462,0.9411764705882353,0.772093023
,,,,http://purl.obolibrary.org/obo/DOID_0080833,A laryngeal disease that is characterized by inward collapse of flaccid supraglottic structures during inspiration. The most common symptom is noisy breathing (stridor) that is often worse when the infant is on his/her back or crying.,"Laryngeal disease characterized by the inward collapse of flaccid supraglottic structures during inspiration. The most common symptom is noisy breathing (stridor), which is usually worse when the baby is on his back or crying.",0.8461538461538461,0.8461538461538461,,http://purl.obolibrary.org/obo/DOID_0080833,Enfermedad laríngea que se caracteriza por el colapso hacia dentro de las estructuras supraglóticas flácidas durante la inspiración. El síntoma más común es una respiración ruidosa (estridor) que suele empeorar cuando el bebé está boca arriba o llora.,"Enfermedad laríngea que se caracteriza por el colapso hacia adentro de las estructuras supraglóticas flácidas durante la inspiración. El síntoma más común es la respiración ruidosa (estridor), que suele empeorar cuando el bebé está boca arriba o llora.",,0.9347826086956522,0.8237885462555066,0.9922209631632593,0.8115996902578919,0.8709677419354839,0.7244094488188977
,,,,http://purl.obolibrary.org/obo/DOID_0080835,"A syndrome that is characterized by congenital infection with toxoplasmosis, rubella, cytomegalovirus, herpes simplex, and other organisms.","Syndrome characterized by congenital infection by toxoplasmosis, rubella, cytomegalovirus, herpes simplex and other organisms.",0.8848920863309353,0.8848920863309353,,http://purl.obolibrary.org/obo/DOID_0080835,"Síndrome que se caracteriza por la infección congénita por toxoplasmosis, rubéola, citomegalovirus, herpes simple y otros organismos.","Un síndrome que se caracteriza por una infección congénita por toxoplasmosis, rubéola, citomegalovirus, herpes simple y otros organismos.",,0.9283018867924528,0.8648648648648649,0.9883125986671032,0.8666704373975285,0.8928571428571429,0.7671232876712328
,,exact,5,http://purl.obolibrary.org/obo/DOID_0080895,A hemangioma that is characterized by complete regression.,A hemangioma that is characterized by complete regression.,1,1,exact,http://purl.obolibrary.org/obo/DOID_0080895,Un hemangioma que se caracteriza por una regresión completa.,Un hemangioma que se caracteriza por una regresión completa.,exact,1,1,1,1,1,1
,,,,http://purl.obolibrary.org/obo/DOID_0080978,An arthrogryposis multiplex congenita that has_material_basis_in homozygous or compound heterozygous mutation in the LGI4 gene on chromosome 19q13.,A congenital arthrogryposis multiplex that has_its_material_base_in a homozygous or compound heterozygous mutation in the LGI4 gene on chromosome 19q13.,0.8223684210526316,0.8223684210526316,,http://purl.obolibrary.org/obo/DOID_0080978,Una artrogriposis múltiple congénita que tiene_su_base_material_en una mutación homocigota o heterocigota compuesta en el gen LGI4 del cromosoma 19q13.,Una artrogriposis múltiple congénita que tiene una mutación homocigótica o heterocigótica compuesta en el gen LGI4 en el cromosoma 19q13.,,0.9765886287625418,0.8805460750853242,0.9978989294152221,0.889700584,1,0.7784810126582279
,,,,http://purl.obolibrary.org/obo/DOID_0080979,"An arthrogryposis multiplex congenita that is characterized by decreased fetal movements, hypotonia, variable skeletal defects, including clubfoot and scoliosis, and delayed motor milestones with difficulty walking and that has_material_basis_in homozygous or compound heterozygous mutation in the SYNE1 gene on chromosome 6q25.","A congenital arthrogryposis multiplex characterized by decreased fetal movements, hypotonia, variable skeletal defects including clubfoot and scoliosis, and delayed motor milestones with difficulty walking and that has a homozygous or compound heterozygous mutation in the SYNE1 gene on the chromosome. 6q25.",0.8445121951219512,0.8445121951219512,,http://purl.obolibrary.org/obo/DOID_0080979,"Una artrogriposis múltiple congénita que se caracteriza por disminución de los movimientos fetales, hipotonía, defectos esqueléticos variables, incluidos pie zambo y escoliosis, y retraso en los hitos motores con dificultad para caminar y que tiene_su_base_material_en mutación homocigota o heterocigota compuesta en el gen SYNE1 del cromosoma 6q25.","Una artrogriposis múltiple congénita que se caracteriza por disminución de los movimientos fetales, hipotonía, defectos esqueléticos variables, incluidos pie zambo y escoliosis, y retraso en los hitos motores con dificultad para caminar y que tiene base material en una mutación homocigótica o heterocigótica compuesta en el gen SYNE1 en el cromosoma 6q25.",,0.9654088050314465,0.892063492,0.9965104729313637,0.9051170643469101,0.9736842105263158,0.8190184049079755
,,,,http://purl.obolibrary.org/obo/DOID_0080980,An arthrogryposis multiplex congenita that has_material_basis_in homozygous mutation in the SCYL2 gene on chromosome 12q23.,A congenital arthrogryposis multiplex that has_its_material_base_in a homozygous mutation in the SCYL2 gene on chromosome 12q23.,0.7890625,0.7890625,,http://purl.obolibrary.org/obo/DOID_0080980,Una artrogriposis múltiple congénita que tiene_su_base_material_en una mutación homocigota en el gen SCYL2 del cromosoma 12q23.,Una artrogriposis múltiple congénita que tiene una mutación homocigótica en el gen SCYL2 en el cromosoma 12q23.,,0.9721115537848606,0.8571428571428572,0.9970729643592834,0.8596110743667009,1,0.7482014388489209
,,,,http://purl.obolibrary.org/obo/DOID_0080981,An arthrogryposis multiplex congenita that has_material_basis_in homozygous or compound heterozygous mutation in the TOR1A gene on chromosome 9q34.,A congenital arthrogryposis multiplex that has_its_material_base_in a homozygous or compound heterozygous mutation in the TOR1A gene on chromosome 9q34.,0.8223684210526316,0.8223684210526316,,http://purl.obolibrary.org/obo/DOID_0080981,Una artrogriposis múltiple congénita que tiene_su_base_material_en una mutación homocigota o heterocigota compuesta en el gen TOR1A del cromosoma 9q34.,Una artrogriposis múltiple congénita que tiene una mutación homocigótica o heterocigótica compuesta en el gen TOR1A en el cromosoma 9q34.,,0.9765886287625418,0.8805460750853242,0.9978989294152221,0.889700584,1,0.7784810126582279
,,,,http://purl.obolibrary.org/obo/DOID_0081015,A congenital fibrosis of the extraocular muscles that is characterized by bilateral blepharoptosis and ophthalmoplegia with the eyes fixed in an infraducted position about 20 to 30 degrees below the horizontal midline and that has_material_basis_in heterozygous mutation in the KIF21A gene on chromosome 12q12.,Congenital fibrosis of the extraocular muscles characterized by bilateral blepharoptosis and ophthalmoplegia with the eyes fixed in an infradirected position about 20 to 30 degrees below the horizontal midline and which has a heterozygous mutation in the KIF21A gene on chromosome 12q12.,0.8870967741935484,0.8870967741935484,,http://purl.obolibrary.org/obo/DOID_0081015,Fibrosis congénita de los músculos extraoculares que se caracteriza por blefaroptosis bilateral y oftalmoplejía con los ojos fijos en posición infradirigida unos 20 a 30 grados por debajo de la línea media horizontal y que tiene_su_base_material_en mutación heterocigota en el gen KIF21A del cromosoma 12q12.,Una fibrosis congénita de los músculos extraoculares que se caracteriza por blefaroptosis bilateral y oftalmoplejía con los ojos fijos en una posición infraductada aproximadamente de 20 a 30 grados por debajo de la línea media horizontal y que tiene base material en una mutación heterocigótica en el gen KIF21A en el cromosoma 12q12.,,0.9547738693467337,0.8900169204737732,0.9959233340035496,0.8979826725559888,0.9428571428571428,0.8045602605863192
,,,,http://purl.obolibrary.org/obo/DOID_0081016,A congenital fibrosis of the extraocular muscles that is characterized by bilateral ptosis and restrictive ophthalmoplegia with the globes fixed in extreme abduction (exotropia) and that has_material_basis_in homozygous mutation in the ARIX gene on chromosome 11q13.,A congenital fibrosis of the extraocular muscles that is characterized by bilateral ptosis and restrictive ophthalmoplegia with the globes fixed in extreme abduction (exotropia) and that has its material basis in a homozygous mutation in the ARIX gene on chromosome 11q13.,0.9669117647058824,0.9669117647058824,,http://purl.obolibrary.org/obo/DOID_0081016,Una fibrosis congénita de los músculos extraoculares que se caracteriza por ptosis bilateral y oftalmoplejía restrictiva con los globos fijos en abducción extrema (exotropía) y que tiene_su_base_material_en mutación homocigota en el gen ARIX del cromosoma 11q13.,Una fibrosis congénita de los músculos extraoculares que se caracteriza por ptosis bilateral y oftalmoplejía restrictiva con los globos fijos en abducción extrema (exotropía) y que tiene base material en una mutación homocigótica en el gen ARIX del cromosoma 11q13.,,0.9776951672862454,0.9360902255639098,0.9974806558350932,0.9454023445445583,0.9714285714285714,0.8783269961977186
,,,,http://purl.obolibrary.org/obo/DOID_0081017,"A congenital fibrosis of the extraocular muscles that is characterized by a variable phenotype where individuals may not have bilateral involvement, may be able to raise the eyes above midline, or may not have blepharoptosis and that has_material_basis_in heterozygous mutation in the TUBB3 gene on chromosome 16q24.","A congenital fibrosis of the extraocular muscles that is characterized by a variable phenotype in which individuals may not have bilateral involvement, may be able to raise their eyes above the midline, or may not have blepharoptosis and that has its material basis in a heterozygous mutation in the TUBB3 gene on chromosome 16q24.",0.9365558912386707,0.9365558912386707,,http://purl.obolibrary.org/obo/DOID_0081017,"Una fibrosis congénita de los músculos extraoculares que se caracteriza por un fenotipo variable en el que los individuos pueden no tener afectación bilateral, pueden ser capaces de levantar los ojos por encima de la línea media o pueden no tener blefaroptosis y que tiene_su_base_material_en una mutación heterocigota en el gen TUBB3 del cromosoma 16q24.","Una fibrosis congénita de los músculos extraoculares que se caracteriza por un fenotipo variable en el que los individuos pueden no tener afectación bilateral, pueden ser capaces de elevar los ojos por encima de la línea media o pueden no tener blefaroptosis y que tiene una mutación heterocigótica en el gen TUBB3 en el cromosoma 16q24.",,0.964451314,0.9017160686427457,0.9967451382005337,0.9190310955646337,0.972972973,0.8233438485804416
,,,,http://purl.obolibrary.org/obo/DOID_0081019,A congenital fibrosis of the extraocular muscles that is characterized by congenital bilateral ptosis and limitation of the superior rectus and that has_material_basis_in a reciprocal translocation t(2;13)(q37.3;q12.11).,A congenital fibrosis of the extraocular muscles characterized by congenital bilateral ptosis and limitation of the superior rectus and which has_its_material_base_in a reciprocal translocation t(;2;13)(q37.3q12;.11).,0.9045454545454545,0.9045454545454545,,http://purl.obolibrary.org/obo/DOID_0081019,Una fibrosis congénita de los músculos extraoculares que se caracteriza por ptosis bilateral congénita y limitación del recto superior y que tiene_su_base_material_en una translocación recíproca t(;2;13)(q37.3q12;.11).,Una fibrosis congénita de los músculos extraoculares que se caracteriza por ptosis bilateral congénita y limitación del recto superior y que tiene base material en una translocación recíproca t(2;13)(q37.3;q12.11).,,0.9702517162471396,0.8584686774941995,0.9968553872956316,0.875355723,0.9705882352941176,0.7339449541284404
,,,,http://purl.obolibrary.org/obo/DOID_0081020,A congenital fibrosis of the extraocular muscles that has_material_basis_in homozygous or compound heterozygous mutation in the COL25A1 gene on chromosome 4q25.,A congenital fibrosis of the extraocular muscles that has_its_material_base_in homozygous or compound heterozygous mutation in the COL25A1 gene on chromosome 4q25.,0.9631901840490797,0.9631901840490797,,http://purl.obolibrary.org/obo/DOID_0081020,Una fibrosis congénita de los músculos extraoculares que tiene_su_base_material_en mutación homocigota o heterocigota compuesta en el gen COL25A1 del cromosoma 4q25.,Una fibrosis congénita de los músculos extraoculares que tiene una base material en una mutación homocigótica o heterocigótica compuesta en el gen COL25A1 en el cromosoma 4q25.,,0.9907120743034056,0.9526813880126183,0.999159078,0.9565579045742019,1,0.9056603773584906
,,,,http://purl.obolibrary.org/obo/DOID_0081021,"A congenital fibrosis of the extraocular muscles that is characterized by nonprogressive restrictive ophthalmoplegia with blepharoptosis of the right eye and postaxial oligodactyly/oligosyndactyly of the hands, with the right more severely affected than the left.","A congenital fibrosis of the extraocular muscles characterized by nonprogressive restrictive ophthalmoplegia with blepharoptosis of the right eye and postaxial oligodactyly/oligosyndactyly of the hands, with the right hand more severely affected than the left.",0.9505703422053232,0.9505703422053232,,http://purl.obolibrary.org/obo/DOID_0081021,"Una fibrosis congénita de los músculos extraoculares que se caracteriza por oftalmoplejía restrictiva no progresiva con blefaroptosis del ojo derecho y oligodactilia/oligosindactilia postaxial de las manos, con la derecha más gravemente afectada que la izquierda.","Fibrosis congénita de los músculos extraoculares que se caracteriza por oftalmoplejía restrictiva no progresiva con blefaroptosis del ojo derecho y oligodactilia/oligosindactilia postaxial de las manos, con la derecha más gravemente afectada que la izquierda.",,0.9866156787762906,0.9632495164410058,0.9992083274750535,0.9736486479992115,1,0.9347826086956522
,,,,http://purl.obolibrary.org/obo/DOID_0081169,A Leber congenital amaurosis that has_material_basis_in mutation in the USP45 gene on chromosome 6q16.,A congenital Leber amaurosis that has_its_base_material_mutation in the USP45 gene on chromosome 6q16.,0.7352941176470589,0.7352941176470589,,http://purl.obolibrary.org/obo/DOID_0081169,Una amaurosis congénita de Leber que tiene_su_base_material_en mutación en el gen USP45 en el cromosoma 6q16.,Una amaurosis congénita de Leber que tiene una mutación en el gen USP45 en el cromosoma 6q16.,,0.9705882352941176,0.8181818181818181,0.9953562422022658,0.8181818181818182,1,0.6923076923076923
,,,,http://purl.obolibrary.org/obo/DOID_14791,"A retinal disease that is characterized by nystagmus, sluggish or no pupillary responses, and severe vision loss or blindness.","A retinal disease characterized by nystagmus, slow or absent pupillary response, and severe vision loss or blindness.",0.8412698412698413,0.8412698412698413,,http://purl.obolibrary.org/obo/DOID_14791,"Enfermedad de la retina que se caracteriza por nistagmo, lentitud o ausencia de respuesta pupilar y pérdida grave de visión o ceguera.","Una enfermedad de la retina que se caracteriza por nistagmo, respuestas pupilares lentas o nulas y pérdida grave de la visión o ceguera.",,0.9382716049382716,0.8016877637130801,0.991135184,0.8055411545812777,0.96,0.6666666666666666
,,,,http://purl.obolibrary.org/obo/DOID_0081266,"A lissencephaly that is characterized by progressive microcephaly associated with abnormal facial features, hypotonia, and variable global developmental delay with impaired intellectual development and that has_material_basis_in homozygous or compound heterozygous mutation in the TUBGCP2 gene on chromosome 10q26.","A lissencephaly that is characterized by progressive microcephaly associated with abnormal facial features, hypotonia and a variable global developmental delay with alterations in intellectual development and that has_its_material_base_in a homozygous or compound heterozygous mutation in the TUBGCP2 gene on chromosome 10q26.",0.9294478527607362,0.9294478527607362,,http://purl.obolibrary.org/obo/DOID_0081266,"Una lisencefalia que se caracteriza por una microcefalia progresiva asociada a rasgos faciales anormales, hipotonía y un retraso del desarrollo global variable con alteraciones del desarrollo intelectual y que tiene_su_base_material_en una mutación homocigota o heterocigota compuesta en el gen TUBGCP2 del cromosoma 10q26.","Una lisencefalia que se caracteriza por microcefalia progresiva asociada con rasgos faciales anormales, hipotonía y retraso global variable en el desarrollo con deterioro del desarrollo intelectual y que tiene base material en una mutación homocigótica o heterocigótica compuesta en el gen TUBGCP2 en el cromosoma 10q26.",,0.96875,0.9022082018927444,0.9983952075579425,0.9212811620614203,1,0.8161290322580645
,,,,http://purl.obolibrary.org/obo/DOID_0081335,A myotonia congenita that is characterized by muscle stiffness and an inability of the muscle to relax after voluntary contraction and that has_material_basis_in homozygous or compound heterozygous mutation in the gene encoding skeletal muscle chloride channel-1 (CLCN1) on chromosome 7q34.,A congenital myotonia that is characterized by muscle rigidity and inability of the muscle to relax after a voluntary contraction and that has_its_material_base_in a homozygous or compound heterozygous mutation in the gene that encodes the skeletal muscle chloride channel-1 (CLCN1) on chromosome 7q34.,0.8509933774834437,0.8509933774834437,,http://purl.obolibrary.org/obo/DOID_0081335,Una miotonía congénita que se caracteriza por rigidez muscular e incapacidad del músculo para relajarse tras una contracción voluntaria y que tiene_su_base_material_en mutación homocigota o heterocigota compuesta en el gen que codifica el canal de cloruro-1 del músculo esquelético (CLCN1) en el cromosoma 7q34.,Una miotonía congénita que se caracteriza por rigidez muscular y una incapacidad del músculo para relajarse después de una contracción voluntaria y que tiene una base material en una mutación homocigótica o heterocigótica compuesta en el gen que codifica el canal 1 de cloruro del músculo esquelético (CLCN1) en el cromosoma 7q34.,,0.956081081,0.8430034129692833,0.9959410232530186,0.8783457711621916,1,0.7242524916943521
,,,,http://purl.obolibrary.org/obo/DOID_2106,A muscle tissue disease that is characterised by slow muscle relaxation associated with hyperexcitation of the muscle fibres.,Disease of muscle tissue characterized by slow muscle relaxation associated with hyperexcitation of muscle fibers.,0.76,0.76,,http://purl.obolibrary.org/obo/DOID_2106,Enfermedad del tejido muscular que se caracteriza por una relajación muscular lenta asociada a una hiperexcitación de las fibras musculares.,Una enfermedad del tejido muscular que se caracteriza por una relajación muscular lenta asociada con una hiperexcitación de las fibras musculares.,,0.9205020920502092,0.7982832618025751,0.9908568977110169,0.8361209270689958,0.88,0.6451612903225806
,,,,http://purl.obolibrary.org/obo/DOID_0081336,A myotonia congenita that is characterized by muscle stiffness and an inability of the muscle to relax after voluntary contraction and that has_material_basis_in heterozygous mutation in the gene encoding skeletal muscle chloride channel-1 (CLCN1) on chromosome 7q34.,A congenital myotonia that is characterized by muscle rigidity and inability of the muscle to relax after a voluntary contraction and that has_its_material_base_in a heterozygous mutation in the gene that encodes skeletal muscle chloride channel-1 (CLCN1) on chromosome 7q34.,0.8472727272727273,0.8472727272727273,,http://purl.obolibrary.org/obo/DOID_0081336,Una miotonía congénita que se caracteriza por rigidez muscular e incapacidad del músculo para relajarse tras una contracción voluntaria y que tiene_su_base_material_en mutación heterocigota en el gen que codifica el canal-1 de cloruro del músculo esquelético (CLCN1) en el cromosoma 7q34.,Una miotonía congénita que se caracteriza por rigidez muscular y una incapacidad del músculo para relajarse después de una contracción voluntaria y que tiene una mutación heterocigótica en el gen que codifica el canal 1 de cloruro del músculo esquelético (CLCN1) en el cromosoma 7q34.,,0.959409594,0.835820896,0.9962831000174633,0.8696023893684335,1,0.7117437722419929
,,,,http://purl.obolibrary.org/obo/DOID_0090101,"A glycogen storage disease characterized by glycogenosis confined to the heart, hypoglycemia and cyanosis, and has_material_basis_in autosomal dominant inheritance of heterozygous mutation in the gene encoding the noncatalytic gamma-2 subunit of AMP-activated protein kinase (PRKAG2) on chromosome 7q36.","A glycogen storage disease characterized by glycogenosis confined to the heart, hypoglycemia, and cyanosis, and has its material basis in the autosomal dominant inheritance of the heterozygous mutation in the gene encoding the noncatalytic gamma-2 subunit of AMP-activated protein kinase (PRKAG2) in chromosome 7q36.",0.9462025316455697,0.9462025316455697,,http://purl.obolibrary.org/obo/DOID_0090101,"Una enfermedad por almacenamiento de glucógeno caracterizada por glucogenosis confinada al corazón, hipoglucemia y cianosis, y tiene_su_base_material_en la herencia autosómica dominante de la mutación heterocigótica en el gen que codifica la subunidad gamma-2 no catalítica de la proteína cinasa activada por AMP (PRKAG2) en el cromosoma 7q36.","Una enfermedad por almacenamiento de glucógeno caracterizada por glucogenosis confinada al corazón, hipoglucemia y cianosis, y tiene herencia autosómica dominante de mutación heterocigótica en el gen que codifica la subunidad gamma-2 no catalítica de la proteína quinasa activada por AMP (PRKAG2) en el cromosoma 7q36.",,0.9660743134087237,0.9037520391517129,0.9965805060262467,0.9158463831317606,0.975,0.8459016393442623
,,,,http://purl.obolibrary.org/obo/DOID_0090118,"A thrombocytopenia that is characterized by a severe reduction in megakaryocyte and platelet numbers, and has_material_basis_in autosomal recessive inheritance of homozygous or compound heterozygous mutation in the myeloproliferative leukemia virus oncogene (MPL) on chromosome 1p34.","A thrombocytopenia that is characterized by a severe reduction in the number of megakaryocytes and platelets, and has its material basis in the autosomal recessive inheritance of the homozygous or compound heterozygous mutation in the oncogene of the myeloproliferative leukemia (MPL) virus on chromosome 1p34.",0.7677419354838709,0.7677419354838709,,http://purl.obolibrary.org/obo/DOID_0090118,"Una trombocitopenia que se caracteriza por una reducción grave del número de megacariocitos y plaquetas, y tiene_su_base_material_en la herencia autosómica recesiva de la mutación homocigota o heterocigota compuesta en el oncogén del virus de la leucemia mieloproliferativa (MPL) en el cromosoma 1p34.","Trombocitopenia que se caracteriza por una reducción grave del número de megacariocitos y plaquetas, y tiene una herencia autosómica recesiva de una mutación homocigótica o heterocigótica compuesta en el oncogén del virus de la leucemia mieloproliferativa (MPL) en el cromosoma 1p34.",,0.9443507588532883,0.8415672913117547,0.9930559980997241,0.8333325719155308,0.9714285714285714,0.7524752475247525
,,,,http://purl.obolibrary.org/obo/DOID_0090124,"An arthrogryposis multiplex congenita that is characterized by congenital contractures at the elbows and knees, myopathy, absence of muscle spindles, congenital heart disease and spinal motor neuron depletion, and has_material_basis_in autosomal recessive inheritance of homozygous mutation in the endoplasmic reticulum-golgi intermediate compartment protein 1 gene (ERGIC1) on chromosome region 5q35.","A congenital arthrogryposis multiplex that is characterized by congenital contractures in the elbows and knees, myopathy, absence of muscle spindles, congenital heart disease and spinal motor neuron depletion, and has its material basis in an autosomal recessive inheritance of a homozygous mutation in the compartment protein 1 gene. endoplasmic reticulum-Golgi intermediate (ERGIC1) at chromosomal region 5q35.",0.7718446601941747,0.7718446601941747,,http://purl.obolibrary.org/obo/DOID_0090124,"Una artrogriposis múltiple congénita que se caracteriza por contracturas congénitas en codos y rodillas, miopatía, ausencia de husos musculares, cardiopatía congénita y depleción de la neurona motora espinal, y tiene_su_base_material_en una herencia autosómica recesiva de mutación homocigota en el gen de la proteína 1 del compartimento intermedio del retículo endoplásmico-Golgi (ERGIC1) en la región cromosómica 5q35.","Una artrogriposis múltiple congénita que se caracteriza por contracturas congénitas en los codos y las rodillas, miopatía, ausencia de husos musculares, cardiopatía congénita y agotamiento de las neuronas motoras espinales, y tiene herencia autosómica recesiva de una mutación homocigótica en la proteína 1 del compartimento intermedio retículo endoplasmático-golgi. gen (ERGIC1) en la región cromosómica 5q35.",,0.971709717,0.8798017348203222,0.9976526279279979,0.9025631852975937,0.975609756,0.7935323383084577
,,,,http://purl.obolibrary.org/obo/DOID_0110005,A Leber congenital amaurosis that has_material_basis_in mutation in the NMNAT1 gene on chromosome 1p36.,A congenital Leber amaurosis that has_its_base_material_in mutation in the NMNAT1 gene on chromosome 1p36.,0.7641509433962264,0.7641509433962264,,http://purl.obolibrary.org/obo/DOID_0110005,Una amaurosis congénita de Leber que tiene_su_base_material_en mutación en el gen NMNAT1 en el cromosoma 1p36.,Una amaurosis congénita de Leber que tiene una mutación en el gen NMNAT1 en el cromosoma 1p36.,,0.9856459330143541,0.8472906403940886,0.9981850891743725,0.8473831792212921,1,0.7350427350427351
,,,,http://purl.obolibrary.org/obo/DOID_0110016,"A Leber congenital amaurosis that is characterized by night blindness, some transient improvement in vision, and eventual progressive visual loss and has_material_basis_in mutation in the RPE65 gene on chromosome 1.","A congenital Leber amaurosis that is characterized by night blindness, some transient improvement in vision and, finally, progressive visual loss and has_its_material_base_in mutation in the RPE65 gene on chromosome 1.",0.8715596330275229,0.8715596330275229,,http://purl.obolibrary.org/obo/DOID_0110016,"Una amaurosis congénita de Leber que se caracteriza por ceguera nocturna, cierta mejoría transitoria de la visión y, finalmente, pérdida visual progresiva y tiene_su_base_material_en mutación en el gen RPE65 del cromosoma 1.","Una amaurosis congénita de Leber que se caracteriza por ceguera nocturna, cierta mejora transitoria en la visión y eventual pérdida visual progresiva y tiene una mutación en el gen RPE65 en el cromosoma 1.",,0.9792147806004619,0.8665105386416861,0.9985428380105849,0.8774213837955793,0.9696969696969697,0.7662337662337663
,,,,http://purl.obolibrary.org/obo/DOID_0110078,"A Leber congenital amaurosis characterized by severe cone-rod dystrophy with photophobia, high hyperopia, and poor but stable vision with no visual improvement and that has_material_basis_in mutation in the GUCY2D gene on chromosome 17p13.","A congenital Leber amaurosis characterized by severe cone-rod dystrophy with photophobia, high hyperopia and poor but stable vision without visual improvement and which has a mutation in the GUCY2D gene on chromosome 17p13.",0.8451882845188284,0.8451882845188284,,http://purl.obolibrary.org/obo/DOID_0110078,"Una amaurosis congénita de Leber caracterizada por distrofia grave de conos y bastones con fotofobia, hipermetropía alta y visión deficiente pero estable sin mejoría visual y que tiene_su_base_material_en mutación en el gen GUCY2D en el cromosoma 17p13.","Una amaurosis congénita de Leber caracterizada por distrofia grave de conos y bastones con fotofobia, hipermetropía alta y visión deficiente pero estable sin mejoría visual y que tiene una mutación en el gen GUCY2D en el cromosoma 17p13.",,0.948051948,0.8464912280701754,0.9946690113413634,0.8580080912295551,0.972972973,0.7351778656126482
,,,,http://purl.obolibrary.org/obo/DOID_0110079,A Leber congenital amaurosis that is characterized by night blindness and thick unlaminated retinas and has_material_basis_in mutation in the CRB1 gene on chromosome 1q31-q32.,A congenital Leber amaurosis that is characterized by night blindness and thick non-laminated retinas and has a mutation in the CRB1 gene on chromosome 1q31-q32.,0.8171428571428572,0.8171428571428572,,http://purl.obolibrary.org/obo/DOID_0110079,Una amaurosis congénita de Leber que se caracteriza por ceguera nocturna y retinas gruesas no laminadas y tiene_su_base_material_en mutación en el gen CRB1 en el cromosoma 1q31-q32.,Una amaurosis congénita de Leber que se caracteriza por ceguera nocturna y retinas gruesas no laminadas y tiene una mutación en el gen CRB1 en el cromosoma 1q31-q32.,,0.9404761904761905,0.8545454545454545,0.9917579556976728,0.8619775836716073,0.96875,0.75
,,,,http://purl.obolibrary.org/obo/DOID_0110080,A Leber congenital amaurosis that has_material_basis_in mutation in the RD3 gene on chromosome 1q32.,A congenital Leber amaurosis that has_its_base_material_in mutation in the RD3 gene on chromosome 1q32.,0.7572815533980582,0.7572815533980582,,http://purl.obolibrary.org/obo/DOID_0110080,Una amaurosis congénita de Leber que tiene_su_base_material_en mutación en el gen RD3 en el cromosoma 1q32.,Una amaurosis congénita de Leber que tiene una mutación en el gen RD3 en el cromosoma 1q32.,,0.9852216748768473,0.8426395939086294,0.9981704387907108,0.8427373170609039,1,0.7280701754385965
,,,,http://purl.obolibrary.org/obo/DOID_0110106,An atrial heart septal defect type 1 associated with variation in the region 5p.,A type 1 atrial septal defect associated with a variation in the 5p region.,0.6625,0.6625,,http://purl.obolibrary.org/obo/DOID_0110106,Una comunicación interauricular tipo 1 asociada a una variación en la región 5p.,Una comunicación interauricular tipo 1 asociada con variación en la región 5p.,,0.967741935,0.7516778523489933,0.9962503678119814,0.7557794199669436,1,0.6086956521739131
,,,,http://purl.obolibrary.org/obo/DOID_1882,A heart septal defect located_in in the septum that separates the two atria of the heart.,Atrial septal defect located in the septum that separates the two atria of the heart.,0.9101123595505618,0.9101123595505618,,http://purl.obolibrary.org/obo/DOID_1882,Comunicación interauricular situada_en el tabique que separa las dos aurículas del corazón.,Un defecto del tabique cardíaco ubicado en el tabique que separa las dos aurículas del corazón.,,0.9655172413793104,0.8690476190476191,0.9968085034837213,0.9000299890040402,0.9523809523809523,0.7951807228915663
,,,,http://purl.obolibrary.org/obo/DOID_0110107,An atrial heart septal defect type 2 that has_material_basis_in heterozygous mutation in the GATA4 gene on chromosome 8p23.,A type 2 atrial septal defect that has_its_base_material_in a heterozygous mutation in the GATA4 gene on chromosome 8p23.,0.7479674796747968,0.7479674796747968,,http://purl.obolibrary.org/obo/DOID_0110107,Una comunicación interauricular tipo 2 que tiene_su_base_material_en una mutación heterocigota en el gen GATA4 del cromosoma 8p23.,Una comunicación interauricular tipo 2 que tiene una mutación heterocigótica en el gen GATA4 en el cromosoma 8p23.,,0.9836065573770492,0.8067226890756303,0.9980046273577933,0.8099450160114257,1,0.6737588652482269
,,,,http://purl.obolibrary.org/obo/DOID_0110108,An atrial heart septal defect type 3 that has_material_basis_in heterozygous mutation in the myosin heavy chain-6 gene (MYH6) on chromosome 14q12.,A type 3 atrial septal defect that has_its_base_material_in heterozygous mutation in the myosin-6 heavy chain gene (MYH6) on chromosome 14q12.,0.7671232876712328,0.7671232876712328,,http://purl.obolibrary.org/obo/DOID_0110108,Una comunicación interauricular tipo 3 que tiene_su_base_material_en mutación heterocigota en el gen de la cadena pesada de miosina-6 (MYH6) en el cromosoma 14q12.,Una comunicación interauricular tipo 3 que tiene una mutación heterocigótica en el gen de la cadena pesada de la miosina 6 (MYH6) en el cromosoma 14q12.,,0.9791666666666666,0.8156028368794326,0.9983019742642018,0.8224002166750722,1,0.6993865030674846
,,,,http://purl.obolibrary.org/obo/DOID_0110109,An atrial heart septal defect type 4 that has_material_basis_in mutation in the TBX20 gene.,A type 4 atrial septal defect that has_its_base_material_mutation in the TBX20 gene.,0.6373626373626373,0.6373626373626373,,http://purl.obolibrary.org/obo/DOID_0110109,Una comunicación interauricular tipo 4 que tiene_su_base_material_en mutación en el gen TBX20.,Una comunicación interauricular tipo 4 que tiene una mutación_material_basis_in en el gen TBX20.,,0.9485714285714286,0.7337278106508875,0.992314641,0.7404908101339982,1,0.5754716981132075
,,,,http://purl.obolibrary.org/obo/DOID_0110110,An atrial heart septal defect type 5 that has_material_basis_in heterozygous mutation in the ACTC1 gene on chromosome 15q14.,A type 5 atrial septal defect that has_its_base_material_in a heterozygous mutation in the ACTC1 gene on chromosome 15q14.,0.75,0.75,,http://purl.obolibrary.org/obo/DOID_0110110,Una comunicación interauricular tipo 5 que tiene_su_base_material_en una mutación heterocigota en el gen ACTC1 del cromosoma 15q14.,Una comunicación interauricular tipo 5 que tiene una mutación heterocigótica en el gen ACTC1 en el cromosoma 15q14.,,0.983739837,0.8083333333333333,0.998006613,0.8115026712006891,1,0.676056338
,,,,http://purl.obolibrary.org/obo/DOID_0110111,An atrial heart septal defect type 6 that has_material_basis_in heterozygous mutation in the TLL1 gene on chromosome 4q32.,A type 6 atrial septal defect that has_its_base_material_in a heterozygous mutation in the TLL1 gene on chromosome 4q32.,0.7459016393442623,0.7459016393442623,,http://purl.obolibrary.org/obo/DOID_0110111,Una comunicación interauricular tipo 6 que tiene_su_base_material_en una mutación heterocigota en el gen TLL1 del cromosoma 4q32.,Una comunicación interauricular tipo 6 que tiene una mutación heterocigótica en el gen TLL1 en el cromosoma 4q32.,,0.9834710743801653,0.8050847457627118,0.9979825182545764,0.8083614019248773,1,0.6714285714285714
,,,,http://purl.obolibrary.org/obo/DOID_0110112,An atrial heart septal defect that has_material_basis_in heterozygous mutation in the NKX2-5 gene on chromosome 5q35.,An atrial septal defect that has_its_material_base_in a heterozygous mutation in the NKX2-5 gene on chromosome 5q35.,0.8803418803418803,0.8803418803418803,,http://purl.obolibrary.org/obo/DOID_0110112,Una comunicación interauricular que tiene_su_base_material_en una mutación heterocigota en el gen NKX2-5 del cromosoma 5q35.,Una comunicación interauricular que tiene una mutación heterocigótica en el gen NKX2-5 en el cromosoma 5q35.,,0.9871244635193133,0.8634361233480177,0.998261466,0.8658089785895599,1,0.7578125
,,,,http://purl.obolibrary.org/obo/DOID_0110113,An atrial heart septal defect that has_material_basis_in heterozygous mutation in the CITED2 gene on chromosome 6q23.3.,An atrial septal defect that has_its_material_base_in a heterozygous mutation in the CITED2 gene on chromosome 6q23.3.,0.8823529411764706,0.8823529411764706,,http://purl.obolibrary.org/obo/DOID_0110113,Una comunicación interauricular que tiene_su_base_material_en una mutación heterocigota en el gen CITED2 del cromosoma 6q23.3.,Una comunicación interauricular que tiene una mutación heterocigótica en el gen CITED2 en el cromosoma 6q23.3.,,0.9873417721518988,0.8658008658008658,0.9982654857260798,0.868092966,1,0.7615384615384615
,,,,http://purl.obolibrary.org/obo/DOID_0110114,An atrial heart septal defect that has_material_basis_in heterozygous mutation in the GATA6 gene on chromosome 18q11.,An atrial septal defect that has_its_material_base_in a heterozygous mutation in the GATA6 gene on chromosome 18q11.,0.8803418803418803,0.8803418803418803,,http://purl.obolibrary.org/obo/DOID_0110114,Una comunicación interauricular que tiene_su_base_material_en una mutación heterocigota en el gen GATA6 del cromosoma 18q11.,Una comunicación interauricular que tiene una mutación heterocigótica en el gen GATA6 en el cromosoma 18q11.,,0.9871244635193133,0.8634361233480177,0.9982734695533209,0.8658089785895599,1,0.7578125
,,,,http://purl.obolibrary.org/obo/DOID_0110118,A Leber congenital amaurosis that has_material_basis_in mutation in the KCNJ13 gene on chromosome 2q37.,A Leber congenital amaurosis that has a mutation in the KCNJ13 gene on chromosome 2q37.,0.8349514563106796,0.8349514563106796,,http://purl.obolibrary.org/obo/DOID_0110118,Una amaurosis congénita de Leber que tiene_su_base_material_en mutación en el gen KCNJ13 en el cromosoma 2q37.,Una amaurosis congénita de Leber que tiene una mutación en el gen KCNJ13 en el cromosoma 2q37.,,0.9052631578947369,0.8586956521739131,0.9769020836957467,0.861960666,0.9655172413793104,0.7523809523809524
,,,,http://purl.obolibrary.org/obo/DOID_0110188,A Leber congenital amaurosis that has_material_basis_in mutation in the LRAT gene on chromosome 4q31.,A Leber congenital amaurosis that has_its_base_material_mutation in the LRAT gene on chromosome 4q31.,0.8514851485148515,0.8514851485148515,,http://purl.obolibrary.org/obo/DOID_0110188,Una amaurosis congénita de Leber que tiene_su_base_material_en mutación en el gen LRAT en el cromosoma 4q31.,Una amaurosis congénita de Leber que tiene una mutación en el gen LRAT en el cromosoma 4q31.,,0.9702970297029703,0.8673469387755102,0.9953634189315268,0.8673469387755102,1,0.7657657657657657
,,,,http://purl.obolibrary.org/obo/DOID_0110189,A Leber congenital amaurosis that has_material_basis_in mutation in the TULP1 gene on chromosome 6p21.3.,A Leber congenital amaurosis that has_its_base_material_in mutation in the TULP1 gene on chromosome 6p21.3.,0.8785046728971962,0.8785046728971962,,http://purl.obolibrary.org/obo/DOID_0110189,Una amaurosis congénita de Leber que tiene_su_base_material_en mutación en el gen TULP1 en el cromosoma 6p21.3.,Una amaurosis congénita de Leber que tiene una mutación en el gen TULP1 en el cromosoma 6p21.3.,,0.985781991,0.8975609756097561,0.998187165,0.8976571010886094,1,0.8141592920353983
,,,,http://purl.obolibrary.org/obo/DOID_0110213,"A cleft palate seen as an isolated malformation, distinct from cleft lip with or without cleft palate.","A cleft palate seen as an isolated malformation, distinct from a cleft lip with or without a cleft palate.",0.9622641509433962,0.9622641509433962,,http://purl.obolibrary.org/obo/DOID_0110213,"Un paladar hendido visto como una malformación aislada, distinta del labio leporino con o sin paladar hendido.","Un paladar hendido se ve como una malformación aislada, distinta del labio hendido con o sin paladar hendido.",,0.9807692307692307,0.9405940594059405,0.9973201672837566,0.9459284941118798,1,0.8863636363636364
,,,,http://purl.obolibrary.org/obo/DOID_0110214,A cleft palate that is characterized as a fissure type embryopathy that affects in varying degrees the soft palate.,Cleft palate is characterized by being a cleft-type embryopathy that affects the soft palate to varying degrees.,0.5304347826086957,0.5304347826086957,,http://purl.obolibrary.org/obo/DOID_0110214,Paladar hendido que se caracteriza por ser una embriopatía de tipo fisurado que afecta en diversos grados al paladar blando.,Un paladar hendido que se caracteriza como una embriopatía de tipo fisura que afecta en diversos grados al paladar blando.,,0.9074889867841409,0.7330316742081449,0.9853497611631372,0.7704805111420191,0.8461538461538461,0.5859375
,,,,http://purl.obolibrary.org/obo/DOID_0110215,"A Leber congenital amaurosis that is characterized by severe visual dysfunction, nystagmus, the oculodigital sign, and a normal fundus with onset in infancy and has_material_basis_in mutation in the LCA5 gene on chromosome 6q14.1.","A congenital Leber amaurosis that is characterized by severe visual dysfunction, nystagmus, the digital oculus sign and a normal ocular fundus with onset in childhood and has a mutation in the LCA5 gene on chromosome 6q14.1.",0.7521739130434782,0.7521739130434782,,http://purl.obolibrary.org/obo/DOID_0110215,"Una amaurosis congénita de Leber que se caracteriza por una disfunción visual grave, nistagmo, el signo óculo digital y un fondo de ojo normal con inicio en la infancia y tiene_su_base_material_en mutación en el gen LCA5 en el cromosoma 6q14.1.","Una amaurosis congénita de Leber que se caracteriza por disfunción visual grave, nistagmo, signo oculodigital y fondo de ojo normal, que comienza en la infancia y tiene una mutación en el gen LCA5 en el cromosoma 6q14.1.",,0.9295154185022027,0.7901785714285714,0.98989842,0.8016194331983805,0.9696969696969697,0.66015625
,,,,http://purl.obolibrary.org/obo/DOID_0110216,A Leber congenital amaurosis that has_material_basis_in mutation n the IMPDH1 gene on chromosome 7q31.3-q32.,A Leber congenital amaurosis that has_its_base_material_mutation in the IMPDH1 gene on chromosome 7q31.3-q32.,0.8532110091743119,0.8532110091743119,,http://purl.obolibrary.org/obo/DOID_0110216,Una amaurosis congénita de Leber que tiene_su_base_material_en mutación n el gen IMPDH1 en el cromosoma 7q31.3-q32.,Una amaurosis congénita de Leber que tiene una mutación en el gen IMPDH1 en el cromosoma 7q31.3-q32.,,0.9769585253456221,0.8436018957345972,0.996157097,0.8436113700962165,1,0.7295081967213115
,,,,http://purl.obolibrary.org/obo/DOID_0110217,A Leber congenital amaurosis that has_material_basis_in mutation in the GDF6 gene on chromosome 8q22.,A congenital Leber amaurosis that has_its_base_material_mutation in the GDF6 gene on chromosome 8q22.,0.7326732673267327,0.7326732673267327,,http://purl.obolibrary.org/obo/DOID_0110217,Una amaurosis congénita de Leber que tiene_su_base_material_en mutación en el gen GDF6 en el cromosoma 8q22.,Una amaurosis congénita de Leber que tiene una mutación en el gen GDF6 en el cromosoma 8q22.,,0.9702970297029703,0.8163265306122449,0.9953490432226039,0.8163265306122449,1,0.6896551724137931
,,,,http://purl.obolibrary.org/obo/DOID_0110291,A Leber congenital amaurosis that is characterized by severe infantile-onset cone-rod dystrophy with high hyperopia and severe ERG abnormalities and has_material_basis_in mutation in the CEP290 gene on chromosome 12q21.32.,A congenital Leber amaurosis characterized by severe infantile-onset cone-rod dystrophy with high hyperopia and severe ERG abnormalities and has a mutation in the CEP290 gene on chromosome 12q21.32.,0.8333333333333334,0.8333333333333334,,http://purl.obolibrary.org/obo/DOID_0110291,Una amaurosis congénita de Leber que se caracteriza por una distrofia de conos y bastones de inicio infantil grave con hipermetropía alta y anomalías ERG graves y tiene_su_base_material_en mutación en el gen CEP290 del cromosoma 12q21.32.,Una amaurosis congénita de Leber que se caracteriza por una distrofia de conos y bastones grave de inicio infantil con hipermetropía elevada y anomalías graves del ERG y tiene una mutación en el gen CEP290 en el cromosoma 12q21.32.,,0.9428571428571428,0.893719807,0.9937693752634997,0.9033082335465171,0.9743589743589743,0.8045454545454546
,,,,http://purl.obolibrary.org/obo/DOID_0110329,"A Leber congenital amaurosis that is characterized by early photophobia, hypermetropia less than +7 diopters, and visual acuity in the range of 20/400 to count fingers and has_material_basis_in mutation in the RPGRIP1 gene on chromosome 14q11.","A congenital Leber amaurosis that is characterized by early photophobia, hyperopia less than +7 diopters and visual acuity in the range of 20/400 until counting fingers and has a mutation in the RPGRIP1 gene on chromosome 14q11.",0.83127572,0.83127572,,http://purl.obolibrary.org/obo/DOID_0110329,"Una amaurosis congénita de Leber que se caracteriza por fotofobia precoz, hipermetropía inferior a +7 dioptrías y agudeza visual en el rango de 20/400 hasta contar los dedos y tiene_su_base_material_en mutación en el gen RPGRIP1 en el cromosoma 14q11.","Una amaurosis congénita de Leber que se caracteriza por fotofobia temprana, hipermetropía inferior a +7 dioptrías y agudeza visual en el rango de 20/400 para contar los dedos y tiene una mutación en el gen RPGRIP1 en el cromosoma 14q11.",,0.9511677282377919,0.843010753,0.9947758856491233,0.853997518,0.9743589743589743,0.7362204724409449
,,,,http://purl.obolibrary.org/obo/DOID_0110330,"A Leber congenital amaurosis thatis characterized by mild or absent hyperopia, transient improvement of visual acuity, and eventual macular atrophy with severe disease progression and has_material_basis_in mutation in the RDH12 gene on chromosome 14q23.3.","A congenital Leber amaurosis that is characterized by mild or absent hyperopia, transient improvement in visual acuity and final macular atrophy with severe disease progression and has_its_material_base_in the mutation of the RDH12 gene on chromosome 14q23.3.",0.8725868725868726,0.8725868725868726,,http://purl.obolibrary.org/obo/DOID_0110330,"Una amaurosis congénita de Leber que se caracteriza por hipermetropía leve o ausente, mejora transitoria de la agudeza visual y atrofia macular final con progresión grave de la enfermedad y tiene_su_base_material_en la mutación del gen RDH12 en el cromosoma 14q23.3.","Una amaurosis congénita de Leber que se caracteriza por hipermetropía leve o ausente, mejora transitoria de la agudeza visual y eventual atrofia macular con progresión grave de la enfermedad y tiene una mutación en el gen RDH12 en el cromosoma 14q23.3.",,0.980544747,0.8543307086614174,0.9988710515482582,0.8645210651189207,1,0.7535714285714286
,,,,http://purl.obolibrary.org/obo/DOID_0110331,A Leber congenital amaurosis that has_material_basis_in mutation in the SPATA7 gene on chromosome 14q31.,A Leber congenital amaurosis that has_its_base_material_mutation in the SPATA7 gene on chromosome 14q31.,0.8557692307692308,0.8557692307692308,,http://purl.obolibrary.org/obo/DOID_0110331,Una amaurosis congénita de Leber que tiene_su_base_material_en mutación en el gen SPATA7 en el cromosoma 14q31.,Una amaurosis congénita de Leber que tiene una mutación en el gen SPATA7 en el cromosoma 14q31.,,0.9711538461538461,0.8712871287128713,0.9954130415971223,0.8712871287128713,1,0.7719298245614035
,,,,http://purl.obolibrary.org/obo/DOID_0110332,"A Leber congenital amaurosis that is characterized by a relatively severe phenotype, with maculopathy and marked bone-spicule pigmentary retinopathy in most and keratoconus and cataract in a large subset and that has_material_basis_in mutation in the AIPL1 gene on chromosome 17p13.","A congenital Leber amaurosis that is characterized by a relatively severe phenotype, with maculopathy and marked osseous-spicular pigmentary retinopathy in the majority and keratoconus and cataract in a large subset and that has a mutation in the AIPL1 gene on chromosome 17p13.",0.8368794326241135,0.8368794326241135,,http://purl.obolibrary.org/obo/DOID_0110332,"Una amaurosis congénita de Leber que se caracteriza por un fenotipo relativamente grave, con maculopatía y retinopatía pigmentaria óseo-espicular marcada en la mayoría y queratocono y catarata en un gran subconjunto y que tiene_su_base_material_en mutación en el gen AIPL1 del cromosoma 17p13.","Una amaurosis congénita de Leber que se caracteriza por un fenotipo relativamente grave, con maculopatía y retinopatía pigmentaria de espícula ósea marcada en la mayoría y queratocono y cataratas en un subconjunto grande y que tiene una mutación en el gen AIPL1 en el cromosoma 17p13.",,0.9642857142857143,0.848375451,0.9967241457399528,0.8712613900791648,0.9428571428571428,0.7440273037542662
,,,,http://purl.obolibrary.org/obo/DOID_0110333,A Leber congenital amaurosis that has_material_basis_in mutation in the CRX gene on chromosome 19q13.,A Leber congenital amaurosis that has_its_base_material_in mutation in the CRX gene on chromosome 19q13.,0.875,0.875,,http://purl.obolibrary.org/obo/DOID_0110333,Una amaurosis congénita de Leber que tiene_su_base_material_en mutación en el gen CRX en el cromosoma 19q13.,Una amaurosis congénita de Leber que tiene una mutación en el gen CRX en el cromosoma 19q13.,,0.9853658536585366,0.8944723618090452,0.9981725448100474,0.8945740211570854,1,0.8090909090909091
,,,,http://purl.obolibrary.org/obo/DOID_0110632,A congenital muscular dystrophy characterized by autosomal recessive inheritance of early-onset muscle wasting and intellectual disability with enlarged mitochondria that are more prevalent towards the periphery of the fibers that has_material_basis_in homozygous or compound heterozygous mutation in the CHKB gene on chromosome 22q13.,Congenital muscular dystrophy characterized by autosomal recessive inheritance of early-onset muscle wasting and intellectual disability with enlarged mitochondria that are more prevalent toward the periphery of fibers that have a homozygous or compound heterozygous mutation in the CHKB gene on chromosome 22q13.,0.9253731343283582,0.9253731343283582,,http://purl.obolibrary.org/obo/DOID_0110632,Distrofia muscular congénita caracterizada por la herencia autosómica recesiva de desgaste muscular de aparición temprana y discapacidad intelectual con mitocondrias agrandadas que son más prevalentes hacia la periferia de las fibras que tiene_su_base_material_en mutación homocigota o heterocigota compuesta en el gen CHKB en el cromosoma 22q13.,Una distrofia muscular congénita caracterizada por una herencia autosómica recesiva de atrofia muscular de aparición temprana y discapacidad intelectual con mitocondrias agrandadas que son más prevalentes hacia la periferia de las fibras y que tiene una base material en una mutación homocigótica o heterocigótica compuesta en el gen CHKB en el cromosoma 22q13.,,0.9598765432098766,0.9252336448598131,0.9974492761784993,0.9334652898474605,0.9428571428571428,0.8654434250764526
,,,,http://purl.obolibrary.org/obo/DOID_0110633,"A congenital muscular dystrophy characterized by intrasarcoplasmic aggregates of desmin resulting in spinal rigidity, abnormal posture (limitation of neck and trunk flexure), progressive scoliosis of the spine, early marked cervico-axial muscle weakness with relatively preserved strength and function of the extremities and progressive respiratory insufficiency that has_material_basis_in homozygous or compound heterozygous mutation in the SEPN1 gene on chromosome 1p36.","Congenital muscular dystrophy characterized by intrasarcoplasmic aggregates of desmin causing spinal rigidity, abnormal posture (limitation of neck and trunk flexion), progressive scoliosis of the spine, early marked cervicoaxial muscle weakness with relatively preserved strength and function of the extremities and progressive respiratory failure that has_its_material_base_in a homozygous or compound heterozygous mutation in the SEPN1 gene on chromosome 1p36.",0.9279661016949152,0.9279661016949152,,http://purl.obolibrary.org/obo/DOID_0110633,"Distrofia muscular congénita caracterizada por agregados intrasarcoplásmicos de desmina que provocan rigidez espinal, postura anormal (limitación de la flexión del cuello y del tronco), escoliosis progresiva de la columna vertebral, debilidad muscular cervicoaxial marcada precozmente con fuerza y función relativamente preservadas de las extremidades e insuficiencia respiratoria progresiva que tiene_su_base_material_en una mutación homocigota o heterocigota compuesta en el gen SEPN1 del cromosoma 1p36.","Distrofia muscular congénita caracterizada por agregados intrasarcoplásmicos de desmina que producen rigidez de la columna, postura anormal (limitación de la flexión del cuello y del tronco), escoliosis progresiva de la columna, debilidad temprana marcada de los músculos cérvico-axiales con fuerza y ​​función relativamente conservadas de las extremidades y insuficiencia respiratoria que tiene base_material_en una mutación homocigótica o heterocigótica compuesta en el gen SEPN1 en el cromosoma 1p36.",,0.9775401069518717,0.8998923573735199,0.9988680585809517,0.9191188826786625,0.925,0.8077753779697624
,,,,http://purl.obolibrary.org/obo/DOID_0110634,"A congenital muscular dystrophy characterized by autosomal recessive inheritance of proximal muscle weakness, muscle hypertrophy, and early respiratory failure that has_material_basis_in variation in the chromosome region 1q42.","A congenital muscular dystrophy characterized by autosomal recessive inheritance of proximal muscle weakness, muscle hypertrophy and early respiratory failure that has_its_material_base_in the variation of the chromosomal region 1q42.",0.9358974358974359,0.9358974358974359,,http://purl.obolibrary.org/obo/DOID_0110634,"Una distrofia muscular congénita caracterizada por la herencia autosómica recesiva de debilidad muscular proximal, hipertrofia muscular e insuficiencia respiratoria precoz que tiene_su_base_material_en la variación de la región cromosómica 1q42.","Una distrofia muscular congénita caracterizada por herencia autosómica recesiva de debilidad muscular proximal, hipertrofia muscular e insuficiencia respiratoria temprana que tiene una variación en la región cromosómica 1q42.",,0.9718004338394794,0.9010989010989011,0.9982113582770501,0.91885313,1,0.84
,,,,http://purl.obolibrary.org/obo/DOID_0110635,A congenital muscular dystrophy characterized by autosomal recessive inheritance of muscular dystrophy with variable penetrance of intellectual disability and structural brain abnormalities that has_material_basis_in homozygous or compound heterozygous mutation in the FKRP gene on chromosome 19q13.3.,A congenital muscular dystrophy characterized by autosomal recessive inheritance of muscular dystrophy with variable penetrance of intellectual disability and structural abnormalities of the brain that has_its_material_base_in homozygous or compound heterozygous mutation in the FKRP gene on chromosome 19q13.3.,0.9196141479099679,0.9196141479099679,,http://purl.obolibrary.org/obo/DOID_0110635,Una distrofia muscular congénita caracterizada por la herencia autosómica recesiva de la distrofia muscular con penetrancia variable de la discapacidad intelectual y anomalías estructurales del cerebro que tiene_su_base_material_en mutación homocigota o heterocigota compuesta en el gen FKRP en el cromosoma 19q13.3.,Una distrofia muscular congénita caracterizada por una herencia autosómica recesiva de distrofia muscular con penetrancia variable de discapacidad intelectual y anomalías cerebrales estructurales que tiene base material en una mutación homocigótica o heterocigótica compuesta en el gen FKRP en el cromosoma 19q13.3.,,0.9836601307189542,0.9438943894389439,0.9992115494781594,0.9541071390532317,1,0.8986013986013986
,,,,http://purl.obolibrary.org/obo/DOID_0110636,A congenital muscular dystrophy characterized by autosomal recessive inheritance of muscle weakness that is apparent at birth or in the first 6 months of life and frequent development of periventricular white matter abnormalities that has_material_basis_in homozygous or compound heterozygous mutation in the LAMA2 gene on chromosome 6q22.,A congenital muscular dystrophy characterized by autosomal recessive inheritance of muscle weakness manifesting at birth or in the first 6 months of life and the frequent development of periventricular anomalies of the white matter that has its material basis in a homozygous or compound heterozygous mutation in the LAMA2 gene on the chromosome. 6q22.,0.8465909090909091,0.8465909090909091,,http://purl.obolibrary.org/obo/DOID_0110636,Una distrofia muscular congénita caracterizada por la herencia autosómica recesiva de debilidad muscular que se manifiesta al nacer o en los primeros 6 meses de vida y el desarrollo frecuente de anomalías periventriculares de la sustancia blanca que tiene_su_base_material_en mutación homocigota o heterocigota compuesta en el gen LAMA2 del cromosoma 6q22.,Una distrofia muscular congénita caracterizada por herencia autosómica recesiva de debilidad muscular que es evidente al nacer o en los primeros 6 meses de vida y desarrollo frecuente de anomalías de la sustancia blanca periventricular que tiene base material en una mutación homocigótica o heterocigótica compuesta en el gen LAMA2 en el cromosoma 6q22.,,0.9551374819102749,0.8175182481751825,0.996424249,0.8353154784041199,0.96875,0.7095890410958904
,,,,http://purl.obolibrary.org/obo/DOID_0110637,A congenital muscular dystrophy characterized by autosomal recessive inheritance of muscular dystrophy with mental retardation and structural brain abnormalities that has_material_basis_in homozygous or compound heterozygous mutation in the LARGE gene on chromosome 22q12.,A congenital muscular dystrophy characterized by autosomal recessive inheritance of muscular dystrophy with mental retardation and structural brain abnormalities that has its material basis in the homozygous or compound heterozygous mutation in the LARGE gene on chromosome 22q12.,0.9607142857142857,0.9607142857142857,,http://purl.obolibrary.org/obo/DOID_0110637,Una distrofia muscular congénita caracterizada por la herencia autosómica recesiva de la distrofia muscular con retraso mental y anomalías cerebrales estructurales que tiene_su_base_material_en la mutación homocigota o heterocigota compuesta en el gen LARGE en el cromosoma 22q12.,Una distrofia muscular congénita caracterizada por una herencia autosómica recesiva de distrofia muscular con retraso mental y anomalías cerebrales estructurales que tiene base material en una mutación homocigótica o heterocigótica compuesta en el gen LARGE del cromosoma 22q12.,,0.9746376811594203,0.9340659340659341,0.9971756327687026,0.9473149037482482,0.9696969696969697,0.8823529411764706
,,,,http://purl.obolibrary.org/obo/DOID_0110668,A congenital myasthenic syndrome characterized by autosomal recessive inheritance of a postsynaptic defect affecting endplate maintenance of the NMJ and development of limb-girdle weakness in the first decade of life that has_material_basis_in homozygous or compound heterozygous mutation in the DOK7 gene on chromosome 4p16.3.,Congenital myasthenic syndrome characterized by autosomal recessive inheritance of a postsynaptic defect affecting the maintenance of the NMJ endplate and the development of limb girdle weakness in the first decade of life that has_its_material_base_in homozygous or compound heterozygous mutation in the DOK7 gene on chromosome 4p16.3.,0.9107142857142857,0.9107142857142857,,http://purl.obolibrary.org/obo/DOID_0110668,Síndrome miasténico congénito caracterizado por la herencia autosómica recesiva de un defecto postsináptico que afecta al mantenimiento de la placa terminal de la NMJ y el desarrollo de debilidad de la cintura de las extremidades en la primera década de la vida que tiene_su_base_material_en mutación homocigota o heterocigota compuesta en el gen DOK7 del cromosoma 4p16.3.,Un síndrome miasténico congénito caracterizado por herencia autosómica recesiva de un defecto postsináptico que afecta el mantenimiento de la placa terminal de la UNM y el desarrollo de debilidad de las cinturas extremidades en la primera década de la vida que tiene base material en una mutación homocigótica o heterocigótica compuesta en el gen DOK7 en el cromosoma 4p16.3.,,0.9773755656108597,0.9254185692541856,0.9985940321374546,0.935778944,0.925,0.8606811145510835
,,,,http://purl.obolibrary.org/obo/DOID_0110639,A congenital muscular dystrophy characterized by autosomal recessive inheritance that has_material_basis_in compound heterozygous mutation in the ITGA7 gene on chromosome 12q13.,A congenital muscular dystrophy characterized by autosomal recessive inheritance that has_its_material_base_in a compound heterozygous mutation in the ITGA7 gene on chromosome 12q13.,0.9560439560439561,0.9560439560439561,,http://purl.obolibrary.org/obo/DOID_0110639,Una distrofia muscular congénita caracterizada por una herencia autosómica recesiva que tiene_su_base_material_en una mutación heterocigota compuesta en el gen ITGA7 del cromosoma 12q13.,Una distrofia muscular congénita caracterizada por una herencia autosómica recesiva que tiene una mutación heterocigótica compuesta en el gen ITGA7 en el cromosoma 12q13.,,0.9860724233983287,0.9405099150141643,0.9992754035877148,0.9419186051924221,1,0.8864864864864865
,,,,http://purl.obolibrary.org/obo/DOID_0110640,A congenital muscular dystrophy characterized by autosomal dominant inheritance that has_material_basis_in heterozygous mutation in the LMNA gene on chromosome 1q22.,A congenital muscular dystrophy characterized by autosomal dominant inheritance that has its material basis in a heterozygous mutation in the LMNA gene on chromosome 1q22.,0.9473684210526316,0.9473684210526316,,http://purl.obolibrary.org/obo/DOID_0110640,Una distrofia muscular congénita caracterizada por una herencia autosómica dominante que tiene_su_base_material_en una mutación heterocigota en el gen LMNA en el cromosoma 1q22.,Una distrofia muscular congénita caracterizada por una herencia autosómica dominante que tiene una mutación heterocigótica en el gen LMNA en el cromosoma 1q22.,,0.9642857142857143,0.896969697,0.992835133,0.9002492384428836,0.9655172413793104,0.8156424581005587
,,,,http://purl.obolibrary.org/obo/DOID_0110657,A congenital myasthenic syndrome characterized by autosomal recessive inheritance of prominent defects of both the pre- and postsynaptic regions and muscle weakness that has_material_basis_in homozygous or compound heterozygous mutation in the AGRN gene on chromosome 1p.,Congenital myasthenic syndrome characterized by autosomal recessive inheritance of prominent defects of the pre- and postsynaptic regions and muscle weakness that has its material basis in a homozygous or compound heterozygous mutation in the AGRN gene on chromosome 1p.,0.9372693726937269,0.9372693726937269,,http://purl.obolibrary.org/obo/DOID_0110657,Síndrome miasténico congénito caracterizado por la herencia autosómica recesiva de defectos prominentes de las regiones pre y postsináptica y debilidad muscular que tiene_su_base_material_en mutación homocigota o heterocigota compuesta en el gen AGRN del cromosoma 1p.,Un síndrome miasténico congénito caracterizado por herencia autosómica recesiva de defectos prominentes de las regiones pre y postsinápticas y debilidad muscular que tiene base material en una mutación homocigótica o heterocigótica compuesta en el gen AGRN en el cromosoma 1p.,,0.9722735674676525,0.9121495327102804,0.9974295743243136,0.9202050613911013,0.9393939393939394,0.8339350180505415
,,,,http://purl.obolibrary.org/obo/DOID_0110658,A congenital myasthenic syndrome characterized by onset of progressive fatigable proximal muscle weakness in childhood that has_material_basis_in compound heterozygous mutation in the ALG14 gene on chromosome 1p21.,A congenital myasthenic syndrome characterized by the onset of progressive Fatiguable proximal muscle weakness in childhood that has_its_material_base_in a compound heterozygous mutation in the ALG14 gene on chromosome 1p21.,0.9375,0.9375,,http://purl.obolibrary.org/obo/DOID_0110658,Un síndrome miasténico congénito caracterizado por la aparición de debilidad muscular proximal fatigable progresiva en la infancia que tiene_su_base_material_en mutación heterocigota compuesta en el gen ALG14 en el cromosoma 1p21.,Un síndrome miasténico congénito caracterizado por la aparición de debilidad muscular proximal fatigable progresiva en la infancia que tiene base material en una mutación heterocigótica compuesta en el gen ALG14 en el cromosoma 1p21.,,0.9726027397260274,0.8981481481481481,0.9982398064299272,0.9055847182944112,0.9705882352941176,0.8245614035087719
,,,,http://purl.obolibrary.org/obo/DOID_0110659,A congenital myasthenic syndrome characterized by autosomal dominant inheritance of presynaptic defects with onset of symptoms in early childhood that has_material_basis_in heterozygous mutation in the SYT2 gene on chromosome 1q32.,Congenital myasthenic syndrome characterized by autosomal dominant inheritance of presynaptic defects with onset of symptoms in early childhood that has_its_material_base_in heterozygous mutation in the SYT2 gene on chromosome 1q32.,0.9612068965517241,0.9612068965517241,,http://purl.obolibrary.org/obo/DOID_0110659,Síndrome miasténico congénito caracterizado por la herencia autosómica dominante de defectos presinápticos con inicio de los síntomas en la primera infancia que tiene_su_base_material_en mutación heterocigota en el gen SYT2 del cromosoma 1q32.,Un síndrome miasténico congénito caracterizado por herencia autosómica dominante de defectos presinápticos con inicio de síntomas en la primera infancia que tiene base material en una mutación heterocigótica en el gen SYT2 en el cromosoma 1q32.,,0.9848812095032398,0.9584245076586433,0.9989465422341749,0.9601698248813995,0.9393939393939394,0.9184549356223176
,,,,http://purl.obolibrary.org/obo/DOID_0110660,A congenital myasthenic syndrome characterized by autosomal recessive inheritance of onset of proximal muscle weakness in the first decade that generally responds well to acetylcholinesterase inhibitor treatment that has_material_basis_in homozygous or compound heterozygous mutation in the GFPT1 gene on chromosome 2p13.,Congenital myasthenic syndrome characterized by an autosomal recessive inheritance of onset of proximal muscle weakness in the first decade that generally responds well to treatment with acetylcholinesterase inhibitors that has_its_base_material_in homozygous or compound heterozygous mutation in the GFPT1 gene on chromosome 2p13.,0.8731117824773413,0.8731117824773413,,http://purl.obolibrary.org/obo/DOID_0110660,Síndrome miasténico congénito caracterizado por una herencia autosómica recesiva de aparición de debilidad muscular proximal en la primera década que generalmente responde bien al tratamiento con inhibidores de la acetilcolinesterasa que tiene_su_base_material_en mutación homocigota o heterocigota compuesta en el gen GFPT1 del cromosoma 2p13.,Un síndrome miasténico congénito caracterizado por herencia autosómica recesiva de aparición de debilidad muscular proximal en la primera década que generalmente responde bien al tratamiento con inhibidores de la acetilcolinesterasa que tiene base material en una mutación homocigótica o heterocigótica compuesta en el gen GFPT1 en el cromosoma 2p13.,,0.9785276073619632,0.9226006191950464,0.9993181583703012,0.9323349176450293,0.9444444444444444,0.8461538461538461
,,,,http://purl.obolibrary.org/obo/DOID_0110661,A congenital myasthenic syndrome characterized by autosomal recessive inheritance of severe hypotonia associated with episodic apnea that has_material_basis_in homozygous or compound heterozygous mutation in the SLC5A7 gene on chromosome 2q12.,Congenital myasthenic syndrome characterized by autosomal recessive inheritance of severe hypotonia associated with episodic apnea that has_its_material_base_in homozygous or compound heterozygous mutation in the SLC5A7 gene on chromosome 2q12.,0.9631147540983607,0.9631147540983607,,http://purl.obolibrary.org/obo/DOID_0110661,Síndrome miasténico congénito caracterizado por la herencia autosómica recesiva de hipotonía grave asociada a apnea episódica que tiene_su_base_material_en mutación homocigota o heterocigota compuesta en el gen SLC5A7 del cromosoma 2q12.,Un síndrome miasténico congénito caracterizado por herencia autosómica recesiva de hipotonía severa asociada con apnea episódica que tiene base material en una mutación homocigótica o heterocigótica compuesta en el gen SLC5A7 en el cromosoma 2q12.,,0.9856262833675564,0.9604989604989604,0.9990438183563667,0.9629647925205994,1,0.9214876033057852
,,,,http://purl.obolibrary.org/obo/DOID_0110662,A congenital myasthenic syndrome characterized by defects in postsynaptic neuromuscular junctions with early-onset progressive muscle weakness that has_material_basis_in mutation in the CHRNA1 gene on chromosome 2q.,A congenital myasthenic syndrome characterized by defects in the postsynaptic neuromuscular junctions with early-onset progressive muscle weakness that has_its_material_base_in mutation in the CHRNA1 gene on chromosome 2q.,0.954954955,0.954954955,,http://purl.obolibrary.org/obo/DOID_0110662,Un síndrome miasténico congénito caracterizado por defectos en las uniones neuromusculares postsinápticas con debilidad muscular progresiva de aparición temprana que tiene_su_base_material_en mutación en el gen CHRNA1 del cromosoma 2q.,Un síndrome miasténico congénito caracterizado por defectos en las uniones neuromusculares postsinápticas con debilidad muscular progresiva de inicio temprano que tiene una mutación en el gen CHRNA1 en el cromosoma 2q.,,0.9839816933638444,0.9466357308584686,0.9988250535166486,0.9503986995297367,1,0.9128440366972477
,,,,http://purl.obolibrary.org/obo/DOID_0110663,A congenital myasthenic syndrome characterized by predominantly autosomal dominant inheritance of defects in postsynaptic neuromuscular junctions and early-onset progressive muscle weakness that has_material_basis_in mutation in the CHRNA1 gene on chromosome 2q.,Congenital myasthenic syndrome characterized by a predominantly autosomal dominant inheritance of defects in postsynaptic neuromuscular junctions and early-onset progressive muscle weakness that has_its_material_base_in mutation in the CHRNA1 gene on chromosome 2q.,0.9584905660377359,0.9584905660377359,,http://purl.obolibrary.org/obo/DOID_0110663,Síndrome miasténico congénito caracterizado por una herencia predominantemente autosómica dominante de defectos en las uniones neuromusculares postsinápticas y debilidad muscular progresiva de aparición temprana que tiene_su_base_material_en mutación en el gen CHRNA1 del cromosoma 2q.,Un síndrome miasténico congénito caracterizado por una herencia predominantemente autosómica dominante de defectos en las uniones neuromusculares postsinápticas y debilidad muscular progresiva de inicio temprano que tiene una mutación en el gen CHRNA1 en el cromosoma 2q.,,0.9867172675521821,0.9520153550863724,0.9992649674674601,0.9557656855694255,1,0.9045801526717557
,,,,http://purl.obolibrary.org/obo/DOID_0110664,"A congenital myasthenic syndrome characterized by autosomal recessive inheritance of postsynaptic neuromuscular junction defects, low amplitude of the miniature endplate potential and current, and early-onset muscle weakness that has_material_basis_in compound heterozygous mutation in the CHRND gene on chromosome 2q37.","A congenital myasthenic syndrome characterized by autosomal recessive inheritance of postsynaptic neuromuscular junction defects, low amplitude of miniature endplate potential and current, and early-onset muscle weakness that has its material basis in a compound heterozygous mutation in the CHRND gene on chromosome 2q37.",0.9596273291925466,0.9596273291925466,,http://purl.obolibrary.org/obo/DOID_0110664,"Un síndrome miasténico congénito caracterizado por la herencia autosómica recesiva de defectos de la unión neuromuscular postsináptica, baja amplitud del potencial y corriente de la placa terminal en miniatura y debilidad muscular de aparición temprana que tiene_su_base_material_en mutación heterocigota compuesta en el gen CHRND en el cromosoma 2q37.","Un síndrome miasténico congénito caracterizado por herencia autosómica recesiva de defectos de la unión neuromuscular postsináptica, baja amplitud del potencial y la corriente en miniatura de la placa terminal y debilidad muscular de inicio temprano que tiene base material en una mutación heterocigótica compuesta en el gen CHRND en el cromosoma 2q37.",,0.9813084112149533,0.9339622641509434,0.9980376299258099,0.9386005035844779,0.9743589743589743,0.8830769230769231
,,,,http://purl.obolibrary.org/obo/DOID_0110665,A congenital myasthenic syndrome characterized by autosomal recessive inheritance of postsynaptic neuromuscular junction defects resulting in rapid decay in endplate current and a failure to reach the threshold for depolarization and early onset progressive muscular weakness that has_material_basis_in homozygous or compound heterozygous mutation in the CHRND gene on chromosome 2q37.,Congenital myasthenic syndrome characterized by the autosomal recessive inheritance of postsynaptic defects of the neuromuscular junction that cause a rapid decay of endplate current and an inability to reach the depolarization threshold and early-onset progressive muscle weakness that has its material basis in a homozygous mutation or compound heterozygous in the CHRND gene on chromosome 2q37.,0.743073048,0.743073048,,http://purl.obolibrary.org/obo/DOID_0110665,Síndrome miasténico congénito caracterizado por la herencia autosómica recesiva de defectos postsinápticos de la unión neuromuscular que provocan un rápido decaimiento de la corriente de la placa terminal y una incapacidad para alcanzar el umbral de despolarización y debilidad muscular progresiva de aparición precoz que tiene_su_base_material_en una mutación homocigota o heterocigota compuesta en el gen CHRND del cromosoma 2q37.,Un síndrome miasténico congénito caracterizado por herencia autosómica recesiva de defectos de la unión neuromuscular postsináptica que resultan en una rápida disminución de la corriente de la placa terminal y una incapacidad para alcanzar el umbral de despolarización y una debilidad muscular progresiva de inicio temprano que tiene base material en una mutación homocigótica o heterocigótica compuesta en el gen CHRND en el cromosoma 2q37. .,,0.9514066496163683,0.7860824742268041,0.9953773290541912,0.8080979589473484,0.9210526315789473,0.6588785046728972
,,,,http://purl.obolibrary.org/obo/DOID_0110666,A congenital myasthenic syndrome characterized by autosomal dominant inheritance of postsynaptic neuromuscular junction defects resulting in prolonged synaptic currents and early-onset progressive muscle weakness that has_material_basis_in heterozygous mutation in the CHRND gene on chromosome 2q37.,A congenital myasthenic syndrome characterized by autosomal dominant inheritance of postsynaptic defects of the neuromuscular junction resulting in prolonged synaptic currents and early-onset progressive muscle weakness that has its material basis in a heterozygous mutation in the CHRND gene on chromosome 2q37.,0.8974358974358975,0.8974358974358975,,http://purl.obolibrary.org/obo/DOID_0110666,Un síndrome miasténico congénito caracterizado por la herencia autosómica dominante de defectos postsinápticos de la unión neuromuscular que dan lugar a corrientes sinápticas prolongadas y debilidad muscular progresiva de aparición temprana que tiene_su_base_material_en mutación heterocigota en el gen CHRND en el cromosoma 2q37.,Un síndrome miasténico congénito caracterizado por herencia autosómica dominante de defectos de la unión neuromuscular postsináptica que resultan en corrientes sinápticas prolongadas y debilidad muscular progresiva de inicio temprano que tiene base material en una mutación heterocigótica en el gen CHRND en el cromosoma 2q37.,,0.9689034369885434,0.912396694,0.9966791505059003,0.9224734117953701,0.9736842105263158,0.8414239482200647
,,,,http://purl.obolibrary.org/obo/DOID_0110667,A congenital myasthenic syndrome characterized by autosomal recessive inheritance of a defect within the synapse at the neuromuscular junction resulting in prolonged synaptic currents and action potentials that has_material_basis_in homozygous or compound heterozygous mutation in the COLQ gene on chromosome 3p25.,Congenital myasthenic syndrome characterized by the autosomal recessive inheritance of a defect in the synapse of the neuromuscular junction that causes synaptic currents and prolonged action potentials and that has_its_material_base_in a homozygous or compound heterozygous mutation in the COLQ gene on chromosome 3p25.,0.83125,0.83125,,http://purl.obolibrary.org/obo/DOID_0110667,Síndrome miasténico congénito caracterizado por la herencia autosómica recesiva de un defecto en la sinapsis de la unión neuromuscular que provoca corrientes sinápticas y potenciales de acción prolongados y que tiene_su_base_material_en una mutación homocigota o heterocigota compuesta en el gen COLQ del cromosoma 3p25.,Un síndrome miasténico congénito caracterizado por herencia autosómica recesiva de un defecto dentro de la sinapsis en la unión neuromuscular que resulta en corrientes sinápticas prolongadas y potenciales de acción que tiene base material en una mutación homocigótica o heterocigótica compuesta en el gen COLQ en el cromosoma 3p25.,,0.9621451104100947,0.8503184713375797,0.9973574985229738,0.8805327454236164,0.9411764705882353,0.7446153846153846
,,,,http://purl.obolibrary.org/obo/DOID_0110669,A congenital myasthenic syndrome characterized by autosomal recessive inheritance of slowly progressive development of limb-girdle muscle weakness with onset in early childhood that has_material_basis_in homozygous mutation in the ALG2 gene on chromosome 9q22.,Congenital myasthenic syndrome characterized by an autosomal recessive inheritance of slowly progressive development of muscle weakness in the girdles of the extremities with onset in early childhood that has_its_material_base_in a homozygous mutation in the ALG2 gene on chromosome 9q22.,0.8263888888888888,0.8263888888888888,,http://purl.obolibrary.org/obo/DOID_0110669,Síndrome miasténico congénito caracterizado por una herencia autosómica recesiva de desarrollo lentamente progresivo de debilidad muscular en las cinturas de las extremidades con inicio en la primera infancia que tiene_su_base_material_en una mutación homocigota en el gen ALG2 en el cromosoma 9q22.,Un síndrome miasténico congénito caracterizado por herencia autosómica recesiva de desarrollo lentamente progresivo de debilidad de los músculos de la cintura y las extremidades con inicio en la primera infancia y que tiene base material en una mutación homocigótica en el gen ALG2 en el cromosoma 9q22.,,0.9306569343065694,0.8597785977859779,0.9957028067442282,0.8703627267199497,0.9142857142857143,0.7671232876712328
,,,,http://purl.obolibrary.org/obo/DOID_0110670,"A congenital myasthenic syndrome characterized by autosomal recessive inheritance of defects in postsynaptic neuromuscular junctions, reduced miniature endplate potential amplitude, proximal muscle weakness and episodic respiratory insufficiency that has_material_basis_in homozygous or compound heterozygous mutation in the MUSK gene on chromosome 9q31.","Congenital myasthenic syndrome characterized by autosomal recessive inheritance of defects in postsynaptic neuromuscular junctions, reduced amplitude of the miniature endplate potential, proximal muscle weakness, and episodic respiratory failure that has its material basis in a homozygous or compound heterozygous mutation in the MUSK gene on chromosome 9q31.",0.8583333333333334,0.8583333333333334,,http://purl.obolibrary.org/obo/DOID_0110670,"Síndrome miasténico congénito caracterizado por la herencia autosómica recesiva de defectos en las uniones neuromusculares postsinápticas, amplitud reducida del potencial de la placa terminal en miniatura, debilidad muscular proximal e insuficiencia respiratoria episódica que tiene_su_base_material_en mutación homocigota o heterocigota compuesta en el gen MUSK del cromosoma 9q31.","Un síndrome miasténico congénito caracterizado por herencia autosómica recesiva de defectos en las uniones neuromusculares postsinápticas, amplitud potencial reducida en miniatura de la placa terminal, debilidad muscular proximal e insuficiencia respiratoria episódica que tiene base material en una mutación homocigótica o heterocigótica compuesta en el gen MUSK en el cromosoma 9q31.",,0.9607843137254902,0.8700564971751412,0.9959650155105509,0.8817977434343327,0.9230769230769231,0.7763157894736842
,,,,http://purl.obolibrary.org/obo/DOID_0110671,A congenital myasthenic syndrome characterized by autosomal recessive inheritance of a presynaptic defect resulting in onset of muscle weakeness in infancy or early childhood and a tendency to have sudden apneic episodes that has_material_basis_in homozygous or compound heterozygous mutation in the CHAT gene on chromosome 10q.,Congenital myasthenic syndrome characterized by the autosomal recessive inheritance of a presynaptic defect that causes the onset of muscle weakness in infancy or early childhood and a tendency to suffer sudden apneic episodes that has its material basis in a homozygous or compound heterozygous mutation in the CHAT gene on chromosome 10q.,0.8941176470588236,0.8941176470588236,,http://purl.obolibrary.org/obo/DOID_0110671,Síndrome miasténico congénito caracterizado por la herencia autosómica recesiva de un defecto presináptico que provoca la aparición de debilidad muscular en la infancia o la niñez temprana y una tendencia a sufrir episodios apneicos repentinos que tiene_su_base_material_en mutación homocigota o heterocigota compuesta en el gen CHAT del cromosoma 10q.,Un síndrome miasténico congénito caracterizado por herencia autosómica recesiva de un defecto presináptico que resulta en la aparición de debilidad muscular en la infancia o la niñez temprana y una tendencia a tener episodios repentinos de apnea que tiene base material en una mutación homocigótica o heterocigótica compuesta en el gen CHAT en el cromosoma 10q.,,0.9520958083832335,0.8489425981873112,0.9957336517914578,0.8620757327768571,0.9696969696969697,0.75
,,,,http://purl.obolibrary.org/obo/DOID_0110672,"A congenital myasthenic syndrome characterized by autosomal recessive inheritance of hypotonia, apneas, and feeding difficulties that has_material_basis_in homozygous or compound heterozygous mutation in the SLC18A3 gene on chromosome 10q11.","Congenital myasthenic syndrome characterized by autosomal recessive inheritance of hypotonia, apneas and feeding difficulties that has_its_material_base_in a homozygous or compound heterozygous mutation in the SLC18A3 gene on chromosome 10q11.",0.9506172839506173,0.9506172839506173,,http://purl.obolibrary.org/obo/DOID_0110672,"Síndrome miasténico congénito caracterizado por la herencia autosómica recesiva de hipotonía, apneas y dificultades de alimentación que tiene_su_base_material_en una mutación homocigota o heterocigota compuesta en el gen SLC18A3 del cromosoma 10q11.","Un síndrome miasténico congénito caracterizado por herencia autosómica recesiva de hipotonía, apneas y dificultades alimentarias que tiene base material en una mutación homocigótica o heterocigótica compuesta en el gen SLC18A3 en el cromosoma 10q11.",,0.9834710743801653,0.9330543933054394,0.9989218669951427,0.9372621089251243,1,0.8704453441295547
,,,,http://purl.obolibrary.org/obo/DOID_0110673,"A congenital myasthenic syndrome characterized by autosomal recessive inheritance of defects in the neuromuscular junction resulting in generalized muscle weakness, exercise intolerance, and respiratory insufficiency that has_material_basis_in homozygous mutation in the COL13A1 gene on chromosome 10q22.","Congenital myasthenic syndrome characterized by the autosomal recessive inheritance of defects in the neuromuscular junction that cause generalized muscle weakness, exercise intolerance and respiratory failure that has_its_material_base_in a homozygous mutation in the COL13A1 gene on chromosome 10q22.",0.875,0.875,,http://purl.obolibrary.org/obo/DOID_0110673,"Síndrome miasténico congénito caracterizado por la herencia autosómica recesiva de defectos en la unión neuromuscular que provocan debilidad muscular generalizada, intolerancia al ejercicio e insuficiencia respiratoria que tiene_su_base_material_en una mutación homocigota en el gen COL13A1 del cromosoma 10q22.","Un síndrome miasténico congénito caracterizado por herencia autosómica recesiva de defectos en la unión neuromuscular que resultan en debilidad muscular generalizada, intolerancia al ejercicio e insuficiencia respiratoria que tiene base material en una mutación homocigótica en el gen COL13A1 en el cromosoma 10q22.",,0.9504950495049505,0.8466666666666667,0.993172849,0.8675648608900065,1,0.740625
,,,,http://purl.obolibrary.org/obo/DOID_0110674,A congenital myasthenic syndrome that has_material_basis_in compound heterozygous mutation in the LRP4 gene on chromosome 11p11.,A congenital myasthenic syndrome that has_its_material_base_in a compound heterozygous mutation in the LRP4 gene on chromosome 11p11.,0.9398496240601504,0.9398496240601504,,http://purl.obolibrary.org/obo/DOID_0110674,Un síndrome miasténico congénito que tiene_su_base_material_en mutación heterocigota compuesta en el gen LRP4 en el cromosoma 11p11.,Un síndrome miasténico congénito que tiene una mutación heterocigótica compuesta en el gen LRP4 en el cromosoma 11p11.,,0.9808429118773946,0.9176470588235294,0.998633993,0.9190901998793138,1,0.8467153284671532
,,,,http://purl.obolibrary.org/obo/DOID_0110675,A congenital myasthenic syndrome characterized by autosomal recessive inheritance of low amplitude of the miniature endplate potential and current resulting from deficiency of Acetylcholine Receptor (AChR) at the endplate that has_material_basis_in homozygous or compound heterozygous mutation in the RAPSN gene on chromosome 11p11.,Congenital myasthenic syndrome characterized by autosomal recessive inheritance of low amplitude of the miniature and current endplate potential resulting from acetylcholine receptor (AChR) deficiency in the endplate that has a homozygous or compound heterozygous mutation in the RAPSN gene in the chromosome 11p11.,0.7680722891566265,0.7680722891566265,,http://purl.obolibrary.org/obo/DOID_0110675,Síndrome miasténico congénito caracterizado por la herencia autosómica recesiva de baja amplitud del potencial de la placa terminal en miniatura y corriente resultante de la deficiencia del receptor de acetilcolina (AChR) en la placa terminal que tiene_su_base_material_en mutación homocigota o heterocigota compuesta en el gen RAPSN en el cromosoma 11p11.,Un síndrome miasténico congénito caracterizado por herencia autosómica recesiva de baja amplitud del potencial y la corriente en miniatura de la placa terminal como resultado de una deficiencia del receptor de acetilcolina (AChR) en la placa terminal que tiene una mutación homocigótica o heterocigótica compuesta en el gen RAPSN en el cromosoma 11p11.,,0.9675425038639877,0.8611544461778471,0.9977490640354872,0.8782579347551789,0.9705882352941176,0.7804878048780488
,,,,http://purl.obolibrary.org/obo/DOID_0110676,"A congenital myasthenic syndrome characterized by autosomal recessive inheritance of proximal muscle weakness, decremental response to repeated nerve stimulation in EMG studies, and favorable response to acetylcholinesterase inhibitors that has_material_basis_in compound heterozygous mutation in the DPAGT1 gene on chromosome 11q23.","A congenital myasthenic syndrome characterized by autosomal recessive inheritance of proximal muscle weakness, decreased response to repeated nerve stimulation in EMG studies, and favorable response to acetylcholinesterase inhibitors that has a compound heterozygous mutation in the DPAGT1 gene on chromosome 11q23.",0.9309309309309309,0.9309309309309309,,http://purl.obolibrary.org/obo/DOID_0110676,"Un síndrome miasténico congénito caracterizado por la herencia autosómica recesiva de debilidad muscular proximal, respuesta decremental a la estimulación nerviosa repetida en estudios EMG y respuesta favorable a los inhibidores de la acetilcolinesterasa que tiene_su_base_material_en mutación heterocigota compuesta en el gen DPAGT1 del cromosoma 11q23.","Un síndrome miasténico congénito caracterizado por herencia autosómica recesiva de debilidad muscular proximal, respuesta decremental a la estimulación nerviosa repetida en estudios EMG y respuesta favorable a los inhibidores de la acetilcolinesterasa que tiene base material en una mutación heterocigótica compuesta en el gen DPAGT1 en el cromosoma 11q23.",,0.9660493827160493,0.9345794392523364,0.9974650656674555,0.943675247,0.9743589743589743,0.879746835
,,,,http://purl.obolibrary.org/obo/DOID_0110677,"A congenital myasthenic syndrome characterized by autosomal recessive inheritance of postsynaptic neuromuscular junction defects, early-onset progressive muscle weakness, and kinetic abnormalities of the AChR channel that has_material_basis_in homozygous or compound heterozygous mutation in the CHRNE gene on chromosome 17p13.","A congenital myasthenic syndrome characterized by autosomal recessive inheritance of postsynaptic defects of the neuromuscular junction, early-onset progressive muscle weakness, and AChR channel kinetic abnormalities that have a homozygous or compound heterozygous mutation in the CHRNE gene on chromosome 17p13.",0.7767584097859327,0.7767584097859327,,http://purl.obolibrary.org/obo/DOID_0110677,"Un síndrome miasténico congénito caracterizado por la herencia autosómica recesiva de defectos postsinápticos de la unión neuromuscular, debilidad muscular progresiva de aparición temprana y anomalías cinéticas del canal AChR que tiene_su_base_material_en mutación homocigota o heterocigota compuesta en el gen CHRNE del cromosoma 17p13.","Un síndrome miasténico congénito caracterizado por herencia autosómica recesiva de defectos de la unión neuromuscular postsináptica, debilidad muscular progresiva de inicio temprano y anomalías cinéticas del canal AChR que tiene base material en una mutación homocigótica o heterocigótica compuesta en el gen CHRNE en el cromosoma 17p13.",,0.9702660406885759,0.9067930489731437,0.9973052217040297,0.9171135744762547,0.9736842105263158,0.8251533742331288
,,,,http://purl.obolibrary.org/obo/DOID_0110678,"A congenital myasthenic syndrome characterized by postsynaptic neuromuscular junction defects, early-onset progressive muscle weakness, and prolonged opening and activity of the acetylcholine receptor channel that has_material_basis_in heterozygous or rarely biallelic mutation in the CHRNE gene on chromosome 17p13.","Congenital myasthenic syndrome characterized by postsynaptic defects of the neuromuscular junction, early-onset progressive muscle weakness and prolonged opening and activity of the acetylcholine receptor channel that has_its_base_material_in heterozygous or rarely biallelic mutation in the CHRNE gene on chromosome 17p13.",0.8761609907120743,0.8761609907120743,,http://purl.obolibrary.org/obo/DOID_0110678,"Síndrome miasténico congénito caracterizado por defectos postsinápticos de la unión neuromuscular, debilidad muscular progresiva de aparición temprana y apertura y actividad prolongadas del canal receptor de acetilcolina que tiene_su_base_material_en mutación heterocigótica o raramente bialélica en el gen CHRNE del cromosoma 17p13.","Un síndrome miasténico congénito caracterizado por defectos de la unión neuromuscular postsináptica, debilidad muscular progresiva de inicio temprano y apertura y actividad prolongadas del canal del receptor de acetilcolina que tiene base material en una mutación heterocigótica o raramente bialélica en el gen CHRNE en el cromosoma 17p13.",,0.9796557120500783,0.9131121642969984,0.9989863335949322,0.9209811334248724,0.9736842105263158,0.8501529051987767
,,,,http://purl.obolibrary.org/obo/DOID_0110679,"A congenital myasthenic syndrome characterized by autosomal recessive inheritance of postsynaptic neuromuscular junction defects, early-onset muscle weakness, and low amplitude of the miniature endplate potential and current that has_material_basis_in homozygous or compound heterozygous mutation in the CHRNE gene on chromosome 17p13.","Congenital myasthenic syndrome characterized by the autosomal recessive inheritance of postsynaptic defects of the neuromuscular junction, early onset muscle weakness and low amplitude of the potential and miniature current of the end plate that has_its_base_material_in homozygous or compound heterozygous mutation in the CHRNE gene on chromosome 17p13.",0.7768361581920904,0.7768361581920904,,http://purl.obolibrary.org/obo/DOID_0110679,"Síndrome miasténico congénito caracterizado por la herencia autosómica recesiva de defectos postsinápticos de la unión neuromuscular, debilidad muscular de aparición precoz y baja amplitud del potencial y corriente miniatura de la placa terminal que tiene_su_base_material_en mutación homocigota o heterocigota compuesta en el gen CHRNE del cromosoma 17p13.","Un síndrome miasténico congénito caracterizado por herencia autosómica recesiva de defectos de la unión neuromuscular postsináptica, debilidad muscular de aparición temprana y baja amplitud del potencial y la corriente en miniatura de la placa terminal que tiene base material en una mutación homocigótica o heterocigótica compuesta en el gen CHRNE en el cromosoma 17p13.",,0.9608127721335269,0.8521229868228404,0.996934429,0.8562460975253569,0.9473684210526315,0.7575757575757576
,,,,http://purl.obolibrary.org/obo/DOID_0110680,"A congenital myasthenic syndrome characterized by autosomal recessive inheritance of postsynaptic neuromuscular junction defects, early-onset muscle weakness, and low amplitude of the miniature endplate potential and current that has_material_basis_in compound heterozygous mutation in the CHRNB1 gene on chromosome 17p13.","Congenital myasthenic syndrome characterized by autosomal recessive inheritance of postsynaptic defects of the neuromuscular junction, early onset muscle weakness and low amplitude of the potential and miniature current of the end plate that has_its_base_material_in compound heterozygous mutation in the CHRNB1 gene on chromosome 17p13.",0.7774480712166172,0.7774480712166172,,http://purl.obolibrary.org/obo/DOID_0110680,"Síndrome miasténico congénito caracterizado por la herencia autosómica recesiva de defectos postsinápticos de la unión neuromuscular, debilidad muscular de aparición precoz y baja amplitud del potencial y corriente miniatura de la placa terminal que tiene_su_base_material_en mutación heterocigota compuesta en el gen CHRNB1 del cromosoma 17p13.","Un síndrome miasténico congénito caracterizado por herencia autosómica recesiva de defectos de la unión neuromuscular postsináptica, debilidad muscular de aparición temprana y baja amplitud del potencial y la corriente en miniatura de la placa terminal que tiene una mutación heterocigótica compuesta en el gen CHRNB1 en el cromosoma 17p13.",,0.9650986342943855,0.8575803981623278,0.9976068614982461,0.8633802045547184,0.9473684210526315,0.7663817663817664
,,,,http://purl.obolibrary.org/obo/DOID_0110681,"A congenital myasthenic syndrome characterized by autosomal dominant inheritance of postsynaptic neuromuscular junction defects, early-onset progressive muscle weakness, and prolonged opening and activity of the acetylcholine receptor channel that has_material_basis_in heterozygous mutation in the CHRNB1 gene on chromosome 17p13.","A congenital myasthenic syndrome characterized by autosomal dominant inheritance of postsynaptic defects of the neuromuscular junction, early-onset progressive muscle weakness, and prolonged acetylcholine receptor channel opening and activity that has a heterozygous mutation in the CHRNB1 gene on chromosome 17p13.",0.7673716012084593,0.7673716012084593,,http://purl.obolibrary.org/obo/DOID_0110681,"Un síndrome miasténico congénito caracterizado por la herencia autosómica dominante de defectos postsinápticos de la unión neuromuscular, debilidad muscular progresiva de aparición temprana y apertura y actividad prolongadas del canal receptor de acetilcolina que tiene_su_base_material_en mutación heterocigota en el gen CHRNB1 del cromosoma 17p13.","Un síndrome miasténico congénito caracterizado por herencia autosómica dominante de defectos de la unión neuromuscular postsináptica, debilidad muscular progresiva de inicio temprano y apertura y actividad prolongadas del canal del receptor de acetilcolina que tiene base material en una mutación heterocigótica en el gen CHRNB1 en el cromosoma 17p13.",,0.9721362229102167,0.909375,0.9978734840385529,0.9167349119257076,0.9736842105263158,0.8353293413173652
,,,,http://purl.obolibrary.org/obo/DOID_0110682,A congenital myasthenic syndrome that has_material_basis_in heterozygous or homozygous mutation in the SCN4A gene on chromosome 17q23.,A congenital myasthenic syndrome that has_its_material_base_in a heterozygous or homozygous mutation in the SCN4A gene on chromosome 17q23.,0.9424460431654677,0.9424460431654677,,http://purl.obolibrary.org/obo/DOID_0110682,Un síndrome miasténico congénito que tiene_su_base_material_en una mutación heterocigota u homocigota en el gen SCN4A en el cromosoma 17q23.,Un síndrome miasténico congénito que tiene base material en una mutación heterocigótica u homocigótica en el gen SCN4A en el cromosoma 17q23.,,0.9816849816849816,0.9213483146067416,0.9987042033404521,0.9279720422146948,1,0.8478260869565217
,,,,http://purl.obolibrary.org/obo/DOID_0110683,"A congenital myasthenic syndrome characterized by autosomal dominant inheritance of presynaptic neuromuscular junction defects, early-onset muscle weakness, easy fatigability, delayed psychomotor development and ataxia that has_material_basis_in heterozygous mutation in the SNAP25 gene on chromosome 20p11.","Congenital myasthenic syndrome characterized by the autosomal dominant inheritance of presynaptic defects of the neuromuscular junction, early onset muscle weakness, easy fatigue, delayed psychomotor development and ataxia that has_its_material_base_in heterozygous mutation in the SNAP25 gene on chromosome 20p11.",0.8598726114649682,0.8598726114649682,,http://purl.obolibrary.org/obo/DOID_0110683,"Síndrome miasténico congénito caracterizado por la herencia autosómica dominante de defectos presinápticos de la unión neuromuscular, debilidad muscular de aparición precoz, fatigabilidad fácil, retraso del desarrollo psicomotor y ataxia que tiene_su_base_material_en mutación heterocigota en el gen SNAP25 del cromosoma 20p11.","Un síndrome miasténico congénito caracterizado por herencia autosómica dominante de defectos de la unión neuromuscular presináptica, debilidad muscular de aparición temprana, fatigabilidad fácil, retraso en el desarrollo psicomotor y ataxia que tiene base material en una mutación heterocigótica en el gen SNAP25 en el cromosoma 20p11.",,0.9597423510466989,0.8813008130081301,0.9966161398409387,0.8830962860555489,0.9487179487179487,0.8006042296072508
,,,,http://purl.obolibrary.org/obo/DOID_0110711,A hypotrichosis that has_material_basis_in a autosomal recessive mutation of the CDH3 gene on chromosome 16q22.1.,A hypotrichosis that has_its_material_base_in an autosomal recessive mutation of the CDH3 gene on chromosome 16q22.1.,0.9401709401709402,0.9401709401709402,,http://purl.obolibrary.org/obo/DOID_0110711,Una hipotricosis que tiene_su_base_material_en una mutación autosómica recesiva del gen CDH3 en el cromosoma 16q22.1.,Una hipotricosis que tiene base material en una mutación autosómica recesiva del gen CDH3 en el cromosoma 16q22.1.,,0.9826086956521739,0.9017857142857143,0.9979950200265226,0.9036478481673804,1,0.819672131
,,,,http://purl.obolibrary.org/obo/DOID_0110712,"A congenital stationary night blindness characterized by congenital static night blindness, a golden or gray-white discoloration of the fundus that disappears in the dark-adapted state and typically normal function of all other visual functions that has_material_basis_in homozygous or compound heterozygous mutation in the SAG gene on chromosome 2q37.","A congenital stationary night blindness characterized by congenital static night blindness, a golden or whitish-gray discoloration of the fundus that disappears in the dark-adapted state, and typically normal functioning of all other visual functions that has_its_material_base_in homozygous or heterozygous mutation composed in the SAG gene on chromosome 2q37.",0.8919667590027701,0.8919667590027701,,http://purl.obolibrary.org/obo/DOID_0110712,"Una ceguera nocturna estacionaria congénita caracterizada por ceguera nocturna estática congénita, una decoloración dorada o gris-blanquecina del fondo de ojo que desaparece en el estado de adaptación a la oscuridad y un funcionamiento típicamente normal de todas las demás funciones visuales que tiene_su_base_material_en mutación homocigota o heterocigota compuesta en el gen SAG del cromosoma 2q37.","Una ceguera nocturna estacionaria congénita caracterizada por ceguera nocturna estática congénita, una decoloración dorada o blanca grisácea del fondo de ojo que desaparece en el estado de adaptación a la oscuridad y una función típicamente normal de todas las demás funciones visuales que tiene base material en una mutación homocigota o heterocigota compuesta en el gen SAG. en el cromosoma 2q37.",,0.9845722300140253,0.8939179632248939,0.9992591956130442,0.9271176428172483,1,0.7795031055900621
,,,,http://purl.obolibrary.org/obo/DOID_0110713,"A congenital stationary night blindness characterized by congenital static night blindness, a golden or gray-white discoloration of the fundus that disappears in the dark-adapted state and typically normal function of all other visual functions that has_material_basis_in homozygous mutation in the GRK1 gene on chromosome 13q34.","A congenital stationary night blindness characterized by congenital static night blindness, a golden or whitish-gray discoloration of the fundus that disappears in the dark-adapted state, and typically normal functioning of all other visual functions that has its material basis in a homozygous mutation in the GRK1 gene on chromosome 13q34.",0.9296187683284457,0.9296187683284457,,http://purl.obolibrary.org/obo/DOID_0110713,"Una ceguera nocturna estacionaria congénita caracterizada por ceguera nocturna estática congénita, una decoloración dorada o gris-blanquecina del fondo de ojo que desaparece en el estado de adaptación a la oscuridad y un funcionamiento típicamente normal de todas las demás funciones visuales que tiene_su_base_material_en una mutación homocigota en el gen GRK1 del cromosoma 13q34.","Una ceguera nocturna estacionaria congénita caracterizada por ceguera nocturna estática congénita, una decoloración dorada o blanca grisácea del fondo de ojo que desaparece en el estado de adaptación a la oscuridad y una función típicamente normal de todas las demás funciones visuales que tiene base material en una mutación homocigota en el gen GRK1 en el cromosoma 13q34. .",,0.9701492537313433,0.8885542168674698,0.9980177239799237,0.9234449261252825,0.9722222222222222,0.7737704918032787
,,,,http://purl.obolibrary.org/obo/DOID_0110714,A congenital stationary night blindness characterized by autosomal recessive inheritance that has_material_basis_in homozygous mutation in the GNAT1 gene on chromosome 3p21.,A congenital stationary night blindness characterized by autosomal recessive inheritance that has its material basis in a homozygous mutation in the GNAT1 gene on chromosome 3p21.,0.94972067039106145,0.94972067039106145,,http://purl.obolibrary.org/obo/DOID_0110714,Una ceguera nocturna estacionaria congénita caracterizada por una herencia autosómica recesiva que tiene_su_base_material_en una mutación homocigota en el gen GNAT1 del cromosoma 3p21.,Una ceguera nocturna estacionaria congénita caracterizada por una herencia autosómica recesiva que tiene una mutación homocigota en el gen GNAT1 en el cromosoma 3p21.,,0.9659090909090909,0.9017341040462428,0.9937280760700405,0.9078232349993738,0.9666666666666667,0.8206521739130435
,,,,http://purl.obolibrary.org/obo/DOID_0110715,A congenital stationary night blindness characterized by autosomal dominant inheritance that has_material_basis_in heterozygous mutation in the GNAT1 gene on chromosome 3p21.,A congenital stationary night blindness characterized by an autosomal dominant inheritance that has its material basis in a heterozygous mutation in the GNAT1 gene on chromosome 3p21.,0.9344262295081968,0.9344262295081968,,http://purl.obolibrary.org/obo/DOID_0110715,Una ceguera nocturna estacionaria congénita caracterizada por una herencia autosómica dominante que tiene_su_base_material_en una mutación heterocigota en el gen GNAT1 en el cromosoma 3p21.,Una ceguera nocturna estacionaria congénita caracterizada por una herencia autosómica dominante que tiene una mutación heterocigótica en el gen GNAT1 en el cromosoma 3p21.,,0.957983193,0.8888888888888888,0.9928424153146885,0.8958319949452507,0.9655172413793104,0.798941799
,,,,http://purl.obolibrary.org/obo/DOID_0110862,A congenital stationary night blindness characterized by autosomal dominant inheritance that has_material_basis_in mutations in the RHO gene on chromosome 3q22.1.,A congenital stationary night blindness characterized by an autosomal dominant inheritance that has its material basis in mutations in the RHO gene on chromosome 3q22.1.,0.9408284023668639,0.9408284023668639,,http://purl.obolibrary.org/obo/DOID_0110862,Una ceguera nocturna estacionaria congénita caracterizada por una herencia autosómica dominante que tiene_su_base_material_en mutaciones en el gen RHO del cromosoma 3q22.1.,Una ceguera nocturna estacionaria congénita caracterizada por una herencia autosómica dominante que tiene mutaciones en el gen RHO en el cromosoma 3q22.1.,,0.9607250755287009,0.8984615384615384,0.9937618910737185,0.9058942062691455,0.9655172413793104,0.8197674418604651
,,,,http://purl.obolibrary.org/obo/DOID_0110863,A congenital stationary night blindness characterized by autosomal dominant inhertance that has_material_basis_in heterozygous mutation in the PDE6B gene on chromosome 4p16.,A congenital stationary night blindness characterized by an autosomal dominant inheritance that has its material basis in a heterozygous mutation in the PDE6B gene on chromosome 4p16.,0.9289617486338798,0.9289617486338798,,http://purl.obolibrary.org/obo/DOID_0110863,Una ceguera nocturna estacionaria congénita caracterizada por una herencia autosómica dominante que tiene_su_base_material_en una mutación heterocigota en el gen PDE6B del cromosoma 4p16.,Una ceguera nocturna estacionaria congénita caracterizada por una herencia autosómica dominante que tiene una mutación heterocigótica en el gen PDE6B en el cromosoma 4p16.,,0.9550561797752809,0.8685714285714285,0.9927507823994622,0.8768003964330681,0.9666666666666667,0.765625
,,,,http://purl.obolibrary.org/obo/DOID_0110864,A congenital stationary night blindness characterized by autosomal recessive inheritance that has_material_basis_in compound heterozygous mutation in the LRIT3 gene on chromosome 4q25.,A congenital stationary night blindness characterized by autosomal recessive inheritance that has its material basis in a compound heterozygous mutation in the LRIT3 gene on chromosome 4q25.,0.9526315789473684,0.9526315789473684,,http://purl.obolibrary.org/obo/DOID_0110864,Una ceguera nocturna estacionaria congénita caracterizada por una herencia autosómica recesiva que tiene_su_base_material_en una mutación heterocigota compuesta en el gen LRIT3 del cromosoma 4q25.,Una ceguera nocturna estacionaria congénita caracterizada por una herencia autosómica recesiva que tiene una mutación heterocigótica compuesta en el gen LRIT3 en el cromosoma 4q25.,,0.9679144385026738,0.907608696,0.994265191,0.9130126198413586,0.9696969696969697,0.8307692307692308
,,,,http://purl.obolibrary.org/obo/DOID_0110865,A congenital stationary night blindness characterized by autosomal recessive inheritance that has_material_basis_in mutation in the GRM6 gene on chromosome 5q35.,A congenital stationary night blindness characterized by autosomal recessive inheritance that has_its_base_material_mutation in the GRM6 gene on chromosome 5q35.,0.906832298,0.906832298,,http://purl.obolibrary.org/obo/DOID_0110865,Una ceguera nocturna estacionaria congénita caracterizada por una herencia autosómica recesiva que tiene_su_base_material_en mutación en el gen GRM6 del cromosoma 5q35.,Una ceguera nocturna estacionaria congénita caracterizada por una herencia autosómica recesiva que tiene una mutación en el gen GRM6 en el cromosoma 5q35.,,0.9813664596273292,0.9177215189873418,0.998215676,0.9226190476190477,1,0.8433734939759037
,,,,http://purl.obolibrary.org/obo/DOID_0110866,A congenital stationary night blindness characterized by autosomal recessive inheritance that has_material_basis_in homozygous or compound heterozygous mutation in the GNB3 gene on chromosome 12p13.,A congenital stationary night blindness characterized by autosomal recessive inheritance that has its material basis in a homozygous or compound heterozygous mutation in the GNB3 gene on chromosome 12p13.,0.9558823529411765,0.9558823529411765,,http://purl.obolibrary.org/obo/DOID_0110866,Una ceguera nocturna estacionaria congénita caracterizada por una herencia autosómica recesiva que tiene_su_base_material_en una mutación homocigota o heterocigota compuesta en el gen GNB3 del cromosoma 12p13.,Una ceguera nocturna estacionaria congénita caracterizada por una herencia autosómica recesiva que tiene una mutación homocigótica o heterocigótica compuesta en el gen GNB3 en el cromosoma 12p13.,,0.9701492537313433,0.9141414141414141,0.994976034,0.9225283218072213,0.9666666666666667,0.8382352941176471
,,,,http://purl.obolibrary.org/obo/DOID_0110867,A congenital stationary night blindness characterized by autosomal recessive that has_material_basis_in homozygous or compound heterozygous mutation in the TRPM1 gene on chromosome 15q13-q14.,A congenital stationary night blindness characterized by autosomal recessive having_its_base_material_in homozygous or compound heterozygous mutation in the TRPM1 gene on chromosome 15q13-q14.,0.9114583333333334,0.9114583333333334,,http://purl.obolibrary.org/obo/DOID_0110867,Una ceguera nocturna estacionaria congénita caracterizada por autosómica recesiva que tiene_su_base_material_en mutación homocigota o heterocigota compuesta en el gen TRPM1 en el cromosoma 15q13-q14.,Una ceguera nocturna estacionaria congénita caracterizada por una herencia autosómica recesiva que tiene una mutación homocigótica o heterocigótica compuesta en el gen TRPM1 en el cromosoma 15q13-q14.,,0.9712793733681462,0.9018567639257294,0.9973652495319859,0.9112736034910593,1,0.8121827411167513
,,,,http://purl.obolibrary.org/obo/DOID_0110868,A congenital stationary night blindness characterized by autosomal recessive inheritance that has_material_basis_in homozygous mutation in the SLC24A1 gene on chromosome 15q22.,A congenital stationary night blindness characterized by an autosomal recessive inheritance that has its material basis in a homozygous mutation in the SLC24A1 gene on chromosome 15q22.,0.9351351351351351,0.9351351351351351,,http://purl.obolibrary.org/obo/DOID_0110868,Una ceguera nocturna estacionaria congénita caracterizada por una herencia autosómica recesiva que tiene_su_base_material_en una mutación homocigota en el gen SLC24A1 del cromosoma 15q22.,Una ceguera nocturna estacionaria congénita caracterizada por una herencia autosómica recesiva que tiene una mutación homocigótica en el gen SLC24A1 en el cromosoma 15q22.,,0.9584487534626038,0.8901408450704226,0.9925873109059159,0.8969336028344795,0.967741935,0.8010471204188482
,,,,http://purl.obolibrary.org/obo/DOID_0110869,A congenital stationary night blindness characterized by autosomal recessive inheritance that has_material_basis_in homozygous or compound heterozygous mutation in the GPR179 gene on chromosome 17q12.,A congenital stationary night blindness characterized by autosomal recessive inheritance that has its material basis in a homozygous or compound heterozygous mutation in the GPR179 gene on chromosome 17q12.,0.9563106796116505,0.9563106796116505,,http://purl.obolibrary.org/obo/DOID_0110869,Una ceguera nocturna estacionaria congénita caracterizada por una herencia autosómica recesiva que tiene_su_base_material_en una mutación homocigota o heterocigota compuesta en el gen GPR179 del cromosoma 17q12.,Una ceguera nocturna estacionaria congénita caracterizada por una herencia autosómica recesiva que tiene una mutación homocigótica o heterocigótica compuesta en el gen GPR179 en el cromosoma 17q12.,,0.9704433497536946,0.915,0.9949801074247628,0.9232281572908978,0.96875,0.8398058252427184
,,,,http://purl.obolibrary.org/obo/DOID_0110870,A congenital stationary night blindness that has_material_basis_in mutation in the NYX gene on chromosome Xp11.4.,A congenital stationary night blindness that has_its_base_material_mutation in the NYX gene on chromosome Xp11.4.,0.8672566371681416,0.8672566371681416,,http://purl.obolibrary.org/obo/DOID_0110870,Una ceguera nocturna estacionaria congénita que tiene_su_base_material_en mutación en el gen NYX en el cromosoma Xp11.4.,Una ceguera nocturna estacionaria congénita que tiene una mutación en el gen NYX en el cromosoma Xp11.4.,,0.9734513274336283,0.8818181818181818,0.9964311225390008,0.8879310344827587,1,0.7833333333333333
,,,,http://purl.obolibrary.org/obo/DOID_0110871,A congenital stationary night blindness that has_material_basis_in mutation in the CACNA1F gene on chromosome Xp11.23.,A congenital stationary night blindness that has_its_base_material_mutation in the CACNA1F gene on chromosome Xp11.23.,0.8728813559322034,0.8728813559322034,,http://purl.obolibrary.org/obo/DOID_0110871,Una ceguera nocturna estacionaria congénita que tiene_su_base_material_en mutación en el gen CACNA1F en el cromosoma Xp11.23.,Una ceguera nocturna estacionaria congénita que tiene una mutación en el gen CACNA1F en el cromosoma Xp11.23.,,0.9745762711864406,0.8869565217391304,0.9964936576889578,0.8925619834710744,1,0.792
,,,,http://purl.obolibrary.org/obo/DOID_0110872,A holoprosencephaly that has_material_basis_in mutation in the homeobox-containing SIX3 gene on chromosome 2p21.,A holoprosencephaly that has_its_base_material_in mutation in the SIX3 gene that contains homeobox on chromosome 2p21.,0.6694915254237288,0.6694915254237288,,http://purl.obolibrary.org/obo/DOID_0110872,Una holoprosencefalia que tiene_su_base_material_en mutación en el gen SIX3 que contiene homeobox en el cromosoma 2p21.,Una holoprosencefalia que tiene una mutación en el gen SIX3 que contiene la homeobox en el cromosoma 2p21.,,0.9391304347826087,0.7678571428571428,0.9900753495023292,0.77496853986074965,0.9655172413793104,0.6370370370370371
,,,,http://purl.obolibrary.org/obo/DOID_4621,A congenital nervous system abnormality characterized by failed or incomplete separation of the forebrain early in gestation; it is accompanied by a spectrum of characteristic craniofacial anomalies.,Congenital anomaly of the nervous system characterized by failed or incomplete separation of the forebrain early in gestation; it is accompanied by a spectrum of characteristic craniofacial anomalies.,0.865,0.865,,http://purl.obolibrary.org/obo/DOID_4621,Anomalía congénita del sistema nervioso caracterizada por una separación fallida o incompleta del cerebro anterior al principio de la gestación ;que se acompaña de un espectro de anomalías craneofaciales características.,Una anomalía congénita del sistema nervioso caracterizada por una separación fallida o incompleta del prosencéfalo al principio de la gestación; se acompaña de un espectro de anomalías craneofaciales características.,,0.9724310776942355,0.9007633587786259,0.9980621539699489,0.9196411515515363,0.9230769230769231,0.8571428571428571
,,,,http://purl.obolibrary.org/obo/DOID_0110873,A holoprosencephaly that has_material_basis_in heterozygous mutation in the GLI2 gene on chromosome 2q14.,A holoprosencephaly that has_its_material_base_in a heterozygous mutation in the GLI2 gene on chromosome 2q14.,0.9272727272727272,0.9272727272727272,,http://purl.obolibrary.org/obo/DOID_0110873,Una holoprosencefalia que tiene_su_base_material_en una mutación heterocigota en el gen GLI2 del cromosoma 2q14.,Una holoprosencefalia que tiene base material en una mutación heterocigótica en el gen GLI2 en el cromosoma 2q14.,,0.9767441860465116,0.8995215311004785,0.9980985548638267,0.8997790537743927,1,0.8173913043478261
,,,,http://purl.obolibrary.org/obo/DOID_0110874,A holoprosencephaly that has_material_basis_in variation in the chromosome region 2q37.1-q37.3.,A holoprosencephaly that has_its_material_base_in the variation of the chromosomal region 2q37.1-q37.3.,0.8640776699029127,0.8640776699029127,,http://purl.obolibrary.org/obo/DOID_0110874,Una holoprosencefalia que tiene_su_base_material_en la variación de la región cromosómica 2q37.1-q37.3.,Una holoprosencefalia que tiene una variación en la base material en la región cromosómica 2q37.1-q37.3.,,0.9393939393939394,0.8020833333333334,0.9910258986982491,0.8151369838678256,0.9642857142857143,0.6756756756756757
,,,,http://purl.obolibrary.org/obo/DOID_0110875,A holoprosencephaly that has_material_basis_in heterozygous mutation in the SHH gene on chromosome 7q36.,A holoprosencephaly that has_its_material_base_in a heterozygous mutation in the SHH gene on chromosome 7q36.,0.926605505,0.926605505,,http://purl.obolibrary.org/obo/DOID_0110875,Una holoprosencefalia que tiene_su_base_material_en una mutación heterocigota en el gen SHH del cromosoma 7q36.,Una holoprosencefalia que tiene base material en una mutación heterocigótica en el gen SHH en el cromosoma 7q36.,,0.9765258215962441,0.8985507246376812,0.9980982762570866,0.8988129664947123,1,0.8157894736842105
,,,,http://purl.obolibrary.org/obo/DOID_0110876,A holoprosencephaly that has_material_basis_in heterozygous mutation in the PTCH1 gene on chromosome 9q22.,A holoprosencephaly that has_its_material_base_in a heterozygous mutation in the PTCH1 gene on chromosome 9q22.,0.9279279279279279,0.9279279279279279,,http://purl.obolibrary.org/obo/DOID_0110876,Una holoprosencefalia que tiene_su_base_material_en una mutación heterocigota en el gen PTCH1 del cromosoma 9q22.,Una holoprosencefalia que tiene base material en una mutación heterocigótica en el gen PTCH1 en el cromosoma 9q22.,,0.9769585253456221,0.9004739336492891,0.9980988397815355,0.9007268629819093,1,0.8189655172413793
,,,,http://purl.obolibrary.org/obo/DOID_0110877,A holoprosencephaly that has_material_basis_in heterozygous mutation in the CDON gene on chromosome 11q24.,A holoprosencephaly that has_its_material_base_in a heterozygous mutation in the CDON gene on chromosome 11q24.,0.9279279279279279,0.9279279279279279,,http://purl.obolibrary.org/obo/DOID_0110877,Una holoprosencefalia que tiene_su_base_material_en una mutación heterocigota en el gen CDON del cromosoma 11q24.,Una holoprosencefalia que tiene base material en una mutación heterocigótica en el gen CDON en el cromosoma 11q24.,,0.9769585253456221,0.9004739336492891,0.9980988397815355,0.9007268629819093,1,0.8189655172413793
,,,,http://purl.obolibrary.org/obo/DOID_0110878,A holoprosencephaly that has_material_basis_in heterozygous mutation in the ZIC2 gene on chromosome 13q32.,A holoprosencephaly that has_its_material_base_in a heterozygous mutation in the ZIC2 gene on chromosome 13q32.,0.9279279279279279,0.9279279279279279,,http://purl.obolibrary.org/obo/DOID_0110878,Una holoprosencefalia que tiene_su_base_material_en una mutación heterocigota en el gen ZIC2 del cromosoma 13q32.,Una holoprosencefalia que tiene base material en una mutación heterocigótica en el gen ZIC2 en el cromosoma 13q32.,,0.9769585253456221,0.9004739336492891,0.9980994283181154,0.9007268629819093,1,0.8189655172413793
,,,,http://purl.obolibrary.org/obo/DOID_0110879,A holoprosencephaly that has_material_basis_in variation in the chromosome region 14q13.,A holoprosencephaly that has_its_material_base_in the variation of the 14q13 chromosome region.,0.7473684210526316,0.7473684210526316,,http://purl.obolibrary.org/obo/DOID_0110879,Una holoprosencefalia que tiene_su_base_material_en la variación de la región cromosómica 14q13.,Una holoprosencefalia que tiene una base_material_en variación en la región cromosómica 14q13.,,0.9398907103825137,0.768361582,0.9890652573575385,0.7768963944200251,0.9615384615384616,0.6415094339622641
,,,,http://purl.obolibrary.org/obo/DOID_0110880,A holoprosencephaly that has_material_basis_in heterozygous mutation in the TGIF gene on chromosome 18p11.,A holoprosencephaly that has_its_material_base_in a heterozygous mutation in the TGIF gene on chromosome 18p11.,0.9279279279279279,0.9279279279279279,,http://purl.obolibrary.org/obo/DOID_0110880,Una holoprosencefalia que tiene_su_base_material_en una mutación heterocigota en el gen TGIF del cromosoma 18p11.,Una holoprosencefalia que tiene base material en una mutación heterocigótica en el gen TGIF en el cromosoma 18p11.,,0.9769585253456221,0.9004739336492891,0.9981013394567054,0.9007268629819093,1,0.8189655172413793
,,,,http://purl.obolibrary.org/obo/DOID_0110881,A holoprosencephaly that has_material_basis_in variation in the chromosome region 21q22.3.,A holoprosencephaly that has_its_material_base_in the variation of the chromosomal region 21q22.3.,0.8571428571428572,0.8571428571428572,,http://purl.obolibrary.org/obo/DOID_0110881,Una holoprosencefalia que tiene_su_base_material_en la variación de la región cromosómica 21q22.3.,Una holoprosencefalia que tiene una variación en la base material en la región cromosómica 21q22.3.,,0.9361702127659575,0.7912087912087912,0.9909026463433652,0.8016003572340561,0.9615384615384616,0.6635514018691588
,,,,http://purl.obolibrary.org/obo/DOID_0110916,A hereditary spherocytosis that has_material_basis_in an autosomal dominant mutation of the ANK1 gene on chromosome 8p11.21.,A hereditary spherocytosis that has_its_material_base_in an autosomal dominant mutation of the ANK1 gene on chromosome 8p11.21.,0.952755906,0.952755906,,http://purl.obolibrary.org/obo/DOID_0110916,Una esferocitosis hereditaria que tiene_su_base_material_en una mutación autosómica dominante del gen ANK1 en el cromosoma 8p11.21.,Una esferocitosis hereditaria que tiene_material_basis_en una mutación autosómica dominante del gen ANK1 en el cromosoma 8p11.21.,,0.9880478087649402,0.9387755102040817,0.998729054,0.9398272507881656,1,0.8837209302325582
,,,,http://purl.obolibrary.org/obo/DOID_12971,"A congenital hemolytic anemia characterized by the production of red blood cells with a sphere shape, rather than the normal biconcave disk shape.","Congenital hemolytic anemia characterized by the production of sphere-shaped red blood cells, instead of the normal biconcave disc shape.",0.6986301369863014,0.6986301369863014,,http://purl.obolibrary.org/obo/DOID_12971,"Anemia hemolítica congénita caracterizada por la producción de glóbulos rojos con forma de esfera, en lugar de la forma normal de disco bicóncavo.","Anemia hemolítica congénita caracterizada por la producción de glóbulos rojos con forma de esfera, en lugar de la forma normal de disco bicóncavo.",exact,0.9187279151943463,0.7509025270758123,0.9864709431237852,0.7711088938691822,0.8275862068965517,0.5963855421686747
,,,,http://purl.obolibrary.org/obo/DOID_0110917,A hereditary spherocytosis that has_material_basis_in an autosomal dominant mutation of the SPTB gene on chromosome 14q23.3.,A hereditary spherocytosis that has_its_material_base_in an autosomal dominant mutation of the SPTB gene on chromosome 14q23.3.,0.952755906,0.952755906,,http://purl.obolibrary.org/obo/DOID_0110917,Una esferocitosis hereditaria que tiene_su_base_material_en una mutación autosómica dominante del gen SPTB en el cromosoma 14q23.3.,Una esferocitosis hereditaria que tiene_material_basis_en una mutación autosómica dominante del gen SPTB en el cromosoma 14q23.3.,,0.9880478087649402,0.9387755102040817,0.9987144777447785,0.9398272507881656,1,0.8837209302325582
,,,,http://purl.obolibrary.org/obo/DOID_0110918,A hereditary spherocytosis that has_material_basis_in an autosomal dominant mutation of the SPTA1 gene on chromosome 1q23.1.,A hereditary spherocytosis that has_its_material_base_in an autosomal dominant mutation of the SPTA1 gene on chromosome 1q23.1.,0.952755906,0.952755906,,http://purl.obolibrary.org/obo/DOID_0110918,Una esferocitosis hereditaria que tiene_su_base_material_en una mutación autosómica dominante del gen SPTA1 en el cromosoma 1q23.1.,Una esferocitosis hereditaria que tiene_material_basis_en una mutación autosómica dominante del gen SPTA1 en el cromosoma 1q23.1.,,0.9880478087649402,0.9387755102040817,0.9987207626848873,0.9398272507881656,1,0.8837209302325582
,,,,http://purl.obolibrary.org/obo/DOID_0110919,A hereditary spherocytosis that has_material_basis_in an autosomal dominant mutation of the SLC4A1 gene on chromosome 17q21.31.,A hereditary spherocytosis that has_its_material_base_in an autosomal dominant mutation of the SLC4A1 gene on chromosome 17q21.31.,0.9538461538461538,0.9538461538461538,,http://purl.obolibrary.org/obo/DOID_0110919,Una esferocitosis hereditaria que tiene_su_base_material_en una mutación autosómica dominante del gen SLC4A1 en el cromosoma 17q21.31.,Una esferocitosis hereditaria que tiene_material_basis_en una mutación autosómica dominante del gen SLC4A1 en el cromosoma 17q21.31.,,0.9883268482490273,0.9402390438247012,0.9987300837086626,0.9412416106700233,1,0.8863636363636364
,,,,http://purl.obolibrary.org/obo/DOID_0110920,A hereditary spherocytosis that has_material_basis_in a mutation of the EPB42 gene on chromosome 15q15.2.,A hereditary spherocytosis that has_its_base_material in a mutation of the EPB42 gene on chromosome 15q15.2.,0.8703703703703703,0.8703703703703703,,http://purl.obolibrary.org/obo/DOID_0110920,Una esferocitosis hereditaria que tiene_su_base_material en una mutación del gen EPB42 en el cromosoma 15q15.2.,Una esferocitosis hereditaria que tiene_material_basis_en una mutación del gen EPB42 en el cromosoma 15q15.2.,,0.9859154929577465,0.8792270531400966,0.9987991661493604,0.8793194040728801,1,0.7844827586206896
,,,,http://purl.obolibrary.org/obo/DOID_0111066,"A congenital bile acid synthesis defect characterized by hepatomegaly, liver fibrosis and failure, splenomegaly, and elevated plasma levels of bile acid intermediates that has_material_basis_in homozygous mutation in the ABCD3 gene on chromosome 1p21.","Congenital bile acid synthesis defect characterized by hepatomegaly, liver fibrosis and failure, splenomegaly, and elevated plasma levels of bile acid intermediates that have_its_base_material_in a homozygous mutation in the ABCD3 gene on chromosome 1p21.",0.9215686274509804,0.9215686274509804,,http://purl.obolibrary.org/obo/DOID_0111066,"Defecto congénito de la síntesis de ácidos biliares caracterizado por hepatomegalia, fibrosis e insuficiencia hepáticas, esplenomegalia y niveles plasmáticos elevados de intermediarios de ácidos biliares que tiene_su_base_material_en una mutación homocigota en el gen ABCD3 del cromosoma 1p21.","Un defecto congénito de la síntesis de ácidos biliares caracterizado por hepatomegalia, fibrosis e insuficiencia hepática, esplenomegalia y niveles plasmáticos elevados de intermediarios de ácidos biliares que tiene base material en una mutación homocigótica en el gen ABCD3 en el cromosoma 1p21.",,0.9802371541501976,0.928,0.9986819016786594,0.9370858500979694,1,0.856
,,,,http://purl.obolibrary.org/obo/DOID_0111067,"A congenital bile acid synthesis defect characterized by increased liver enzymes, decreased cholesterol, and increased serum and urine levels of bile acid intermediates that has_material_basis_in homozygous mutation in the ACOX2 gene on chromosome 3p14.","Congenital defect of bile acid synthesis characterized by an increase in hepatic enzymes, a decrease in cholesterol and an increase in serum and urinary levels of bile acid intermediates that has_its_base_material_in a homozygous mutation in the ACOX2 gene on chromosome 3p14.",0.7717391304347826,0.7717391304347826,,http://purl.obolibrary.org/obo/DOID_0111067,"Defecto congénito de la síntesis de ácidos biliares caracterizado por un aumento de las enzimas hepáticas, una disminución del colesterol y un aumento de los niveles séricos y urinarios de intermediarios de ácidos biliares que tiene_su_base_material_en una mutación homocigota en el gen ACOX2 del cromosoma 3p14.","Un defecto congénito en la síntesis de ácidos biliares caracterizado por aumento de las enzimas hepáticas, disminución del colesterol y aumento de los niveles séricos y urinarios de intermediarios de ácidos biliares que tiene base material en una mutación homocigota en el gen ACOX2 en el cromosoma 3p14.",,0.9300567107750473,0.7609942638623327,0.9914379985872225,0.7560078436874665,1,0.6347517730496454
,,,,http://purl.obolibrary.org/obo/DOID_0111068,"A congenital bile acid synthesis defect characterized by intrahepatic cholestasis, malabsorption of fat and fat-soluble vitamins, decreased serum cholesterol, and increased levels of THCA in bile, serum and urine that has_material_basis_in homozygous mutation in the AMACR gene on chromosome 5p13.","Congenital bile acid synthesis defect characterized by intrahepatic cholestasis, malabsorption of fats and fat-soluble vitamins, decreased serum cholesterol, and increased levels of THCA in bile, serum, and urine that has_its_base_material_in a homozygous mutation in the AMACR gene of chromosome 5p13.",0.9304635761589404,0.9304635761589404,,http://purl.obolibrary.org/obo/DOID_0111068,"Defecto congénito de la síntesis de ácidos biliares caracterizado por colestasis intrahepática, malabsorción de grasas y vitaminas liposolubles, disminución del colesterol sérico y aumento de los niveles de THCA en la bilis, el suero y la orina que tiene_su_base_material_en una mutación homocigota en el gen AMACR del cromosoma 5p13.","Un defecto congénito de la síntesis de ácidos biliares caracterizado por colestasis intrahepática, malabsorción de grasas y vitaminas liposolubles, disminución del colesterol sérico y aumento de los niveles de THCA en la bilis, el suero y la orina que tiene una base material en una mutación homocigótica en el gen AMACR en el cromosoma 5p13.",,0.9816360601001669,0.9106239460370995,0.9990921528369681,0.9255019580738778,1,0.8333333333333334
,,,,http://purl.obolibrary.org/obo/DOID_0111069,"A congenital bile acid synthesis defect characterized by rapid progession of severe cholestatic liver disease, decreased levels of chenodeoxycholic acid and cholic acid in the serum and urine, and malabsorption of fat and fat-soluble vitamins that has_material_basis_in homozygous or compound heterozygous mutation in the AKR1D1 gene on chromosome 7q33.","Congenital defect of bile acid synthesis characterized by rapid progression of severe cholestatic liver disease, decreased levels of chenodeoxycholic acid and cholic acid in serum and urine, and malabsorption of fats and fat-soluble vitamins that has_its_base_material_in a homozygous or compound heterozygous mutation in the AKR1D1 gene on chromosome 7q33.",0.8851540616246498,0.8851540616246498,,http://purl.obolibrary.org/obo/DOID_0111069,"Defecto congénito de la síntesis de ácidos biliares caracterizado por la rápida progresión de una enfermedad hepática colestásica grave, niveles disminuidos de ácido quenodesoxicólico y ácido cólico en suero y orina, y malabsorción de grasas y vitaminas liposolubles que tiene_su_base_material_en una mutación homocigota o heterocigota compuesta en el gen AKR1D1 del cromosoma 7q33.","Un defecto congénito en la síntesis de ácidos biliares caracterizado por una rápida progresión de la enfermedad hepática colestásica grave, niveles reducidos de ácido quenodesoxicólico y ácido cólico en el suero y la orina, y malabsorción de grasas y vitaminas liposolubles que tiene una mutación homocigótica o heterocigótica compuesta en el gen AKR1D1. en el cromosoma 7q33.",,0.9859154929577465,0.9034090909090909,0.9994020928547801,0.9256039665142627,0.9722222222222222,0.8168604651162791
,,,,http://purl.obolibrary.org/obo/DOID_0111070,"A congenital bile acid synthesis defect characterized by intrahepatic cholestasis, malabsorption of fat and fat-soluble vitamins, and increased serum bilirubin that has_material_basis_in homozygous mutation in the CYP7B1 gene on chromosome 8q12.","Congenital bile acid synthesis defect characterized by intrahepatic cholestasis, malabsorption of fats and fat-soluble vitamins, and increased serum bilirubin that has its material basis in a homozygous mutation in the CYP7B1 gene on chromosome 8q12.",0.948,0.948,,http://purl.obolibrary.org/obo/DOID_0111070,"Defecto congénito de la síntesis de ácidos biliares caracterizado por colestasis intrahepática, malabsorción de grasas y vitaminas liposolubles y aumento de la bilirrubina sérica que tiene_su_base_material_en una mutación homocigota en el gen CYP7B1 del cromosoma 8q12.","Defecto congénito de la síntesis de ácidos biliares caracterizado por colestasis intrahepática, malabsorción de grasas y vitaminas liposolubles y aumento de la bilirrubina sérica que tiene base material en una mutación homocigota en el gen CYP7B1 en el cromosoma 8q12.",,0.9696969696969697,0.9079754601226994,0.9969078360758069,0.9160815050737289,0.9444444444444444,0.8346456692913385
,,,,http://purl.obolibrary.org/obo/DOID_0111071,"A congenital bile acid synthesis defect characterized by progressive cholestatic liver disease, giant cell hepatitis, malabsorption of fat and fat-soluble vitamins, increased serum bilirubin and decreased serum cholesterol that has_material_basis_in homozygous or compound heterozygous mutation in the HSD3B7 gene on chromosome 16p.","Congenital bile acid synthesis defect characterized by progressive cholestatic liver disease, giant cell hepatitis, malabsorption of fats and fat-soluble vitamins, increased serum bilirubin, and decreased serum cholesterol that has a homozygous or compound heterozygous mutation in the chromosome HSD3B7 gene. 16p.",0.8644578313253012,0.8644578313253012,,http://purl.obolibrary.org/obo/DOID_0111071,"Defecto congénito de la síntesis de ácidos biliares caracterizado por enfermedad hepática colestásica progresiva, hepatitis de células gigantes, malabsorción de grasas y vitaminas liposolubles, aumento de la bilirrubina sérica y disminución del colesterol sérico que tiene_su_base_material_en mutación homocigota o heterocigota compuesta en el gen HSD3B7 del cromosoma 16p.","Un defecto congénito de la síntesis de ácidos biliares caracterizado por enfermedad hepática colestásica progresiva, hepatitis de células gigantes, malabsorción de grasas y vitaminas liposolubles, aumento de la bilirrubina sérica y disminución del colesterol sérico que tiene una base material en una mutación homocigótica o heterocigótica compuesta en el gen HSD3B7 en el cromosoma 16p.",,0.9628482972136223,0.90625,0.998232445,0.922128305,0.9166666666666666,0.8176100628930818
,,,,http://purl.obolibrary.org/obo/DOID_0111077,A congenital nonspherocytic hemolytic anemia that has_material_basis_in homozygous or compound heterozygous mutation in the PKLR gene on chromosome 1q22.,A congenital non-spherocytic hemolytic anemia that has_its_material_base_in a homozygous or compound heterozygous mutation in the PKLR gene on chromosome 1q22.,0.9433962264150944,0.9433962264150944,,http://purl.obolibrary.org/obo/DOID_0111077,Una anemia hemolítica congénita no esferocítica que tiene_su_base_material_en una mutación homocigota o heterocigota compuesta en el gen PKLR del cromosoma 1q22.,Anemia hemolítica congénita no esferocítica que tiene una base material en una mutación homocigótica o heterocigótica compuesta en el gen PKLR en el cromosoma 1q22.,,0.9807692307692307,0.9084967320261438,0.9986459223091746,0.9163155277203717,0.967741935,0.825
,,,,http://purl.obolibrary.org/obo/DOID_0111080,A Fanconi anemia that has_material_basis_in homozygous mutation in the MAD2L2 gene on chromosome 1p36.,A Fanconi anemia that has_its_material_base_in a homozygous mutation in the MAD2L2 gene on chromosome 1p36.,0.9252336448598131,0.9252336448598131,,http://purl.obolibrary.org/obo/DOID_0111080,Una anemia de Fanconi que tiene_su_base_material_en una mutación homocigota en el gen MAD2L2 en el cromosoma 1p36.,Una anemia de Fanconi que tiene una mutación homocigótica en el gen MAD2L2 en el cromosoma 1p36.,,0.9760765550239234,0.896551724,0.9980122295569517,0.8968238005834421,1,0.8125
,,,,http://purl.obolibrary.org/obo/DOID_13636,"A congenital hypoplastic anemia characterized by progressive pancytopenia with bone marrow failure, variable congenital malformations and predisposition to develop hematological or solid tumors. It is a result of a genetic defect in a cluster of proteins responsible for DNA repair.","A congenital hypoplastic anemia characterized by progressive pancytopenia with bone marrow failure, variable congenital malformations, and a predisposition to develop hematologic or solid tumors. It is the result of a genetic defect in a group of proteins responsible for DNA repair.",0.9469964664310954,0.9469964664310954,,http://purl.obolibrary.org/obo/DOID_13636,"Una anemia hipoplásica congénita caracterizada por una pancitopenia progresiva con insuficiencia de la médula ósea, malformaciones congénitas variables y predisposición a desarrollar tumores hematológicos o sólidos. Es el resultado de un defecto genético en un grupo de proteínas responsables de la reparación del ADN.","Anemia hipoplásica congénita caracterizada por pancitopenia progresiva con insuficiencia de la médula ósea, malformaciones congénitas variables y predisposición a desarrollar tumores hematológicos o sólidos. Es el resultado de un defecto genético en un grupo de proteínas responsables de la reparación del ADN.",,0.9805309734513274,0.9123434704830053,0.99878757,0.9211057563902375,1,0.8333333333333334
,,,,http://purl.obolibrary.org/obo/DOID_0111081,A Fanconi anemia that has_material_basis_in compound heterozygous mutation in the UBE2T gene on chromosome 1q32.,A Fanconi anemia that has_its_base_material_in compound heterozygous mutation in the UBE2T gene on chromosome 1q32.,0.8869565217391304,0.8869565217391304,,http://purl.obolibrary.org/obo/DOID_0111081,Una anemia de Fanconi que tiene_su_base_material_en mutación heterocigota compuesta en el gen UBE2T en el cromosoma 1q32.,Una anemia de Fanconi que tiene una mutación heterocigótica compuesta en el gen UBE2T en el cromosoma 1q32.,,0.986784141,0.9049773755656109,0.9983980812146277,0.9050607678199956,1,0.8264462809917356
,,,,http://purl.obolibrary.org/obo/DOID_0111082,A Fanconi anemia that has_material_basis_in homozygous or compound heterozygous mutation in the PHF9 gene on chromosome 2p16.,A Fanconi anemia that has_its_material_base_in a homozygous or compound heterozygous mutation in the PHF9 gene on chromosome 2p16.,0.9384615384615385,0.9384615384615385,,http://purl.obolibrary.org/obo/DOID_0111082,Una anemia de Fanconi que tiene_su_base_material_en una mutación homocigota o heterocigota compuesta en el gen PHF9 del cromosoma 2p16.,Una anemia de Fanconi que tiene base material en una mutación homocigótica o heterocigótica compuesta en el gen PHF9 en el cromosoma 2p16.,,0.9803921568627451,0.9156626506024097,0.9985468849183347,0.9220923860994318,1,0.8384615384615385
,,,,http://purl.obolibrary.org/obo/DOID_0111083,A Fanconi anemia that has_material_basis_in compound heterozygous or homozygous mutation in the FANCD2 gene on chromosome 3p25.,A Fanconi anemia that has_its_material_base_in a heterozygous or compound homozygous mutation in the FANCD2 gene on chromosome 3p25.,0.8257575757575757,0.8257575757575757,,http://purl.obolibrary.org/obo/DOID_0111083,Una anemia de Fanconi que tiene_su_base_material_en una mutación heterocigota u homocigota compuesta en el gen FANCD2 del cromosoma 3p25.,Una anemia de Fanconi que tiene una mutación heterocigótica u homocigótica compuesta en el gen FANCD2 en el cromosoma 3p25.,,0.9806949806949807,0.8932806324110671,0.9985496729133522,0.9012500713921557,1,0.8
,,,,http://purl.obolibrary.org/obo/DOID_0111084,A Fanconi anemia that has_material_basis_in homozygous mutation in the FANCE gene on chromosome 6p22-p21.,A Fanconi anemia that has_its_base_material_in homozygous mutation in the FANCE gene on chromosome 6p22-p21.,0.8796296296296297,0.8796296296296297,,http://purl.obolibrary.org/obo/DOID_0111084,Una anemia de Fanconi que tiene_su_base_material_en mutación homocigota en el gen FANCE en el cromosoma 6p22-p21.,Una anemia de Fanconi que tiene_material_basis_in mutación homocigótica en el gen FANCE en el cromosoma 6p22-p21.,,0.9859154929577465,0.8985507246376812,0.9980772167728812,0.898645105,1,0.8157894736842105
,,,,http://purl.obolibrary.org/obo/DOID_0111085,A Fanconi anemia that has_material_basis_in homozygous mutation in the XRCC2 gene on chromosome 7q36.,A Fanconi anemia that has its material basis in a homozygous mutation in the XRCC2 gene on chromosome 7q36.,0.9158878504672897,0.9158878504672897,,http://purl.obolibrary.org/obo/DOID_0111085,Una anemia de Fanconi que tiene_su_base_material_en una mutación homocigota en el gen XRCC2 en el cromosoma 7q36.,Una anemia de Fanconi que tiene base_material_en una mutación homocigótica en el gen XRCC2 en el cromosoma 7q36.,,0.9423076923076923,0.8316831683168316,0.983779292,0.833974853,0.9666666666666667,0.717948718
,,,,http://purl.obolibrary.org/obo/DOID_0111086,A Fanconi anemia that has_material_basis_in homozygous or compound heterozygous mutation in the XRCC9 gene on chromosome 9p13.,A Fanconi anemia that has_its_material_base_in a homozygous or compound heterozygous mutation in the XRCC9 gene on chromosome 9p13.,0.9389312977099237,0.9389312977099237,,http://purl.obolibrary.org/obo/DOID_0111086,Una anemia de Fanconi que tiene_su_base_material_en una mutación homocigota o heterocigota compuesta en el gen XRCC9 en el cromosoma 9p13.,Una anemia de Fanconi que tiene base material en una mutación homocigótica o heterocigótica compuesta en el gen XRCC9 en el cromosoma 9p13.,,0.980544747,0.9163346613545816,0.9985482747286211,0.9226662805542832,1,0.8396946564885496
,,,,http://purl.obolibrary.org/obo/DOID_0111087,A Fanconi anemia that has_material_basis_in homozygous or compound heterozygous mutation in the FANCC gene on chromosome 9q22.,A Fanconi anemia that has a homozygous or compound heterozygous mutation in the FANCC gene on chromosome 9q22.,0.8650793650793651,0.8650793650793651,,http://purl.obolibrary.org/obo/DOID_0111087,Una anemia de Fanconi que tiene_su_base_material_en mutación homocigota o heterocigota compuesta en el gen FANCC en el cromosoma 9q22.,Una anemia de Fanconi que tiene base material en una mutación homocigótica o heterocigótica compuesta en el gen FANCC en el cromosoma 9q22.,,0.923728814,0.8869565217391304,0.9839648605579966,0.8978406644552459,0.896551724,0.7886178861788617
,,,,http://purl.obolibrary.org/obo/DOID_0111088,A Fanconi anemia that has_material_basis_in homozygous or compound heterozygous mutation in the FANCF gene on chromosome 11p15.,A Fanconi anemia that has a homozygous or compound heterozygous mutation in the FANCF gene on chromosome 11p15.,0.8661417322834646,0.8661417322834646,,http://purl.obolibrary.org/obo/DOID_0111088,Una anemia de Fanconi que tiene_su_base_material_en homocigoto o heterocigoto compuesto mutación en el gen FANCF en el cromosoma 11p15.,Una anemia de Fanconi que tiene base material en una mutación homocigótica o heterocigótica compuesta en el gen FANCF en el cromosoma 11p15.,,0.9243697478991597,0.8879310344827587,0.9840972230092407,0.8986385407472051,0.8928571428571429,0.7903225806451613
,,,,http://purl.obolibrary.org/obo/DOID_0111089,A Fanconi anemia that has_material_basis_in homozygous or compound heterozygous mutation in the BRCA2 gene on chromosome 13q13.,A Fanconi anemia that has_its_material_base_in a homozygous or compound heterozygous mutation in the BRCA2 gene on chromosome 13q13.,0.9393939393939394,0.9393939393939394,,http://purl.obolibrary.org/obo/DOID_0111089,Una anemia de Fanconi que tiene_su_base_material_en una mutación homocigota o heterocigota compuesta en el gen BRCA2 del cromosoma 13q13.,Una anemia de Fanconi que tiene base material en una mutación homocigótica o heterocigótica compuesta en el gen BRCA2 en el cromosoma 13q13.,,0.9806949806949807,0.9169960474308301,0.9985487398704216,0.92323178,1,0.8409090909090909
,,,,http://purl.obolibrary.org/obo/DOID_0111090,A Fanconi anemia that has_material_basis_in heterozygous mutation in the RAD51 gene on chromosome 15q15.,A Fanconi anemia that has_its_base_material_in heterozygous mutation in the RAD51 gene on chromosome 15q15.,0.8785046728971962,0.8785046728971962,,http://purl.obolibrary.org/obo/DOID_0111090,Una anemia de Fanconi que tiene_su_base_material_en mutación heterocigota en el gen RAD51 en el cromosoma 15q15.,Una anemia de Fanconi que tiene una mutación heterocigótica en el gen RAD51 en el cromosoma 15q15.,,0.985781991,0.8975609756097561,0.9982357093321065,0.8976571010886094,1,0.8141592920353983
,,,,http://purl.obolibrary.org/obo/DOID_0111091,A Fanconi anemia that has_material_basis_in homozygous or compound heterozygous mutation in the FANCI gene on chromosome 15q26.,A Fanconi anemia that has_its_material_base_in a homozygous or compound heterozygous mutation in the FANCI gene on chromosome 15q26.,0.9393939393939394,0.9393939393939394,,http://purl.obolibrary.org/obo/DOID_0111091,Una anemia de Fanconi que tiene_su_base_material_en una mutación homocigota o heterocigota compuesta en el gen FANCI en el cromosoma 15q26.,Una anemia de Fanconi que tiene base material en una mutación homocigótica o heterocigótica compuesta en el gen FANCI en el cromosoma 15q26.,,0.9806949806949807,0.9169960474308301,0.9985478105172797,0.92323178,1,0.8409090909090909
,,,,http://purl.obolibrary.org/obo/DOID_0111092,"A Fanconi anemia characterized by increased chromosomal instability, progressive bone marrow failure and in some cases skeletal abnormalities that has_material_basis_in homozygous or compound heterozygous mutation in the SLX4 gene on chromosome 16p13.3.","A Fanconi anemia characterized by increased chromosomal instability, progressive bone marrow failure, and, in some cases, skeletal abnormalities that has its material basis in a homozygous or compound heterozygous mutation in the SLX4 gene on chromosome 16p13.3.",0.9541984732824428,0.9541984732824428,,http://purl.obolibrary.org/obo/DOID_0111092,"Una anemia de Fanconi caracterizada por una mayor inestabilidad cromosómica, insuficiencia progresiva de la médula ósea y, en algunos casos, anomalías esqueléticas que tiene_su_base_material_en una mutación homocigota o heterocigota compuesta en el gen SLX4 del cromosoma 16p13.3.","Una anemia de Fanconi caracterizada por una mayor inestabilidad cromosómica, insuficiencia progresiva de la médula ósea y, en algunos casos, anomalías esqueléticas que tiene base material en una mutación homocigótica o heterocigótica compuesta en el gen SLX4 en el cromosoma 16p13.3.",,0.970873786,0.8919449901768173,0.9959808979056362,0.9049090782817497,0.9722222222222222,0.7962264150943397
,,,,http://purl.obolibrary.org/obo/DOID_0111093,A Fanconi anemia that has_material_basis_in compound heterozygous mutation in the ERCC4 gene on chromosome 16p13.,A Fanconi anemia that has a compound heterozygous mutation in the ERCC4 gene on chromosome 16p13.,0.8495575221238938,0.8495575221238938,,http://purl.obolibrary.org/obo/DOID_0111093,Una anemia de Fanconi que tiene_su_base_material_en mutación heterocigota compuesta en el gen ERCC4 en el cromosoma 16p13.,Una anemia de Fanconi que tiene una mutación heterocigótica compuesta en el gen ERCC4 en el cromosoma 16p13.,,0.9142857142857143,0.8725490196078431,0.9797759279453901,0.875245199,0.9032258064516129,0.7739130434782608
,,,,http://purl.obolibrary.org/obo/DOID_0111094,A Fanconi anemia that has_material_basis_in compound heterozygous mutation in the PALB2 gene on chromosome 16p12.,A Fanconi anemia that has a compound heterozygous mutation in the PALB2 gene on chromosome 16p12.,0.8495575221238938,0.8495575221238938,,http://purl.obolibrary.org/obo/DOID_0111094,Una anemia de Fanconi que tiene_su_base_material_en mutación heterocigota compuesta en el gen PALB2 en el cromosoma 16p12.,Una anemia de Fanconi que tiene una mutación heterocigótica compuesta en el gen PALB2 en el cromosoma 16p12.,,0.9142857142857143,0.8725490196078431,0.9798224255650424,0.875245199,0.9,0.7739130434782608
,,,,http://purl.obolibrary.org/obo/DOID_0111095,A Fanconi anemia that has_material_basis_in homozygous or compound heterozygous mutation in the FANCA gene on chromosome 16q24.,A Fanconi anemia that has a homozygous or compound heterozygous mutation in the FANCA gene on chromosome 16q24.,0.8661417322834646,0.8661417322834646,,http://purl.obolibrary.org/obo/DOID_0111095,Una anemia de Fanconi que tiene_su_base_material_en mutación homocigota o heterocigota compuesta en el gen FANCA en el cromosoma 16q24.,Una anemia de Fanconi que tiene base material en una mutación homocigótica o heterocigótica compuesta en el gen FANCA en el cromosoma 16q24.,,0.9243697478991597,0.8879310344827587,0.9839796732358109,0.8986385407472051,0.9032258064516129,0.7903225806451613
,,,,http://purl.obolibrary.org/obo/DOID_0111096,A Fanconi anemia that has_material_basis_in homozygous mutation in the RAD51C gene on chromosome 17q21-q24.,A Fanconi anemia that has a homozygous mutation in the RAD51C gene on chromosome 17q21-q24.,0.8411214953271028,0.8411214953271028,,http://purl.obolibrary.org/obo/DOID_0111096,Una anemia de Fanconi que tiene_su_base_material_en mutación homocigota en el gen RAD51C en el cromosoma 17q21-q24.,Una anemia de Fanconi que tiene una mutación homocigótica en el gen RAD51C en el cromosoma 17q21-q24.,,0.9090909090909091,0.8645833333333334,0.9763344982383936,0.8676010853823567,0.90625,0.7614678899082569
,,,,http://purl.obolibrary.org/obo/DOID_0111097,A Fanconi anemia that has_material_basis_in homozygous or compound heterozygous mutation in the BRIP1 gene on chromosome 17q22.,A Fanconi anemia that has its material basis in a homozygous or compound heterozygous mutation in the BRIP1 gene on chromosome 17q22.,0.9323308270676691,0.9323308270676691,,http://purl.obolibrary.org/obo/DOID_0111097,Una anemia de Fanconi que tiene_su_base_material_en una mutación homocigota o heterocigota compuesta en el gen BRIP1 en el cromosoma 17q22.,Una anemia de Fanconi que tiene base material en una mutación homocigótica o heterocigótica compuesta en el gen BRIP1 en el cromosoma 17q22.,,0.9538461538461538,0.8661417322834646,0.9885494399926898,0.8771801573104755,0.96875,0.7608695652173914
,,,,http://purl.obolibrary.org/obo/DOID_0111098,A Fanconi anemia that has_material_basis_in mutation in the FANCB gene on chromosome Xp22.,A Fanconi anemia that has a mutation in the FANCB gene on chromosome Xp22.,0.8111111111111111,0.8111111111111111,,http://purl.obolibrary.org/obo/DOID_0111098,Una anemia de Fanconi que tiene_su_base_material_en mutación en el gen FANCB en el cromosoma Xp22.,Una anemia de Fanconi que tiene una mutación en el gen FANCB en el cromosoma Xp22.,,0.8902439024390244,0.8354430379746836,0.9714914251390395,0.8397599046310408,0.8846153846153846,0.717391304
,,,,http://purl.obolibrary.org/obo/DOID_0111135,A congenital generalized lipodystrophy that has_material_basis_in an autosomal recessive mutation of AGPAT2 on chromosome 9q34.3.,A congenital generalized lipodystrophy that has_its_material_base_in an autosomal recessive mutation of AGPAT2 on chromosome 9q34.3.,0.9545454545454546,0.9545454545454546,,http://purl.obolibrary.org/obo/DOID_0111135,Una lipodistrofia generalizada congénita que tiene_su_base_material_en una mutación autosómica recesiva de AGPAT2 en el cromosoma 9q34.3.,Una lipodistrofia generalizada congénita que tiene_material_basis_en una mutación autosómica recesiva de AGPAT2 en el cromosoma 9q34.3.,,0.9885057471264368,0.9411764705882353,0.9986637973939841,0.9421481464032035,1,0.8880597014925373
,,,,http://purl.obolibrary.org/obo/DOID_0111136,A congenital generalized lipodystrophy that has_material_basis_in an autosomal recessive mutation of BSCL2 on chromosome 11q12.3.,A congenital generalized lipodystrophy that has_its_material_base_in an autosomal recessive mutation of BSCL2 on chromosome 11q12.3.,0.9545454545454546,0.9545454545454546,,http://purl.obolibrary.org/obo/DOID_0111136,Una lipodistrofia generalizada congénita que tiene_su_base_material_en una mutación autosómica recesiva del BSCL2 en el cromosoma 11q12.3.,Una lipodistrofia generalizada congénita que tiene_material_basis_in una mutación autosómica recesiva de BSCL2 en el cromosoma 11q12.3.,,0.9885057471264368,0.9411764705882353,0.9986637973939841,0.9421481464032035,1,0.8880597014925373
,,,,http://purl.obolibrary.org/obo/DOID_0111137,A congenital generalized lipodystrophy that has_material_basis_in an autosomal recessive mutation of CAV1 on chromosome 7q31.2.,A congenital generalized lipodystrophy that has_its_material_base_in an autosomal recessive mutation of CAV1 on chromosome 7q31.2.,0.9538461538461538,0.9538461538461538,,http://purl.obolibrary.org/obo/DOID_0111137,Una lipodistrofia generalizada congénita que tiene_su_base_material_en una mutación autosómica recesiva de CAV1 en el cromosoma 7q31.2.,Una lipodistrofia generalizada congénita que tiene_material_basis_in una mutación autosómica recesiva de CAV1 en el cromosoma 7q31.2.,,0.9883268482490273,0.9402390438247012,0.9986568956959664,0.9412416106700233,1,0.8863636363636364
,,,,http://purl.obolibrary.org/obo/DOID_0111138,A congenital generalized lipodystrophy that has_material_basis_in an autosomal recessive mutation of CAVIN1 on chromosome 17q21.2.,A congenital generalized lipodystrophy that has_its_material_base_in an autosomal recessive mutation of CAVIN1 on chromosome 17q21.2.,0.9548872180451128,0.9548872180451128,,http://purl.obolibrary.org/obo/DOID_0111138,Una lipodistrofia generalizada congénita que tiene_su_base_material_en una mutación autosómica recesiva de CAVIN1 en el cromosoma 17q21.2.,Una lipodistrofia generalizada congénita que tiene_material_basis_in una mutación autosómica recesiva de CAVIN1 en el cromosoma 17q21.2.,,0.9885931558935361,0.9416342412451362,0.9986672232802603,0.9425910042369908,1,0.8888888888888888
,,,,http://purl.obolibrary.org/obo/DOID_0111153,A movement disease characterized by involuntary movements of one side of the body that mirror intentional movements on the opposite side primarily involving the upper limbs.,Movement disease characterized by involuntary movements on one side of the body that mirror intentional movements on the opposite side and primarily affecting the upper extremities.,0.8729281767955801,0.8729281767955801,,http://purl.obolibrary.org/obo/DOID_0111153,Enfermedad del movimiento caracterizada por movimientos involuntarios de un lado del cuerpo que reflejan los movimientos intencionados del lado opuesto y que afecta principalmente a las extremidades superiores.,Una enfermedad del movimiento caracterizada por movimientos involuntarios de un lado del cuerpo que reflejan movimientos intencionales en el lado opuesto que involucran principalmente las extremidades superiores.,,0.9322033898305084,0.8390804597701149,0.9911776509440416,0.8829147471661193,0.8846153846153846,0.7267441860465116
,,,,http://purl.obolibrary.org/obo/DOID_0111169,A congenital nervous system abnormality characterized by migration of neurons to ectopic locations in the brain where the neurons form areas that appear as band-like clusters of white tissue underneath the gray tissue of the cerebral cortex.,Congenital anomaly of the nervous system characterized by the migration of neurons to ectopic places in the brain where the neurons form areas that appear as groups of white banded tissue under the gray tissue of the cerebral cortex.,0.7261410788381742,0.7261410788381742,,http://purl.obolibrary.org/obo/DOID_0111169,Anomalía congénita del sistema nervioso caracterizada por la migración de neuronas a lugares ectópicos del cerebro donde las neuronas forman zonas que aparecen como grupos de tejido blanco en banda bajo el tejido gris de la corteza cerebral.,Una anomalía congénita del sistema nervioso caracterizada por la migración de neuronas a ubicaciones ectópicas en el cerebro donde las neuronas forman áreas que aparecen como grupos de tejido blanco en forma de bandas debajo del tejido gris de la corteza cerebral.,,0.9409282700421941,0.7606837606837606,0.9945225182948878,0.8170637622353466,0.8620689655172413,0.6138996138996139
,,,,http://purl.obolibrary.org/obo/DOID_0111216,A centronuclear myopathy that has_material_basis_in autosomal recessive inheritance.,A centronuclear myopathy that has its material basis in autosomal recessive inheritance.,0.9204545454545454,0.9204545454545454,,http://purl.obolibrary.org/obo/DOID_0111216,Una miopatía centronuclear que tiene_su_base_material_en la herencia autosómica recesiva.,Una miopatía centronuclear que tiene base material en herencia autosómica recesiva.,,0.9418604651162791,0.8313253012048193,0.9781105315169685,0.8315667549715153,0.9523809523809523,0.711340206
,,,,http://purl.obolibrary.org/obo/DOID_14717,"A congenital structural myopathy characterized by abnormally located nuclei in skeletal muscle cells. The nuclei are located in the center of the cell, instead of their normal location at the periphery.","A congenital structural myopathy characterized by abnormally located nuclei in skeletal muscle cells. The nuclei are located in the center of the cell, rather than their normal location at the periphery.",0.9507389162561576,0.9507389162561576,,http://purl.obolibrary.org/obo/DOID_14717,"Una miopatía estructural congénita caracterizada por núcleos anormalmente localizados en las células musculares esqueléticas. Los núcleos están situados en el centro de la célula, en lugar de su ubicación normal en la periferia.","Una miopatía estructural congénita caracterizada por núcleos ubicados anormalmente en las células del músculo esquelético. Los núcleos están ubicados en el centro de la célula, en lugar de su ubicación normal en la periferia.",,0.9728395061728395,0.9323308270676691,0.9976545668630343,0.9517131689289846,1,0.8715083798882681
,,,,http://purl.obolibrary.org/obo/DOID_0111217,A centronuclear myopathy that has_material_basis_in autosomal dominant inheritance.,A centronuclear myopathy that has its material basis in autosomal dominant inheritance.,0.9195402298850575,0.9195402298850575,,http://purl.obolibrary.org/obo/DOID_0111217,Una miopatía centronuclear que tiene_su_base_material_en la herencia autosómica dominante.,Una miopatía centronuclear que tiene base material en herencia autosómica dominante.,,0.9411764705882353,0.8292682926829268,0.9779253032332914,0.8295150620062532,0.9523809523809523,0.7083333333333334
,,,,http://purl.obolibrary.org/obo/DOID_0111220,An autosomal recessive centronuclear myopathy that has_material_basis_in homozygous or compound heterozygous mutation in BIN1 on 2q14.3.,An autosomal recessive centronuclear myopathy that has_its_base_material_in homozygous or compound heterozygous mutation in BIN1 at 2q14.3.,0.8920863309352518,0.8920863309352518,,http://purl.obolibrary.org/obo/DOID_0111220,Una miopatía centronuclear autosómica recesiva que tiene_su_base_material_en mutación homocigota o heterocigota compuesta en BIN1 en 2q14.3.,Una miopatía centronuclear autosómica recesiva que tiene una mutación homocigótica o heterocigótica compuesta en BIN1 en 2q14.3.,,0.9745454545454545,0.8847583643122676,0.9959794151134294,0.8927816671943277,1,0.7862068965517242
,,,,http://purl.obolibrary.org/obo/DOID_0111221,An autosomal recessive centronuclear myopathy that is characterized by onset in infancy or early childhood of slowly progressive centronuclear myopathy that has_material_basis_in homozygous or compound heterozygous mutation in the ZAK gene on 2q31.1.,An autosomal recessive centronuclear myopathy characterized by the onset in infancy or early childhood of a slowly progressive centronuclear myopathy that has a homozygous or compound heterozygous mutation in the ZAK gene at 2q31.1.,0.868,0.868,,http://purl.obolibrary.org/obo/DOID_0111221,Una miopatía centronuclear autosómica recesiva que se caracteriza por la aparición en la infancia o la niñez temprana de una miopatía centronuclear lentamente progresiva que tiene_su_base_material_en mutación homocigota o heterocigota compuesta en el gen ZAK en 2q31.1.,Una miopatía centronuclear autosómica recesiva que se caracteriza por la aparición en la infancia o la niñez temprana de una miopatía centronuclear lentamente progresiva que tiene base material en una mutación homocigótica o heterocigótica compuesta en el gen ZAK en 2q31.1.,,0.9585062240663901,0.8781512605042017,0.9945868117798918,0.9093492355509316,0.96875,0.7757847533632287
,,,,http://purl.obolibrary.org/obo/DOID_0111222,"An autosomal recessive centronuclear myopathy characterized by severe neonatal hypotonia, respiratory insufficiency, and difficulty feeding that has_material_basis_in homozygous or compound heterozygous mutation in SPEG on 2q35.","An autosomal recessive centronuclear myopathy characterized by severe neonatal hypotonia, respiratory failure, and feeding difficulty that has_its_base_material_in homozygous or compound heterozygous mutation in SPEG at 2q35.",0.8201754385964912,0.8201754385964912,,http://purl.obolibrary.org/obo/DOID_0111222,"Una miopatía centronuclear autosómica recesiva caracterizada por hipotonía neonatal grave, insuficiencia respiratoria y dificultad para alimentarse que tiene_su_base_material_en mutación homocigota o heterocigota compuesta en SPEG en 2q35.","Una miopatía centronuclear autosómica recesiva caracterizada por hipotonía neonatal grave, insuficiencia respiratoria y dificultad para alimentarse que tiene base material en una mutación homocigótica o heterocigótica compuesta en SPEG en 2q35.",,0.9580573951434879,0.8456375838926175,0.9943415696713527,0.8541703463905813,1,0.7290836653386454
,,,,http://purl.obolibrary.org/obo/DOID_0111223,"An autosomal dominant centronuclear myopathy characterized by slowly progressive muscle wasting and weakness involving mainly the limb girdle, trunk, and neck muscles that has_material_basis_in heterozygous mutation in DNM2 on 19p13.2.","An autosomal dominant centronuclear myopathy characterized by slowly progressive muscle wasting and weakness primarily affecting the muscles of the girdle of the extremities, trunk and neck that has_its_base_material_in heterozygous mutation in DNM2 at 19p13.2.",0.7279693486590038,0.7279693486590038,,http://purl.obolibrary.org/obo/DOID_0111223,"Una miopatía centronuclear autosómica dominante caracterizada por un desgaste muscular lentamente progresivo y debilidad que afecta principalmente a los músculos de la cintura de las extremidades, el tronco y el cuello que tiene_su_base_material_en mutación heterocigota en DNM2 en 19p13.2.","Una miopatía centronuclear autosómica dominante caracterizada por atrofia y debilidad muscular lentamente progresiva que afecta principalmente a los músculos de la cintura de las extremidades, el tronco y el cuello y que tiene una mutación heterocigótica en DNM2 en 19p13.2.",,0.9112903225806451,0.7428571428571429,0.9834303055455355,0.752936709,0.9444444444444444,0.5979381443298969
,,,,http://purl.obolibrary.org/obo/DOID_0111224,An autosomal dominant centronuclear myopathy that has_material_basis_in heterozygous mutation in CCDC78 on 16p13.3.,An autosomal dominant centronuclear myopathy that has a heterozygous mutation in CCDC78 at 16p13.3.,0.8347826086956522,0.8347826086956522,,http://purl.obolibrary.org/obo/DOID_0111224,Una miopatía centronuclear autosómica dominante que tiene_su_base_material_en mutación heterocigota en CCDC78 en 16p13.3.,Una miopatía centronuclear autosómica dominante que tiene una mutación heterocigótica en CCDC78 en 16p13.3.,,0.9158878504672897,0.8269230769230769,0.9795143681036516,0.829380506,0.9333333333333333,0.7049180327868853
,,,,http://purl.obolibrary.org/obo/DOID_0111225,A centronuclear myopathy that has_material_basis_in X-linked inheritance of mutations in MTM1 on Xq28.,A centronuclear myopathy that has its material basis in X-linked inheritance of mutations in MTM1 at Xq28.,0.9150943396226415,0.9150943396226415,,http://purl.obolibrary.org/obo/DOID_0111225,Una miopatía centronuclear que tiene_su_base_material_en la herencia ligada al cromosoma X de mutaciones en MTM1 en Xq28.,Una miopatía centronuclear que tiene_material_basis_in herencia ligada al cromosoma X de mutaciones en MTM1 en Xq28.,,0.9326923076923077,0.8118811881188119,0.9817674478706768,0.8161496522607246,0.967741935,0.6949152542372882
,,,,http://purl.obolibrary.org/obo/DOID_0111226,"A congenital fiber-type disproportion characterized by bilateral ptosis, facial weakness, impaired suckling, generalized hypotonia, and respiratory insufficiency that has_material_basis_in mutation in the chromosome region Xq13.1-q22.1.","A fibrous-type congenital disproportion characterized by bilateral ptosis, facial weakness, impaired sucking, generalized hypotonia and respiratory failure that has_its_base_material_mutation in the chromosomal region Xq13.1-q22.1.",0.788135593,0.788135593,,http://purl.obolibrary.org/obo/DOID_0111226,"Una desproporción congénita de tipo fibroso caracterizada por ptosis bilateral, debilidad facial, alteración de la succión, hipotonía generalizada e insuficiencia respiratoria que tiene_su_base_material_en mutación en la región cromosómica Xq13.1-q22.1.","Una desproporción congénita del tipo de fibra caracterizada por ptosis bilateral, debilidad facial, alteración de la succión, hipotonía generalizada e insuficiencia respiratoria que tiene una mutación en la región cromosómica Xq13.1-q22.1.",,0.9550321199143469,0.789587852,0.9941463746650696,0.8048697056621462,1,0.6420664206642066
,,exact,5,http://purl.obolibrary.org/obo/DOID_0112374,A congenital muscular dystrophy characterized by muscular dystrophy resulting from defective glycosylation of dystroglycan.,A congenital muscular dystrophy characterized by muscular dystrophy resulting from defective glycosylation of dystroglycan.,1,1,exact,http://purl.obolibrary.org/obo/DOID_0112374,Una distrofia muscular congénita caracterizada por una distrofia muscular resultante de una glicosilación defectuosa del distroglicano.,Una distrofia muscular congénita caracterizada por una distrofia muscular resultante de una glicosilación defectuosa del distroglicano.,exact,1,1,1,1,1,1
,,,,http://purl.obolibrary.org/obo/DOID_0111230,A congenital muscular dystrophy-dystroglycanopathy type A that has_material_basis_in homozygous or compound heterozygous mutation in B3GALNT2 on 1q42.3.,A congenital muscular dystrophy-dystroglycanopathy type A that has_its_base_material_in homozygous or compound heterozygous mutation in B3GALNT2 at 1q42.3.,0.9032258064516129,0.9032258064516129,,http://purl.obolibrary.org/obo/DOID_0111230,Una distrofia muscular congénita-distroglicanopatía tipo A que tiene_su_base_material_en mutación homocigota o heterocigota compuesta en B3GALNT2 en 1q42.3.,Una distrofia-distroglicanopatía muscular congénita tipo A que tiene una mutación homocigótica o heterocigótica compuesta en B3GALNT2 en 1q42.3.,,0.9771986970684039,0.8970099667774086,0.9964209129237396,0.9069437124468626,1,0.8037974683544303
,,,,http://purl.obolibrary.org/obo/DOID_0111231,A congenital muscular dystrophy-dystroglycanopathy type A that has_material_basis_in homozygous or compound heterozygous mutation in POMGNT2 on 3p22.1.,A congenital muscular dystrophy-dystroglycanopathy type A that has_its_base_material_in homozygous or compound heterozygous mutation in POMGNT2 at 3p22.1.,0.9025974025974026,0.9025974025974026,,http://purl.obolibrary.org/obo/DOID_0111231,Una distrofia muscular congénita-distroglicanopatía tipo A que tiene_su_base_material_en mutación homocigota o heterocigota compuesta en POMGNT2 en 3p22.1.,Una distrofia-distroglicanopatía muscular congénita tipo A que tiene una mutación homocigótica o heterocigótica compuesta en POMGNT2 en 3p22.1.,,0.9770491803278688,0.8963210702341137,0.9964350582282224,0.9063816394624329,1,0.802547771
,,,,http://purl.obolibrary.org/obo/DOID_0111232,A congenital muscular dystrophy-dystroglycanopathy type A that has_material_basis_in homozygous or compound heterozygous mutation in DAG1 on 3p21.31.,A congenital muscular dystrophy-dystroglycanopathy type A that has_its_base_material_in homozygous or compound heterozygous mutation in DAG1 at 3p21.31.,0.9013157894736842,0.9013157894736842,,http://purl.obolibrary.org/obo/DOID_0111232,Una distrofia muscular congénita-distroglicanopatía tipo A que tiene_su_base_material_en mutación homocigota o heterocigota compuesta en DAG1 en 3p21.31.,Una distrofia-distroglicanopatía muscular congénita tipo A que tiene una mutación homocigótica o heterocigótica compuesta en DAG1 en 3p21.31.,,0.9767441860465116,0.8949152542372881,0.9964462944182046,0.9052368735483409,1,0.8
,,,,http://purl.obolibrary.org/obo/DOID_0111233,A congenital muscular dystrophy-dystroglycanopathy type A that has_material_basis_in homozygous or compound heterozygous mutation in in GMPPB on 3p21.31.,A congenital muscular dystrophy-dystroglycanopathy type A that has_its_base_material_in homozygous or compound heterozygous mutation in GMPPB at 3p21.31.,0.8823529411764706,0.8823529411764706,,http://purl.obolibrary.org/obo/DOID_0111233,Una distrofia muscular congénita-distroglicanopatía tipo A que tiene_su_base_material_en mutación homocigota o heterocigota compuesta en en GMPPB en 3p21.31.,Una distrofia-distroglicanopatía muscular congénita tipo A que tiene una mutación homocigótica o heterocigótica compuesta en GMPPB en 3p21.31.,,0.9673202614379085,0.8866666666666667,0.9943538372962991,0.8988732217312797,1,0.7961783439490446
,,,,http://purl.obolibrary.org/obo/DOID_0111234,A congenital muscular dystrophy-dystroglycanopathy type A that has_material_basis_in homozygous or compound heterozygous mutation in ISPD on 7p21.2-p21.1.,A congenital muscular dystrophy-dystroglycanopathy type A that has_its_base_material_in homozygous or compound heterozygous mutation in ISPD at 7p21.2-p21.1.,0.9044585987261147,0.9044585987261147,,http://purl.obolibrary.org/obo/DOID_0111234,Una distrofia muscular congénita-distroglicanopatía tipo A que tiene_su_base_material_en mutación homocigota o heterocigota compuesta en ISPD en 7p21.2-p21.1.,Una distrofia-distroglicanopatía muscular congénita tipo A que tiene una mutación homocigótica o heterocigótica compuesta en ISPD en 7p21.2-p21.1.,,0.977491961,0.898360656,0.9965041439783188,0.9091260923674509,1,0.8050314465408805
,,,,http://purl.obolibrary.org/obo/DOID_0111235,A congenital muscular dystrophy-dystroglycanopathy type A that has_material_basis_in homozygous or compound heterozygous mutation in POMK on 8p11.21.,A congenital muscular dystrophy-dystroglycanopathy type A that has_its_base_material_in homozygous or compound heterozygous mutation in POMK at 8p11.21.,0.9013157894736842,0.9013157894736842,,http://purl.obolibrary.org/obo/DOID_0111235,Una distrofia muscular congénita-distroglicanopatía tipo A que tiene_su_base_material_en mutación homocigota o heterocigota compuesta en POMK en 8p11.21.,Una distrofia-distroglicanopatía muscular congénita tipo A que tiene una mutación homocigótica o heterocigótica compuesta en POMK en 8p11.21.,,0.9767441860465116,0.8949152542372881,0.9964294135117452,0.9052368735483409,1,0.8
,,,,http://purl.obolibrary.org/obo/DOID_0111236,A congenital muscular dystrophy-dystroglycanopathy type A that has_material_basis_in homozygous or compound heterozygous mutation in POMGNT1 on 1p34.1.,A congenital muscular dystrophy-dystroglycanopathy type A that has_its_base_material_in homozygous or compound heterozygous mutation in POMGNT1 at 1p34.1.,0.9025974025974026,0.9025974025974026,,http://purl.obolibrary.org/obo/DOID_0111236,Una distrofia muscular congénita-distroglicanopatía tipo A que tiene_su_base_material_en mutación homocigota o heterocigota compuesta en POMGNT1 en 1p34.1.,Una distrofia-distroglicanopatía muscular congénita tipo A que tiene una mutación homocigótica o heterocigótica compuesta en POMGNT1 en 1p34.1.,,0.9770491803278688,0.8963210702341137,0.9964350582282224,0.9063816394624329,1,0.802547771
,,,,http://purl.obolibrary.org/obo/DOID_0111237,A congenital muscular dystrophy-dystroglycanopathy type A that has_material_basis_in homozygous or compound heterozygous mutation in POMT1 on 9q34.13.,A congenital muscular dystrophy-dystroglycanopathy type A that has_its_base_material_in homozygous or compound heterozygous mutation in POMT1 at 9q34.13.,0.9019607843137255,0.9019607843137255,,http://purl.obolibrary.org/obo/DOID_0111237,Una distrofia muscular congénita-distroglicanopatía tipo A que tiene_su_base_material_en mutación homocigota o heterocigota compuesta en POMT1 en 9q34.13.,Una distrofia-distroglicanopatía muscular congénita tipo A que tiene una mutación homocigótica o heterocigótica compuesta en POMT1 en 9q34.13.,,0.97689769,0.8956228956228957,0.9964037900472442,0.9058127349344666,1,0.8012820512820513
,,,,http://purl.obolibrary.org/obo/DOID_0111238,A congenital muscular dystrophy-dystroglycanopathy type A that has_material_basis_in homozygous or compound heterozygous mutation in B4GAT1 on 11q13.2.,A congenital muscular dystrophy-dystroglycanopathy type A that has_its_base_material_in homozygous or compound heterozygous mutation in B4GAT1 at 11q13.2.,0.9025974025974026,0.9025974025974026,,http://purl.obolibrary.org/obo/DOID_0111238,Una distrofia muscular congénita-distroglicanopatía tipo A que tiene_su_base_material_en mutación homocigota o heterocigota compuesta en B4GAT1 en 11q13.2.,Una distrofia-distroglicanopatía muscular congénita tipo A que tiene una mutación homocigótica o heterocigótica compuesta en B4GAT1 en 11q13.2.,,0.9770491803278688,0.8963210702341137,0.9964406851691743,0.9063816394624329,1,0.802547771
,,,,http://purl.obolibrary.org/obo/DOID_0111239,A congenital muscular dystrophy-dystroglycanopathy type A that has_material_basis_in homozygous or compound heterozygous mutation in RXYLT1 on 12q14.2.,A congenital muscular dystrophy-dystroglycanopathy type A that has_its_base_material_in homozygous or compound heterozygous mutation in RXYLT1 at 12q14.2.,0.9025974025974026,0.9025974025974026,,http://purl.obolibrary.org/obo/DOID_0111239,Una distrofia muscular congénita-distroglicanopatía tipo A que tiene_su_base_material_en mutación homocigota o heterocigota compuesta en RXYLT1 en 12q14.2.,Una distrofia-distroglicanopatía muscular congénita tipo A que tiene una mutación homocigótica o heterocigótica compuesta en RXYLT1 en 12q14.2.,,0.9770491803278688,0.8963210702341137,0.9964180704151636,0.9063816394624329,1,0.802547771
,,,,http://purl.obolibrary.org/obo/DOID_0111240,A congenital muscular dystrophy-dystroglycanopathy type A that has_material_basis_in homozygous or compound heterozygous mutation in POMT2 on 14q24.3.,A congenital muscular dystrophy-dystroglycanopathy type A that has_its_base_material_in homozygous or compound heterozygous mutation in POMT2 at 14q24.3.,0.9019607843137255,0.9019607843137255,,http://purl.obolibrary.org/obo/DOID_0111240,Una distrofia muscular congénita-distroglicanopatía tipo A que tiene_su_base_material_en mutación homocigota o heterocigota compuesta en POMT2 en 14q24.3.,Una distrofia-distroglicanopatía muscular congénita tipo A que tiene una mutación homocigótica o heterocigótica compuesta en POMT2 en 14q24.3.,,0.97689769,0.8956228956228957,0.9964037900472442,0.9058127349344666,1,0.8012820512820513
,,,,http://purl.obolibrary.org/obo/DOID_0111241,A congenital muscular dystrophy-dystroglycanopathy type A that has_material_basis_in homozygous or compound heterozygous mutation in FKRP on 19q13.32.,A congenital muscular dystrophy-dystroglycanopathy type A that has_its_base_material_in homozygous or compound heterozygous mutation in FKRP at 19q13.32.,0.9019607843137255,0.9019607843137255,,http://purl.obolibrary.org/obo/DOID_0111241,Una distrofia muscular congénita-distroglicanopatía tipo A que tiene_su_base_material_en mutación homocigota o heterocigota compuesta en FKRP en 19q13.32.,Una distrofia-distroglicanopatía muscular congénita tipo A que tiene una mutación homocigótica o heterocigótica compuesta en FKRP en 19q13.32.,,0.97689769,0.8956228956228957,0.9964037900472442,0.9058127349344666,1,0.8012820512820513
,,,,http://purl.obolibrary.org/obo/DOID_0111242,A congenital muscular dystrophy-dystroglycanopathy type A that has_material_basis_in homozygous or compound heterozygous mutation in LARGE on 22q12.3.,A congenital muscular dystrophy-dystroglycanopathy type A that has_its_base_material_in homozygous or compound heterozygous mutation in LARGE at 22q12.3.,0.9019607843137255,0.9019607843137255,,http://purl.obolibrary.org/obo/DOID_0111242,Una distrofia muscular congénita-distroglicanopatía tipo A que tiene_su_base_material_en mutación homocigota o heterocigota compuesta en LARGE en 22q12.3.,Una distrofia-distroglicanopatía muscular congénita tipo A que tiene una mutación homocigótica o heterocigótica compuesta en GRANDE en 22q12.3.,,0.97689769,0.8956228956228957,0.9964209129237396,0.9058127349344666,1,0.8012820512820513
,,,,http://purl.obolibrary.org/obo/DOID_0111244,"An ectodermal dysplasia characterized by autosomal dominant inheritance of severe hyperkeratosis, congenital alopecia, and in some patients nail anomalies that has_material_basis_in heterozygous mutation in GJA1 on 6q22.31.","An ectodermal dysplasia characterized by autosomal dominant inheritance of severe hyperkeratosis, congenital alopecia and, in some patients, nail anomalies that has its material basis in the heterozygous mutation in GJA1 at 6q22.31.",0.9310344827586207,0.9310344827586207,,http://purl.obolibrary.org/obo/DOID_0111244,"Una displasia ectodérmica caracterizada por la herencia autosómica dominante de hiperqueratosis grave, alopecia congénita y, en algunos pacientes, anomalías ungueales que tiene_su_base_material_en la mutación heterocigota en GJA1 en 6q22.31.","Una displasia ectodérmica caracterizada por herencia autosómica dominante de hiperqueratosis grave, alopecia congénita y, en algunos pacientes, anomalías ungueales que tiene base material en una mutación heterocigótica en GJA1 en 6q22.31.",,0.9582417582417583,0.8507795100222717,0.9950137469749504,0.8586753249347602,0.9705882352941176,0.7380952380952381
,,,,http://purl.obolibrary.org/obo/DOID_0111245,"An ectodermal dysplasia characterized by autosomal recessive inheritance of alopecia, progressive palmoplantar hyperkeratosis resulting in sclerodactyly and usually associated with cataracts and pseudoainhum formation.","An ectodermal dysplasia characterized by autosomal recessive inheritance of alopecia, progressive palmoplantar hyperkeratosis that gives rise to sclerodactyly and is usually associated with cataracts and pseudoainhumation formation.",0.9008620689655172,0.9008620689655172,,http://purl.obolibrary.org/obo/DOID_0111245,"Una displasia ectodérmica caracterizada por la herencia autosómica recesiva de alopecia, hiperqueratosis palmoplantar progresiva que da lugar a esclerodactilia y suele asociarse a cataratas y formación de pseudoainhumaciones.","Una displasia ectodérmica caracterizada por herencia autosómica recesiva de alopecia, hiperqueratosis palmoplantar progresiva que resulta en esclerodactilia y generalmente asociada con cataratas y formación de pseudoainhum.",,0.9555555555555556,0.8783783783783784,0.9970853956897837,0.890538034,1,0.7838983050847458
,,,,http://purl.obolibrary.org/obo/DOID_0111334,"A syndrome characterized by severe early-onset obesity, hyperphagia, hypogonadotropic hypogonadism, and neuroendocrine and metabolic dysfunction that has_material_basis_in homozygous or compound heterozygous mutation in LEP on chromosome 7q32.1.","Syndrome characterized by early-onset severe obesity, hyperphagia, hypogonadotropic hypogonadism, and neuroendocrine and metabolic dysfunction that has_its_material_base_in a homozygous or compound heterozygous mutation in LEP on chromosome 7q32.1.",0.8991935483870968,0.8991935483870968,,http://purl.obolibrary.org/obo/DOID_0111334,"Síndrome caracterizado por obesidad grave de aparición precoz, hiperfagia, hipogonadismo hipogonadotrópico y disfunción neuroendocrina y metabólica que tiene_su_base_material_en una mutación homocigota o heterocigota compuesta en LEP en el cromosoma 7q32.1.","Un síndrome caracterizado por obesidad grave de aparición temprana, hiperfagia, hipogonadismo hipogonadotrópico y disfunción neuroendocrina y metabólica que tiene base material en una mutación homocigótica o heterocigótica compuesta en LEP en el cromosoma 7q32.1.",,0.9858012170385395,0.9240246406570842,0.9990495794554586,0.9352143089164646,0.9444444444444444,0.8471074380165289
,,,,http://purl.obolibrary.org/obo/DOID_0111347,"An autosomal dominant dystrophic epidermolysis bullosa characterized by severe blistering of skin and mucous membranes, congenital absence of skin on the lower extremities and congenital absence or deformity of nails that has_material_basis_in heterozygous mutation in the COL7A1 gene on chromosome 3p21.31.","An autosomal dominant dystrophic epidermolysis bullosa characterized by severe blistering of the skin and mucous membranes, congenital absence of skin on the lower extremities, and congenital absence or deformity of the nails that has its material basis in a heterozygous mutation in the COL7A1 gene on chromosome 3p21.31.",0.9440993788819876,0.9440993788819876,,http://purl.obolibrary.org/obo/DOID_0111347,"Una epidermólisis bullosa distrófica autosómica dominante caracterizada por ampollas graves en la piel y las mucosas, ausencia congénita de piel en las extremidades inferiores y ausencia o deformidad congénita de las uñas que tiene_su_base_material_en una mutación heterocigota en el gen COL7A1 del cromosoma 3p21.31.","Una epidermólisis ampollosa distrófica autosómica dominante caracterizada por ampollas graves en la piel y las membranas mucosas, ausencia congénita de piel en las extremidades inferiores y ausencia o deformidad congénita de las uñas que tiene base material en una mutación heterocigota en el gen COL7A1 en el cromosoma 3p21.31.",,0.9666136724960255,0.9085072231139647,0.9968683463259652,0.92037409,0.9722222222222222,0.8469387755102041
,,,,http://purl.obolibrary.org/obo/DOID_0111359,A skin disease characterized by the presence at birth of a pigmented skin lesion composed of melanocytes of more than 20 cm in projected adult diameter that has_material_basis_in somatic mutation in the NRAS gene on chromosome 11p15.5.,Skin disease characterized by the presence at birth of a pigmented skin lesion composed of melanocytes of more than 20 cm in diameter projected in adulthood that has_its_base_material_in somatic mutation in the NRAS gene on chromosome 11p15.5.,0.8477366255144033,0.8477366255144033,,http://purl.obolibrary.org/obo/DOID_0111359,Enfermedad cutánea caracterizada por la presencia al nacer de una lesión cutánea pigmentada compuesta por melanocitos de más de 20 cm de diámetro proyectado en la edad adulta que tiene_su_base_material_en mutación somática en el gen NRAS del cromosoma 11p15.5.,Enfermedad de la piel caracterizada por la presencia al nacer de una lesión cutánea pigmentada compuesta por melanocitos de más de 20 cm de diámetro proyectado en la edad adulta que tiene una mutación somática en el gen NRAS en el cromosoma 11p15.5.,,0.9748953974895398,0.8940677966101696,0.9985824249737685,0.9069437379346662,1,0.8155737704918032
,,,,http://purl.obolibrary.org/obo/DOID_0111363,"A congenital nonspherocytic hemolytic anemia characterized by nonspherocytic hemolytic anemia of Dacie type I with Heinz bodies seen in erythrocytes after splenectomy that has_material_basis_in heterozygous mutation in the HBA1, HBA2 or HBB genes on chromosome 11p15.4, 16p13.3, and 16p13.3, respectively.","Congenital non-spherocytic hemolytic anemia characterized by Dacie type I non-spherocytic hemolytic anemia with Heinz bodies observed in erythrocytes after splenectomy that has_its_material_base_in a heterozygous mutation in the HBA1,HBA2 or HBB genes on chromosome 11p15.4,16p13.3 and 16p13.3, respectively.",0.8376623376623377,0.8376623376623377,,http://purl.obolibrary.org/obo/DOID_0111363,"Anemia hemolítica congénita no esferocítica caracterizada por anemia hemolítica no esferocítica de Dacie tipo I con cuerpos de Heinz observados en los eritrocitos tras una esplenectomía que tiene_su_base_material_en una mutación heterocigota en los genes HBA1,HBA2 o HBB en el cromosoma 11p15.4,16p13.3 y 16p13.3,respectivamente.","Anemia hemolítica congénita no esferocítica caracterizada por anemia hemolítica no esferocítica de Dacie tipo I con cuerpos de Heinz observados en eritrocitos después de una esplenectomía que tiene una mutación heterocigótica en los genes HBA1, HBA2 o HBB en el cromosoma 11p15.4, 16p13.3 y 16p13.3, respectivamente. .",,0.9690048939641109,0.8467874794069192,0.9974809454106646,0.8683945960990378,0.9487179487179487,0.7333333333333333
,,exact,5,http://purl.obolibrary.org/obo/DOID_0111396,"A congenital dyserythropoietic anemia characterized by autosomal recessive inheritance of macrocytic anemia, ineffective erythropoiesis, and secondary hemochromatosis.","A congenital dyserythropoietic anemia characterized by autosomal recessive inheritance of macrocytic anemia, ineffective erythropoiesis, and secondary hemochromatosis.",1,1,exact,http://purl.obolibrary.org/obo/DOID_0111396,"Una anemia diseritropoyética congénita caracterizada por la herencia autosómica recesiva de anemia macrocítica, eritropoyesis ineficaz y hemocromatosis secundaria.","Anemia diseritropoyética congénita caracterizada por herencia autosómica recesiva de anemia macrocítica, eritropoyesis ineficaz y hemocromatosis secundaria.",,1,1,1,1,1,1
,,,,http://purl.obolibrary.org/obo/DOID_1338,"A congenital hemolytic anemia characterized by ineffective erythropoiesis, and resulting from a decrease in the number of red blood cells (RBCs) in the body and a less than normal quantity of hemoglobin in the blood.","A congenital hemolytic anemia characterized by ineffective erythropoiesis, resulting from a decrease in the number of red blood cells (RBCs) in the body and a lower than normal amount of hemoglobin in the blood.",0.9305555555555556,0.9305555555555556,,http://purl.obolibrary.org/obo/DOID_1338,"Una anemia hemolítica congénita caracterizada por una eritropoyesis ineficaz, y que resulta de una disminución del número de glóbulos rojos (GR) en el organismo y de una cantidad de hemoglobina en la sangre inferior a la normal.",Anemia hemolítica congénita caracterizada por una eritropoyesis ineficaz y resultante de una disminución en el número de glóbulos rojos (RBC) en el cuerpo y una cantidad menor de lo normal de hemoglobina en la sangre.,,0.9648711943793911,0.9026128266033254,0.9971632506604323,0.9208358618508103,0.9375,0.8151658767772512
,,,,http://purl.obolibrary.org/obo/DOID_0111397,A congenital dyserythropoietic anemia type I that has_material_basis_in homozygous or compound heterozygous mutation in C15orf41 on chromosome 15q14.,A congenital dyserythropoietic anemia type I that has a homozygous or compound heterozygous mutation at C15orf41 on chromosome 15q14.,0.872483221,0.872483221,,http://purl.obolibrary.org/obo/DOID_0111397,Una anemia diseritropoyética congénita tipo I que tiene_su_base_material_en mutación homocigota o heterocigota compuesta en C15orf41 en el cromosoma 15q14.,Una anemia diseritropoyética congénita tipo I que tiene una mutación homocigótica o heterocigótica compuesta en C15orf41 en el cromosoma 15q14.,,0.9361702127659575,0.8695652173913043,0.9853932184771127,0.879664438,0.9333333333333333,0.7615894039735099
,,,,http://purl.obolibrary.org/obo/DOID_0111398,A congenital dyserythropoietic anemia type I that has_material_basis_in homozygous or compound heterozygous mutation in the CDAN1 gene on chromosome 15q15.2.,A congenital dyserythropoietic anemia type I that has_its_material_base_in a homozygous or compound heterozygous mutation in the CDAN1 gene on chromosome 15q15.2.,0.9506172839506173,0.9506172839506173,,http://purl.obolibrary.org/obo/DOID_0111398,Una anemia diseritropoyética congénita tipo I que tiene_su_base_material_en una mutación homocigota o heterocigota compuesta en el gen CDAN1 del cromosoma 15q15.2.,Una anemia diseritropoyética congénita tipo I que tiene una base material en una mutación homocigótica o heterocigótica compuesta en el gen CDAN1 en el cromosoma 15q15.2.,,0.9843260188087775,0.9329073482428115,0.9990415533276303,0.9370425713316364,1,0.8703703703703703
,,,,http://purl.obolibrary.org/obo/DOID_0111399,"A congenital dyserythropoietic anemia characterized by nonprogressive mild to moderate anemia, macrocytosis in the peripheral blood, and giant multinucleated erythroblasts that has_material_basis_in heterozygous mutation in an 11 cM interval within chromosome 15q21-q25.","A congenital dyserythropoietic anemia characterized by mild to moderate non-progressive anemia, peripheral blood macrocytosis, and giant multinucleated erythroblasts that has its material basis in a heterozygous mutation within an 11 cM interval within chromosome 15q21-q25.",0.7700729927007299,0.7700729927007299,,http://purl.obolibrary.org/obo/DOID_0111399,"Una anemia diseritropoyética congénita caracterizada por anemia no progresiva de leve a moderada, macrocitosis en la sangre periférica y eritroblastos multinucleados gigantes que tiene_su_base_material_en una mutación heterocigota en un intervalo de 11 cM dentro del cromosoma 15q21-q25.","Anemia diseritropoyética congénita caracterizada por anemia no progresiva de leve a moderada, macrocitosis en la sangre periférica y eritroblastos multinucleados gigantes que tiene una mutación heterocigótica en un intervalo de 11 cM dentro del cromosoma 15q21-q25.",,0.9742647058823529,0.8587360594795539,0.9975704659492628,0.8715069618162544,0.96875,0.7655172413793103
,,,,http://purl.obolibrary.org/obo/DOID_0111400,A congenital dyserythropoietic anemia characterized by ineffective erythropoiesis and hemolysis resulting in anemia and abnormal erythroblast morphology that has_material_basis_in heterozygous mutation in the KLF1 gene on chromosome 19p13.13.,A congenital dyserythropoietic anemia characterized by ineffective erythropoiesis and hemolysis causing anemia and abnormal erythroblast morphology that has_its_material_base_in a heterozygous mutation in the KLF1 gene on chromosome 19p13.13.,0.9338842975206612,0.9338842975206612,,http://purl.obolibrary.org/obo/DOID_0111400,Una anemia diseritropoyética congénita caracterizada por una eritropoyesis ineficaz y hemólisis que provoca anemia y una morfología anormal de los eritroblastos que tiene_su_base_material_en una mutación heterocigota en el gen KLF1 del cromosoma 19p13.13.,Anemia diseritropoyética congénita caracterizada por eritropoyesis ineficaz y hemólisis que resultan en anemia y morfología anormal de los eritroblastos que tiene base material en una mutación heterocigótica en el gen KLF1 en el cromosoma 19p13.13.,,0.9834710743801653,0.9121338912133892,0.9985647025368389,0.9280876342322404,1,0.8270042194092827
,,,,http://purl.obolibrary.org/obo/DOID_0111401,"A congenital dyserythropoietic anemia characterized by mild to severe anemia, bi- and multinucleated erythroblasts in bone marrow, jaundice and splenomegaly and may lead to liver iron overload and gallstones that has_material_basis_in homozygous or compound heterozygous mutation in the SEC23B gene on chromosome 20p11.23.","A congenital dyserythropoietic anemia characterized by mild to severe anemia, binucleated and multinucleated erythroblasts in the bone marrow, jaundice and splenomegaly and which can cause iron overload in the liver and gallstones that has_its_base_material_in a homozygous or compound heterozygous mutation in the SEC23B gene of the chromosome 20p11.23.",0.827683616,0.827683616,,http://purl.obolibrary.org/obo/DOID_0111401,"Una anemia diseritropoyética congénita caracterizada por anemia de leve a grave, eritroblastos binucleados y multinucleados en la médula ósea, ictericia y esplenomegalia y que puede provocar sobrecarga de hierro en el hígado y cálculos biliares que tiene_su_base_material_en una mutación homocigota o heterocigota compuesta en el gen SEC23B del cromosoma 20p11.23.","Una anemia diseritropoyética congénita caracterizada por anemia de leve a grave, eritroblastos bi y multinucleados en la médula ósea, ictericia y esplenomegalia y que puede provocar sobrecarga de hierro en el hígado y cálculos biliares que tiene base material en una mutación homocigótica o heterocigótica compuesta en el gen SEC23B en el cromosoma 20p11.23.",,0.9408284023668639,0.8388059701492537,0.995002976,0.8571355686060854,0.9459459459459459,0.7507246376811594
,,,,http://purl.obolibrary.org/obo/DOID_0111568,"A connective tissue disease characterized by dislocation of the talonavicular joint with vertical orientation of the talus and rigid dorsal dislocation of the navicular, equinus deformity of the calcaneus, abduction deformity of the forefoot, and contracture of the soft tissues of the hind- and mid-foot that has_material_basis_in heterozygous mutation in the HOXD10 gene on chromosome 2q31.1.","Connective tissue disease characterized by dislocation of the talonavicular joint with vertical orientation of the talus and rigid dorsal dislocation of the navicular, equinus deformity of the calcaneus, abduction deformity of the forefoot and contracture of the soft tissues of the hindfoot and midfoot that has_its_material_base_in a mutation heterozygous in the HOXD10 gene on chromosome 2q31.1.",0.914572864,0.914572864,,http://purl.obolibrary.org/obo/DOID_0111568,"Enfermedad del tejido conjuntivo caracterizada por la luxación de la articulación talonavicular con orientación vertical del astrágalo y luxación dorsal rígida del navicular, deformidad en equino del calcáneo, deformidad en abducción del antepié y contractura de los tejidos blandos del retropié y el mediopié que tiene_su_base_material_en una mutación heterocigota en el gen HOXD10 del cromosoma 2q31.1.","Enfermedad del tejido conectivo caracterizada por dislocación de la articulación talonavicular con orientación vertical del astrágalo y dislocación dorsal rígida del escafoides, deformidad en equino del calcáneo, deformidad en abducción del antepié y contractura de los tejidos blandos de la parte posterior y media del pie. pie que tiene_material_basis_in mutación heterocigótica en el gen HOXD10 en el cromosoma 2q31.1.",,0.9823232323232324,0.9287531806615776,0.99921876,0.9594534436789312,0.9210526315789473,0.850609756
,,,,http://purl.obolibrary.org/obo/DOID_0111591,"A syndrome characterized by congenital heart defects, hamartomas of tongue, and polysyndactyly that has_material_basis_in homozygous or compound heterozygous mutation in the WDPCP gene on chromosome 2p15.","Syndrome characterized by congenital heart defects, lingual hamartoma and polysyndactyly that has its material base in a homozygous or compound heterozygous mutation in the WDPCP gene on chromosome 2p15.",0.8382352941176471,0.8382352941176471,,http://purl.obolibrary.org/obo/DOID_0111591,"Síndrome caracterizado por defectos cardiacos congénitos, hamartoma lingual y polisindactilia que tiene_su_base_material_en mutación homocigota o heterocigota compuesta en el gen WDPCP del cromosoma 2p15.","Un síndrome caracterizado por defectos cardíacos congénitos, hamartomas de la lengua y polisindactilia que tiene base material en una mutación homocigótica o heterocigótica compuesta en el gen WDPCP en el cromosoma 2p15.",,0.9533169533169533,0.8229426433915212,0.9925660995812288,0.8367838202798938,0.9090909090909091,0.6991150442477876
,,,,http://purl.obolibrary.org/obo/DOID_0111595,"A distal arthrogryposis characterized by contractures, arachnodactyly, scoliosis, and crumpled ears that has_material_basis_in heterozygous mutation in the FBN2 gene on chromosome 5q23.3.","A distal arthrogryposis characterized by contractures, arachnodactyly, scoliosis and wrinkled ears that has_its_material_base_in a heterozygous mutation in the FBN2 gene on chromosome 5q23.3.",0.9319371727748691,0.9319371727748691,,http://purl.obolibrary.org/obo/DOID_0111595,"Una artrogriposis distal caracterizada por contracturas, aracnodactilia, escoliosis y orejas arrugadas que tiene_su_base_material_en una mutación heterocigota en el gen FBN2 del cromosoma 5q23.3.","Una artrogriposis distal caracterizada por contracturas, aracnodactilia, escoliosis y orejas arrugadas que tiene base material en una mutación heterocigota en el gen FBN2 en el cromosoma 5q23.3.",,0.962962963,0.8817204301075269,0.9971362888079427,0.8878013236378093,0.9393939393939394,0.7920792079207921
,,,,http://purl.obolibrary.org/obo/DOID_0111633,A carbohydrate metabolic disorder characterized by malabsorption of oligosaccharides and disaccharides that has_material_basis_in homozygous or compound heterozygous mutation in SI on chromosome 3q26.1.,Carbohydrate metabolic disorder characterized by poor absorption of oligosaccharides and disaccharides that has_its_material_base_in a homozygous or compound heterozygous mutation in SI on chromosome 3q26.1.,0.9227053140096618,0.9227053140096618,,http://purl.obolibrary.org/obo/DOID_0111633,Trastorno metabólico de los hidratos de carbono caracterizado por una mala absorción de oligosacáridos y disacáridos que tiene_su_base_material_en una mutación homocigota o heterocigota compuesta en SI en el cromosoma 3q26.1.,Un trastorno metabólico de carbohidratos caracterizado por malabsorción de oligosacáridos y disacáridos que tiene base material en una mutación homocigótica o heterocigótica compuesta en SI en el cromosoma 3q26.1.,,0.9682151589242054,0.9032258064516129,0.9976334459763581,0.9193039174879495,0.9375,0.806930693
,,,,http://purl.obolibrary.org/obo/DOID_0111646,A carbohydrate metabolic disorder characterized by watery diarrhea in infants fed with breast milk or other lactose-containing formulas that has_material_basis_in homozygous or compound heterozygous mutation in LCT on chromosome 2q21.3.,Carbohydrate metabolic disorder characterized by watery diarrhea in infants fed breast milk or other lactose-containing formulas that have a homozygous or compound heterozygous LCT mutation on chromosome 2q21.3.,0.847457627,0.847457627,,http://purl.obolibrary.org/obo/DOID_0111646,Trastorno metabólico de los hidratos de carbono caracterizado por diarrea acuosa en lactantes alimentados con leche materna u otras fórmulas que contienen lactosa que tiene_su_base_material_en mutación homocigota o heterocigota compuesta en LCT en el cromosoma 2q21.3.,Un trastorno metabólico de los carbohidratos caracterizado por diarrea acuosa en lactantes alimentados con leche materna u otras fórmulas que contienen lactosa que tiene una base material en una mutación homocigótica o heterocigótica compuesta en LCT en el cromosoma 2q21.3.,,0.9351230425055929,0.8707482993197279,0.9931363771902908,0.881880091,0.9142857142857143,0.7815126050420168
,,,,http://purl.obolibrary.org/obo/DOID_0111706,"An orofacial cleft characterized by a congenital unilateral or bilateral oculo-facial defect beginning at the upper lip lateral to the Cupid's bow, then running lateral to the nasal wing, ending at the the lower eyelid lateral to the inferior punctum that has_material_basis_in heterozygous mutation in the SPECC1L gene on chromosome 22q11.23.","An orofacial cleft characterized by a unilateral or bilateral congenital oculo-facial defect that begins in the upper lip lateral to Cupid's bow, then runs lateral to the nasal ala, ending in the lower eyelid lateral to the lower point that has_its_base_material_in heterozygous mutation in the SPECC1L gene on chromosome 22q11.23.",0.7842565597667639,0.7842565597667639,,http://purl.obolibrary.org/obo/DOID_0111706,"Una hendidura orofacial caracterizada por un defecto óculo-facial congénito unilateral o bilateral que comienza en el labio superior lateral al arco de Cupido, luego corre lateral al ala nasal, terminando en el párpado inferior lateral al punto inferior que tiene_su_base_material_en mutación heterocigota en el gen SPECC1L en el cromosoma 22q11.23.","Una hendidura orofacial caracterizada por un defecto oculofacial congénito unilateral o bilateral que comienza en el labio superior lateral al arco de Cupido, luego corre lateral al ala nasal y termina en el párpado inferior lateral al punto inferior que tiene una mutación heterocigota en el Gen SPECC1L en el cromosoma 22q11.23.",,0.9614243323442137,0.8083832335329342,0.9969289266588753,0.8727665528323809,1,0.69375
,,,,http://purl.obolibrary.org/obo/DOID_0111716,A physical disorder characterized by ocular dysplasia with eyelid malformation.,Physical disorder characterized by ocular dysplasia with malformation of the eyelids.,0.7058823529411764,0.7058823529411764,,http://purl.obolibrary.org/obo/DOID_0111716,Trastorno físico caracterizado por una displasia ocular con malformación de los párpados.,Un trastorno físico caracterizado por displasia ocular con malformación del párpado.,,0.9390243902439024,0.8481012658227848,0.9910105837513442,0.8487134414963843,0.9166666666666666,0.7362637362637363
,,,,http://purl.obolibrary.org/obo/DOID_0111717,A cryptophthalmia characterized by absence of the eyelids with skin covering the eye and often an underlying malformed eye.,A cryptophthalmia characterized by the absence of eyelids with skin covering the eye and often an underlying ocular malformation.,0.8372093023255813,0.8372093023255813,,http://purl.obolibrary.org/obo/DOID_0111717,Una criptoftalmia caracterizada por la ausencia de párpados con piel que cubre el ojo y a menudo una malformación ocular subyacente.,"Una criptoftalmia caracterizada por la ausencia de los párpados con piel que cubre el ojo y, a menudo, un ojo malformado subyacente.",,0.9365079365079365,0.8536585365853658,0.9879791697229675,0.8666904445084661,1,0.753731343
,,,,http://purl.obolibrary.org/obo/DOID_0111718,"An isolated cryptophthalmia characterized by an ill-defined upper eyelid that is completely fused, often over an abnormally developed globe and a keratinized cornea.","An isolated cryptophthalmia characterized by an ill-defined and completely fused upper eyelid, often over an abnormally developed globe and a keratinized cornea.",0.8181818181818181,0.8181818181818181,,http://purl.obolibrary.org/obo/DOID_0111718,"Una criptoftalmia aislada caracterizada por un párpado superior mal definido y completamente fusionado, a menudo sobre un globo anormalmente desarrollado y una córnea queratinizada.","Criptoftalmia aislada caracterizada por un párpado superior mal definido que está completamente fusionado, a menudo sobre un globo anormalmente desarrollado y una córnea queratinizada.",,0.9754601226993865,0.93125,0.9973975134251476,0.9356885143550886,1,0.8841463414634146
,,,,http://purl.obolibrary.org/obo/DOID_0111719,An isolated cryptophthalmia characterized by failure of formation of the lid folds and globe results in skin extending from the brow to the cheek without identifiable adnexal structures and often the presence of a vestigial ocular structure or cyst within the socket.,An isolated cryptophthalmia characterized by a failure in the formation of the eyelid and globe folds results in skin extending from the eyebrow to the cheek without identifiable adnexal structures and often the presence of a vestigial ocular structure or a cyst within the basin.,0.8821428571428571,0.8821428571428571,,http://purl.obolibrary.org/obo/DOID_0111719,Una criptoftalmia aislada caracterizada por un fallo en la formación de los pliegues del párpado y el globo resulta en una piel que se extiende desde la ceja hasta la mejilla sin estructuras anexiales identificables y a menudo la presencia de una estructura ocular vestigial o un quiste dentro de la cuenca.,"Una criptoftalmia aislada caracterizada por falla en la formación de los pliegues del párpado y el globo da como resultado una extensión de piel desde la frente hasta la mejilla sin estructuras anexiales identificables y, a menudo, la presencia de una estructura ocular vestigial o quiste dentro de la cavidad.",,0.9579524680073126,0.8761552680221811,0.9966794157977609,0.897572358,1,0.7992565055762082
,,,,http://purl.obolibrary.org/obo/DOID_0111720,An isolated cryptophthalmia characterized by fusion of the upper eyelid skin to the superior aspect of the globe often associated with microphthalmia.,"An isolated cryptophthalmia characterized by fusion of the skin of the upper eyelid with the upper surface of the globe, often associated with microphthalmia.",0.8227848101265822,0.8227848101265822,,http://purl.obolibrary.org/obo/DOID_0111720,"Una criptoftalmia aislada caracterizada por la fusión de la piel del párpado superior con la cara superior del globo terráqueo, a menudo asociada a una microftalmia.","Una criptoftalmia aislada caracterizada por la fusión de la piel del párpado superior con la cara superior del globo ocular, a menudo asociada con microftalmia.",,0.961038961,0.8013245033112583,0.9955264218766414,0.8643164669089157,0.9615384615384616,0.7046979865771812
,,,,http://purl.obolibrary.org/obo/DOID_0111733,"A syndrome characterized by partial pancreatic agenesis, diabetes mellitus, and heart anomalies that has_material_basis_in heterozygous mutation in GATA6 on chromosome 18q11.2.","Syndrome characterized by partial pancreatic agenesis, diabetes mellitus and cardiac anomalies that has_its_material_base_in a heterozygous mutation in GATA6 on chromosome 18q11.2.",0.9,0.9,,http://purl.obolibrary.org/obo/DOID_0111733,"Síndrome caracterizado por agenesia pancreática parcial, diabetes mellitus y anomalías cardiacas que tiene_su_base_material_en una mutación heterocigota en GATA6 en el cromosoma 18q11.2.","Un síndrome caracterizado por agenesia pancreática parcial, diabetes mellitus y anomalías cardíacas que tiene base material en una mutación heterocigótica en GATA6 en el cromosoma 18q11.2.",,0.9662921348314607,0.8571428571428572,0.9961168866398202,0.860388903,0.96875,0.7474747474747475
,,,,http://purl.obolibrary.org/obo/DOID_0111790,A congenital nystagmus that has_material_basis_in mutation in the FRMD7 gene on chromosome Xq26.2.,A congenital nystagmus that has_its_base_material_mutation in the FRMD7 gene on chromosome Xq26.2.,0.846938776,0.846938776,,http://purl.obolibrary.org/obo/DOID_0111790,Un nistagmo congénito que tiene_su_base_material_en mutación en el gen FRMD7 en el cromosoma Xq26.2.,Un nistagmo congénito que tiene una mutación en el gen FRMD7 en el cromosoma Xq26.2.,,0.9693877551020408,0.8631578947368421,0.9947738123269134,0.8631578947368422,1,0.7592592592592593
,,,,http://purl.obolibrary.org/obo/DOID_9649,"A pathologic nystagmus, present at birth, characterized by involuntary, rhythmic eye movements; oscillations are usually horizontal in direction.","A pathological nystagmus, present at birth, characterized by involuntary and rhythmic eye movements that normally oscillate in a horizontal direction.",0.78,0.78,,http://purl.obolibrary.org/obo/DOID_9649,"Un nistagmo patológico, presente al nacer, caracterizado por movimientos oculares involuntarios y rítmicos que ;oscilan normalmente en dirección horizontal.","Un nistagmo patológico, presente al nacer, caracterizado por movimientos oculares rítmicos e involuntarios; Las oscilaciones suelen ser de dirección horizontal.",,0.9355932203389831,0.7612456747404844,0.9903468097528026,0.7629271414291483,0.96,0.6179775280898876
,,,,http://purl.obolibrary.org/obo/DOID_0111791,A congenital nystagmus that has_material_basis_in heterozygous mutation in a region of chromosome 1q31.3-q32.1.,A congenital nystagmus that has_its_material_base_in a heterozygous mutation in a region of chromosome 1q31.3-q32.1.,0.9310344827586207,0.9310344827586207,,http://purl.obolibrary.org/obo/DOID_0111791,Un nistagmo congénito que tiene_su_base_material_en una mutación heterocigota en una región del cromosoma 1q31.3-q32.1.,Un nistagmo congénito que tiene base_material_en una mutación heterocigótica en una región del cromosoma 1q31.3-q32.1.,,0.9779735682819384,0.9049773755656109,0.9981143035238146,0.9089992314354237,1,0.8389830508474576
,,,,http://purl.obolibrary.org/obo/DOID_0111792,A congenital nystagmus that has_material_basis_in heterozygous mutation in a region of chromosome 6p12.,A congenital nystagmus that has its material basis in a heterozygous mutation in a region of chromosome 6p12.,0.9174311926605505,0.9174311926605505,,http://purl.obolibrary.org/obo/DOID_0111792,Un nistagmo congénito que tiene_su_base_material_en una mutación heterocigota en una región del cromosoma 6p12.,Un nistagmo congénito que tiene base_material_en una mutación heterocigótica en una región del cromosoma 6p12.,,0.9433962264150944,0.8349514563106796,0.983785077,0.8438959075132302,0.9615384615384616,0.7327586206896551
,,,,http://purl.obolibrary.org/obo/DOID_0111793,A congenital nystagmus that has_material_basis_in heterozygous mutation in a region of chromosome 7p11.2.,A congenital nystagmus that has its material basis in a heterozygous mutation in a region of chromosome 7p11.2.,0.9189189189189189,0.9189189189189189,,http://purl.obolibrary.org/obo/DOID_0111793,Un nistagmo congénito que tiene_su_base_material_en una mutación heterocigota en una región del cromosoma 7p11.2.,Un nistagmo congénito que tiene_material_basis_in mutación heterocigótica en una región del cromosoma 7p11.2.,,0.9444444444444444,0.8380952380952381,0.9838447993516879,0.8467150598477297,0.9615384615384616,0.7372881355932204
,,,,http://purl.obolibrary.org/obo/DOID_0111795,A congenital nystagmus that has_material_basis_in hemizygous of homoxygous mutation in the GPR143 gene on chromosome Xp22.2.,A congenital nystagmus that has_its_material_base_in a hemizygous or homozygous mutation in the GPR143 gene on chromosome Xp22.2.,0.9224806201550387,0.9224806201550387,,http://purl.obolibrary.org/obo/DOID_0111795,Un nistagmo congénito que tiene_su_base_material_en una mutación hemicigota u homocigótica en el gen GPR143 del cromosoma Xp22.2.,Un nistagmo congénito que tiene base_material_en hemicigotos de mutación homoxigótica en el gen GPR143 en el cromosoma Xp22.2.,,0.9644268774703557,0.8502024291497976,0.9964037900472443,0.8585463832049101,0.9375,0.7391304347826086
,,,,http://purl.obolibrary.org/obo/DOID_0111796,A congenital nystagmus that has_material_basis_in hemizygous or heterozygous mutation in a region of chromosome Xp11.4.,A congenital nystagmus that has its material basis in a hemizygous or heterozygous mutation in a region of chromosome Xp11.4.,0.928,0.928,,http://purl.obolibrary.org/obo/DOID_0111796,Un nistagmo congénito que tiene_su_base_material_en una mutación hemicigota o heterocigótica en una región del cromosoma Xp11.4.,Un nistagmo congénito que tiene base material en una mutación hemicigota o heterocigota en una región del cromosoma Xp11.4.,,0.9508196721311475,0.8571428571428572,0.9871461354008945,0.8721135307871394,0.9615384615384616,0.7578125
,,exact,5,http://purl.obolibrary.org/obo/DOID_0111797,A congenital nystagmus characterized by autosomal recessive inheritance.,A congenital nystagmus characterized by autosomal recessive inheritance.,1,1,exact,http://purl.obolibrary.org/obo/DOID_0111797,Un nistagmo congénito caracterizado por una herencia autosómica recesiva.,Un nistagmo congénito caracterizado por herencia autosómica recesiva.,,1,1,1,1,1,1
,,,,http://purl.obolibrary.org/obo/DOID_0111808,A syndromic microphthalmia characterized by unilateral or bilateral microphthalmia and linear skin defects on the face and neck in females and in utero lethality in males that has_material_basis_in heterozygous or hemizygous mutation in the HCCS gene on chromosome Xp22.2.,A syndromic microphthalmia characterized by unilateral or bilateral microphthalmia and linear skin defects on the face and neck in women and fetal death in men that has a heterozygous or hemizygous mutation in the HCCS gene on chromosome Xp22.2.,0.8602941176470589,0.8602941176470589,,http://purl.obolibrary.org/obo/DOID_0111808,Una microftalmia sindrómica caracterizada por microftalmia unilateral o bilateral y defectos cutáneos lineales en la cara y el cuello en las mujeres y muerte fetal en los hombres que tiene_su_base_material_en mutación heterocigota o hemicigota en el gen HCCS del cromosoma Xp22.2.,Una microftalmia sindrómica caracterizada por microftalmia unilateral o bilateral y defectos cutáneos lineales en la cara y el cuello en las mujeres y letalidad en el útero en los hombres que tiene base material en una mutación heterocigota o hemicigota en el gen HCCS en el cromosoma Xp22.2.,,0.9400386847195358,0.821917808,0.9926580315989997,0.8581457342669389,0.9354838709677419,0.6848249027237354
,,,,http://purl.obolibrary.org/obo/DOID_0111835,A congenital hypothyroidism characterized by a small thyroid gland with low free T4 levels and inappropriately normal levels of thyroid-stimulating hormone that has_material_basis_in hemizygous mutation in the IRS4 gene on chromosome Xq22.3.,A congenital hypothyroidism characterized by a small thyroid gland with low levels of free T4 and inappropriately normal levels of thyroid-stimulating hormone that has a hemizygous mutation in the IRS4 gene on chromosome Xq22.3.,0.8755186721991701,0.8755186721991701,,http://purl.obolibrary.org/obo/DOID_0111835,Un hipotiroidismo congénito caracterizado por una glándula tiroides pequeña con niveles bajos de T4 libre y niveles inapropiadamente normales de hormona estimulante de la tiroides que tiene_su_base_material_en mutación hemicigota en el gen IRS4 en el cromosoma Xq22.3.,Un hipotiroidismo congénito caracterizado por una glándula tiroides pequeña con niveles bajos de T4 libre y niveles inapropiadamente normales de hormona estimulante de la tiroides que tiene una mutación hemicigota en el gen IRS4 en el cromosoma Xq22.3.,,0.9552238805970149,0.9114470842332614,0.9944663598317736,0.9251709405776866,0.9722222222222222,0.8412017167381974
,,,,http://purl.obolibrary.org/obo/DOID_0111836,"A congenital hypothyroidism characterized by normal-to-low T4 and normal-to-high thyrotropin levels, with reduced or absent pituitary responsiveness to thyrotropin-releasing hormone that has_material_basis_in homozygous or compound heterozygous mutation in the TRHR gene on chromosome 8q23.1.","Congenital hypothyroidism characterized by normal to low T4 levels and normal to high thyrotropin levels, with reduced or absent pituitary response to thyrotropin-releasing hormone that has a homozygous or compound heterozygous mutation in the TRHR gene on chromosome 8q23.1.",0.8732876712328768,0.8732876712328768,,http://purl.obolibrary.org/obo/DOID_0111836,"Hipotiroidismo congénito caracterizado por niveles de T4 de normales a bajos y de tirotropina de normales a altos, con respuesta hipofisaria reducida o ausente a la hormona liberadora de tirotropina que tiene_su_base_material_en mutación homocigota o heterocigota compuesta en el gen TRHR del cromosoma 8q23.1.","Un hipotiroidismo congénito caracterizado por niveles de T4 normales a bajos y de tirotropina normales a altos, con respuesta pituitaria reducida o ausente a la hormona liberadora de tirotropina que tiene una base material en una mutación homocigótica o heterocigótica compuesta en el gen TRHR en el cromosoma 8q23.1.",,0.9453262786596119,0.8520499108734403,0.990821351,0.8550961553348049,0.918918919,0.759581882
,,,,http://purl.obolibrary.org/obo/DOID_0111837,A congenital hypothyroidism characterized by relatively mild central hypothyroidism that has_material_basis_in heterozygous or hemizygous mutation in the TBL1X gene on chromosome Xp22.3-p22.2.,Congenital hypothyroidism characterized by a relatively mild central hypothyroidism that has_its_base_material_in heterozygous or hemizygous mutation in the TBL1X gene on chromosome Xp22.3-p22.2.,0.9076923076923077,0.9076923076923077,,http://purl.obolibrary.org/obo/DOID_0111837,Hipotiroidismo congénito caracterizado por un hipotiroidismo central relativamente leve que tiene_su_base_material_en mutación heterocigota o hemicigota en el gen TBL1X del cromosoma Xp22.3-p22.2.,Un hipotiroidismo congénito caracterizado por un hipotiroidismo central relativamente leve que tiene una mutación heterocigota o hemicigota en el gen TBL1X en el cromosoma Xp22.3-p22.2.,,0.9819121447028424,0.9186351706036745,0.9984490309928505,0.9333527581506207,0.9393939393939394,0.8324324324324325
,,,,http://purl.obolibrary.org/obo/DOID_0111839,"A congenital disorder of glycosylation type I characterized by developmental delay, impaired intellectual development, and mild facial dysmorphism associated with abnormal serum transferrin isoelectic focusing consistent with a type 1 pattern that has_material_basis_in hemizygous mutation in the MAGT1 gene on chromosome Xq21.1.","A congenital type I glycosylation disorder characterized by developmental delay, poor intellectual development, and mild facial dysmorphism associated with abnormal isoelectric focusing of serum transferrin consistent with a type 1 pattern that has a hemizygous mutation in the MAGT1 gene on chromosome Xq21. 1.",0.7811550151975684,0.7811550151975684,,http://purl.obolibrary.org/obo/DOID_0111839,"Un trastorno congénito de la glucosilación tipo I caracterizado por retraso del desarrollo, desarrollo intelectual deficiente y dismorfismo facial leve asociado con un enfoque isoeléctrico anormal de la transferrina sérica consistente con un patrón de tipo 1 que tiene_su_base_material_en mutación hemicigota en el gen MAGT1 del cromosoma Xq21.1.","Un trastorno congénito de la glicosilación tipo I caracterizado por retraso en el desarrollo, deterioro del desarrollo intelectual y dismorfismo facial leve asociado con una concentración isoeléctrica anormal de la transferrina sérica consistente con un patrón de tipo 1 que tiene una base material en una mutación hemicigota en el gen MAGT1 en el cromosoma Xq21.1.",,0.959375,0.861198738,0.995246125,0.8831975297918377,0.9714285714285714,0.7417417417417418
,,,,http://purl.obolibrary.org/obo/DOID_0111846,A congenital hemolytic anemia characterized by mild congenital hemolytic anemia without morphologic red cell abnormalities that has_material_basis_in hemizygous mutation in the ATP11C gene on chromosome Xq27.1.,A congenital hemolytic anemia characterized by a mild congenital hemolytic anemia without morphological abnormalities of the red blood cells that has_its_material_base_in a hemizygous mutation in the ATP11C gene on chromosome Xq27.1.,0.8240343347639485,0.8240343347639485,,http://purl.obolibrary.org/obo/DOID_0111846,Una anemia hemolítica congénita caracterizada por una anemia hemolítica congénita leve sin anomalías morfológicas de los glóbulos rojos que tiene_su_base_material_en una mutación hemicigota en el gen ATP11C del cromosoma Xq27.1.,Anemia hemolítica congénita caracterizada por anemia hemolítica congénita leve sin anomalías morfológicas de los glóbulos rojos que tiene base material en una mutación hemicigota en el gen ATP11C en el cromosoma Xq27.1.,,0.9480812641083521,0.8695652173913043,0.9968167856117588,0.899243111,0.9696969696969697,0.75
,,,,http://purl.obolibrary.org/obo/DOID_0111862,A male infertility that is characterized by bilateral absence of the vas deferens resulting in obstroctive azoospermia and male infertility.,"Male infertility characterized by bilateral absence of the vas deferens, causing obstructive azoospermia and male infertility.",0.85,0.85,,http://purl.obolibrary.org/obo/DOID_0111862,"Infertilidad masculina que se caracteriza por la ausencia bilateral de los conductos deferentes, lo que provoca azoospermia obstructiva e infertilidad masculina.","Infertilidad masculina que se caracteriza por la ausencia bilateral de los conductos deferentes, lo que produce azoospermia obstructiva e infertilidad masculina.",,0.9172932330827068,0.8076923076923077,0.9924152764712493,0.84114459,0.8846153846153846,0.6595744680851063
,,,,http://purl.obolibrary.org/obo/DOID_0111863,A congenital bilateral absence of vas deferens that has_material_basis_in mutation in the ADGRG2 gene on chromosome Xp22.13.,A congenital bilateral absence of vas deferens that has_its_base_material_mutation in the ADGRG2 gene on chromosome Xp22.13.,0.8790322580645161,0.8790322580645161,,http://purl.obolibrary.org/obo/DOID_0111863,Una ausencia bilateral congénita de conductos deferentes que tiene_su_base_material_en mutación en el gen ADGRG2 en el cromosoma Xp22.13.,Una ausencia bilateral congénita de conducto deferente que tiene una mutación en el gen ADGRG2 en el cromosoma Xp22.13.,,0.9758064516129032,0.8925619834710744,0.9968153522680927,0.8943089430894308,1,0.8045112781954887
,,,,http://purl.obolibrary.org/obo/DOID_0111864,A congenital bilateral absence of vas deferens that has_material_basis_in homozygous or compound heterozygous mutation in the CFTR gene on chromosome 7q31.2.,A congenital bilateral absence of the vas deferens that has its material basis in a homozygous or compound heterozygous mutation in the CFTR gene on chromosome 7q31.2.,0.9221556886227544,0.9221556886227544,,http://purl.obolibrary.org/obo/DOID_0111864,Una ausencia bilateral congénita de los conductos deferentes que tiene_su_base_material_en una mutación homocigota o heterocigota compuesta en el gen CFTR del cromosoma 7q31.2.,Una ausencia bilateral congénita de conductos deferentes que tiene base material en una mutación homocigótica o heterocigótica compuesta en el gen CFTR en el cromosoma 7q31.2.,,0.9506172839506173,0.8679245283018868,0.9911894373828984,0.8811660687121098,0.9705882352941176,0.7764705882352941
,,,,http://purl.obolibrary.org/obo/DOID_0111876,"A linear skin defects with multiple congenital anomalies characterized by linear skin defects, cardiomyopathy, and various other congenital anomalies that has_material_basis_in heterozygous mutation in the NDUFB11 gene on chromosome Xp11.3.","A linear skin defect with multiple congenital anomalies characterized by linear skin defects, cardiomyopathy and other various congenital anomalies that has_its_material_base_in heterozygous mutation in the NDUFB11 gene on chromosome Xp11.3.",0.917012448,0.917012448,,http://purl.obolibrary.org/obo/DOID_0111876,"Un defecto cutáneo lineal con múltiples anomalías congénitas caracterizado por defectos cutáneos lineales, cardiomiopatía y otras anomalías congénitas diversas que tiene_su_base_material_en mutación heterocigota en el gen NDUFB11 del cromosoma Xp11.3.","Defectos cutáneos lineales con múltiples anomalías congénitas caracterizados por defectos cutáneos lineales, miocardiopatía y varias otras anomalías congénitas que tienen una mutación heterocigótica en el gen NDUFB11 en el cromosoma Xp11.3.",,0.9896049896049897,0.9136842105263158,0.9993087937036146,0.9344011960342963,1,0.8181818181818182
,,,,http://purl.obolibrary.org/obo/DOID_0111877,"A linear skin defects with multiple congenital anomalies characterized by linear skin defects, microcephaly, facial dysmorphism, and other congenital anomalies that has_material_basis_in heterozygous mutation in the COX7B gene on chromosome Xq21.1.","A linear skin defect with multiple congenital anomalies characterized by linear skin defects, microcephaly, facial dysmorphism and other congenital anomalies that has its material basis in a heterozygous mutation in the COX7B gene on chromosome Xq21.1.",0.9563492063492064,0.9563492063492064,,http://purl.obolibrary.org/obo/DOID_0111877,"Un defecto cutáneo lineal con múltiples anomalías congénitas caracterizado por defectos cutáneos lineales, microcefalia, dismorfismo facial y otras anomalías congénitas que tiene_su_base_material_en una mutación heterocigota en el gen COX7B del cromosoma Xq21.1.","Un defecto cutáneo lineal con múltiples anomalías congénitas caracterizado por defectos cutáneos lineales, microcefalia, dismorfismo facial y otras anomalías congénitas que tiene base material en una mutación heterocigótica en el gen COX7B en el cromosoma Xq21.1.",,0.976,0.902834008,0.9965662292852411,0.925506007,0.9714285714285714,0.8060344827586207
,,,,http://purl.obolibrary.org/obo/DOID_0111878,A Diamond-Blackfan anemia that has_material_basis_in heterozygous mutation in the RPL11 gene on chromosome 1p36.11.,A Diamond-Blackfan anemia that has_its_material_base_in a heterozygous mutation in the RPL11 gene on chromosome 1p36.11.,0.9333333333333333,0.9333333333333333,,http://purl.obolibrary.org/obo/DOID_0111878,Una anemia de Diamond-Blackfan que tiene_su_base_material_en una mutación heterocigota en el gen RPL11 en el cromosoma 1p36.11.,Una anemia de Diamond-Blackfan que tiene_material_basis_in mutación heterocigótica en el gen RPL11 en el cromosoma 1p36.11.,,0.9787234042553191,0.9082969432314411,0.9984206864784647,0.9085135251589957,1,0.832
,,,,http://purl.obolibrary.org/obo/DOID_1339,A congenital hypoplastic anemia that is characterized by anemia (low red blood cell counts) with decreased erythroid progenitors in the bone marrow and has_material_basis_insufficient levels of red blood cells due to bone marrow dysfunction.,Congenital hypoplastic anemia characterized by anemia (low red blood cell count) with decreased erythroid progenitors in the bone marrow and having insufficient levels of red blood cells due to bone marrow dysfunction.,0.8838174273858921,0.8838174273858921,,http://purl.obolibrary.org/obo/DOID_1339,Anemia hipoplásica congénita que se caracteriza por anemia (recuento bajo de glóbulos rojos) con disminución de los progenitores eritroides en la médula ósea y tiene_su_base_material niveles insuficientes de glóbulos rojos debido a una disfunción de la médula ósea.,Una anemia hipoplásica congénita que se caracteriza por anemia (recuento bajo de glóbulos rojos) con disminución de los progenitores eritroides en la médula ósea y niveles insuficientes de glóbulos rojos debido a una disfunción de la médula ósea.,,0.9324618736383442,0.8874172185430463,0.9922391031991515,0.9127683462874184,0.896551724,0.7737556561085973
,,,,http://purl.obolibrary.org/obo/DOID_0111879,A Diamond-Blackfan anemia that has_material_basis_in heterozygous mutation in the RPL5 gene on chromosome 1p22.1.,A Diamond-Blackfan anemia that has_its_material_base_in a heterozygous mutation in the RPL5 gene on chromosome 1p22.1.,0.9322033898305084,0.9322033898305084,,http://purl.obolibrary.org/obo/DOID_0111879,Una anemia de Diamond-Blackfan que tiene_su_base_material_en una mutación heterocigota en el gen RPL5 en el cromosoma 1p22.1.,Una anemia de Diamond-Blackfan que tiene_material_basis_in mutación heterocigótica en el gen RPL5 en el cromosoma 1p22.1.,,0.9783549783549783,0.9066666666666666,0.9984217999264021,0.9068906179277497,1,0.8292682926829268
,,,,http://purl.obolibrary.org/obo/DOID_0111880,A Diamond-Blackfan anemia that has_material_basis_in heterozygous mutation in the RPS27 gene on chromosome 1q21.3.,A Diamond-Blackfan anemia that has its material basis in a heterozygous mutation in the RPS27 gene on chromosome 1q21.3.,0.925,0.925,,http://purl.obolibrary.org/obo/DOID_0111880,Una anemia de Diamond-Blackfan que tiene_su_base_material_en una mutación heterocigota en el gen RPS27 en el cromosoma 1q21.3.,Una anemia de Diamond-Blackfan que tiene_material_basis_in mutación heterocigótica en el gen RPS27 en el cromosoma 1q21.3.,,0.9487179487179487,0.8508771929824561,0.9850477787917169,0.8526898739856528,0.9714285714285714,0.7461538461538462
,,,,http://purl.obolibrary.org/obo/DOID_0111881,A Diamond-Blackfan anemia that has_material_basis_in heterozygous mutation in the RPS7 gene on chromosome 2p25.3.,A Diamond-Blackfan anemia that has its material basis in a heterozygous mutation in the RPS7 gene on chromosome 2p25.3.,0.9243697478991597,0.9243697478991597,,http://purl.obolibrary.org/obo/DOID_0111881,Una anemia de Diamond-Blackfan que tiene_su_base_material_en una mutación heterocigota en el gen RPS7 del cromosoma 2p25.3.,Una anemia de Diamond-Blackfan que tiene_material_basis_in mutación heterocigótica en el gen RPS7 en el cromosoma 2p25.3.,,0.9482758620689655,0.8495575221238938,0.9850222611075213,0.8514014550118539,0.9714285714285714,0.7441860465116279
,,,,http://purl.obolibrary.org/obo/DOID_0111882,A Diamond-Blackfan anemia that has_material_basis_in heterozygous mutation in the RPL15 gene on chromosome 3p24.2.,A Diamond-Blackfan anemia that has_its_material_base_in a heterozygous mutation in the RPL15 gene on chromosome 3p24.2.,0.9327731092436975,0.9327731092436975,,http://purl.obolibrary.org/obo/DOID_0111882,Una anemia de Diamond-Blackfan que tiene_su_base_material_en una mutación heterocigota en el gen RPL15 en el cromosoma 3p24.2.,Una anemia de Diamond-Blackfan que tiene_material_basis_in mutación heterocigótica en el gen RPL15 en el cromosoma 3p24.2.,,0.9785407725321889,0.9074889867841409,0.9984219156015739,0.9077092072742724,1,0.8306451612903226
,,,,http://purl.obolibrary.org/obo/DOID_0111883,A Diamond-Blackfan anemia that has_material_basis_in heterozygous mutation in the RPL35A gene on chromosome 3q29.,A Diamond-Blackfan anemia that has its material basis in a heterozygous mutation in the RPL35A gene on chromosome 3q29.,0.9243697478991597,0.9243697478991597,,http://purl.obolibrary.org/obo/DOID_0111883,Una anemia de Diamond-Blackfan que tiene_su_base_material_en una mutación heterocigota en el gen RPL35A en el cromosoma 3q29.,Una anemia de Diamond-Blackfan que tiene_material_basis_in mutación heterocigótica en el gen RPL35A en el cromosoma 3q29.,,0.9482758620689655,0.8495575221238938,0.9850222611075213,0.8514014550118539,0.9714285714285714,0.7441860465116279
,,,,http://purl.obolibrary.org/obo/DOID_0111884,A Diamond-Blackfan anemia that has_material_basis_in heterozygous mutation in the RPS10 gene on chromosome 6p21.31.,A Diamond-Blackfan anemia that has_its_material_base_in a heterozygous mutation in the RPS10 gene on chromosome 6p21.31.,0.9333333333333333,0.9333333333333333,,http://purl.obolibrary.org/obo/DOID_0111884,Una anemia de Diamond-Blackfan que tiene_su_base_material_en una mutación heterocigota en el gen RPS10 en el cromosoma 6p21.31.,Una anemia de Diamond-Blackfan que tiene_material_basis_in mutación heterocigótica en el gen RPS10 en el cromosoma 6p21.31.,,0.9787234042553191,0.9082969432314411,0.9984213958916921,0.9085135251589957,1,0.832
,,,,http://purl.obolibrary.org/obo/DOID_0111885,A Diamond-Blackfan anemia that has_material_basis_in mutation in a region of chromosome 8p23.3-p22.,A Diamond-Blackfan anemia that has_its_base_material_mutation in a region of chromosome 8p23.3-p22.,0.8484848484848485,0.8484848484848485,,http://purl.obolibrary.org/obo/DOID_0111885,Una anemia de Diamond-Blackfan que tiene_su_base_material_en mutación en una región del cromosoma 8p23.3-p22.,Una anemia de Diamond-Blackfan que tiene una mutación en una región del cromosoma 8p23.3-p22.,,0.9696969696969697,0.8645833333333334,0.9950230992624477,0.8673469387755102,1,0.7592592592592593
,,,,http://purl.obolibrary.org/obo/DOID_0111886,A Diamond-Blackfan anemia that has_material_basis_in heterozygous mutation in the RPL35 gene on chromosome 9q33.3.,A Diamond-Blackfan anemia that has_its_material_base_in a heterozygous mutation in the RPL35 gene on chromosome 9q33.3.,0.9327731092436975,0.9327731092436975,,http://purl.obolibrary.org/obo/DOID_0111886,Una anemia de Diamond-Blackfan que tiene_su_base_material_en una mutación heterocigota en el gen RPL35 en el cromosoma 9q33.3.,Una anemia de Diamond-Blackfan que tiene_material_basis_in mutación heterocigótica en el gen RPL35 en el cromosoma 9q33.3.,,0.9785407725321889,0.9074889867841409,0.9984210195500268,0.9077092072742724,1,0.8306451612903226
,,,,http://purl.obolibrary.org/obo/DOID_0111887,A Diamond-Blackfan anemia that has_material_basis_in heterozygous mutation in the RPS24 gene on chromosome 10q22.3.,A Diamond-Blackfan anemia that has_its_material_base_in a heterozygous mutation in the RPS24 gene on chromosome 10q22.3.,0.9333333333333333,0.9333333333333333,,http://purl.obolibrary.org/obo/DOID_0111887,Una anemia de Diamond-Blackfan que tiene_su_base_material_en una mutación heterocigota en el gen RPS24 en el cromosoma 10q22.3.,Una anemia de Diamond-Blackfan que tiene_material_basis_in mutación heterocigótica en el gen RPS24 en el cromosoma 10q22.3.,,0.9787234042553191,0.9082969432314411,0.9984213958916921,0.9085135251589957,1,0.832
,,,,http://purl.obolibrary.org/obo/DOID_0111888,A Diamond-Blackfan anemia that has_material_basis_in heterozygous mutation in the RPS26 gene on chromosome 12q13.2.,A Diamond-Blackfan anemia that has_its_material_base_in a heterozygous mutation in the RPS26 gene on chromosome 12q13.2.,0.9333333333333333,0.9333333333333333,,http://purl.obolibrary.org/obo/DOID_0111888,Una anemia de Diamond-Blackfan que tiene_su_base_material_en una mutación heterocigota en el gen RPS26 en el cromosoma 12q13.2.,Una anemia de Diamond-Blackfan que tiene_material_basis_in mutación heterocigótica en el gen RPS26 en el cromosoma 12q13.2.,,0.9787234042553191,0.9082969432314411,0.9984212284549885,0.9085135251589957,1,0.832
,,,,http://purl.obolibrary.org/obo/DOID_0111889,A Diamond-Blackfan anemia that has_material_basis_in heterozygous mutation in the RPS29 gene on chromosome 14q21.3.,A Diamond-Blackfan anemia that has_its_material_base_in a heterozygous mutation in the RPS29 gene on chromosome 14q21.3.,0.9333333333333333,0.9333333333333333,,http://purl.obolibrary.org/obo/DOID_0111889,Una anemia de Diamond-Blackfan que tiene_su_base_material_en una mutación heterocigota en el gen RPS29 del cromosoma 14q21.3.,Una anemia de Diamond-Blackfan que tiene_material_basis_in mutación heterocigótica en el gen RPS29 en el cromosoma 14q21.3.,,0.9787234042553191,0.9082969432314411,0.9984215862649549,0.9085135251589957,1,0.832
,,,,http://purl.obolibrary.org/obo/DOID_0111890,A Diamond-Blackfan anemia that has_material_basis_in heterozygous mutation in the RPS17 gene on chromosome 15q25.2.,A Diamond-Blackfan anemia that has its material basis in a heterozygous mutation in the RPS17 gene on chromosome 15q25.2.,0.9256198347107438,0.9256198347107438,,http://purl.obolibrary.org/obo/DOID_0111890,Una anemia de Diamond-Blackfan que tiene_su_base_material_en una mutación heterocigota en el gen RPS17 del cromosoma 15q25.2.,Una anemia de Diamond-Blackfan que tiene_material_basis_in mutación heterocigótica en el gen RPS17 en el cromosoma 15q25.2.,,0.9491525423728814,0.8521739130434782,0.9850733192360865,0.8539561296861633,0.9714285714285714,0.7480916030534351
,,,,http://purl.obolibrary.org/obo/DOID_0111891,A Diamond-Blackfan anemia that has_material_basis_in heterozygous mutation in the RPS15A gene on chromosome 16p12.3.,A Diamond-Blackfan anemia that has_its_base_material_in a heterozygous mutation in the RPS15A gene on chromosome 16p12.3.,0.8760330578512396,0.8760330578512396,,http://purl.obolibrary.org/obo/DOID_0111891,Una anemia de Diamond-Blackfan que tiene_su_base_material_en una mutación heterocigota en el gen RPS15A en el cromosoma 16p12.3.,Una anemia de Diamond-Blackfan que tiene_material_basis_in mutación heterocigótica en el gen RPS15A en el cromosoma 16p12.3.,,0.9789029535864979,0.8831168831168831,0.9984211532294379,0.8833238290404332,1,0.7906976744186046
,,,,http://purl.obolibrary.org/obo/DOID_0111892,A Diamond-Blackfan anemia that has_material_basis_in heterozygous mutation in the RPL26 gene on chromosome 17p13.1.,A Diamond-Blackfan anemia that has_its_material_base_in a heterozygous mutation in the RPL26 gene on chromosome 17p13.1.,0.9333333333333333,0.9333333333333333,,http://purl.obolibrary.org/obo/DOID_0111892,Una anemia de Diamond-Blackfan que tiene_su_base_material_en una mutación heterocigota en el gen RPL26 en el cromosoma 17p13.1.,Una anemia de Diamond-Blackfan que tiene_material_basis_in mutación heterocigótica en el gen RPL26 en el cromosoma 17p13.1.,,0.9787234042553191,0.9082969432314411,0.9984213958916921,0.9085135251589957,1,0.832
,,,,http://purl.obolibrary.org/obo/DOID_0111893,A Diamond-Blackfan anemia that has_material_basis_in heterozygous mutation in the RPL27 gene on chromosome 17q21.31.,A Diamond-Blackfan anemia that has its material basis in a heterozygous mutation in the RPL27 gene on chromosome 17q21.31.,0.9262295081967213,0.9262295081967213,,http://purl.obolibrary.org/obo/DOID_0111893,Una anemia de Diamond-Blackfan que tiene_su_base_material_en una mutación heterocigota en el gen RPL27 en el cromosoma 17q21.31.,Una anemia de Diamond-Blackfan que tiene_material_basis_in mutación heterocigótica en el gen RPL27 en el cromosoma 17q21.31.,,0.9495798319327731,0.853448276,0.9851159304629479,0.8552007894396338,0.9714285714285714,0.75
,,,,http://purl.obolibrary.org/obo/DOID_0111894,"A Diamond-Blackfan anemia characterized by Diamond-Blackfan anemia and mandibulofacial dysostosis (micrognathia, downslanting palpebral fissures, submucosal cleft palate or bifid uvula, and malar hypoplasia) that has_material_basis_in heterozygous mutation in the RPS28 gene on chromosome 19p13.2.","A Diamond-Blackfan anemia characterized by Diamond-Blackfan anemia and mandibulofacial dysostosis (micrognathia, downward-sloping palpebral fissures, submucosal cleft palate or bifid uvula, and malar hypoplasia) that has its material basis in a heterozygous mutation in the RPS28 gene on chromosome 19p13.2.",0.9446254071661238,0.9446254071661238,,http://purl.obolibrary.org/obo/DOID_0111894,"Una anemia de Diamond-Blackfan caracterizada por anemia de Diamond-Blackfan y disostosis mandibulofacial (micrognatia, fisuras palpebrales inclinadas hacia abajo, paladar hendido submucoso o úvula bífida e hipoplasia malar) que tiene_su_base_material_en mutación heterocigota en el gen RPS28 del cromosoma 19p13.2.","Anemia de Diamond-Blackfan caracterizada por anemia de Diamond-Blackfan y disostosis mandibulofacial (micrognatia, fisuras palpebrales inclinadas hacia abajo, paladar hendido submucoso o úvula bífida e hipoplasia malar) que tiene base material en una mutación heterocigótica en el gen RPS28 en el cromosoma 19p13.2.",,0.9701986754966887,0.9096989966555185,0.9972001153288583,0.9248119415558712,0.975609756,0.8271186440677966
,,,,http://purl.obolibrary.org/obo/DOID_0111895,A Diamond-Blackfan anemia that has_material_basis_in heterozygous mutation in the RPS19 gene on chromosome 19q13.2.,A Diamond-Blackfan anemia that has_its_material_base_in a heterozygous mutation in the RPS19 gene on chromosome 19q13.2.,0.9333333333333333,0.9333333333333333,,http://purl.obolibrary.org/obo/DOID_0111895,Una anemia de Diamond-Blackfan que tiene_su_base_material_en una mutación heterocigota en el gen RPS19 en el cromosoma 19q13.2.,Una anemia de Diamond-Blackfan que tiene_material_basis_in mutación heterocigótica en el gen RPS19 en el cromosoma 19q13.2.,,0.9787234042553191,0.9082969432314411,0.9984212284549885,0.9085135251589957,1,0.832
,,,,http://purl.obolibrary.org/obo/DOID_0111896,A Diamond-Blackfan anemia that has_material_basis_in heterozygous mutation in the RPL18 gene on chromosome 19q13.33.,A Diamond-Blackfan anemia that has_its_material_base_in a heterozygous mutation in the RPL18 gene on chromosome 19q13.33.,0.9338842975206612,0.9338842975206612,,http://purl.obolibrary.org/obo/DOID_0111896,Una anemia de Diamond-Blackfan que tiene_su_base_material_en una mutación heterocigota en el gen RPL18 en el cromosoma 19q13.33.,Una anemia de Diamond-Blackfan que tiene_material_basis_in mutación heterocigótica en el gen RPL18 en el cromosoma 19q13.33.,,0.9789029535864979,0.9090909090909091,0.9984209079514661,0.9093039416592694,1,0.8333333333333334
,,,,http://purl.obolibrary.org/obo/DOID_0111897,"A Diamond-Blackfan anemia characterized by Diamond-Blackfan anemia, bilateral microtia, and cleft palate that has_material_basis_in hemizygous mutation in the TSR2 gene on chromosome Xp11.22.","A Diamond-Blackfan anemia characterized by Diamond-Blackfan anemia, bilateral microtia, and cleft palate that has its material basis in a hemizygous mutation in the TSR2 gene on chromosome Xp11.22.",0.9543147208121827,0.9543147208121827,,http://purl.obolibrary.org/obo/DOID_0111897,"Una anemia de Diamond-Blackfan caracterizada por anemia de Diamond-Blackfan, microtia bilateral y paladar hendido que tiene_su_base_material_en una mutación hemicigota en el gen TSR2 del cromosoma Xp11.22.","Una anemia de Diamond-Blackfan caracterizada por anemia de Diamond-Blackfan, microtia bilateral y paladar hendido que tiene una mutación hemicigota en el gen TSR2 en el cromosoma Xp11.22.",,0.9690721649484536,0.9109947643979057,0.9946395288397539,0.929879099,0.9714285714285714,0.8186813186813187
,,,,http://purl.obolibrary.org/obo/DOID_0111932,"A brain disease characterized by severe neonatal encephalopathy, developmental delay, and microcephaly that has_material_basis_in hemizygous mutation in the MECP2 gene on chromosome Xq28.","Brain disease characterized by severe neonatal encephalopathy, developmental delay and microcephaly that has_its_material_base_in a hemizygous mutation in the MECP2 gene on chromosome Xq28.",0.9365079365079365,0.9365079365079365,,http://purl.obolibrary.org/obo/DOID_0111932,"Enfermedad cerebral caracterizada por encefalopatía neonatal grave, retraso del desarrollo y microcefalia que tiene_su_base_material_en mutación hemicigota en el gen MECP2 del cromosoma Xq28.","Una enfermedad cerebral caracterizada por encefalopatía neonatal grave, retraso en el desarrollo y microcefalia que tiene base material en una mutación hemicigota en el gen MECP2 en el cromosoma Xq28.",,0.9787234042553191,0.9135135135135135,0.998418721,0.9179607885183938,0.9411764705882353,0.8367346938775511
,,,,http://purl.obolibrary.org/obo/DOID_0112002,"A primary immunodeficiency disease characterized by liver dysfunction, recurrent bacterial infections, hypogammaglobulinemia, and defective glycosylation of serum proteins that has_material_basis_in hemizygous mutation in the ATP6AP1 gene on chromosome Xq28.","Primary immunodeficiency disease characterized by hepatic dysfunction, recurrent bacterial infections, hypogammaglobulinemia, and defective glycosylation of serum proteins that has_its_material_base_in the hemizygous mutation in the ATP6AP1 gene on chromosome Xq28.",0.9245283018867925,0.9245283018867925,,http://purl.obolibrary.org/obo/DOID_0112002,"Enfermedad de inmunodeficiencia primaria caracterizada por disfunción hepática, infecciones bacterianas recurrentes, hipogammaglobulinemia y glicosilación defectuosa de las proteínas séricas que tiene_su_base_material_en la mutación hemicigota en el gen ATP6AP1 del cromosoma Xq28.","Una enfermedad de inmunodeficiencia primaria caracterizada por disfunción hepática, infecciones bacterianas recurrentes, hipogammaglobulinemia y glicosilación defectuosa de proteínas séricas que tiene una mutación hemicigota en el gen ATP6AP1 en el cromosoma Xq28.",,0.971319312,0.9129593810444874,0.9972479774749623,0.9249151098236142,1,0.844106464
,,,,http://purl.obolibrary.org/obo/DOID_0112014,A bladder disease characterized by a massively dilated urinary bladder with disruption of the smooth muscle in the wall of the bladder that has_material_basis_in heterozygous mutation in the MYOCD gene on chromosome 17p12.,Bladder disease characterized by a massively dilated urinary bladder with alteration of the smooth muscle of the bladder wall that has_its_material_base_in heterozygous mutation in the MYOCD gene on chromosome 17p12.,0.8558558558558559,0.8558558558558559,,http://purl.obolibrary.org/obo/DOID_0112014,Enfermedad de la vejiga caracterizada por una vejiga urinaria masivamente dilatada con alteración del músculo liso de la pared de la vejiga que tiene_su_base_material_en mutación heterocigota en el gen MYOCD del cromosoma 17p12.,Una enfermedad de la vejiga caracterizada por una vejiga urinaria enormemente dilatada con alteración del músculo liso de la pared de la vejiga que tiene una mutación heterocigótica en el gen MYOCD en el cromosoma 17p12.,,0.9543379,0.8703703703703703,0.9954105153139583,0.9026683831804785,0.9428571428571428,0.7850467289719626
,,,,http://purl.obolibrary.org/obo/DOID_0112128,A severe congenital neutropenia that has_material_basis_in hemizygous activating mutation in WAS on chromosome Xp11.23.,A severe congenital neutropenia that has_its_base_material_in a hemizygous activating mutation in WAS on chromosome Xp11.23.,0.8790322580645161,0.8790322580645161,,http://purl.obolibrary.org/obo/DOID_0112128,Una neutropenia congénita grave que tiene_su_base_material_en una mutación activadora hemicigota en WAS en el cromosoma Xp11.23.,Una neutropenia congénita grave que tiene_material_basis_in una mutación activadora hemicigota en WAS en el cromosoma Xp11.23.,,0.9794238683127572,0.8860759493670887,0.9985543435872194,0.8862732049359294,1,0.7954545454545454
,,,,http://purl.obolibrary.org/obo/DOID_0112129,"A severe congenital neutropenia characterized by onset of recurrent infections in infancy or early childhood, peripheral neutropenia but normal granulocyte maturation in the bone marrow that has_material_basis_in homozygous or compound heterozygous mutation in the CSF3R gene on chromosome 1p34.3.","A severe congenital neutropenia characterized by the onset of recurrent infections in infancy or early childhood, peripheral neutropenia but normal maturation of granulocytes in the bone marrow that has a homozygous or compound heterozygous mutation in the CSF3R gene on chromosome 1p34.3.",0.8585858585858586,0.8585858585858586,,http://purl.obolibrary.org/obo/DOID_0112129,"Una neutropenia congénita grave caracterizada por la aparición de infecciones recurrentes en la infancia o la niñez temprana, neutropenia periférica pero maduración normal de granulocitos en la médula ósea que tiene_su_base_material_en mutación homocigota o heterocigota compuesta en el gen CSF3R del cromosoma 1p34.3.","Una neutropenia congénita grave caracterizada por la aparición de infecciones recurrentes en la infancia o la niñez temprana, neutropenia periférica pero maduración normal de los granulocitos en la médula ósea que tiene una base material en una mutación homocigótica o heterocigótica compuesta en el gen CSF3R en el cromosoma 1p34.3.",,0.9658703071672355,0.9103448275862069,0.9964565546565766,0.9289756185994453,0.9705882352941176,0.8447653429602888
,,,,http://purl.obolibrary.org/obo/DOID_0112130,A severe congenital neutropenia that has_material_basis_in heterozygous mutation of an autosomal gene.,A severe congenital neutropenia that has_its_material_base_in the heterozygous mutation of an autosomal gene.,0.908256881,0.908256881,,http://purl.obolibrary.org/obo/DOID_0112130,Una neutropenia congénita grave que tiene_su_base_material_en la mutación heterocigota de un gen autosómico.,Una neutropenia congénita grave que tiene base material en una mutación heterocigótica de un gen autosómico.,,0.966824645,0.8878048780487805,0.9961626284779165,0.8883229091970911,1,0.7982456140350878
,,,,http://purl.obolibrary.org/obo/DOID_0112131,An autosomal dominant severe congenital neutropenia that has_material_basis_in heterozygous mutation in the GFI1 gene on chromosome 1p22.1.,An autosomal dominant severe congenital neutropenia that has a heterozygous mutation in the GFI1 gene on chromosome 1p22.1.,0.8776978417266187,0.8776978417266187,,http://purl.obolibrary.org/obo/DOID_0112131,Una neutropenia congénita grave autosómica dominante que tiene_su_base_material_en mutación heterocigota en el gen GFI1 en el cromosoma 1p22.1.,Una neutropenia congénita grave autosómica dominante que tiene una mutación heterocigótica en el gen GFI1 en el cromosoma 1p22.1.,,0.9312977099236641,0.8984375,0.9880010267762731,0.9017089975039704,0.9310344827586207,0.8142857142857143
,,,,http://purl.obolibrary.org/obo/DOID_0112132,"A severe congenital neutropenia characterized by neutropenia and neutrophil dysfunction, a lack of response to G-CSF, life-threatening infections, bone marrow fibrosis, and renal extramedullary hematopoiesis that has_material_basis_in homozygous or compound heterozygous mutation in the VPS45 gene on chromosome 1q21.2.","A severe congenital neutropenia characterized by neutropenia and neutrophil dysfunction, lack of response to G-CSF, life-threatening infections, bone marrow fibrosis, and renal extramedullary hematopoiesis that has a homozygous or compound heterozygous mutation in the VPS45 gene on chromosome 1q21.2. .",0.9341692789968652,0.9341692789968652,,http://purl.obolibrary.org/obo/DOID_0112132,"Una neutropenia congénita grave caracterizada por neutropenia y disfunción de los neutrófilos, falta de respuesta al G-CSF, infecciones potencialmente mortales, fibrosis de la médula ósea y hematopoyesis extramedular renal que tiene_su_base_material_en mutación homocigota o heterocigota compuesta en el gen VPS45 del cromosoma 1q21.2.","Una neutropenia congénita grave caracterizada por neutropenia y disfunción de neutrófilos, falta de respuesta al G-CSF, infecciones potencialmente mortales, fibrosis de la médula ósea y hematopoyesis extramedular renal que tiene base material en una mutación homocigótica o heterocigótica compuesta en el gen VPS45 en el cromosoma 1q21.2.",,0.9678456591639871,0.9448051948051948,0.9972007729550664,0.954458782,0.975609756,0.8896321070234113
,,,,http://purl.obolibrary.org/obo/DOID_0112133,"A severe congenital neutropenia characterized by bone marrow failure resulting in low numbers of neutrophils, increased susceptibility to bacterial and fungal infections, and increased risk of developing myelodysplastic syndrome or acute myeloid leukemia that has_material_basis_in homozygous or compound heterozygous mutation in the HAX1 gene on chromosome 1q21.3.","A severe congenital neutropenia characterized by bone marrow failure resulting in a low number of neutrophils, an increased susceptibility to bacterial and fungal infections, and an increased risk of developing myelodysplastic syndrome or acute myeloid leukemia that has its material basis in a homozygous or heterozygous mutation. composed in the HAX1 gene on chromosome 1q21.3.",0.9023746701846965,0.9023746701846965,,http://purl.obolibrary.org/obo/DOID_0112133,"Una neutropenia congénita grave caracterizada por un fallo de la médula ósea que da lugar a un bajo número de neutrófilos, una mayor susceptibilidad a las infecciones bacterianas y fúngicas y un mayor riesgo de desarrollar síndrome mielodisplásico o leucemia mieloide aguda que tiene_su_base_material_en una mutación homocigota o heterocigota compuesta en el gen HAX1 del cromosoma 1q21.3.","Una neutropenia congénita grave caracterizada por insuficiencia de la médula ósea que produce un número bajo de neutrófilos, una mayor susceptibilidad a infecciones bacterianas y fúngicas y un mayor riesgo de desarrollar síndrome mielodisplásico o leucemia mieloide aguda que tiene una base material en una mutación homocigótica o heterocigótica compuesta en el gen HAX1 en el cromosoma 1q21. 3.",,0.9704301075268817,0.8915989159891599,0.9968981730041087,0.9036649626704909,0.9705882352941176,0.8076923076923077
,,,,http://purl.obolibrary.org/obo/DOID_0112134,A severe congenital neutropenia that has_material_basis_in homozygous or compound heterozygous mutation in the JAGN1 gene on chromosome 3p25.3.,A severe congenital neutropenia that has_its_material_base_in a homozygous or compound heterozygous mutation in the JAGN1 gene on chromosome 3p25.3.,0.9459459459459459,0.9459459459459459,,http://purl.obolibrary.org/obo/DOID_0112134,Una neutropenia congénita grave que tiene_su_base_material_en una mutación homocigota o heterocigota compuesta en el gen JAGN1 del cromosoma 3p25.3.,Una neutropenia congénita grave que tiene base material en una mutación homocigótica o heterocigótica compuesta en el gen JAGN1 en el cromosoma 3p25.3.,,0.9828178694158075,0.9263157894736842,0.9988890438949738,0.9312726868132132,1,0.8581081081081081
,,,,http://purl.obolibrary.org/obo/DOID_0112135,An autosomal dominant severe congenital neutropenia characterized by decreased neutrophils and onset of recurrent bacterial infections in early infancy that has_material_basis_in heterozygous mutation in the SRP54 gene on chromosome 14q13.2.,A severe autosomal dominant congenital neutropenia characterized by a decrease in neutrophils and the appearance of recurrent bacterial infections in early childhood that has its material basis in a heterozygous mutation in the SRP54 gene on chromosome 14q13.2.,0.8122605363984674,0.8122605363984674,,http://purl.obolibrary.org/obo/DOID_0112135,Una neutropenia congénita grave autosómica dominante caracterizada por una disminución de los neutrófilos y la aparición de infecciones bacterianas recurrentes en la primera infancia que tiene_su_base_material_en una mutación heterocigota en el gen SRP54 del cromosoma 14q13.2.,Una neutropenia congénita grave autosómica dominante caracterizada por una disminución de los neutrófilos y la aparición de infecciones bacterianas recurrentes en la primera infancia que tiene una mutación heterocigótica en el gen SRP54 en el cromosoma 14q13.2.,,0.9322709163346614,0.782258065,0.9920524290607377,0.8079764092013316,0.9705882352941176,0.6428571428571429
,,,,http://purl.obolibrary.org/obo/DOID_0112136,A severe congenital neutropenia that has_material_basis_in homozygous or compound heterozygous mutation in the G6PC3 gene on chromosome 17q21.31.,A severe congenital neutropenia that has_its_material_base_in a homozygous or compound heterozygous mutation in the G6PC3 gene on chromosome 17q21.31.,0.9466666666666667,0.9466666666666667,,http://purl.obolibrary.org/obo/DOID_0112136,Una neutropenia congénita grave que tiene_su_base_material_en una mutación homocigota o heterocigota compuesta en el gen G6PC3 del cromosoma 17q21.31.,Una neutropenia congénita grave que tiene base material en una mutación homocigótica o heterocigótica compuesta en el gen G6PC3 en el cromosoma 17q21.31.,,0.9830508474576272,0.9273356401384083,0.9988894797186159,0.9321608778059547,1,0.86
,,,,http://purl.obolibrary.org/obo/DOID_0112183,A congenital hypothyroidism characterized by thyroid hormone deficiency that is present from birth and results from defects in thyroid hormone synthesis.,Congenital hypothyroidism characterized by thyroid hormone deficiency that is present from birth and results from defects in thyroid hormone synthesis.,0.9803921568627451,0.9803921568627451,,http://purl.obolibrary.org/obo/DOID_0112183,Hipotiroidismo congénito caracterizado por la deficiencia de hormona tiroidea que está presente desde el nacimiento y es el resultado de defectos en la síntesis de la hormona tiroidea.,Un hipotiroidismo congénito caracterizado por una deficiencia de la hormona tiroidea que está presente desde el nacimiento y resulta de defectos en la síntesis de la hormona tiroidea.,,0.9868421052631579,0.9865771812080537,0.998856645,0.9901597972021186,0.9166666666666666,0.96875
,,,,http://purl.obolibrary.org/obo/DOID_0112184,A familial thyroid dyshormonogenesis that has_material_basis_in homozygous or compound heterozygous mutation in DUOXA2 on chromosome 15q21.1.,A familial thyroid dyshormonogenesis that has_its_material_base_in a homozygous or compound heterozygous mutation in DUOXA2 on chromosome 15q21.1.,0.9452054794520548,0.9452054794520548,,http://purl.obolibrary.org/obo/DOID_0112184,Una dishormonogénesis tiroidea familiar que tiene_su_base_material_en una mutación homocigota o heterocigota compuesta en DUOXA2 en el cromosoma 15q21.1.,Una Dishormonogénesis tiroidea familiar que tiene base material en una mutación homocigótica o heterocigótica compuesta en DUOXA2 en el cromosoma 15q21.1.,,0.9825783972125436,0.9252669039145908,0.9984919362713519,0.9303609266337168,1,0.8561643835616438
,,,,http://purl.obolibrary.org/obo/DOID_0112185,A familial thyroid dyshormonogenesis that has_material_basis_in homozygous or compound heterozygous mutation in SLC5A5 on chromosome 19p13.11.,A familial thyroid dyshormonogenesis that has_its_material_base_in a homozygous or compound heterozygous mutation in SLC5A5 on chromosome 19p13.11.,0.9455782312925171,0.9455782312925171,,http://purl.obolibrary.org/obo/DOID_0112185,Una dishormonogénesis tiroidea familiar que tiene_su_base_material_en una mutación homocigota o heterocigota compuesta en SLC5A5 en el cromosoma 19p13.11.,Una Dishormonogénesis tiroidea familiar que tiene base material en una mutación homocigótica o heterocigótica compuesta en SLC5A5 en el cromosoma 19p13.11.,,0.9826989619377162,0.9257950530035336,0.9984986909554296,0.9308198111277697,1,0.8571428571428571
,,,,http://purl.obolibrary.org/obo/DOID_0112186,A familial thyroid dyshormonogenesis that has_material_basis_in homozygous or compound heterozygous mutation in TPO on chromosome 2p25.3.,A familial thyroid dyshormonogenesis that has_its_material_base_in a homozygous or compound heterozygous mutation in TPO on chromosome 2p25.3.,0.9436619718309859,0.9436619718309859,,http://purl.obolibrary.org/obo/DOID_0112186,Una dishormonogénesis tiroidea familiar que tiene_su_base_material_en una mutación homocigota o heterocigota compuesta en TPO en el cromosoma 2p25.3.,Una Dishormonogénesis tiroidea familiar que tiene base material en una mutación homocigótica o heterocigótica compuesta en TPO en el cromosoma 2p25.3.,,0.982078853,0.9230769230769231,0.998484396,0.9284628432549127,1,0.852112676
,,,,http://purl.obolibrary.org/obo/DOID_0112187,A familial thyroid dyshormonogenesis that has_material_basis_in homozygous or compound heterozygous mutation in TG on chromosome 8q24.22.,A familial thyroid dyshormonogenesis that has_its_material_base_in a homozygous or compound heterozygous mutation in TG on chromosome 8q24.22.,0.9436619718309859,0.9436619718309859,,http://purl.obolibrary.org/obo/DOID_0112187,Una dishormonogénesis tiroidea familiar que tiene_su_base_material_en una mutación homocigota o heterocigota compuesta en TG en el cromosoma 8q24.22.,Una Dishormonogénesis tiroidea familiar que tiene base material en una mutación homocigótica o heterocigótica compuesta en TG en el cromosoma 8q24.22.,,0.982078853,0.9230769230769231,0.9984859070270361,0.9284628432549127,1,0.852112676
,,,,http://purl.obolibrary.org/obo/DOID_0112188,A familial thyroid dyshormonogenesis that has_material_basis_in homozygous or compound heterozygous mutation in IYD on chromosome 6q25.1.,A familial thyroid dyshormonogenesis that has_its_material_base_in a homozygous or compound heterozygous mutation in IYD on chromosome 6q25.1.,0.9436619718309859,0.9436619718309859,,http://purl.obolibrary.org/obo/DOID_0112188,Una dishormonogénesis tiroidea familiar que tiene_su_base_material_en una mutación homocigota o heterocigota compuesta en IYD en el cromosoma 6q25.1.,Una Dishormonogénesis tiroidea familiar que tiene base material en una mutación homocigótica o heterocigótica compuesta en IYD en el cromosoma 6q25.1.,,0.982078853,0.9230769230769231,0.9984813700704407,0.9284628432549127,1,0.852112676
,,,,http://purl.obolibrary.org/obo/DOID_0112189,A familial thyroid dyshormonogenesis that has_material_basis_in homozygous or compound heterozygous mutation in DUOX2 on chromosome 15q21.1.,A familial thyroid dyshormonogenesis that has_its_material_base_in a homozygous or compound heterozygous mutation in DUOX2 on chromosome 15q21.1.,0.9448275862068966,0.9448275862068966,,http://purl.obolibrary.org/obo/DOID_0112189,Una dishormonogénesis tiroidea familiar que tiene_su_base_material_en una mutación homocigota o heterocigota compuesta en DUOX2 en el cromosoma 15q21.1.,Una Dishormonogénesis tiroidea familiar que tiene base material en una mutación homocigótica o heterocigótica compuesta en DUOX2 en el cromosoma 15q21.1.,,0.9824561403508771,0.9247311827956989,0.9984896780285026,0.9298959129275391,1,0.8551724137931035
,,,,http://purl.obolibrary.org/obo/DOID_0112213,A multiple congenital anomalies-hypotonia-seizures syndrome characterized by onset in the first months of life of refractory seizures and severe global developmental delay that has_material_basis_in homozygous or compound heterozygous mutation in the PIGQ gene on chromosome 16p13.3.,A syndrome of multiple congenital anomalies-hypotonia-seizures characterized by the appearance in the first months of life of refractory seizures and a severe global developmental delay that has its material basis in a homozygous or compound heterozygous mutation in the PIGQ gene on chromosome 16p13.3.,0.8514851485148515,0.8514851485148515,,http://purl.obolibrary.org/obo/DOID_0112213,Un síndrome de anomalías congénitas múltiples-hipotonía-convulsiones caracterizado por la aparición en los primeros meses de vida de convulsiones refractarias y un grave retraso global del desarrollo que tiene_su_base_material_en mutación homocigota o heterocigota compuesta en el gen PIGQ del cromosoma 16p13.3.,"Un síndrome de anomalías congénitas múltiples, hipotonía y convulsiones caracterizado por la aparición en los primeros meses de vida de convulsiones refractarias y un retraso global grave en el desarrollo que tiene base material en una mutación homocigótica o heterocigótica compuesta en el gen PIGQ en el cromosoma 16p13.3.",,0.9556313993174061,0.8655172413793104,0.9947073057499851,0.8887692754793218,0.9696969696969697,0.76
,,,,http://purl.obolibrary.org/obo/DOID_0112227,A congenital nervous system abnormality characterized by complex cortical malformations including in most cases dysmorphic basal ganglia that has_material_basis_in mutation in one or more of the tubulin genes.,"Congenital anomaly of the nervous system characterized by complex cortical malformations that, in most cases, include dysmorphic basal ganglia and that have a mutation in one or more of the tubulin genes.",0.6889952153110048,0.6889952153110048,,http://purl.obolibrary.org/obo/DOID_0112227,Anomalía congénita del sistema nervioso caracterizada por malformaciones corticales complejas que incluyen en la mayoría de los casos ganglios basales dismórficos y que tiene_su_base_material_en mutación en uno o más de los genes de la tubulina.,"Una anomalía congénita del sistema nervioso caracterizada por malformaciones corticales complejas que incluyen, en la mayoría de los casos, ganglios basales dismórficos que tienen una mutación en uno o más de los genes de tubulina.",,0.910411622,0.7469287469287469,0.9840188279255279,0.7619537370119287,0.8571428571428571,0.6182572614107884
,,,,http://purl.obolibrary.org/obo/DOID_0112228,"A lissencephaly characterized by global developmental delay, impaired intellectual development with poor or absent speech, pachygyria, lissencephaly, and malformation of the brainstem that has_material_basis_in heterozygous mutation in the MACF1 gene on chromosome 1p34.3.","A lissencephaly characterized by global developmental delay, poor intellectual development with poor or absent speech, pachygyria, lissencephaly, and brainstem malformation that has its material basis in a heterozygous mutation in the MACF1 gene on chromosome 1p34.3.",0.8639705882352942,0.8639705882352942,,http://purl.obolibrary.org/obo/DOID_0112228,"Una lisencefalia caracterizada por un retraso global del desarrollo, un desarrollo intelectual deficiente con habla pobre o ausente, paquigiria, lisencefalia y malformación del tronco encefálico que tiene_su_base_material_en una mutación heterocigota en el gen MACF1 del cromosoma 1p34.3.","Una lisencefalia caracterizada por retraso global en el desarrollo, deterioro del desarrollo intelectual con habla deficiente o ausente, paquigiria, lisencefalia y malformación del tronco encefálico que tiene base material en una mutación heterocigótica en el gen MACF1 en el cromosoma 1p34.3.",,0.9721706864564007,0.8667917448405253,0.9966944758465461,0.8941887724455003,0.9696969696969697,0.7593984962406015
,,,,http://purl.obolibrary.org/obo/DOID_0112229,"A lissencephaly characterized by variably delayed development, mildly to moderately impaired intellectual development and language delay, seizures, brain features consistent with neuronal migration defects that has_material_basis_in heterozygous mutation in the CEP85L gene on chromosome 6q22.31.","A lissencephaly characterized by variable developmental delay, mild to moderately deficient intellectual development and language delay, seizures, brain features consistent with neuronal migration defects that have_its_material_base_in a heterozygous mutation in the CEP85L gene on chromosome 6q22.31.",0.8837209302325582,0.8837209302325582,,http://purl.obolibrary.org/obo/DOID_0112229,"Una lisencefalia caracterizada por un retraso variable del desarrollo, un desarrollo intelectual de leve a moderadamente deficiente y retraso del lenguaje, convulsiones, rasgos cerebrales consistentes con defectos de migración neuronal que tiene_su_base_material_en una mutación heterocigota en el gen CEP85L en el cromosoma 6q22.31.","Una lisencefalia caracterizada por un retraso variable en el desarrollo, un deterioro leve o moderado del desarrollo intelectual y retraso del lenguaje, convulsiones, características cerebrales consistentes con defectos de migración neuronal que tiene base material en una mutación heterocigótica en el gen CEP85L en el cromosoma 6q22.31.",,0.9681742043551089,0.8697123519458545,0.9978561352120204,0.8870222717825623,1,0.7734627831715211
,,,,http://purl.obolibrary.org/obo/DOID_0112230,"A lissencephaly characterized by hydrocephalus, seizures, severely delayed psychomotor development, and cobblestone changes in the cortex, more severe in the posterior region, and subcortical band heterotopia that has_material_basis_in homozygous or compound heterozygous mutation in the LAMB1 gene on chromosome 7q31.1.","A lissencephaly characterized by hydrocephalus, seizures, severely delayed psychomotor development and cobblestone changes in the cortex, more severe in the posterior region, and subcortical band heterotopia that has its material basis in a homozygous or compound heterozygous mutation in the LAMB1 gene on chromosome 7q31.1.",0.9692307692307692,0.9692307692307692,,http://purl.obolibrary.org/obo/DOID_0112230,"Una lisencefalia caracterizada por hidrocefalia, convulsiones, desarrollo psicomotor gravemente retrasado y cambios en empedrado en el córtex, más graves en la región posterior, y heterotopía en banda subcortical que tiene_su_base_material_en mutación homocigota o heterocigota compuesta en el gen LAMB1 del cromosoma 7q31.1.","Una lisencefalia caracterizada por hidrocefalia, convulsiones, retraso severo en el desarrollo psicomotor y cambios en empedrado en la corteza, más severos en la región posterior, y heterotopía en bandas subcorticales que tiene base material en una mutación homocigótica o heterocigótica compuesta en el gen LAMB1 en el cromosoma 7q31.1.",,0.9798449612403101,0.9358372456964006,0.9978452522640034,0.9509344993290108,0.9696969696969697,0.8787878787878788
,,,,http://purl.obolibrary.org/obo/DOID_0112231,"A lissencephaly characterized by lack of psychomotor development, facial dysmorphism, arthrogryposis, and early-onset intractable seizures resulting in death in infancy that has_material_basis_in homozygous or compound heterozygous mutation in the CDK5 gene on chromosome 7q36.1.","A lissencephaly characterized by lack of psychomotor development, facial dysmorphism, arthrogryposis, and early-onset intractable seizures resulting in death in childhood that has_its_material_base_in a homozygous or compound heterozygous mutation in the CDK5 gene on chromosome 7q36.1.",0.9440559440559441,0.9440559440559441,,http://purl.obolibrary.org/obo/DOID_0112231,"Una lisencefalia caracterizada por falta de desarrollo psicomotor, dismorfismo facial, artrogriposis y convulsiones intratables de aparición precoz con resultado de muerte en la infancia que tiene_su_base_material_en mutación homocigota o heterocigota compuesta en el gen CDK5 del cromosoma 7q36.1.","Una lisencefalia caracterizada por falta de desarrollo psicomotor, dismorfismo facial, artrogriposis y convulsiones intratables de aparición temprana que provocan la muerte en la infancia y que tiene base material en una mutación homocigótica o heterocigótica compuesta en el gen CDK5 en el cromosoma 7q36.1.",,0.9734513274336283,0.9230769230769231,0.9978556073446465,0.9292215929097007,1,0.8581314878892734
,,,,http://purl.obolibrary.org/obo/DOID_0112232,"A lissencephaly characterized by brain malformations, microcephaly, developmental delay and epilepsy that has_material_basis_in heterozygous mutation in the TUBA1A gene on chromosome 12q13.12.","A lissencephaly characterized by brain malformations, microcephaly, developmental delay and epilepsy that has_its_material_base_in a heterozygous mutation in the TUBA1A gene on chromosome 12q13.12.",0.9593908629441624,0.9593908629441624,,http://purl.obolibrary.org/obo/DOID_0112232,"Una lisencefalia caracterizada por malformaciones cerebrales, microcefalia, retraso del desarrollo y epilepsia que tiene_su_base_material_en una mutación heterocigota en el gen TUBA1A del cromosoma 12q13.12.","Una lisencefalia caracterizada por malformaciones cerebrales, microcefalia, retraso en el desarrollo y epilepsia que tiene base material en una mutación heterocigota en el gen TUBA1A en el cromosoma 12q13.12.",,0.98714653,0.9451697127937336,0.9993721537739151,0.9489753353971421,1,0.8923076923076924
,,,,http://purl.obolibrary.org/obo/DOID_0112233,"A lissencephaly characterized by delayed psychomotor development, intellectual disability with poor or absent speech, early-onset refractory seizures, and hypotonia that has_material_basis_in homozygous or compound heterozygous mutation in the TMTC3 gene on chromosome 12q21.32.","A lissencephaly characterized by a delay in psychomotor development, intellectual disability with poor or absent speech, refractory seizures of early onset and hypotonia that has its material basis in a homozygous or compound heterozygous mutation in the TMTC3 gene on chromosome 12q21.32.",0.8581314878892734,0.8581314878892734,,http://purl.obolibrary.org/obo/DOID_0112233,"Una lisencefalia caracterizada por un retraso en el desarrollo psicomotor, discapacidad intelectual con habla deficiente o ausente, convulsiones refractarias de aparición precoz e hipotonía que tiene_su_base_material_en una mutación homocigota o heterocigota compuesta en el gen TMTC3 del cromosoma 12q21.32.","Una lisencefalia caracterizada por retraso en el desarrollo psicomotor, discapacidad intelectual con habla deficiente o ausente, convulsiones refractarias de inicio temprano e hipotonía que tiene base material en una mutación homocigótica o heterocigótica compuesta en el gen TMTC3 en el cromosoma 12q21.32.",,0.9559082892416226,0.8627450980392157,0.9928305055413617,0.8701930730330072,0.9428571428571428,0.755700326
,,exact,5,http://purl.obolibrary.org/obo/DOID_0112234,A lissencephaly characterized by lissencephaly in combination with severe congenital microcephaly.,A lissencephaly characterized by lissencephaly in combination with severe congenital microcephaly.,1,1,exact,http://purl.obolibrary.org/obo/DOID_0112234,Una lisencefalia caracterizada por lisencefalia en combinación con microcefalia congénita grave.,Una lisencefalia caracterizada por lisencefalia en combinación con microcefalia congénita grave.,exact,1,1,1,1,1,1
,,,,http://purl.obolibrary.org/obo/DOID_0112235,"A microlissencephaly characterized by lissencephaly, severe brain atrophy, extreme microcephaly, and profound intellectual disability that has_material_basis_in homozygous or compound heterozygous mutation in the NDE1 gene on chromosome 16p13.11.","A microlissencephaly characterized by lissencephaly, severe brain atrophy, extreme microcephaly and profound intellectual disability that has_its_material_base_in a homozygous or compound heterozygous mutation in the NDE1 gene on chromosome 16p13.11.",0.964,0.964,,http://purl.obolibrary.org/obo/DOID_0112235,"Una microlisencefalia caracterizada por lisencefalia, atrofia cerebral grave, microcefalia extrema y discapacidad intelectual profunda que tiene_su_base_material_en una mutación homocigota o heterocigota compuesta en el gen NDE1 del cromosoma 16p13.11.","Una microlisencefalia caracterizada por lisencefalia, atrofia cerebral severa, microcefalia extrema y discapacidad intelectual profunda que tiene base material en una mutación homocigótica o heterocigótica compuesta en el gen NDE1 en el cromosoma 16p13.11.",,0.9879032258064516,0.9428571428571428,0.9994004634901492,0.9544176474609647,1,0.8956521739130435
,,,,http://purl.obolibrary.org/obo/DOID_0112236,"A microlissencephaly characterized by severe microcephaly, developmental delay, lissencephaly, pachygyria, and hypoplasia of the corpus callosum that has_material_basis_in homozygous or compound heterozygous mutation in the KATNB1 gene on chromosome 16q21.","A microlissencephaly characterized by severe microcephaly, developmental delay, lissencephaly, pachygyria, and hypoplasia of the corpus callosum that has_its_material_base_in a homozygous or compound heterozygous mutation in the KATNB1 gene on chromosome 16q21.",0.9693486590038314,0.9693486590038314,,http://purl.obolibrary.org/obo/DOID_0112236,"Una microlisencefalia caracterizada por microcefalia grave, retraso del desarrollo, lisencefalia, paquigiria e hipoplasia del cuerpo calloso que tiene_su_base_material_en una mutación homocigota o heterocigota compuesta en el gen KATNB1 del cromosoma 16q21.","Una microlisencefalia caracterizada por microcefalia grave, retraso en el desarrollo, lisencefalia, paquigiria e hipoplasia del cuerpo calloso que tiene base material en una mutación homocigótica o heterocigótica compuesta en el gen KATNB1 en el cromosoma 16q21.",,0.9903288201160542,0.9589041095890412,0.9995916850995189,0.9671657586972979,1,0.9117647058823529
,,,,http://purl.obolibrary.org/obo/DOID_0112237,"A lissencephaly characterized by an abnormally thick cortex, reduced or abnormal lamination, and diffuse neuronal heterotopia that has_material_basis_in mutation heterozygous in the PAFAH1B1 gene on chromosome 17p13.3.","A lissencephaly characterized by an abnormally thick cortex, reduced or abnormal lamination, and diffuse neuronal heterotopia that has its material basis in a heterozygous mutation in the PAFAH1B1 gene on chromosome 17p13.3.",0.8973214285714286,0.8973214285714286,,http://purl.obolibrary.org/obo/DOID_0112237,"Una lisencefalia caracterizada por un córtex anormalmente grueso, una laminación reducida o anormal y una heterotopía neuronal difusa que tiene_su_base_material_en una mutación heterocigota en el gen PAFAH1B1 del cromosoma 17p13.3.","Una lisencefalia caracterizada por una corteza anormalmente gruesa, laminación reducida o anormal y heterotopía neuronal difusa que tiene una mutación heterocigótica en el gen PAFAH1B1 en el cromosoma 17p13.3.",,0.9728506787330317,0.908256881,0.9956282615012457,0.918489769,0.9705882352941176,0.8258928571428571
,,,,http://purl.obolibrary.org/obo/DOID_0112238,"A lissencephaly characterized by structural brain anomalies, early-onset intractable seizures, severe psychomotor retardation, and ambiguous genitalia that has_material_basis_in mutation in ARX on chromosome Xp21.3.","A lissencephaly characterized by structural brain abnormalities, early-onset intractable seizures, severe psychomotor retardation, and ambiguous genitalia that has its material basis in the ARX mutation on chromosome Xp21.3.",0.8839285714285714,0.8839285714285714,,http://purl.obolibrary.org/obo/DOID_0112238,"Una lisencefalia caracterizada por anomalías cerebrales estructurales, convulsiones intratables de aparición temprana, retraso psicomotor grave y genitales ambiguos que tiene_su_base_material_en la mutación en ARX en el cromosoma Xp21.3.","Una lisencefalia caracterizada por anomalías cerebrales estructurales, convulsiones intratables de aparición temprana, retraso psicomotor severo y genitales ambiguos que tiene una mutación en ARX en el cromosoma Xp21.3.",,0.9612756264236902,0.8545034642032332,0.9955347460235656,0.8617903438539156,0.967741935,0.743801653
,,,,http://purl.obolibrary.org/obo/DOID_0112239,A lissencephaly characterized by classic lissencephaly and intellectual disability in males that has_material_basis_in mutation in DCX on chromosome Xq23.,A lissencephaly characterized by classic lissencephaly and intellectual disability in males that has_its_material_base_in mutation in DCX on chromosome Xq23.,0.9617834394904459,0.9617834394904459,,http://purl.obolibrary.org/obo/DOID_0112239,Una lisencefalia caracterizada por lisencefalia clásica y discapacidad intelectual en varones que tiene_su_base_material_en mutación en DCX en el cromosoma Xq23.,Una lisencefalia caracterizada por lisencefalia clásica y discapacidad intelectual en hombres que tiene una mutación en DCX en el cromosoma Xq23.,,0.9903536977491961,0.9508196721311475,0.9991554578198841,0.958936501,1,0.896551724
,,,,http://purl.obolibrary.org/obo/DOID_0112321,"A congenital disorder of glycosylation characterized by onset in infancy of alacrima, achalasia, and impaired intellectual development without adrenal insufficiency that has_material_basis_in homozygous or compound heterozygous mutation in the GMPPA gene on chromosome 2q35.","Congenital glycosylation disorder characterized by the onset in childhood of alacrimia, achalasia and delayed intellectual development without adrenal insufficiency that has its material base in a homozygous or compound heterozygous mutation in the GMPPA gene on chromosome 2q35.",0.8064516129032258,0.8064516129032258,,http://purl.obolibrary.org/obo/DOID_0112321,"Trastorno congénito de la glicosilación caracterizado por la aparición en la infancia de alacrimia, acalasia y retraso del desarrollo intelectual sin insuficiencia suprarrenal que tiene_su_base_material_en mutación homocigota o heterocigota compuesta en el gen GMPPA del cromosoma 2q35.","Un trastorno congénito de la glicosilación caracterizado por la aparición en la infancia de alacrima, acalasia y deterioro del desarrollo intelectual sin insuficiencia suprarrenal que tiene base material en una mutación homocigótica o heterocigótica compuesta en el gen GMPPA en el cromosoma 2q35.",,0.9403254972875226,0.793418647,0.9931126846021886,0.8162871406117339,0.9428571428571428,0.6688311688311688
,,,,http://purl.obolibrary.org/obo/DOID_0112376,A muscular dystrophy-dystroglycanopathy type B that has_material_basis_in homozygous or compound heterozygous mutation in the DPM3 gene on chromosome 1q22.,A muscular dystrophy-dystroglycanopathy type B that has_its_base_material_in homozygous or compound heterozygous mutation in the DPM3 gene on chromosome 1q22.,0.9177215189873418,0.9177215189873418,,http://purl.obolibrary.org/obo/DOID_0112376,Una distrofia muscular-distroglicanopatía tipo B que tiene_su_base_material_en mutación homocigota o heterocigota compuesta en el gen DPM3 del cromosoma 1q22.,Una distrofia muscular-distroglicanopatía tipo B que tiene una mutación homocigótica o heterocigótica compuesta en el gen DPM3 en el cromosoma 1q22.,,0.9904153354632588,0.9315960912052117,0.999058199,0.9380898311613449,1,0.8653846153846154
,,,,http://purl.obolibrary.org/obo/DOID_0112377,A muscular dystrophy-dystroglycanopathy type B that has_material_basis_in homozygous or compound heterozygous mutation in the GMPPB gene on chromosome 3p21.31.,A muscular dystrophy-dystroglycanopathy type B that has_its_material_base_in homozygous or compound heterozygous mutation in the GMPPB gene on chromosome 3p21.31.,0.962962963,0.962962963,,http://purl.obolibrary.org/obo/DOID_0112377,Una distrofia muscular-distroglicanopatía tipo B que tiene_su_base_material_en mutación homocigota o heterocigota compuesta en el gen GMPPB del cromosoma 3p21.31.,Una distrofia muscular-distroglicanopatía tipo B que tiene una mutación homocigótica o heterocigótica compuesta en el gen GMPPB en el cromosoma 3p21.31.,,0.9906542056074766,0.9523809523809523,0.9990696123943834,0.9568080933890302,1,0.9044585987261147
,,,,http://purl.obolibrary.org/obo/DOID_0112378,A muscular dystrophy-dystroglycanopathy type B that has_material_basis_in homozygous or compound heterozygous mutation in the POMGNT1 gene on chromosome 1p34.1.,A muscular dystrophy-dystroglycanopathy type B that has_its_material_base_in homozygous or compound heterozygous mutation in the POMGNT1 gene on chromosome 1p34.1.,0.9631901840490797,0.9631901840490797,,http://purl.obolibrary.org/obo/DOID_0112378,Una distrofia muscular-distroglicanopatía tipo B que tiene_su_base_material_en mutación homocigota o heterocigota compuesta en el gen POMGNT1 del cromosoma 1p34.1.,Una distrofia-distroglicanopatía muscular tipo B que tiene una mutación homocigótica o heterocigótica compuesta en el gen POMGNT1 en el cromosoma 1p34.1.,,0.9907120743034056,0.9526813880126183,0.9990690481070295,0.9570554168597658,1,0.9050632911392406
,,,,http://purl.obolibrary.org/obo/DOID_0112379,A muscular dystrophy-dystroglycanopathy type B characteried by muscular dystropy resulting from impaired glycosylation of dystroglycan in the absence of intellectual impairment that has_material_basis_in homozygous or compound heterozygous mutation in the FKTN gene on chromosome 9q31.2.,A muscular dystrophy-dystroglycanopathy type B characterized by muscular dystrophy resulting from altered dystroglycan glycosylation in the absence of intellectual deficiency that has_its_material_base_in homozygous or compound heterozygous mutation in the FKTN gene on chromosome 9q31.2.,0.84375,0.84375,,http://purl.obolibrary.org/obo/DOID_0112379,Una distrofia muscular-distroglicanopatía tipo B caracterizada por distrofia muscular resultante de la alteración de la glicosilación del distroglicano en ausencia de deficiencia intelectual que tiene_su_base_material_en mutación homocigota o heterocigota compuesta en el gen FKTN del cromosoma 9q31.2.,Una distrofia muscular-distroglicanopatía tipo B caracterizada por distropía muscular resultante de una alteración de la glicosilación del distroglicano en ausencia de deterioro intelectual que tiene base material en una mutación homocigótica o heterocigótica compuesta en el gen FKTN en el cromosoma 9q31.2.,,0.96,0.8541300527240774,0.9955502416587757,0.8863982269447982,1,0.7272727272727273
,,,,http://purl.obolibrary.org/obo/DOID_0112380,A muscular dystrophy-dystroglycanopathy type B that has_material_basis_in homozygous or compound heterozygous mutation in the POMT2 gene on chromosome 14q24.3.,A muscular dystrophy-dystroglycanopathy type B that has_its_base_material_in homozygous or compound heterozygous mutation in the POMT2 gene on chromosome 14q24.3.,0.9197530864197531,0.9197530864197531,,http://purl.obolibrary.org/obo/DOID_0112380,Una distrofia muscular-distroglicanopatía tipo B que tiene_su_base_material_en mutación homocigota o heterocigota compuesta en el gen POMT2 del cromosoma 14q24.3.,Una distrofia muscular-distroglicanopatía tipo B que tiene una mutación homocigótica o heterocigótica compuesta en el gen POMT2 en el cromosoma 14q24.3.,,0.9906542056074766,0.9333333333333333,0.9990627969280972,0.9395163808579031,1,0.86875
,,,,http://purl.obolibrary.org/obo/DOID_0112381,A muscular dystrophy-dystroglycanopathy characterized by limb-girdle congenital muscular dystrophy and cognitive impairment that has_material_basis_in homozygous or compound heterozygous mutation in the POMK gene on chromosome 8p11.21.,A muscular dystrophy-dystroglycanopathy characterized by congenital limb-girdle muscular dystrophy and cognitive impairment that has_its_material_base_in homozygous or compound heterozygous mutation in the POMK gene on chromosome 8p11.21.,0.8991596638655462,0.8991596638655462,,http://purl.obolibrary.org/obo/DOID_0112381,Una distrofia muscular-distroglicanopatía caracterizada por distrofia muscular congénita de cinturas de extremidades y deterioro cognitivo que tiene_su_base_material_en mutación homocigota o heterocigota compuesta en el gen POMK en el cromosoma 8p11.21.,Una distrofia muscular-distroglicanopatía caracterizada por distrofia muscular congénita de cinturas y miembros y deterioro cognitivo que tiene base material en una mutación homocigótica o heterocigótica compuesta en el gen POMK en el cromosoma 8p11.21.,,0.9936575052854123,0.9421841541755889,0.9995510683750476,0.9533806731331301,1,0.8783783783783784
,,,,http://purl.obolibrary.org/obo/DOID_0112382,A muscular dystrophy-dystroglycanopathy characterized by onset in childhood of a variable phrenotype that ranges from mild intellectual disability and gait abnormalities to asymptomatic that has_material_basis_in homozygous or compound heterozygous mutation in the POMGNT2 gene on chromosome 3p22.1.,A muscular dystrophy-dystroglycanopathy characterized by the appearance in childhood of a variable phenotype ranging from mild intellectual disability and gait abnormalities to asymptomatic that has_its_material_base_in homozygous or compound heterozygous mutation in the POMGNT2 gene on chromosome 3p22.1.,0.9084967320261438,0.9084967320261438,,http://purl.obolibrary.org/obo/DOID_0112382,Una distrofia muscular-distroglicanopatía caracterizada por la aparición en la infancia de un fenotipo variable que va desde una discapacidad intelectual leve y anomalías de la marcha hasta asintomática que tiene_su_base_material_en mutación homocigota o heterocigota compuesta en el gen POMGNT2 del cromosoma 3p22.1.,Una distrofia muscular-distroglicanopatía caracterizada por la aparición en la infancia de un frenotipo variable que va desde discapacidad intelectual leve y anomalías de la marcha hasta asintomático que tiene base material en una mutación homocigótica o heterocigótica compuesta en el gen POMGNT2 en el cromosoma 3p22.1.,,0.9752066115702479,0.8881469115191987,0.9979225070242085,0.897422939,1,0.804416404
,,,,http://purl.obolibrary.org/obo/DOID_10039,"A congenital syphilis that occurs in children at or greater than two years of age who acquired the infection trans-placentally. The infection has_symptom gummatous ulcers, has_symptom periosteal lesions, has_symptom paresis, has_symptom tabes, has_symptom optic atrophy, has_symptom interstitial keratitis, has_symptom sensorineural deafness, and has_symptom dental deformities.","A congenital syphilis that occurs in children two years of age or older who acquired the infection transplacentally. The infection has_symptoms of gingival ulcers, has_symptoms of periosteal lesions, has_symptoms of paresis, has_symptoms of tabes, has_symptoms of optic atrophy, has_symptoms of interstitial keratitis, has_symptoms of sensorineural deafness, and has_symptoms of dental deformities.",0.8366834170854272,0.8366834170854272,,http://purl.obolibrary.org/obo/DOID_10039,"Una sífilis congénita que se produce en niños de dos años o más que adquirieron la infección por vía transplacentaria. La infección tiene_síntomas de úlceras gingivales, tiene_síntomas de lesiones periósticas, tiene_síntomas de paresia, tiene_síntomas de tabes, tiene_síntomas de atrofia óptica, tiene_síntomas de queratitis intersticial, tiene_síntomas de sordera neurosensorial y tiene_síntomas de deformidades dentales.","Una sífilis congénita que ocurre en niños de dos años o más que adquirieron la infección por vía transplacentaria. La infección tiene_síntomas úlceras gomosas, tiene_síntomas lesiones periósticas, tiene_síntomas paresia, tiene_síntomas tabes, tiene_síntomas atrofia óptica, tiene_síntomas queratitis intersticial, tiene_síntomas sordera neurosensorial y tiene_síntomas deformidades dentales.",,0.9355670103092784,0.8207792207792208,0.988456068,0.7996482668863479,0.9333333333333333,0.7160883280757098
,,,,http://purl.obolibrary.org/obo/DOID_10348,An eyelid disease that is characterized by abnormal narrowness of the palpebral fissure in the horizontal direction caused by the lateral displacement of the medial canthi of the eyelids.,Eyelid disease characterized by an abnormal narrowing of the palpebral fissure in a horizontal direction caused by lateral displacement of the medial canthus of the eyelids.,0.8502673796791445,0.8502673796791445,,http://purl.obolibrary.org/obo/DOID_10348,Enfermedad de los párpados que se caracteriza por una estrechez anormal de la hendidura palpebral en sentido horizontal causada por el desplazamiento lateral de los cantos medios de los párpados.,Una enfermedad de los párpados que se caracteriza por una estrechez anormal de la fisura palpebral en dirección horizontal causada por el desplazamiento lateral del canto medial de los párpados.,,0.9388888888888889,0.8305084745762712,0.9922687707800719,0.8711964074926701,0.88,0.7032967032967034
,,,,http://purl.obolibrary.org/obo/DOID_1088,A spina bifida that is characterized by herniation of the meninges between the vertebrae.,A spina bifida characterized by herniation of the meninges between the vertebrae.,0.9101123595505618,0.9101123595505618,,http://purl.obolibrary.org/obo/DOID_1088,Una espina bífida que se caracteriza por la herniación de las meninges entre las vértebras.,Una espina bífida que se caracteriza por la hernia de las meninges entre las vértebras.,,0.9529411764705882,0.926829268,0.9948177309188037,0.9312403943594375,1,0.8604651162790697
,,,,http://purl.obolibrary.org/obo/DOID_10892,A physical disorder characterized by an abnormally placed urethral opening on the underside of the penis or on the perineum.,Physical disorder characterized by an abnormally located urethral opening on the underside of the penis or in the perineum.,0.935483871,0.935483871,,http://purl.obolibrary.org/obo/DOID_10892,Trastorno físico caracterizado por una abertura uretral anormalmente situada en la parte inferior del pene o en el perineo.,Un trastorno físico caracterizado por una abertura uretral ubicada anormalmente en la parte inferior del pene o en el perineo.,,0.971659919,0.8879668049792531,0.9959715218276485,0.9054025041832393,0.9166666666666666,0.7983870967741935
,,,,http://purl.obolibrary.org/obo/DOID_11211,"A hydrophthalmos characterized by early onset glaucoma in one or both eyes with elevated intraocular pressure, increased corneal diameter, and swelling of the globe and has_symptom early vision loss, photophobia, blepharospasm, tearing, increased corneal diameter, increased corneal thickness, and enlarged globe. Buphthalmos is caused by severe congenital defects of the trabecular meshwork and anterior chamber angle that block aqueous outflow and raises intraocular pressure, leading to optic nerve atrophy and early vision loss.","Hydrophthalmia characterized by early-onset glaucoma in one or both eyes with elevated intraocular pressure, increased corneal diameter, and swelling of the globe and has_symptoms of early loss of vision, photophobia, blepharospasm, lacrimation, increased corneal diameter, increased corneal and globe thickness enlarged. Buphthalmos is caused by severe congenital defects of the trabecular meshwork and anterior chamber angle that block the outflow of aqueous humor and raise intraocular pressure, leading to optic nerve atrophy and early vision loss.",0.8713768115942029,0.8713768115942029,,http://purl.obolibrary.org/obo/DOID_11211,"Hidroftalmía caracterizada por glaucoma de aparición precoz en uno o ambos ojos con presión intraocular elevada, aumento del diámetro corneal e hinchazón del globo y tiene_síntomas de pérdida precoz de visión, fotofobia, blefaroespasmo, lagrimeo, aumento del diámetro corneal, aumento del grosor corneal y globo agrandado. El buftalmos está causado por defectos congénitos graves de la malla trabecular y del ángulo de la cámara anterior que bloquean la salida del humor acuoso y elevan la presión intraocular, lo que provoca atrofia del nervio óptico y pérdida precoz de la visión.","Un hidroftalmos caracterizado por glaucoma de aparición temprana en uno o ambos ojos con presión intraocular elevada, aumento del diámetro de la córnea e hinchazón del globo y tiene síntomas de pérdida temprana de la visión, fotofobia, blefaroespasmo, lagrimeo, aumento del diámetro de la córnea, aumento del grosor de la córnea y agrandamiento del globo. El buftalmos es causado por defectos congénitos graves de la red trabecular y el ángulo de la cámara anterior que bloquean el flujo de salida del humor acuoso y elevan la presión intraocular, lo que provoca atrofia del nervio óptico y pérdida temprana de la visión.",,0.974169742,0.8775510204081632,0.9990612291292335,0.9180734703347656,0.90625,0.7697228144989339
,,,,http://purl.obolibrary.org/obo/DOID_11212,"A primary congenital glaucoma characterized by early onset glaucoma in one or both eyes with elevated intraocular pressure and increased corneal diameter and has_symptom early vision loss, increased corneal diameter, and increased corneal thickness. Hydrophthalmus is caused by congenital defects of the trabecular meshwork and anterior chamber angle that block aqueous outflow and raises intraocular pressure, leading to optic nerve atrophy and early vision loss.","Primary congenital glaucoma characterized by the early onset of glaucoma in one or both eyes with elevated intraocular pressure and increased corneal diameter and presenting symptoms of early vision loss, increased corneal diameter, and increased corneal thickness. Hydrophthalmia is caused by congenital defects of the trabecular meshwork and anterior chamber angle that block aqueous outflow and elevate intraocular pressure, leading to optic nerve atrophy and early vision loss.",0.9313929313929314,0.9313929313929314,,http://purl.obolibrary.org/obo/DOID_11212,"Glaucoma congénito primario caracterizado por la aparición precoz de glaucoma en uno o ambos ojos con presión intraocular elevada y aumento del diámetro corneal y presentar_síntomas de pérdida precoz de visión, aumento del diámetro corneal y aumento del grosor de la córnea. La hidroftalmía está causada por defectos congénitos de la malla trabecular y del ángulo de la cámara anterior que bloquean el flujo de salida acuoso y elevan la presión intraocular, lo que provoca atrofia del nervio óptico y pérdida precoz de visión.","Un glaucoma congénito primario caracterizado por glaucoma de aparición temprana en uno o ambos ojos con presión intraocular elevada y diámetro corneal aumentado y síntomas de pérdida temprana de la visión, diámetro corneal aumentado y espesor corneal aumentado. El hidroftalmo es causado por defectos congénitos de la red trabecular y del ángulo de la cámara anterior que bloquean el flujo de salida del humor acuoso y elevan la presión intraocular, lo que provoca atrofia del nervio óptico y pérdida temprana de la visión.",,0.9714285714285714,0.9158679446219382,0.9986649389555864,0.9512171377914421,0.9032258064516129,0.8262032085561497
,,,,http://purl.obolibrary.org/obo/DOID_1148,A physical disorder that is characterized by the presence of more than five fingers per hand or five toes per foot.,Physical disorder characterized by the presence of more than five fingers per hand or five fingers per foot.,0.8608695652173913,0.8608695652173913,,http://purl.obolibrary.org/obo/DOID_1148,Trastorno físico que se caracteriza por la presencia de más de cinco dedos por mano o cinco dedos por pie.,Trastorno físico que se caracteriza por la presencia de más de cinco dedos en la mano o cinco dedos en el pie.,,0.9237668161434978,0.8571428571428572,0.9882061112400375,0.8817504369374526,0.9166666666666666,0.8055555555555556
,,,,http://purl.obolibrary.org/obo/DOID_12961,"A physical disorder that is characterized by missing or underdeveloped muscles on one side of the body, resulting in abnormalities that can affect the chest, shoulder, arm, and hand.","A physical disorder characterized by the absence or underdevelopment of muscles on one side of the body, causing abnormalities that may affect the chest, shoulder, arm, and hand.",0.8186813186813187,0.8186813186813187,,http://purl.obolibrary.org/obo/DOID_12961,"Trastorno físico que se caracteriza por la ausencia o el subdesarrollo de los músculos de un lado del cuerpo, lo que provoca anomalías que pueden afectar al pecho, el hombro, el brazo y la mano.","Un trastorno físico que se caracteriza por músculos faltantes o poco desarrollados en un lado del cuerpo, lo que resulta en anomalías que pueden afectar el pecho, el hombro, el brazo y la mano.",,0.9388888888888889,0.7627118644067796,0.991662669,0.7789581573899156,1,0.6333333333333333
,,,,http://purl.obolibrary.org/obo/DOID_13336,A toxoplasmosis that involves a reactivated infection of the mother transmitted to the fetus during pregnancy. Spontaneous abortion and stillbirth may occur.,"Toxoplasmosis, which consists of a reactivated infection of the mother transmitted to the fetus during pregnancy. Spontaneous abortions and stillbirths can occur.",0.8641975308641976,0.8641975308641976,,http://purl.obolibrary.org/obo/DOID_13336,Toxoplasmosis que consiste en una infección reactivada de la madre transmitida al feto durante el embarazo. Pueden producirse abortos espontáneos y mortinatos.,Una toxoplasmosis que implica una infección reactivada de la madre transmitida al feto durante el embarazo. Puede producirse aborto espontáneo y muerte fetal.,,0.9216300940438872,0.792332268,0.9865908704849774,0.8048955420412774,0.8571428571428571,0.6557377049180327
,,,,http://purl.obolibrary.org/obo/DOID_14681,"A physical disorder that is characterized by severe intrauterine growth retardation, poor postnatal growth, craniofacial features such as a triangular shaped face and a broad forehead, body asymmetry, and a variety of minor malformations.","A physical disorder characterized by severe intrauterine growth retardation, poor postnatal growth, craniofacial features such as a triangular-shaped face and broad forehead, body asymmetry, and a variety of minor malformations.",0.953781513,0.953781513,,http://purl.obolibrary.org/obo/DOID_14681,"Trastorno físico que se caracteriza por un retraso grave del crecimiento intrauterino, un crecimiento postnatal deficiente, rasgos craneofaciales como una cara de forma triangular y frente ancha, asimetría corporal y una variedad de malformaciones menores.","Un trastorno físico que se caracteriza por un retraso severo del crecimiento intrauterino, un crecimiento posnatal deficiente, rasgos craneofaciales como una cara de forma triangular y una frente ancha, asimetría corporal y una variedad de malformaciones menores.",,0.9742489270386266,0.9434782608695652,0.9983137022407507,0.948371835,0.9629629629629629,0.896551724
,,,,http://purl.obolibrary.org/obo/DOID_422,"A myopathy that is characterized by hypotonia, muscle weakness, and delayed development of motor skills.","A myopathy characterized by hypotonia, muscle weakness, and delayed development of motor skills.",0.9230769230769231,0.9230769230769231,,http://purl.obolibrary.org/obo/DOID_422,"Una miopatía que se caracteriza por hipotonía, debilidad muscular y retraso en el desarrollo de las habilidades motoras.","Una miopatía que se caracteriza por hipotonía, debilidad muscular y retraso en el desarrollo de las habilidades motoras.",exact,0.96,0.9381443298969072,0.9946815459497156,0.940161653,1,0.8823529411764706
,,,,http://purl.obolibrary.org/obo/DOID_14725,A microcephaly that has_material_basis_in heterozygous mutation in an autosomal gene.,A microcephaly that has_its_material_base_in a heterozygous mutation in an autosomal gene.,0.9111111111111111,0.9111111111111111,,http://purl.obolibrary.org/obo/DOID_14725,Una microcefalia que tiene_su_base_material_en una mutación heterocigótica en un gen autosómico.,Una microcefalia que tiene base material en una mutación heterocigótica en un gen autosómico.,,0.9714285714285714,0.8757396449704142,0.9977985366412705,0.8779288764390331,1,0.7872340425531915
,,,,http://purl.obolibrary.org/obo/DOID_1657,"A heart septal defect characterized by an opening in the interventricular septum, causing a shunt between ventricles.",Cardiac septal defect characterized by an opening in the interventricular septum causing a shunt between ventricles.,0.9316239316239316,0.9316239316239316,,http://purl.obolibrary.org/obo/DOID_1657,Defecto del tabique cardíaco caracterizado por una abertura en el tabique interventricular que provoca una derivación entre ventrículos.,"Defecto del tabique cardíaco caracterizado por una abertura en el tabique interventricular, que provoca una derivación entre los ventrículos.",,0.9527896995708155,0.9074889867841409,0.9947618739992186,0.9176541150145568,0.8888888888888888,0.8205128205128205
,,,,http://purl.obolibrary.org/obo/DOID_2236,A blood coagulation disease that is characterized by an impaired blood clotting resulting from a lack deficiency of a the fibrinogen protein (coagulation factor I).,Blood coagulation disease characterized by an alteration of blood clotting as a result of a deficiency of the protein fibrinogen (coagulation factor I).,0.6707317073170731,0.6707317073170731,,http://purl.obolibrary.org/obo/DOID_2236,Enfermedad de la coagulación sanguínea que se caracteriza por una alteración de la coagulación de la sangre como consecuencia de una deficiencia de la proteína fibrinógeno (factor I de coagulación).,Una enfermedad de la coagulación sanguínea que se caracteriza por una alteración de la coagulación sanguínea resultante de una deficiencia de la proteína fibrinógeno (factor de coagulación I).,,0.9367088607594937,0.7096774193548387,0.9920084219848025,0.76169893,0.8571428571428571,0.550561798
,,,,http://purl.obolibrary.org/obo/DOID_3827,"A diaphragm disease characterized by the lack of development of all or part of the diaphragm, which results in an abnormal opening that allows the stomach and intestines to move into the chest cavity and crowd the heart and lungs.","Diaphragm disease characterized by failure to develop all or part of the diaphragm, resulting in an abnormal opening that allows the stomach and intestines to move into the chest cavity and crowd the heart and lungs.",0.8782608695652174,0.8782608695652174,,http://purl.obolibrary.org/obo/DOID_3827,"Enfermedad del diafragma caracterizada por la falta de desarrollo de todo o parte del diafragma, lo que da lugar a una abertura anormal que permite que el estómago y los intestinos se desplacen hacia la cavidad torácica y apiñen el corazón y los pulmones.","Una enfermedad del diafragma caracterizada por la falta de desarrollo de todo o parte del diafragma, lo que resulta en una apertura anormal que permite que el estómago y los intestinos se muevan hacia la cavidad torácica y abarroten el corazón y los pulmones.",,0.9461883408071748,0.8545454545454545,0.9962886957150803,0.888115067,0.8928571428571429,0.7544642857142857
,,,,http://purl.obolibrary.org/obo/DOID_4297,"A congenital heart disease that is characterized by partial or entire anomalous curved venous drainage of the right lung to the inferior vena cava, association with variable right lung and pulmonary artery hypoplasia, dextraposition of the heart and an anomalous systemic blood supply to the ipsilateral lung.","congenital heart disease characterized by partial or total anomalous curved venous drainage from the right lung to the inferior vena cava, associated with variable hypoplasia of the right lung and pulmonary artery, dextraposition of the heart, and abnormal systemic blood supply to the ipsilateral lung .",0.8090614886731391,0.8090614886731391,,http://purl.obolibrary.org/obo/DOID_4297,"cardiopatía congénita que se caracteriza por un drenaje venoso curvo anómalo parcial o total del pulmón derecho a la vena cava inferior, asociado a una hipoplasia variable del pulmón derecho y de la arteria pulmonar, una dextraposición del corazón y un aporte sanguíneo sistémico anómalo al pulmón ipsilateral.","Una cardiopatía congénita que se caracteriza por un drenaje venoso curvo anómalo total o parcial del pulmón derecho a la vena cava inferior, asociación con hipoplasia variable del pulmón derecho y de la arteria pulmonar, dextraposición del corazón y un suministro sanguíneo sistémico anómalo al pulmón ipsilateral.",,0.9690048939641109,0.8303130148270181,0.9977794421158827,0.8736360729476749,0.9629629629629629,0.7166123778501629
,,,,http://purl.obolibrary.org/obo/DOID_4773,A kidney cancer that is characterized by the presence of fibroblastic cells.,Kidney cancer characterized by the presence of fibroblastic cells.,0.8552631578947368,0.8552631578947368,,http://purl.obolibrary.org/obo/DOID_4773,Cáncer de riñón que se caracteriza por la presencia de células fibroblásticas.,Un cáncer de riñón que se caracteriza por la presencia de células fibroblásticas.,,0.9154929577464789,0.8823529411764706,0.9827671992514443,0.8847479104076178,0.8636363636363636,0.7894736842105263
,,,,http://purl.obolibrary.org/obo/DOID_758,A visceral heterotaxy that is characterized by complete right-to-left reversal of the position of the major thoracic and abdominal organs.,Visceral heterotaxia characterized by complete right-to-left reversal of the position of the major thoracic and abdominal organs.,0.9202898550724637,0.9202898550724637,,http://purl.obolibrary.org/obo/DOID_758,Heterotaxia visceral que se caracteriza por la inversión completa de derecha a izquierda de la posición de los principales órganos torácicos y abdominales.,Heterotaxia visceral que se caracteriza por una inversión completa de derecha a izquierda de la posición de los principales órganos torácicos y abdominales.,,0.9588014981273408,0.9195402298850575,0.9949534253807738,0.9267780101164963,0.9259259259259259,0.8444444444444444
,,,,http://purl.obolibrary.org/obo/DOID_9296,An orofacial cleft that is characterized by a congenital defect in the upper lip where the maxillary prominence fails to merge with the merged medial nasal prominences.,Orofacial cleft characterized by a congenital defect in the upper lip in which the maxillary prominence fails to fuse with the fused middle nasal prominences.,0.8214285714285714,0.8214285714285714,,http://purl.obolibrary.org/obo/DOID_9296,Hendidura orofacial que se caracteriza por un defecto congénito en el labio superior en el que la prominencia maxilar no llega a fusionarse con las prominencias nasales medias fusionadas.,Una hendidura orofacial que se caracteriza por un defecto congénito en el labio superior donde la prominencia maxilar no logra fusionarse con las prominencias nasales mediales fusionadas.,,0.9141104294478528,0.75625,0.9883146302550532,0.7770102148686753,0.9230769230769231,0.6123595505617978
,,,,http://purl.obolibrary.org/obo/DOID_9487,A physical disorder that is characterized by a congenital abnormality characterized by the outpouching or sac formation in the ileum.,Physical disorder characterized by a congenital anomaly characterized by the formation of a pouch or sac in the ileum.,0.7067669172932332,0.7067669172932332,,http://purl.obolibrary.org/obo/DOID_9487,Trastorno físico que se caracteriza por una anomalía congénita caracterizada por la formación de una bolsa o saco en el íleon.,Un trastorno físico que se caracteriza por una anomalía congénita caracterizada por la formación de sacos en el íleon.,,0.9243027888446215,0.726530612,0.9880736947731723,0.7884506343749649,0.9166666666666666,0.5217391304347826
,,,,http://purl.obolibrary.org/obo/DOID_990,"An atrioventricular block characterized by the presence of conduction system disease of any form, which is diagnosed on or before 28 days of life.","An atrioventricular block characterized by the presence of conduction system disease of any form, which is diagnosed at 28 days of life or earlier.",0.8503401360544218,0.8503401360544218,,http://purl.obolibrary.org/obo/DOID_990,"Un bloqueo auriculoventricular caracterizado por la presencia de una enfermedad del sistema de conducción de cualquier forma, que se diagnostica a los 28 días de vida o antes.","Un bloqueo auriculoventricular caracterizado por la presencia de enfermedad del sistema de conducción de cualquier forma, que se diagnostica a los 28 días de vida o antes.",,0.962457338,0.891986063,0.9949307563203461,0.8976946579153591,1,0.8012820512820513
,,,,http://purl.obolibrary.org/obo/DOID_9955,A congenital heart disease characterized by abnormal development of the left-sided structures of the heart.,Congenital heart disease characterized by abnormal development of the structures on the left side of the heart.,0.7657657657657657,0.7657657657657657,,http://purl.obolibrary.org/obo/DOID_9955,Enfermedad cardiaca congénita caracterizada por un desarrollo anormal de las estructuras del lado izquierdo del corazón.,Una cardiopatía congénita caracterizada por el desarrollo anormal de las estructuras del lado izquierdo del corazón.,,0.944954128,0.8679245283018868,0.9946298722316815,0.8898984166292194,0.8846153846153846,0.7636363636363637