review_notes,cause,cur_match_en,match_en,quality,class,label,google_translate_to_en,en_osa,en_dl,en_qgram,en_cos,en_jaccard,compare_en,clase,etiqueta,google_translate_to_es,compare_es
,,,exact,5,http://purl.obolibrary.org/obo/DOID_0050328,congenital hypothyroidism,congenital hypothyroidism,1,1,1,1,1,exact,http://purl.obolibrary.org/obo/DOID_0050328,hipotiroidismo congénito,hipotiroidismo congénito,exact
,,,exact,5,http://purl.obolibrary.org/obo/DOID_0080015,physical disorder,physical disorder,1,1,1,1,1,exact,http://purl.obolibrary.org/obo/DOID_0080015,trastorno físico,desorden fisico,
,,,exact,5,http://purl.obolibrary.org/obo/DOID_0050453,lissencephaly,lissencephaly,1,1,1,1,1,exact,http://purl.obolibrary.org/obo/DOID_0050453,lisencefalia,lisencefalia,exact
,,meaning,,3,http://purl.obolibrary.org/obo/DOID_2490,congenital nervous system abnormality,congenital anomaly of the nervous system,0.4,0.4,0.8831168831168831,0.955317528,0.8421052631578947,,http://purl.obolibrary.org/obo/DOID_2490,anomalía congénita del sistema nervioso,anomalía congénita del sistema nervioso,exact
,,,exact,5,http://purl.obolibrary.org/obo/DOID_0050454,periventricular nodular heterotopia,periventricular nodular heterotopia,1,1,1,1,1,exact,http://purl.obolibrary.org/obo/DOID_0050454,heterotopía nodular periventricular,heterotopía nodular periventricular,exact
,,,exact,5,http://purl.obolibrary.org/obo/DOID_0050488,early congenital syphilis,early congenital syphilis,1,1,1,1,1,exact,http://purl.obolibrary.org/obo/DOID_0050488,sífilis congénita precoz,sífilis congénita temprana,
,,,exact,5,http://purl.obolibrary.org/obo/DOID_9856,congenital syphilis,congenital syphilis,1,1,1,1,1,exact,http://purl.obolibrary.org/obo/DOID_9856,sífilis congénita,sífilis congénita,exact
,,,exact,5,http://purl.obolibrary.org/obo/DOID_0050534,congenital stationary night blindness,congenital stationary night blindness,1,1,1,1,1,exact,http://purl.obolibrary.org/obo/DOID_0050534,ceguera nocturna estacionaria congénita,ceguera nocturna estacionaria congénita,exact
,,,exact,5,http://purl.obolibrary.org/obo/DOID_0050545,visceral heterotaxy,visceral heterotaxy,1,1,1,1,1,exact,http://purl.obolibrary.org/obo/DOID_0050545,heterotaxia visceral,heterotaxia visceral,exact
,,,exact,5,http://purl.obolibrary.org/obo/DOID_0050546,congenital adrenal insufficiency,congenital adrenal insufficiency,1,1,1,1,1,exact,http://purl.obolibrary.org/obo/DOID_0050546,insuficiencia suprarrenal congénita,insuficiencia suprarrenal congénita,exact
,,,exact,5,http://purl.obolibrary.org/obo/DOID_0050557,congenital muscular dystrophy,congenital muscular dystrophy,1,1,1,1,1,exact,http://purl.obolibrary.org/obo/DOID_0050557,distrofia muscular congénita,distrofia muscular congénita,exact
,,,exact,5,http://purl.obolibrary.org/obo/DOID_0050558,Ullrich congenital muscular dystrophy,Ullrich congenital muscular dystrophy,1,1,1,1,1,exact,http://purl.obolibrary.org/obo/DOID_0050558,Distrofia muscular congénita de Ullrich,Distrofia muscular congénita de Ullrich,exact
,,,exact,5,http://purl.obolibrary.org/obo/DOID_0050559,Fukuyama congenital muscular dystrophy,Fukuyama congenital muscular dystrophy,1,1,1,1,1,exact,http://purl.obolibrary.org/obo/DOID_0050559,Distrofia muscular congénita de Fukuyama,Distrofia muscular congénita de Fukuyama,exact
,,,exact,5,http://purl.obolibrary.org/obo/DOID_0111229,congenital muscular dystrophy-dystroglycanopathy type A,congenital muscular dystrophy-dystroglycanopathy type A,1,1,1,1,1,exact,http://purl.obolibrary.org/obo/DOID_0111229,distrofia muscular congénita-distroglicanopatía tipo A,Distrofia muscular congénita-distroglicanopatía tipo A,exact
,,,exact,5,http://purl.obolibrary.org/obo/DOID_0050560,Walker-Warburg syndrome,Walker-Warburg syndrome,1,1,1,1,1,exact,http://purl.obolibrary.org/obo/DOID_0050560,síndrome de Walker-Warburg,Síndrome de Walker-Warburg,exact
,,,exact,5,http://purl.obolibrary.org/obo/DOID_0050567,orofacial cleft,orofacial cleft,1,1,1,1,1,exact,http://purl.obolibrary.org/obo/DOID_0050567,hendidura orofacial,hendidura orofacial,exact
,,order,,5,http://purl.obolibrary.org/obo/DOID_0050570,congenital disorder of glycosylation type I,congenital glycosylation disorder type I,0.5116279069767442,0.5116279069767442,0.963855422,0.9906872800257396,0.9411764705882352,,http://purl.obolibrary.org/obo/DOID_0050570,trastorno congénito de la glicosilación tipo I,trastorno congénito de la glicosilación tipo I,exact
,,order,,5,http://purl.obolibrary.org/obo/DOID_5212,congenital disorder of glycosylation,congenital glycosylation disorder,0.41666666666666663,0.41666666666666663,0.9565217391304348,0.9868199541123376,0.9333333333333332,,http://purl.obolibrary.org/obo/DOID_5212,trastorno congénito de la glicosilación,trastorno congénito de la glicosilación,exact
,,order,,5,http://purl.obolibrary.org/obo/DOID_0050571,congenital disorder of glycosylation type II,congenital glycosylation disorder type II,0.5227272727272727,0.5227272727272727,0.9647058823529412,0.9908405964661778,0.9411764705882352,,http://purl.obolibrary.org/obo/DOID_0050571,trastorno congénito de la glicosilación tipo II,trastorno congénito de la glicosilación tipo II,exact
,,,exact,5,http://purl.obolibrary.org/obo/DOID_0050585,congenital generalized lipodystrophy,congenital generalized lipodystrophy,1,1,1,1,1,exact,http://purl.obolibrary.org/obo/DOID_0050585,lipodistrofia generalizada congénita,lipodistrofia generalizada congénita,exact
,,,exact,5,http://purl.obolibrary.org/obo/DOID_0050588,muscular dystrophy-dystroglycanopathy type B1,muscular dystrophy-dystroglycanopathy type B1,1,1,1,1,1,exact,http://purl.obolibrary.org/obo/DOID_0050588,distrofia muscular-distroglicanopatía tipo B1,distrofia muscular-distroglicanopatía tipo B1,exact
,,,exact,5,http://purl.obolibrary.org/obo/DOID_0112375,muscular dystrophy-dystroglycanopathy type B,muscular dystrophy-dystroglycanopathy type B,1,1,1,1,1,exact,http://purl.obolibrary.org/obo/DOID_0112375,distrofia-distroglicanopatía muscular tipo B,distrofia muscular-distroglicanopatía tipo B,
,,,exact,5,http://purl.obolibrary.org/obo/DOID_0050590,severe congenital neutropenia,severe congenital neutropenia,1,1,1,1,1,exact,http://purl.obolibrary.org/obo/DOID_0050590,neutropenia congénita grave,neutropenia congénita grave,exact
,,,exact,5,http://purl.obolibrary.org/obo/DOID_0050593,primary congenital glaucoma,primary congenital glaucoma,1,1,1,1,1,exact,http://purl.obolibrary.org/obo/DOID_0050593,glaucoma congénito primario,glaucoma congénito primario,exact
,TCG,error,,1,http://purl.obolibrary.org/obo/DOID_0050651,atrioventricular septal defect,atrial septal defect,0.6333333333333333,0.6333333333333333,0.8,0.932744804,0.75,,http://purl.obolibrary.org/obo/DOID_0050651,comunicación interauricular,defecto del tabique auriculoventricular,
,,meaning,,4,http://purl.obolibrary.org/obo/DOID_1681,heart septal defect,cardiac septal defect,0.7142857142857143,0.7142857142857143,0.8,0.8846783746414657,0.8461538461538461,,http://purl.obolibrary.org/obo/DOID_1681,defecto septal cardíaco,defecto del tabique cardíaco,
"Bethlehem myopathy rare in Google search, appears to be used in error (example: https://www.ncbi.nlm.nih.gov/books/NBK558956/)",google to en,error,,1,http://purl.obolibrary.org/obo/DOID_0050663,Bethlem myopathy,Bethlehem myopathy,0.8888888888888888,0.8888888888888888,0.9411764705882352,0.9805806756909202,1,,http://purl.obolibrary.org/obo/DOID_0050663,miopatía de Bethlem,Miopatía de Bethlem,exact
,,order,,5,http://purl.obolibrary.org/obo/DOID_0050674,congenital bile acid synthesis defect,congenital defect of bile acid synthesis,0.575,0.575,0.961038961,0.989325264,1,,http://purl.obolibrary.org/obo/DOID_0050674,defecto congénito de la síntesis de ácidos biliares,defecto congénito de la síntesis de ácidos biliares,exact
,,,exact,5,http://purl.obolibrary.org/obo/DOID_0050734,congenital intrinsic factor deficiency,congenital intrinsic factor deficiency,1,1,1,1,1,exact,http://purl.obolibrary.org/obo/DOID_0050734,deficiencia congénita del factor intrínseco,deficiencia congénita del factor intrínseco,exact
,,,exact,5,http://purl.obolibrary.org/obo/DOID_10907,microcephaly,microcephaly,1,1,1,1,1,exact,http://purl.obolibrary.org/obo/DOID_10907,microcefalia,microcefalia,exact
,,,exact,5,http://purl.obolibrary.org/obo/DOID_0050811,congenital adrenal hyperplasia,congenital adrenal hyperplasia,1,1,1,1,1,exact,http://purl.obolibrary.org/obo/DOID_0050811,hiperplasia suprarrenal congénita,hiperplasia suprarrenal congénita,exact
,google to en,,case,5,http://purl.obolibrary.org/obo/DOID_0050813,spondyloepiphyseal dysplasia with congenital joint dislocations,Spondyloepiphyseal dysplasia with congenital joint dislocations,0.9841269841269842,0.9841269841269842,0.9841269841269842,0.9966558162963368,0.9444444444444444,exact,http://purl.obolibrary.org/obo/DOID_0050813,displasia espondiloepifisaria con luxaciones articulares congénitas,displasia espondiloepifisaria con luxaciones articulares congénitas,exact
,,,exact,5,http://purl.obolibrary.org/obo/DOID_0060259,renal-hepatic-pancreatic dysplasia,renal-hepatic-pancreatic dysplasia,1,1,1,1,1,exact,http://purl.obolibrary.org/obo/DOID_0060259,displasia renal-hepática-pancreática,displasia renal-hepática-pancreática,exact
,,,exact,5,http://purl.obolibrary.org/obo/DOID_0060261,congenital ptosis,congenital ptosis,1,1,1,1,1,exact,http://purl.obolibrary.org/obo/DOID_0060261,ptosis congénita,ptosis congénita,exact
,,,exact,5,http://purl.obolibrary.org/obo/DOID_0060285,parietal foramina,parietal foramina,1,1,1,1,1,exact,http://purl.obolibrary.org/obo/DOID_0060285,forámenes parietales,agujeros parietales,
,,,exact,5,http://purl.obolibrary.org/obo/DOID_0080074,neural tube defect,neural tube defect,1,1,1,1,1,exact,http://purl.obolibrary.org/obo/DOID_0080074,defecto del tubo neural,defecto del tubo neural,exact
,,order only,,5,http://purl.obolibrary.org/obo/DOID_0060296,congenital secretory chloride diarrhea 1,congenital chloride secretory diarrhea 1,0.6,0.6,1,1,1,,http://purl.obolibrary.org/obo/DOID_0060296,diarrea secretoria congénita de cloruro 1,diarrea congénita secretora de cloruro 1,
,,,exact,5,http://purl.obolibrary.org/obo/DOID_0060326,myelomeningocele,myelomeningocele,1,1,1,1,1,exact,http://purl.obolibrary.org/obo/DOID_0060326,mielomeningocele,mielomeningocele,exact
,,,exact,5,http://purl.obolibrary.org/obo/DOID_0080016,spina bifida,spina bifida,1,1,1,1,1,exact,http://purl.obolibrary.org/obo/DOID_0080016,espina bífida,espina bífida,exact
,,,exact,5,http://purl.obolibrary.org/obo/DOID_0060327,omphalocele,omphalocele,1,1,1,1,1,exact,http://purl.obolibrary.org/obo/DOID_0060327,onfalocele,hernia umbilical,
,,,exact,5,http://purl.obolibrary.org/obo/DOID_0060341,agnathia-otocephaly complex,agnathia-otocephaly complex,1,1,1,1,1,exact,http://purl.obolibrary.org/obo/DOID_0060341,complejo de agnatia-otocefalia,complejo agnatia-otocefalia,
,,,exact,5,http://purl.obolibrary.org/obo/DOID_0060445,congenital stromal corneal dystrophy,congenital stromal corneal dystrophy,1,1,1,1,1,exact,http://purl.obolibrary.org/obo/DOID_0060445,distrofia corneal estromal congénita,distrofia corneal estromal congénita,exact
,,,exact,5,http://purl.obolibrary.org/obo/DOID_0060558,lethal congenital contracture syndrome,lethal congenital contracture syndrome,1,1,1,1,1,exact,http://purl.obolibrary.org/obo/DOID_0060558,síndrome de contractura congénita letal,síndrome de contractura congénita letal,exact
,,,exact,5,http://purl.obolibrary.org/obo/DOID_0060559,lethal congenital contracture syndrome 1,lethal congenital contracture syndrome 1,1,1,1,1,1,exact,http://purl.obolibrary.org/obo/DOID_0060559,síndrome de contractura congénita letal 1,síndrome de contractura congénita letal 1,exact
,,,exact,5,http://purl.obolibrary.org/obo/DOID_0060560,lethal congenital contracture syndrome 2,lethal congenital contracture syndrome 2,1,1,1,1,1,exact,http://purl.obolibrary.org/obo/DOID_0060560,síndrome de contractura congénita letal 2,síndrome de contractura congénita letal 2,exact
,,,exact,5,http://purl.obolibrary.org/obo/DOID_0060563,Char syndrome,Char syndrome,1,1,1,1,1,exact,http://purl.obolibrary.org/obo/DOID_0060563,Síndrome de Char,síndrome de char,exact
,,,exact,5,http://purl.obolibrary.org/obo/DOID_13832,patent ductus arteriosus,patent ductus arteriosus,1,1,1,1,1,exact,http://purl.obolibrary.org/obo/DOID_13832,conducto arterioso persistente,conducto arterioso permeable,
,,,exact,5,http://purl.obolibrary.org/obo/DOID_0060613,X-linked cleft palate with or without ankyloglossia,X-linked cleft palate with or without ankyloglossia,1,1,1,1,1,exact,http://purl.obolibrary.org/obo/DOID_0060613,Paladar hendido ligado al cromosoma X con o sin anquiloglosia,Paladar hendido ligado al cromosoma X con o sin anquiloglosia,exact
,,,exact,5,http://purl.obolibrary.org/obo/DOID_674,cleft palate,cleft palate,1,1,1,1,1,exact,http://purl.obolibrary.org/obo/DOID_674,paladar hendido,paladar hendido,exact
,,,exact,5,http://purl.obolibrary.org/obo/DOID_0060638,neonatal diabetes mellitus with congenital hypothyroidism,neonatal diabetes mellitus with congenital hypothyroidism,1,1,1,1,1,exact,http://purl.obolibrary.org/obo/DOID_0060638,diabetes mellitus neonatal con hipotiroidismo congénito,diabetes mellitus neonatal con hipotiroidismo congénito,exact
,,,exact,5,http://purl.obolibrary.org/obo/DOID_0060646,congenital chylothorax,congenital chylothorax,1,1,1,1,1,exact,http://purl.obolibrary.org/obo/DOID_0060646,quilotórax congénito,quilotórax congénito,exact
,,added article,,5,http://purl.obolibrary.org/obo/DOID_0060649,congenital hereditary endothelial dystrophy of cornea,congenital hereditary endothelial dystrophy of the cornea,0.9298245614035088,0.9298245614035088,0.9636363636363636,0.995041325,1,,http://purl.obolibrary.org/obo/DOID_0060649,distrofia endotelial hereditaria congénita de la córnea,distrofia endotelial hereditaria congénita de la córnea,exact
,,,exact,5,http://purl.obolibrary.org/obo/DOID_0060653,lethal congenital contracture syndrome 3,lethal congenital contracture syndrome 3,1,1,1,1,1,exact,http://purl.obolibrary.org/obo/DOID_0060653,síndrome de contractura congénita letal 3,síndrome de contractura congénita letal 3,exact
,,,exact,5,http://purl.obolibrary.org/obo/DOID_0060654,lethal congenital contracture syndrome 4,lethal congenital contracture syndrome 4,1,1,1,1,1,exact,http://purl.obolibrary.org/obo/DOID_0060654,síndrome de contractura congénita letal 4,síndrome de contractura congénita letal 4,exact
,,,exact,5,http://purl.obolibrary.org/obo/DOID_0060655,autosomal recessive congenital ichthyosis,autosomal recessive congenital ichthyosis,1,1,1,1,1,exact,http://purl.obolibrary.org/obo/DOID_0060655,ictiosis congénita autosómica recesiva,Ictiosis congénita autosómica recesiva,exact
,,,exact,5,http://purl.obolibrary.org/obo/DOID_0060656,autosomal recessive congenital ichthyosis 1,autosomal recessive congenital ichthyosis 1,1,1,1,1,1,exact,http://purl.obolibrary.org/obo/DOID_0060656,ictiosis congénita autosómica recesiva 1,Ictiosis congénita autosómica recesiva 1,exact
,,,exact,5,http://purl.obolibrary.org/obo/DOID_0060668,anencephaly,anencephaly,1,1,1,1,1,exact,http://purl.obolibrary.org/obo/DOID_0060668,anencefalia,anencefalia,exact
,,,exact,5,http://purl.obolibrary.org/obo/DOID_0060710,autosomal recessive congenital ichthyosis 2,autosomal recessive congenital ichthyosis 2,1,1,1,1,1,exact,http://purl.obolibrary.org/obo/DOID_0060710,ictiosis congénita autosómica recesiva 2,Ictiosis congénita autosómica recesiva 2,exact
,,,exact,5,http://purl.obolibrary.org/obo/DOID_0060711,autosomal recessive congenital ichthyosis 3,autosomal recessive congenital ichthyosis 3,1,1,1,1,1,exact,http://purl.obolibrary.org/obo/DOID_0060711,ictiosis congénita autosómica recesiva 3,Ictiosis congénita autosómica recesiva 3,exact
,,,exact,5,http://purl.obolibrary.org/obo/DOID_0060712,autosomal recessive congenital ichthyosis 4A,autosomal recessive congenital ichthyosis 4A,1,1,1,1,1,exact,http://purl.obolibrary.org/obo/DOID_0060712,ictiosis congénita autosómica recesiva 4A,Ictiosis congénita autosómica recesiva 4A,exact
,,,exact,5,http://purl.obolibrary.org/obo/DOID_0060713,autosomal recessive congenital ichthyosis 4B,autosomal recessive congenital ichthyosis 4B,1,1,1,1,1,exact,http://purl.obolibrary.org/obo/DOID_0060713,ictiosis congénita autosómica recesiva 4B,Ictiosis congénita autosómica recesiva 4B,exact
,,,exact,5,http://purl.obolibrary.org/obo/DOID_0060714,autosomal recessive congenital ichthyosis 5,autosomal recessive congenital ichthyosis 5,1,1,1,1,1,exact,http://purl.obolibrary.org/obo/DOID_0060714,ictiosis congénita autosómica recesiva 5,Ictiosis congénita autosómica recesiva 5,exact
,,,exact,5,http://purl.obolibrary.org/obo/DOID_0060715,autosomal recessive congenital ichthyosis 6,autosomal recessive congenital ichthyosis 6,1,1,1,1,1,exact,http://purl.obolibrary.org/obo/DOID_0060715,ictiosis congénita autosómica recesiva 6,Ictiosis congénita autosómica recesiva 6,exact
,,,exact,5,http://purl.obolibrary.org/obo/DOID_0060716,autosomal recessive congenital ichthyosis 7,autosomal recessive congenital ichthyosis 7,1,1,1,1,1,exact,http://purl.obolibrary.org/obo/DOID_0060716,ictiosis congénita autosómica recesiva 7,Ictiosis congénita autosómica recesiva 7,exact
,,,exact,5,http://purl.obolibrary.org/obo/DOID_0060717,autosomal recessive congenital ichthyosis 8,autosomal recessive congenital ichthyosis 8,1,1,1,1,1,exact,http://purl.obolibrary.org/obo/DOID_0060717,ictiosis congénita autosómica recesiva 8,Ictiosis congénita autosómica recesiva 8,exact
,,,exact,5,http://purl.obolibrary.org/obo/DOID_0060718,autosomal recessive congenital ichthyosis 9,autosomal recessive congenital ichthyosis 9,1,1,1,1,1,exact,http://purl.obolibrary.org/obo/DOID_0060718,ictiosis congénita autosómica recesiva 9,Ictiosis congénita autosómica recesiva 9,exact
,,,exact,5,http://purl.obolibrary.org/obo/DOID_0060719,autosomal recessive congenital ichthyosis 10,autosomal recessive congenital ichthyosis 10,1,1,1,1,1,exact,http://purl.obolibrary.org/obo/DOID_0060719,ictiosis congénita autosómica recesiva 10,Ictiosis congénita autosómica recesiva 10,exact
,,,exact,5,http://purl.obolibrary.org/obo/DOID_0060720,autosomal recessive congenital ichthyosis 11,autosomal recessive congenital ichthyosis 11,1,1,1,1,1,exact,http://purl.obolibrary.org/obo/DOID_0060720,ictiosis congénita autosómica recesiva 11,Ictiosis congénita autosómica recesiva 11,exact
,,,exact,5,http://purl.obolibrary.org/obo/DOID_0060731,congenital central hypoventilation syndrome,congenital central hypoventilation syndrome,1,1,1,1,1,exact,http://purl.obolibrary.org/obo/DOID_0060731,síndrome de hipoventilación central congénita,síndrome de hipoventilación central congénita,exact
,,,space|punct,5,http://purl.obolibrary.org/obo/DOID_0060769,"T-cell immunodeficiency, congenital alopecia, and nail dystrophy","T cell immunodeficiency, congenital alopecia and nail dystrophy",0.96875,0.96875,0.9763779527559056,0.9945923506395904,0.9545454545454546,,http://purl.obolibrary.org/obo/DOID_0060769,"Inmunodeficiencia de células T, alopecia congénita y distrofia ungueal","Inmunodeficiencia de células T, alopecia congénita y distrofia ungueal",exact
,,meaning,,2,http://purl.obolibrary.org/obo/DOID_0060770,dextro-looped transposition of the great arteries,right-handed transposition of the great arteries,0.7959183673469388,0.7959183673469388,0.865979381,0.9470831823640554,0.8823529411764706,,http://purl.obolibrary.org/obo/DOID_0060770,transposición dextrógira de las grandes arterias,transposición en bucle dextro de las grandes arterias,
,,,exact,5,http://purl.obolibrary.org/obo/DOID_1682,congenital heart disease,congenital heart disease,1,1,1,1,1,exact,http://purl.obolibrary.org/obo/DOID_1682,cardiopatía congénita,cardiopatía congénita,exact
,,,exact,5,http://purl.obolibrary.org/obo/DOID_0060772,multiple types of congenital heart defects 6,multiple types of congenital heart defects 6,1,1,1,1,1,exact,http://purl.obolibrary.org/obo/DOID_0060772,múltiples tipos de defectos cardíacos congénitos 6,múltiples tipos de defectos cardíacos congénitos 6,exact
,,,exact,5,http://purl.obolibrary.org/obo/DOID_0060774,congenital diarrhea,congenital diarrhea,1,1,1,1,1,exact,http://purl.obolibrary.org/obo/DOID_0060774,diarrea congénita,diarrea congénita,exact
,,plural,,4,http://purl.obolibrary.org/obo/DOID_0060775,microvillus inclusion disease,microvilli inclusion disease,0.9310344827586208,0.9310344827586208,0.9473684210526316,0.9811514805819238,1,,http://purl.obolibrary.org/obo/DOID_0060775,enfermedad de inclusión de microvellosidades,enfermedad de inclusión de microvellosidades,exact
"""tuft enteropathy"" is used: https://www.google.com/search?q=%22tuft+enteropathy%22&client=firefox-b-1-d&sca_esv=c9a915b7e2353e00&sca_upv=1&sxsrf=ADLYWIKhw10Z1fC6GfjocUS_igweWXG63A%3A1725473755710&ei=26PYZp-BK6mk5NoP8OynoAw&ved=0ahUKEwjf2pzS8qmIAxUpElkFHXD2CcQQ4dUDCBA&uact=5&oq=%22tuft+enteropathy%22&gs_lp=Egxnd3Mtd2l6LXNlcnAiEiJ0dWZ0IGVudGVyb3BhdGh5IjIIEAAYFhgKGB4yCxAAGIAEGIYDGIoFMgsQABiABBiGAxiKBTILEAAYgAQYhgMYigUyCBAAGIAEGKIEMggQABiABBiiBEiFHlDuBlilHHACeAGQAQCYAVOgAc8CqgEBNbgBA8gBAPgBAZgCB6AC6gLCAgoQABiwAxjWBBhHwgIKECMYgAQYJxiKBcICBhAAGAcYHpgDAIgGAZAGCJIHATegB5wf&sclient=gws-wiz-serp",,conjugation,,4,http://purl.obolibrary.org/obo/DOID_0060776,congenital diarrhea 5 with tufting enteropathy,congenital diarrhea 5 with tuft enteropathy,0.9347826086956522,0.9347826086956522,0.9662921348314608,0.991661035,1,,http://purl.obolibrary.org/obo/DOID_0060776,diarrea congénita 5 con enteropatía en penacho,diarrea congénita 5 con enteropatía en penachos,
,,,exact,5,http://purl.obolibrary.org/obo/DOID_0060777,congenital secretory sodium diarrhea 8,congenital secretory sodium diarrhea 8,1,1,1,1,1,exact,http://purl.obolibrary.org/obo/DOID_0060777,diarrea sódica secretora congénita 8,diarrea congénita secretora de sodio 8,
,,,exact,5,http://purl.obolibrary.org/obo/DOID_0060778,congenital diarrhea 7 with exudative enteropathy,congenital diarrhea 7 with exudative enteropathy,1,1,1,1,1,exact,http://purl.obolibrary.org/obo/DOID_0060778,diarrea congénita 7 con enteropatía exudativa,diarrea congénita 7 con enteropatía exudativa,exact
,,,exact,5,http://purl.obolibrary.org/obo/DOID_0060779,congenital malabsorptive diarrhea 4,congenital malabsorptive diarrhea 4,1,1,1,1,1,exact,http://purl.obolibrary.org/obo/DOID_0060779,diarrea malabsortiva congénita 4,diarrea congénita malabsortiva 4,
,,,exact,5,http://purl.obolibrary.org/obo/DOID_0060780,congenital diarrhea 6,congenital diarrhea 6,1,1,1,1,1,exact,http://purl.obolibrary.org/obo/DOID_0060780,diarrea congénita 6,diarrea congénita 6,exact
,,,exact,5,http://purl.obolibrary.org/obo/DOID_0060781,congenital secretory sodium diarrhea 3,congenital secretory sodium diarrhea 3,1,1,1,1,1,exact,http://purl.obolibrary.org/obo/DOID_0060781,diarrea sódica secretora congénita 3,diarrea congénita secretora de sodio 3,
,,,exact,5,http://purl.obolibrary.org/obo/DOID_0060856,right atrial isomerism,right atrial isomerism,1,1,1,1,1,exact,http://purl.obolibrary.org/obo/DOID_0060856,isomerismo auricular derecho,isomería auricular derecha,
,,,exact,5,http://purl.obolibrary.org/obo/DOID_0060902,Norman-Roberts syndrome,Norman-Roberts syndrome,1,1,1,1,1,exact,http://purl.obolibrary.org/obo/DOID_0060902,Síndrome de Norman-Roberts,Síndrome de Norman-Roberts,exact
,TCG,error,,1,http://purl.obolibrary.org/obo/DOID_0070123,congenital nongoitrous hypothyroidism 4,congenital non-nitrous hypothyroidism 4,0.9487179487179488,0.9487179487179488,0.9487179487179488,0.9824547782490286,0.95,,http://purl.obolibrary.org/obo/DOID_0070123,hipotiroidismo congénito no nitroso 4,hipotiroidismo congénito no bocio 4,
,TCG,error,,1,http://purl.obolibrary.org/obo/DOID_0070124,congenital nongoitrous hypothyroidism 2,congenital non-nitrous hypothyroidism 2,0.9487179487179488,0.9487179487179488,0.9487179487179488,0.9824547782490286,0.95,,http://purl.obolibrary.org/obo/DOID_0070124,hipotiroidismo congénito no nitroso 2,hipotiroidismo congénito no bocio 2,
,TCG,error,,1,http://purl.obolibrary.org/obo/DOID_0070125,congenital nongoitrous hypothyroidism 5,congenital non-nitrous hypothyroidism 5,0.9487179487179488,0.9487179487179488,0.9487179487179488,0.9824547782490286,0.95,,http://purl.obolibrary.org/obo/DOID_0070125,hipotiroidismo congénito no nitroso 5,hipotiroidismo congénito no bocio 5,
,TCG,error,,1,http://purl.obolibrary.org/obo/DOID_0070126,congenital nongoitrous hypothyroidism 1,congenital non-nitrous hypothyroidism 1,0.9487179487179488,0.9487179487179488,0.9487179487179488,0.9824547782490286,0.95,,http://purl.obolibrary.org/obo/DOID_0070126,hipotiroidismo congénito no nitroso 1,hipotiroidismo congénito no bocio 1,
,TCG,error,,1,http://purl.obolibrary.org/obo/DOID_0070127,congenital nongoitrous hypothyroidism 3,congenital non-nitrous hypothyroidism 3,0.9487179487179488,0.9487179487179488,0.9487179487179488,0.9824547782490286,0.95,,http://purl.obolibrary.org/obo/DOID_0070127,hipotiroidismo congénito no nitroso 3,hipotiroidismo congénito no bocio 3,
,TCG,error,,1,http://purl.obolibrary.org/obo/DOID_0070128,congenital nongoitrous hypothyroidism 6,congenital non-nitrous hypothyroidism 6,0.9487179487179488,0.9487179487179488,0.9487179487179488,0.9824547782490286,0.95,,http://purl.obolibrary.org/obo/DOID_0070128,hipotiroidismo congénito no nitroso 6,hipotiroidismo congénito no bocio 6,
,,order,,5,http://purl.obolibrary.org/obo/DOID_0070253,congenital disorder of glycosylation type IIa,congenital glycosylation disorder type IIa,0.5333333333333333,0.5333333333333333,0.9655172413793104,0.9910873809320174,0.9411764705882352,,http://purl.obolibrary.org/obo/DOID_0070253,trastorno congénito de la glucosilación tipo IIa,trastorno congénito de la glicosilación tipo IIa,
,,order,,5,http://purl.obolibrary.org/obo/DOID_0070254,congenital disorder of glycosylation type IIb,congenital glycosylation disorder type IIb,0.5333333333333333,0.5333333333333333,0.9655172413793104,0.990890823,0.9444444444444444,,http://purl.obolibrary.org/obo/DOID_0070254,trastorno congénito de la glicosilación tipo IIb,trastorno congénito de la glicosilación tipo IIb,exact
,,order,,5,http://purl.obolibrary.org/obo/DOID_0070255,congenital disorder of glycosylation type IIc,congenital glycosylation disorder type IIc,0.5333333333333333,0.5333333333333333,0.9655172413793104,0.9910873809320174,0.9411764705882352,,http://purl.obolibrary.org/obo/DOID_0070255,trastorno congénito de la glicosilación tipo IIc,trastorno congénito de la glicosilación tipo IIc,exact
,,order,,5,http://purl.obolibrary.org/obo/DOID_0070256,congenital disorder of glycosylation type IId,congenital glycosylation disorder type IId,0.5333333333333333,0.5333333333333333,0.9655172413793104,0.9910873809320174,0.9411764705882352,,http://purl.obolibrary.org/obo/DOID_0070256,trastorno congénito de la glicosilación tipo IId,trastorno congénito de la glicosilación tipo IId,exact
,,order,,5,http://purl.obolibrary.org/obo/DOID_0070257,congenital disorder of glycosylation type IIe,congenital glycosylation disorder type IIe,0.5333333333333333,0.5333333333333333,0.9655172413793104,0.9911830819136672,0.9411764705882352,,http://purl.obolibrary.org/obo/DOID_0070257,trastorno congénito de la glucosilación tipo IIe,trastorno congénito de la glicosilación tipo IIe,
,,order,,5,http://purl.obolibrary.org/obo/DOID_0070258,congenital disorder of glycosylation type IIf,congenital glycosylation disorder type IIf,0.5333333333333333,0.5333333333333333,0.9655172413793104,0.991563964,1,,http://purl.obolibrary.org/obo/DOID_0070258,trastorno congénito de la glucosilación tipo IIf,trastorno congénito de la glicosilación tipo IIf,
,,,exact,5,http://purl.obolibrary.org/obo/DOID_0070259,congenital disorder of glycosylation type IIg,congenital disorder of glycosylation type IIg,1,1,1,1,1,exact,http://purl.obolibrary.org/obo/DOID_0070259,trastorno congénito de la glucosilación tipo IIg,trastorno congénito de la glicosilación tipo IIg,
,,order,,5,http://purl.obolibrary.org/obo/DOID_0070260,congenital disorder of glycosylation type IIh,congenital glycosylation disorder type IIh,0.5333333333333333,0.5333333333333333,0.9655172413793104,0.990890823,0.9444444444444444,,http://purl.obolibrary.org/obo/DOID_0070260,trastorno congénito de la glucosilación tipo IIh,trastorno congénito de la glicosilación tipo IIh,
,,order,,5,http://purl.obolibrary.org/obo/DOID_0070261,congenital disorder of glycosylation type IIi,congenital glycosylation disorder type IIi,0.5333333333333333,0.5333333333333333,0.9655172413793104,0.9911830819136672,0.9411764705882352,,http://purl.obolibrary.org/obo/DOID_0070261,trastorno congénito de la glucosilación tipo IIi,trastorno congénito de la glicosilación tipo IIi,
,,order,,5,http://purl.obolibrary.org/obo/DOID_0070262,congenital disorder of glycosylation type IIj,congenital glycosylation disorder type IIj,0.5333333333333333,0.5333333333333333,0.9655172413793104,0.990890823,0.9444444444444444,,http://purl.obolibrary.org/obo/DOID_0070262,trastorno congénito de la glucosilación tipo IIj,trastorno congénito de la glicosilación tipo IIj,
,,order,,5,http://purl.obolibrary.org/obo/DOID_0070263,congenital disorder of glycosylation type IIk,congenital glycosylation disorder type IIk,0.5333333333333333,0.5333333333333333,0.9655172413793104,0.990890823,0.9444444444444444,,http://purl.obolibrary.org/obo/DOID_0070263,trastorno congénito de la glucosilación tipo IIk,trastorno congénito de la glicosilación tipo IIk,
,,,exact,5,http://purl.obolibrary.org/obo/DOID_0070264,congenital disorder of glycosylation type IIl,congenital disorder of glycosylation type IIl,1,1,1,1,1,exact,http://purl.obolibrary.org/obo/DOID_0070264,trastorno congénito de la glucosilación tipo IIl,trastorno congénito de la glicosilación tipo IIl,
,,order,,5,http://purl.obolibrary.org/obo/DOID_0070265,congenital disorder of glycosylation type IIm,congenital glycosylation disorder type IIm,0.5333333333333333,0.5333333333333333,0.9655172413793104,0.990890823,0.9444444444444444,,http://purl.obolibrary.org/obo/DOID_0070265,trastorno congénito de la glucosilación tipo IIm,trastorno congénito de la glicosilación tipo IIm,
"added ""I"" for some reason; some points because search will likely show this as a typo",google to en,error,,2,http://purl.obolibrary.org/obo/DOID_0070266,congenital disorder of glycosylation type IIn,congenital disorder of glycosylation type IIIn,0.9782608695652174,0.9782608695652174,0.989010989,0.996666941,1,,http://purl.obolibrary.org/obo/DOID_0070266,trastorno congénito de la glucosilación tipo IIn,trastorno congénito de la glicosilación tipo IIn,
,,order,,5,http://purl.obolibrary.org/obo/DOID_0070267,congenital disorder of glycosylation type IIo,congenital glycosylation disorder type IIo,0.5333333333333333,0.5333333333333333,0.9655172413793104,0.9918746646574464,0.9411764705882352,,http://purl.obolibrary.org/obo/DOID_0070267,trastorno congénito de la glucosilación tipo IIo,trastorno congénito de la glicosilación tipo IIo,
,,order,,5,http://purl.obolibrary.org/obo/DOID_0070268,congenital disorder of glycosylation type IIp,congenital glycosylation disorder type IIp,0.5333333333333333,0.5333333333333333,0.9655172413793104,0.9909899676194032,0.9411764705882352,,http://purl.obolibrary.org/obo/DOID_0070268,trastorno congénito de la glucosilación tipo IIp,trastorno congénito de la glicosilación tipo IIp,
,,order,,5,http://purl.obolibrary.org/obo/DOID_0070269,congenital disorder of glycosylation type IIq,congenital glycosylation disorder type IIq,0.5333333333333333,0.5333333333333333,0.9655172413793104,0.990890823,0.9444444444444444,,http://purl.obolibrary.org/obo/DOID_0070269,trastorno congénito de la glicosilación tipo IIq,trastorno congénito de la glicosilación tipo IIq,exact
,,,exact,5,http://purl.obolibrary.org/obo/DOID_0070277,primary autosomal recessive microcephaly 15,autosomal recessive primary microcephaly 15,1,1,1,1,1,exact,http://purl.obolibrary.org/obo/DOID_0070277,microcefalia primaria autosómica recesiva 15,microcefalia autosómica recesiva primaria 15,
,,order,,5,http://purl.obolibrary.org/obo/DOID_0070296,primary autosomal recessive microcephaly,autosomal recessive primary microcephaly,0.6,0.6,1,1,1,,http://purl.obolibrary.org/obo/DOID_0070296,microcefalia primaria autosómica recesiva,microcefalia autosómica recesiva primaria,
,,order,,5,http://purl.obolibrary.org/obo/DOID_0070278,primary autosomal recessive microcephaly 7,autosomal recessive primary microcephaly 7,0.6190476190476191,0.6190476190476191,1,1,1,,http://purl.obolibrary.org/obo/DOID_0070278,microcefalia primaria autosómica recesiva 7,microcefalia autosómica recesiva primaria 7,
,,,exact,5,http://purl.obolibrary.org/obo/DOID_0070279,primary autosomal recessive microcephaly 14,primary autosomal recessive microcephaly 14,1,1,1,1,1,exact,http://purl.obolibrary.org/obo/DOID_0070279,microcefalia primaria autosómica recesiva 14,microcefalia autosómica recesiva primaria 14,
,,order,,5,http://purl.obolibrary.org/obo/DOID_0070280,primary autosomal recessive microcephaly 5,autosomal recessive primary microcephaly 5,0.6190476190476191,0.6190476190476191,1,1,1,,http://purl.obolibrary.org/obo/DOID_0070280,microcefalia primaria autosómica recesiva 5,microcefalia autosómica recesiva primaria 5,
,,,exact,5,http://purl.obolibrary.org/obo/DOID_0070281,primary autosomal recessive microcephaly 19,primary autosomal recessive microcephaly 19,1,1,1,1,1,exact,http://purl.obolibrary.org/obo/DOID_0070281,microcefalia primaria autosómica recesiva 19,microcefalia autosómica recesiva primaria 19,
,,order,,5,http://purl.obolibrary.org/obo/DOID_0070282,primary autosomal recessive microcephaly 8,autosomal recessive primary microcephaly 8,0.6190476190476191,0.6190476190476191,1,1,1,,http://purl.obolibrary.org/obo/DOID_0070282,microcefalia primaria autosómica recesiva 8,microcefalia autosómica recesiva primaria 8,
,,,exact,5,http://purl.obolibrary.org/obo/DOID_0070283,primary autosomal recessive microcephaly 13,primary autosomal recessive microcephaly 13,1,1,1,1,1,exact,http://purl.obolibrary.org/obo/DOID_0070283,microcefalia primaria autosómica recesiva 13,microcefalia autosómica recesiva primaria 13,
,,,exact,5,http://purl.obolibrary.org/obo/DOID_0070284,primary autosomal recessive microcephaly 12,primary autosomal recessive microcephaly 12,1,1,1,1,1,exact,http://purl.obolibrary.org/obo/DOID_0070284,microcefalia primaria autosómica recesiva 12,microcefalia autosómica recesiva primaria 12,
,,,exact,5,http://purl.obolibrary.org/obo/DOID_0070285,primary autosomal recessive microcephaly 1,primary autosomal recessive microcephaly 1,1,1,1,1,1,exact,http://purl.obolibrary.org/obo/DOID_0070285,microcefalia primaria autosómica recesiva 1,microcefalia autosómica recesiva primaria 1,
,,,exact,5,http://purl.obolibrary.org/obo/DOID_0070286,primary autosomal recessive microcephaly 3,primary autosomal recessive microcephaly 3,1,1,1,1,1,exact,http://purl.obolibrary.org/obo/DOID_0070286,microcefalia primaria autosómica recesiva 3,microcefalia autosómica recesiva primaria 3,
,,,exact,5,http://purl.obolibrary.org/obo/DOID_0070287,primary autosomal recessive microcephaly 11,primary autosomal recessive microcephaly 11,1,1,1,1,1,exact,http://purl.obolibrary.org/obo/DOID_0070287,microcefalia primaria autosómica recesiva 11,microcefalia autosómica recesiva primaria 11,
,,,exact,5,http://purl.obolibrary.org/obo/DOID_0070288,primary autosomal recessive microcephaly 17,primary autosomal recessive microcephaly 17,1,1,1,1,1,exact,http://purl.obolibrary.org/obo/DOID_0070288,microcefalia primaria autosómica recesiva 17,microcefalia autosómica recesiva primaria 17,
,,,exact,5,http://purl.obolibrary.org/obo/DOID_0070289,primary autosomal recessive microcephaly 16,primary autosomal recessive microcephaly 16,1,1,1,1,1,exact,http://purl.obolibrary.org/obo/DOID_0070289,microcefalia primaria autosómica recesiva 16,microcefalia autosómica recesiva primaria 16,
,,order,,5,http://purl.obolibrary.org/obo/DOID_0070290,primary autosomal recessive microcephaly 6,autosomal recessive primary microcephaly 6,0.6190476190476191,0.6190476190476191,1,1,1,,http://purl.obolibrary.org/obo/DOID_0070290,microcefalia primaria autosómica recesiva 6,microcefalia autosómica recesiva primaria 6,
,,,exact,5,http://purl.obolibrary.org/obo/DOID_0070291,primary autosomal recessive microcephaly 4,primary autosomal recessive microcephaly 4,1,1,1,1,1,exact,http://purl.obolibrary.org/obo/DOID_0070291,microcefalia primaria autosómica recesiva 4,microcefalia autosómica recesiva primaria 4,
,,order,,5,http://purl.obolibrary.org/obo/DOID_0070292,primary autosomal recessive microcephaly 9,autosomal recessive primary microcephaly 9,0.6190476190476191,0.6190476190476191,1,1,1,,http://purl.obolibrary.org/obo/DOID_0070292,microcefalia primaria autosómica recesiva 9,microcefalia autosómica recesiva primaria 9,
,,,exact,5,http://purl.obolibrary.org/obo/DOID_0070293,primary autosomal recessive microcephaly 2 with or without cortical malformations,primary autosomal recessive microcephaly 2 with or without cortical malformations,1,1,1,1,1,exact,http://purl.obolibrary.org/obo/DOID_0070293,microcefalia primaria autosómica recesiva 2 con o sin malformaciones corticales,Microcefalia primaria autosómica recesiva 2 con o sin malformaciones corticales,exact
,,order,,5,http://purl.obolibrary.org/obo/DOID_0070294,primary autosomal recessive microcephaly 10,autosomal recessive primary microcephaly 10,0.627906977,0.627906977,1,1,1,,http://purl.obolibrary.org/obo/DOID_0070294,microcefalia primaria autosómica recesiva 10,microcefalia autosómica recesiva primaria 10,
,,,exact,5,http://purl.obolibrary.org/obo/DOID_0070295,primary autosomal dominant microcephaly 18,primary autosomal dominant microcephaly 18,1,1,1,1,1,exact,http://purl.obolibrary.org/obo/DOID_0070295,microcefalia primaria autosómica dominante 18,microcefalia autosómica dominante primaria 18,
,,,exact,5,http://purl.obolibrary.org/obo/DOID_0070297,primary microcephaly,primary microcephaly,1,1,1,1,1,exact,http://purl.obolibrary.org/obo/DOID_0070297,microcefalia primaria,microcefalia primaria,exact
,,,exact,5,http://purl.obolibrary.org/obo/DOID_0070315,hypoplastic right heart syndrome,hypoplastic right heart syndrome,1,1,1,1,1,exact,http://purl.obolibrary.org/obo/DOID_0070315,síndrome del corazón derecho hipoplásico,síndrome del corazón derecho hipoplásico,exact
,,,exact,5,http://purl.obolibrary.org/obo/DOID_0070336,arthrogryposis multiplex congenita-6,arthrogryposis multiplex congenita-6,1,1,1,1,1,exact,http://purl.obolibrary.org/obo/DOID_0070336,artrogriposis múltiple congénita-6,artrogriposis múltiple congénita-6,exact
,,,exact,5,http://purl.obolibrary.org/obo/DOID_0080954,arthrogryposis multiplex congenita,arthrogryposis multiplex congenita,1,1,1,1,1,exact,http://purl.obolibrary.org/obo/DOID_0080954,artrogriposis múltiple congénita,artrogriposis múltiple congénita,exact
"unsurprising translation error; ""occult spina bifida"" does appear in english searches: https://www.google.com/search?q=%22occult+spina+bifida%22&client=firefox-b-1-d&sca_esv=c9a915b7e2353e00&sca_upv=1&sxsrf=ADLYWIIv6jd3lP1EH_rJo8f6LPIV6C6Nag%3A1725474069558&ei=FaXYZsbmIbOh5NoPmNDA-Ag&ved=0ahUKEwiGxfDn86mIAxWzEFkFHRgoEI8Q4dUDCBA&uact=5&oq=%22occult+spina+bifida%22&gs_lp=Egxnd3Mtd2l6LXNlcnAiFSJvY2N1bHQgc3BpbmEgYmlmaWRhIjIFEAAYgAQyBRAAGIAEMgUQABiABDIFEAAYgAQyBRAAGIAEMggQABgWGAoYHjIGEAAYFhgeMgYQABgWGB4yBhAAGBYYHjIGEAAYFhgeSPQLUJcGWOQJcAF4AZABAJgBSKAB0wGqAQEzuAEDyAEA-AEBmAIEoALiAcICChAAGLADGNYEGEfCAg0QABiABBiwAxhDGIoFwgIKECMYgAQYJxiKBcICChAAGIAEGEMYigXCAgYQABgHGB7CAgQQABgemAMAiAYBkAYKkgcBNKAH9RM&sclient=gws-wiz-serp",google to en,meaning,,4,http://purl.obolibrary.org/obo/DOID_0080073,spina bifida occulta,occult spina bifida,0.25,0.25,0.97435897435897445,0.987829161,1,,http://purl.obolibrary.org/obo/DOID_0080073,espina bífida oculta,espina bífida oculta,exact
,,,punct,5,http://purl.obolibrary.org/obo/DOID_0080079,nonsyndromic congenital nail disorder 1,non-syndromic congenital nail disorder 1,0.975,0.975,0.9873417721518988,0.9960860906568266,0.9411764705882352,,http://purl.obolibrary.org/obo/DOID_0080079,trastorno ungueal congénito no sindrómico 1,trastorno congénito de las uñas no sindrómico 1,
,,,punct,5,http://purl.obolibrary.org/obo/DOID_0080683,nonsyndromic congenital nail disorder,non-syndromic congenital nail disorder,0.9736842105263158,0.9736842105263158,0.9866666666666668,0.9958246164193104,0.9375,,http://purl.obolibrary.org/obo/DOID_0080683,trastorno ungueal congénito no sindrómico,trastorno congénito de las uñas no sindrómico,
,,,punct,5,http://purl.obolibrary.org/obo/DOID_0080080,nonsyndromic congenital nail disorder 2,non-syndromic congenital nail disorder 2,0.975,0.975,0.9873417721518988,0.9960860906568266,0.9411764705882352,,http://purl.obolibrary.org/obo/DOID_0080080,trastorno ungueal congénito no sindrómico 2,trastorno congénito de las uñas no sindrómico 2,
,,,punct,5,http://purl.obolibrary.org/obo/DOID_0080081,nonsyndromic congenital nail disorder 3,non-syndromic congenital nail disorder 3,0.975,0.975,0.9873417721518988,0.9960860906568266,0.9411764705882352,,http://purl.obolibrary.org/obo/DOID_0080081,trastorno ungueal congénito no sindrómico 3,trastorno congénito de las uñas no sindrómico 3,
,,punct|order,,5,http://purl.obolibrary.org/obo/DOID_0080082,nonsyndromic congenital nail disorder 4,congenital non-syndromic nail disorder 4,0.525,0.525,0.9873417721518988,0.9960860906568266,0.9411764705882352,,http://purl.obolibrary.org/obo/DOID_0080082,trastorno congénito no sindrómico de las uñas 4,trastorno congénito de las uñas no sindrómico 4,
,,,punct,5,http://purl.obolibrary.org/obo/DOID_0080083,nonsyndromic congenital nail disorder 5,non-syndromic congenital nail disorder 5,0.975,0.975,0.9873417721518988,0.9960860906568266,0.9411764705882352,,http://purl.obolibrary.org/obo/DOID_0080083,trastorno ungueal congénito no sindrómico 5,trastorno congénito de las uñas no sindrómico 5,
,,,punct,5,http://purl.obolibrary.org/obo/DOID_0080084,nonsyndromic congenital nail disorder 6,non-syndromic congenital nail disorder 6,0.975,0.975,0.9873417721518988,0.9960860906568266,0.9411764705882352,,http://purl.obolibrary.org/obo/DOID_0080084,trastorno ungueal congénito no sindrómico 6,trastorno congénito de las uñas no sindrómico 6,
,,,punct,5,http://purl.obolibrary.org/obo/DOID_0080085,nonsyndromic congenital nail disorder 7,non-syndromic congenital nail disorder 7,0.975,0.975,0.9873417721518988,0.9960860906568266,0.9411764705882352,,http://purl.obolibrary.org/obo/DOID_0080085,trastorno ungueal congénito no sindrómico 7,trastorno congénito de las uñas no sindrómico 7,
,,,punct,5,http://purl.obolibrary.org/obo/DOID_0080086,nonsyndromic congenital nail disorder 8,non-syndromic congenital nail disorder 8,0.975,0.975,0.9873417721518988,0.9960860906568266,0.9411764705882352,,http://purl.obolibrary.org/obo/DOID_0080086,trastorno ungueal congénito no sindrómico 8,trastorno congénito de las uñas no sindrómico 8,
,,,punct,5,http://purl.obolibrary.org/obo/DOID_0080087,nonsyndromic congenital nail disorder 9,non-syndromic congenital nail disorder 9,0.975,0.975,0.9873417721518988,0.9960860906568266,0.9411764705882352,,http://purl.obolibrary.org/obo/DOID_0080087,trastorno ungueal congénito no sindrómico 9,trastorno congénito de las uñas no sindrómico 9,
,,,exact,5,http://purl.obolibrary.org/obo/DOID_0080101,Compton-North congenital myopathy,Compton-North congenital myopathy,1,1,1,1,1,exact,http://purl.obolibrary.org/obo/DOID_0080101,miopatía congénita Compton-North,Miopatía congénita de Compton-North,
,,,exact,5,http://purl.obolibrary.org/obo/DOID_0080102,congenital myopathy 4A,congenital myopathy 4A,1,1,1,1,1,exact,http://purl.obolibrary.org/obo/DOID_0080102,miopatía congénita 4A,miopatía congénita 4A,exact
,,,exact,5,http://purl.obolibrary.org/obo/DOID_0080138,multiple congenital anomalies-hypotonia-seizures syndrome 1,multiple congenital anomalies-hypotonia-seizures syndrome 1,1,1,1,1,1,exact,http://purl.obolibrary.org/obo/DOID_0080138,síndrome de anomalías congénitas múltiples-hipotonía-convulsiones 1,síndrome de anomalías congénitas múltiples-hipotonía-convulsiones 1,exact
,,,exact,5,http://purl.obolibrary.org/obo/DOID_0080503,multiple congenital anomalies-hypotonia-seizures syndrome,multiple congenital anomalies-hypotonia-seizures syndrome,1,1,1,1,1,exact,http://purl.obolibrary.org/obo/DOID_0080503,síndrome de anomalías congénitas múltiples-hipotonía-convulsiones,síndrome de anomalías congénitas múltiples-hipotonía-convulsiones,exact
,,,exact,5,http://purl.obolibrary.org/obo/DOID_0080139,multiple congenital anomalies-hypotonia-seizures syndrome 2,multiple congenital anomalies-hypotonia-seizures syndrome 2,1,1,1,1,1,exact,http://purl.obolibrary.org/obo/DOID_0080139,síndrome de anomalías congénitas múltiples-hipotonía-convulsiones 2,síndrome de anomalías congénitas múltiples-hipotonía-convulsiones 2,exact
,,,exact,5,http://purl.obolibrary.org/obo/DOID_0080140,multiple congenital anomalies-hypotonia-seizures syndrome 3,multiple congenital anomalies-hypotonia-seizures syndrome 3,1,1,1,1,1,exact,http://purl.obolibrary.org/obo/DOID_0080140,síndrome de anomalías congénitas múltiples-hipotonía-convulsiones 3,síndrome de anomalías congénitas múltiples-hipotonía-convulsiones 3,exact
,,,exact,5,http://purl.obolibrary.org/obo/DOID_0080143,congenital fibrosis of the extraocular muscles,congenital fibrosis of the extraocular muscles,1,1,1,1,1,exact,http://purl.obolibrary.org/obo/DOID_0080143,fibrosis congénita de los músculos extraoculares,fibrosis congénita de los músculos extraoculares,exact
,,,exact,5,http://purl.obolibrary.org/obo/DOID_0080173,bladder exstrophy-epispadias-cloacal exstrophy complex,bladder exstrophy-epispadias-cloacal exstrophy complex,1,1,1,1,1,exact,http://purl.obolibrary.org/obo/DOID_0080173,complejo de extrofia vesical-epispadias-extrofia cloacal,complejo de extrofia vesical-epispadias-extrofia cloacal,exact
,,,exact,5,http://purl.obolibrary.org/obo/DOID_0080174,bladder exstrophy,bladder exstrophy,1,1,1,1,1,exact,http://purl.obolibrary.org/obo/DOID_0080174,extrofia vesical,extrofia de la vejiga,
,,,exact,5,http://purl.obolibrary.org/obo/DOID_0080175,cloacal exstrophy,cloacal exstrophy,1,1,1,1,1,exact,http://purl.obolibrary.org/obo/DOID_0080175,extrofia cloacal,extrofia cloacal,exact
,,order,,5,http://purl.obolibrary.org/obo/DOID_0080180,Zika virus congenital syndrome,Congenital Zika virus syndrome,0.4,0.4,0.9666666666666668,0.982758621,0.9,,http://purl.obolibrary.org/obo/DOID_0080180,Síndrome congénito por el virus del Zika,Síndrome congénito del virus del Zika,
,,,exact,5,http://purl.obolibrary.org/obo/DOID_0080197,congenital muscular dystrophy with cataracts and intellectual disability,congenital muscular dystrophy with cataracts and intellectual disability,1,1,1,1,1,exact,http://purl.obolibrary.org/obo/DOID_0080197,distrofia muscular congénita con cataratas y discapacidad intelectual,Distrofia muscular congénita con cataratas y discapacidad intelectual.,
,,,exact,5,http://purl.obolibrary.org/obo/DOID_0080257,autosomal recessive congenital ichthyosis 13,autosomal recessive congenital ichthyosis 13,1,1,1,1,1,exact,http://purl.obolibrary.org/obo/DOID_0080257,ictiosis congénita autosómica recesiva 13,Ictiosis congénita autosómica recesiva 13,exact
,,,exact,5,http://purl.obolibrary.org/obo/DOID_0080258,autosomal recessive congenital ichthyosis 14,autosomal recessive congenital ichthyosis 14,1,1,1,1,1,exact,http://purl.obolibrary.org/obo/DOID_0080258,ictiosis congénita autosómica recesiva 14,Ictiosis congénita autosómica recesiva 14,exact
,,plural,,4,http://purl.obolibrary.org/obo/DOID_0080313,cleft palate-lateral synechia syndrome,Cleft palate-lateral synechiae syndrome,0.9487179487179488,0.9487179487179488,0.961038961,0.9878616908195712,0.9473684210526316,,http://purl.obolibrary.org/obo/DOID_0080313,Síndrome de paladar hendido-sinequia lateral,Síndrome de paladar hendido-sinequia lateral,exact
,,,exact,5,http://purl.obolibrary.org/obo/DOID_0080395,orofacial cleft 1,orofacial cleft 1,1,1,1,1,1,exact,http://purl.obolibrary.org/obo/DOID_0080395,hendidura orofacial 1,hendidura orofacial 1,exact
,,,exact,5,http://purl.obolibrary.org/obo/DOID_0080396,orofacial cleft 2,orofacial cleft 2,1,1,1,1,1,exact,http://purl.obolibrary.org/obo/DOID_0080396,hendidura orofacial 2,hendidura orofacial 2,exact
,,,exact,5,http://purl.obolibrary.org/obo/DOID_0080397,orofacial cleft 3,orofacial cleft 3,1,1,1,1,1,exact,http://purl.obolibrary.org/obo/DOID_0080397,hendidura orofacial 3,hendidura orofacial 3,exact
,,,exact,5,http://purl.obolibrary.org/obo/DOID_0080398,orofacial cleft 4,orofacial cleft 4,1,1,1,1,1,exact,http://purl.obolibrary.org/obo/DOID_0080398,hendidura orofacial 4,hendidura orofacial 4,exact
,,,exact,5,http://purl.obolibrary.org/obo/DOID_0080399,orofacial cleft 5,orofacial cleft 5,1,1,1,1,1,exact,http://purl.obolibrary.org/obo/DOID_0080399,hendidura orofacial 5,hendidura orofacial 5,exact
,,,exact,5,http://purl.obolibrary.org/obo/DOID_0080400,orofacial cleft 7,orofacial cleft 7,1,1,1,1,1,exact,http://purl.obolibrary.org/obo/DOID_0080400,hendidura orofacial 7,hendidura orofacial 7,exact
,,,exact,5,http://purl.obolibrary.org/obo/DOID_0080401,orofacial cleft 8,orofacial cleft 8,1,1,1,1,1,exact,http://purl.obolibrary.org/obo/DOID_0080401,hendidura orofacial 8,hendidura orofacial 8,exact
,,,exact,5,http://purl.obolibrary.org/obo/DOID_0080402,orofacial cleft 9,orofacial cleft 9,1,1,1,1,1,exact,http://purl.obolibrary.org/obo/DOID_0080402,hendidura orofacial 9,hendidura orofacial 9,exact
,,,exact,5,http://purl.obolibrary.org/obo/DOID_0080403,orofacial cleft 10,orofacial cleft 10,1,1,1,1,1,exact,http://purl.obolibrary.org/obo/DOID_0080403,hendidura orofacial 10,hendidura orofacial 10,exact
,,,exact,5,http://purl.obolibrary.org/obo/DOID_0080404,orofacial cleft 11,orofacial cleft 11,1,1,1,1,1,exact,http://purl.obolibrary.org/obo/DOID_0080404,hendidura orofacial 11,hendidura orofacial 11,exact
,,,exact,5,http://purl.obolibrary.org/obo/DOID_0080405,orofacial cleft 12,orofacial cleft 12,1,1,1,1,1,exact,http://purl.obolibrary.org/obo/DOID_0080405,hendidura orofacial 12,hendidura orofacial 12,exact
,,,exact,5,http://purl.obolibrary.org/obo/DOID_0080406,orofacial cleft 13,orofacial cleft 13,1,1,1,1,1,exact,http://purl.obolibrary.org/obo/DOID_0080406,hendidura orofacial 13,hendidura orofacial 13,exact
,,,exact,5,http://purl.obolibrary.org/obo/DOID_0080407,orofacial cleft 14,orofacial cleft 14,1,1,1,1,1,exact,http://purl.obolibrary.org/obo/DOID_0080407,hendidura orofacial 14,hendidura orofacial 14,exact
,,,exact,5,http://purl.obolibrary.org/obo/DOID_0080408,orofacial cleft 15,orofacial cleft 15,1,1,1,1,1,exact,http://purl.obolibrary.org/obo/DOID_0080408,hendidura orofacial 15,hendidura orofacial 15,exact
,,,exact,5,http://purl.obolibrary.org/obo/DOID_0080552,congenital disorder of glycosylation Ia,congenital disorder of glycosylation Ia,1,1,1,1,1,exact,http://purl.obolibrary.org/obo/DOID_0080552,trastorno congénito de la glucosilación Ia,trastorno congénito de la glicosilación Ia,
,google to en,error|order,,1,http://purl.obolibrary.org/obo/DOID_0080553,congenital disorder of glycosylation Iaa,congenital disorder of Iaa glycosylation,0.8,0.8,1,1,1,,http://purl.obolibrary.org/obo/DOID_0080553,trastorno congénito de la glicosilación Iaa,trastorno congénito de la glicosilación Iaa,exact
,,,exact,5,http://purl.obolibrary.org/obo/DOID_0080554,congenital disorder of glycosylation Ib,congenital disorder of glycosylation Ib,1,1,1,1,1,exact,http://purl.obolibrary.org/obo/DOID_0080554,trastorno congénito de la glucosilación Ib,trastorno congénito de la glicosilación Ib,
,google to en,error|order,,1,http://purl.obolibrary.org/obo/DOID_0080555,congenital disorder of glycosylation Ic,congenital disorder of Ic glycosylation,0.8461538461538461,0.8461538461538461,1,1,1,,http://purl.obolibrary.org/obo/DOID_0080555,trastorno congénito de la glucosilación Ic,trastorno congénito de la glicosilación Ic,
typo,TCG,error,,1,http://purl.obolibrary.org/obo/DOID_0080556,congenital disorder of glycosylation Id,congenital glycosylation disorder I,0.4615384615384616,0.4615384615384616,0.945945946,0.985983354,0.9375,,http://purl.obolibrary.org/obo/DOID_0080556,trastorno congénito de la glicosilación I,trastorno congénito de la glicosilación Id,
,google to en,error|order,,1,http://purl.obolibrary.org/obo/DOID_0080557,congenital disorder of glycosylation Ie,congenital disorder of Ie glycosylation,0.8461538461538461,0.8461538461538461,1,1,1,,http://purl.obolibrary.org/obo/DOID_0080557,trastorno congénito de la glucosilación Ie,"trastorno congénito de la glicosilación, es decir",
typo,TCG,error,,1,http://purl.obolibrary.org/obo/DOID_0080558,congenital disorder of glycosylation If,congenital disorder of glycosylation Yes,0.925,0.925,0.9367088607594936,0.9782513177195608,0.8823529411764706,,http://purl.obolibrary.org/obo/DOID_0080558,trastorno congénito de la glucosilación Si,trastorno congénito de la glicosilación Si,
,google to en,error|order,,1,http://purl.obolibrary.org/obo/DOID_0080559,congenital disorder of glycosylation Ig,congenital Ig glycosylation disorder,0.5128205128205128,0.5128205128205128,0.96,0.9887715401042964,0.9375,,http://purl.obolibrary.org/obo/DOID_0080559,trastorno congénito de la glucosilación Ig,trastorno congénito de la glicosilación de Ig,
,google to en,error|order,,1,http://purl.obolibrary.org/obo/DOID_0080560,congenital disorder of glycosylation Ih,congenital disorder of Ih glycosylation,0.8461538461538461,0.8461538461538461,1,1,1,,http://purl.obolibrary.org/obo/DOID_0080560,trastorno congénito de la glucosilación Ih,trastorno congénito de la glicosilación Ih,
,google to en,error|case,case,5,http://purl.obolibrary.org/obo/DOID_0080561,congenital disorder of glycosylation Ii,congenital disorder of glycosylation II,0.97435897435897445,0.97435897435897445,0.97435897435897445,0.9911518922732644,1,exact,http://purl.obolibrary.org/obo/DOID_0080561,trastorno congénito de la glucosilación Ii,trastorno congénito de la glicosilación Ii,
,google to en,error|order,,1,http://purl.obolibrary.org/obo/DOID_0080562,congenital disorder of glycosylation Ij,congenital disorder of Ij glycosylation,0.8461538461538461,0.8461538461538461,1,1,1,,http://purl.obolibrary.org/obo/DOID_0080562,trastorno congénito de la glucosilación Ij,trastorno congénito de la glicosilación Ij,
,google to en,error|order,,1,http://purl.obolibrary.org/obo/DOID_0080563,congenital disorder of glycosylation Ik,congenital disorder of Ik glycosylation,0.8461538461538461,0.8461538461538461,1,1,1,,http://purl.obolibrary.org/obo/DOID_0080563,trastorno congénito de la glucosilación Ik,trastorno congénito de la glicosilación Ik,
"typo, very similar characters",TCG,error,,1,http://purl.obolibrary.org/obo/DOID_0080564,congenital disorder of glycosylation Il,congenital disorder of glycosylation II,0.97435897435897445,0.97435897435897445,0.97435897435897445,0.9911518922732644,1,,http://purl.obolibrary.org/obo/DOID_0080564,trastorno congénito de la glucosilación Il,trastorno congénito de la glicosilación Il,
,google to en,error|order,,1,http://purl.obolibrary.org/obo/DOID_0080565,congenital disorder of glycosylation Im,congenital disorder of Im glycosylation,0.8461538461538461,0.8461538461538461,1,1,1,,http://purl.obolibrary.org/obo/DOID_0080565,trastorno congénito de la glucosilación Im,trastorno congénito de la glicosilación Im,
typo,TCG,error,,1,http://purl.obolibrary.org/obo/DOID_0080566,congenital disorder of glycosylation In,congenital glycosylation disorder I,0.4358974358974359,0.4358974358974359,0.945945946,0.9871905049027117,0.9375,,http://purl.obolibrary.org/obo/DOID_0080566,trastorno congénito de la glucosilación I,trastorno congénito de la glicosilación en,
,google to en,error|order,,1,http://purl.obolibrary.org/obo/DOID_0080567,congenital disorder of glycosylation Ip,congenital disorder of Ip glycosylation,0.8461538461538461,0.8461538461538461,1,1,1,,http://purl.obolibrary.org/obo/DOID_0080567,trastorno congénito de la glucosilación Ip,trastorno congénito de la glicosilación Ip,
,google to en,error|order,,1,http://purl.obolibrary.org/obo/DOID_0080568,congenital disorder of glycosylation Iq,congenital Iq glycosylation disorder,0.5128205128205128,0.5128205128205128,0.96,0.9884588421671178,0.9411764705882352,,http://purl.obolibrary.org/obo/DOID_0080568,trastorno congénito de la glucosilación Iq,trastorno congénito de la glicosilación Iq,
,google to en,error|order,,1,http://purl.obolibrary.org/obo/DOID_0080569,congenital disorder of glycosylation Ir,congenital Ir glycosylation disorder,0.5641025641025641,0.5641025641025641,0.96,0.9887715401042964,0.9375,,http://purl.obolibrary.org/obo/DOID_0080569,trastorno congénito de la glucosilación Ir,trastorno congénito de la glicosilación Ir,
,,,exact,5,http://purl.obolibrary.org/obo/DOID_0080570,congenital disorder of glycosylation It,congenital disorder of glycosylation It,1,1,1,1,1,exact,http://purl.obolibrary.org/obo/DOID_0080570,trastorno congénito de la glicosilación It,trastorno congénito de la glicosilación,
,google to en,error|order,,1,http://purl.obolibrary.org/obo/DOID_0080571,congenital disorder of glycosylation Iu,congenital disorder of Iu glycosylation,0.8461538461538461,0.8461538461538461,1,1,1,,http://purl.obolibrary.org/obo/DOID_0080571,trastorno congénito de la glucosilación Iu,trastorno congénito de la glicosilación Iu,
,google to en,error|order,,1,http://purl.obolibrary.org/obo/DOID_0080572,congenital disorder of glycosylation Iw,congenital disorder of Iw glycosylation,0.8461538461538461,0.8461538461538461,1,1,1,,http://purl.obolibrary.org/obo/DOID_0080572,trastorno congénito de la glucosilación Iw,trastorno congénito de la glicosilación Iw,
,,,exact,5,http://purl.obolibrary.org/obo/DOID_0080573,congenital disorder of glycosylation Ix,congenital disorder of glycosylation Ix,1,1,1,1,1,exact,http://purl.obolibrary.org/obo/DOID_0080573,trastorno congénito de la glucosilación Ix,trastorno congénito de la glicosilación Ix,
,google to en,error|order,,1,http://purl.obolibrary.org/obo/DOID_0080574,congenital disorder of glycosylation Iy,congenital disorder of Iy glycosylation,0.8461538461538461,0.8461538461538461,1,1,1,,http://purl.obolibrary.org/obo/DOID_0080574,trastorno congénito de la glucosilación Iy,trastorno congénito de la glicosilación Iy,
,,,exact,5,http://purl.obolibrary.org/obo/DOID_0080587,congenital myasthenic syndrome 22,congenital myasthenic syndrome 22,1,1,1,1,1,exact,http://purl.obolibrary.org/obo/DOID_0080587,síndrome miasténico congénito 22,síndrome miasténico congénito 22,exact
,,,exact,5,http://purl.obolibrary.org/obo/DOID_3635,congenital myasthenic syndrome,congenital myasthenic syndrome,1,1,1,1,1,exact,http://purl.obolibrary.org/obo/DOID_3635,síndrome miasténico congénito,síndrome miasténico congénito,exact
,,,exact,5,http://purl.obolibrary.org/obo/DOID_0080589,Klippel-Feil syndrome 1,Klippel-Feil syndrome 1,1,1,1,1,1,exact,http://purl.obolibrary.org/obo/DOID_0080589,Síndrome de Klippel-Feil 1,Síndrome de Klippel-Feil 1,exact
,,,exact,5,http://purl.obolibrary.org/obo/DOID_10426,Klippel-Feil syndrome,Klippel-Feil syndrome,1,1,1,1,1,exact,http://purl.obolibrary.org/obo/DOID_10426,Síndrome de Klippel-Feil,Síndrome de Klippel-Feil,exact
,,,exact,5,http://purl.obolibrary.org/obo/DOID_0080590,Klippel-Feil syndrome 2,Klippel-Feil syndrome 2,1,1,1,1,1,exact,http://purl.obolibrary.org/obo/DOID_0080590,Síndrome de Klippel-Feil 2,Síndrome de Klippel-Feil 2,exact
,,,exact,5,http://purl.obolibrary.org/obo/DOID_0080591,Klippel-Feil syndrome 3,Klippel-Feil syndrome 3,1,1,1,1,1,exact,http://purl.obolibrary.org/obo/DOID_0080591,Síndrome de Klippel-Feil 3,Síndrome de Klippel-Feil 3,exact
,,,exact,5,http://purl.obolibrary.org/obo/DOID_0080592,Klippel-Feil syndrome 4,Klippel-Feil syndrome 4,1,1,1,1,1,exact,http://purl.obolibrary.org/obo/DOID_0080592,Síndrome de Klippel-Feil 4,Síndrome de Klippel-Feil 4,exact
,,,exact,5,http://purl.obolibrary.org/obo/DOID_0080593,orofacial cleft 6,orofacial cleft 6,1,1,1,1,1,exact,http://purl.obolibrary.org/obo/DOID_0080593,hendidura orofacial 6,hendidura orofacial 6,exact
,,,exact,5,http://purl.obolibrary.org/obo/DOID_0080625,severe congenital neutropenia 1,severe congenital neutropenia 1,1,1,1,1,1,exact,http://purl.obolibrary.org/obo/DOID_0080625,neutropenia congénita grave 1,neutropenia congénita grave 1,exact
,,meaning,,4,http://purl.obolibrary.org/obo/DOID_0080633,developmental cardiac valvular defect,developmental heart valve defect,0.7297297297297297,0.7297297297297297,0.8115942028985508,0.9159131793486208,0.8235294117647058,,http://purl.obolibrary.org/obo/DOID_0080633,defecto valvular cardíaco del desarrollo,defecto valvular cardiaco del desarrollo,
,,,exact,5,http://purl.obolibrary.org/obo/DOID_0080700,caudal regression syndrome,caudal regression syndrome,1,1,1,1,1,exact,http://purl.obolibrary.org/obo/DOID_0080700,síndrome de regresión caudal,síndrome de regresión caudal,exact
,,,exact,5,http://purl.obolibrary.org/obo/DOID_0080720,autosomal dominant congenital deafness with onychodystrophy,autosomal dominant congenital deafness with onychodystrophy,1,1,1,1,1,exact,http://purl.obolibrary.org/obo/DOID_0080720,sordera congénita autosómica dominante con onicodistrofia,Sordera congénita autosómica dominante con onicodistrofia,exact
,,,exact,5,http://purl.obolibrary.org/obo/DOID_0080833,laryngomalacia,laryngomalacia,1,1,1,1,1,exact,http://purl.obolibrary.org/obo/DOID_0080833,laringomalacia,laringomalacia,exact
,,,exact,5,http://purl.obolibrary.org/obo/DOID_0080835,TORCH syndrome,TORCH syndrome,1,1,1,1,1,exact,http://purl.obolibrary.org/obo/DOID_0080835,síndrome TORCH,síndrome de la antorcha,
,,,exact,5,http://purl.obolibrary.org/obo/DOID_0080895,rapidly involuting congenital hemangioma,rapidly involuting congenital hemangioma,1,1,1,1,1,exact,http://purl.obolibrary.org/obo/DOID_0080895,hemangioma congénito de involución rápida,Hemangioma congénito de rápida involución,
,,,exact,5,http://purl.obolibrary.org/obo/DOID_0080978,arthrogryposis multiplex congenita-1,arthrogryposis multiplex congenita-1,1,1,1,1,1,exact,http://purl.obolibrary.org/obo/DOID_0080978,artrogriposis múltiple congénita-1,artrogriposis múltiple congénita-1,exact
,,,exact,5,http://purl.obolibrary.org/obo/DOID_0080979,arthrogryposis multiplex congenita-3,arthrogryposis multiplex congenita-3,1,1,1,1,1,exact,http://purl.obolibrary.org/obo/DOID_0080979,artrogriposis múltiple congénita-3,artrogriposis múltiple congénita-3,exact
,,,exact,5,http://purl.obolibrary.org/obo/DOID_0080980,arthrogryposis multiplex congenita-4,arthrogryposis multiplex congenita-4,1,1,1,1,1,exact,http://purl.obolibrary.org/obo/DOID_0080980,artrogriposis múltiple congénita-4,artrogriposis múltiple congénita-4,exact
,,,exact,5,http://purl.obolibrary.org/obo/DOID_0080981,arthrogryposis multiplex congenita-5,arthrogryposis multiplex congenita-5,1,1,1,1,1,exact,http://purl.obolibrary.org/obo/DOID_0080981,artrogriposis múltiple congénita-5,artrogriposis múltiple congénita-5,exact
,,,exact,5,http://purl.obolibrary.org/obo/DOID_0081015,congenital fibrosis of the extraocular muscles 1,congenital fibrosis of the extraocular muscles 1,1,1,1,1,1,exact,http://purl.obolibrary.org/obo/DOID_0081015,fibrosis congénita de los músculos extraoculares 1,fibrosis congénita de los músculos extraoculares 1,exact
,,,exact,5,http://purl.obolibrary.org/obo/DOID_0081016,congenital fibrosis of the extraocular muscles 2,congenital fibrosis of the extraocular muscles 2,1,1,1,1,1,exact,http://purl.obolibrary.org/obo/DOID_0081016,fibrosis congénita de los músculos extraoculares 2,fibrosis congénita de los músculos extraoculares 2,exact
,,,exact,5,http://purl.obolibrary.org/obo/DOID_0081017,congenital fibrosis of the extraocular muscles 3A,congenital fibrosis of the extraocular muscles 3A,1,1,1,1,1,exact,http://purl.obolibrary.org/obo/DOID_0081017,fibrosis congénita de los músculos extraoculares 3A,fibrosis congénita de los músculos extraoculares 3A,exact
,,,exact,5,http://purl.obolibrary.org/obo/DOID_0081019,congenital fibrosis of the extraocular muscles 3C,congenital fibrosis of the extraocular muscles 3C,1,1,1,1,1,exact,http://purl.obolibrary.org/obo/DOID_0081019,fibrosis congénita de los músculos extraoculares 3C,fibrosis congénita de los músculos extraoculares 3C,exact
,,,exact,5,http://purl.obolibrary.org/obo/DOID_0081020,congenital fibrosis of the extraocular muscles 5,congenital fibrosis of the extraocular muscles 5,1,1,1,1,1,exact,http://purl.obolibrary.org/obo/DOID_0081020,fibrosis congénita de los músculos extraoculares 5,fibrosis congénita de los músculos extraoculares 5,exact
,,,exact,5,http://purl.obolibrary.org/obo/DOID_0081021,Tukel syndrome,Tukel syndrome,1,1,1,1,1,exact,http://purl.obolibrary.org/obo/DOID_0081021,síndrome de Tukel,síndrome de tukel,exact
,,,exact,5,http://purl.obolibrary.org/obo/DOID_0081169,Leber congenital amaurosis 19,Leber congenital amaurosis 19,1,1,1,1,1,exact,http://purl.obolibrary.org/obo/DOID_0081169,Amaurosis congénita de Leber 19,Amaurosis congénita de Leber 19,exact
,,,exact,5,http://purl.obolibrary.org/obo/DOID_14791,Leber congenital amaurosis,Leber congenital amaurosis,1,1,1,1,1,exact,http://purl.obolibrary.org/obo/DOID_14791,amaurosis congénita de Leber,Amaurosis congénita de Leber,exact
,,,punct,5,http://purl.obolibrary.org/obo/DOID_0081266,"pachygyria, microcephaly, developmental delay, and dysmorphic facies, with or without seizures","pachygyria, microcephaly, developmental delay and dysmorphic facies, with or without seizures",0.9893617021276596,0.9893617021276596,0.9946524064171124,0.9990329616229716,1,,http://purl.obolibrary.org/obo/DOID_0081266,"paquigiria, microcefalia, retraso del desarrollo y facies dismórfica, con o sin convulsiones","paquigiria, microcefalia, retraso del desarrollo y facies dismórfica, con o sin convulsiones",exact
predictable google translation error from es to en,,tense,,4,http://purl.obolibrary.org/obo/DOID_0081335,Becker disease,Becker's disease,0.875,0.875,0.9333333333333332,0.9723055853282464,0.9090909090909092,,http://purl.obolibrary.org/obo/DOID_0081335,Enfermedad de Becker,enfermedad de Becker,exact
,,,exact,5,http://purl.obolibrary.org/obo/DOID_2106,myotonia congenita,myotonia congenita,1,1,1,1,1,exact,http://purl.obolibrary.org/obo/DOID_2106,miotonía congénita,miotonía congénita,exact
predictable google translation error from es to en,,tense,,4,http://purl.obolibrary.org/obo/DOID_0081336,Thomsen disease,Thomsen's disease,0.8823529411764706,0.8823529411764706,0.9375,0.9759000729485332,0.9166666666666666,,http://purl.obolibrary.org/obo/DOID_0081336,Enfermedad de Thomsen,enfermedad de Thomsen,exact
,,meaning|order,,4,http://purl.obolibrary.org/obo/DOID_0090101,lethal congenital glycogen storage disease of heart,fatal congenital heart glycogen storage disease,0.6470588235294117,0.6470588235294117,0.9387755102040816,0.9875902505054168,1,,http://purl.obolibrary.org/obo/DOID_0090101,enfermedad congénita letal por almacenamiento de glucógeno en el corazón,Enfermedad congénita letal por almacenamiento de glucógeno del corazón.,
,,,exact,5,http://purl.obolibrary.org/obo/DOID_0090118,congenital amegakaryocytic thrombocytopenia,congenital amegakaryocytic thrombocytopenia,1,1,1,1,1,exact,http://purl.obolibrary.org/obo/DOID_0090118,trombocitopenia amegacariocítica congénita,trombocitopenia amegacariocítica congénita,exact
,,order,,4,http://purl.obolibrary.org/obo/DOID_0090124,neurogenic-type arthrogryposis multiplex congenita-2,arthrogryposis multiplex congenita-2 neurogenic type,0.3846153846153846,0.3846153846153846,0.9807692307692308,0.9940480537182522,1,,http://purl.obolibrary.org/obo/DOID_0090124,artrogriposis múltiple congénita-2 de tipo neurogénico,artrogriposis múltiple congénita de tipo neurogénico-2,
,,,exact,5,http://purl.obolibrary.org/obo/DOID_0110005,Leber congenital amaurosis 9,Leber congenital amaurosis 9,1,1,1,1,1,exact,http://purl.obolibrary.org/obo/DOID_0110005,Amaurosis congénita de Leber 9,Amaurosis congénita de Leber 9,exact
,,,exact,5,http://purl.obolibrary.org/obo/DOID_0110016,Leber congenital amaurosis 2,Leber congenital amaurosis 2,1,1,1,1,1,exact,http://purl.obolibrary.org/obo/DOID_0110016,amaurosis congénita de Leber 2,Amaurosis congénita de Leber 2,exact
,,,exact,5,http://purl.obolibrary.org/obo/DOID_0110078,Leber congenital amaurosis 1,Leber congenital amaurosis 1,1,1,1,1,1,exact,http://purl.obolibrary.org/obo/DOID_0110078,amaurosis congénita de Leber 1,Amaurosis congénita de Leber 1,exact
,,,exact,5,http://purl.obolibrary.org/obo/DOID_0110079,Leber congenital amaurosis 8,Leber congenital amaurosis 8,1,1,1,1,1,exact,http://purl.obolibrary.org/obo/DOID_0110079,Amaurosis congénita de Leber 8,Amaurosis congénita de Leber 8,exact
,,,exact,5,http://purl.obolibrary.org/obo/DOID_0110080,Leber congenital amaurosis 12,Leber congenital amaurosis 12,1,1,1,1,1,exact,http://purl.obolibrary.org/obo/DOID_0110080,Amaurosis congénita de Leber 12,Amaurosis congénita de Leber 12,exact
,TCG,added|dropped,,2,http://purl.obolibrary.org/obo/DOID_0110106,atrial heart septal defect 1,type 1 atrial septal defect,0.5357142857142857,0.5357142857142857,0.9090909090909092,0.9683342567918954,0.8666666666666667,,http://purl.obolibrary.org/obo/DOID_0110106,comunicación interauricular tipo 1,comunicación interauricular del corazón 1,
,,dropped,,4,http://purl.obolibrary.org/obo/DOID_1882,atrial heart septal defect,atrial septal defect,0.7692307692307692,0.7692307692307692,0.8695652173913043,0.981980506,0.9230769230769232,,http://purl.obolibrary.org/obo/DOID_1882,comunicación interauricular,comunicación interauricular,exact
,TCG,added|dropped,,2,http://purl.obolibrary.org/obo/DOID_0110107,atrial heart septal defect 2,type 2 atrial septal defect,0.5357142857142857,0.5357142857142857,0.9090909090909092,0.9683342567918954,0.8666666666666667,,http://purl.obolibrary.org/obo/DOID_0110107,comunicación interauricular tipo 2,comunicación interauricular 2,
,TCG,added|dropped,,2,http://purl.obolibrary.org/obo/DOID_0110108,atrial heart septal defect 3,type 3 atrial septal defect,0.5357142857142857,0.5357142857142857,0.9090909090909092,0.9683342567918954,0.8666666666666667,,http://purl.obolibrary.org/obo/DOID_0110108,comunicación interauricular tipo 3,comunicación interauricular 3,
,TCG,added|dropped,,2,http://purl.obolibrary.org/obo/DOID_0110109,atrial heart septal defect 4,type 4 atrial septal defect,0.5357142857142857,0.5357142857142857,0.9090909090909092,0.9683342567918954,0.8666666666666667,,http://purl.obolibrary.org/obo/DOID_0110109,comunicación interauricular tipo 4,comunicación interauricular del corazón 4,
,TCG,added|dropped,,2,http://purl.obolibrary.org/obo/DOID_0110110,atrial heart septal defect 5,type 5 atrial septal defect,0.5357142857142857,0.5357142857142857,0.9090909090909092,0.9683342567918954,0.8666666666666667,,http://purl.obolibrary.org/obo/DOID_0110110,comunicación interauricular tipo 5,comunicación interauricular del corazón 5,
,TCG,added|dropped,,2,http://purl.obolibrary.org/obo/DOID_0110111,atrial heart septal defect 6,type 6 atrial septal defect,0.5357142857142857,0.5357142857142857,0.9090909090909092,0.9683342567918954,0.8666666666666667,,http://purl.obolibrary.org/obo/DOID_0110111,comunicación interauricular tipo 6,comunicación interauricular del corazón 6,
,,dropped,,4,http://purl.obolibrary.org/obo/DOID_0110112,atrial heart septal defect 7,atrial septal defect 7,0.7857142857142857,0.7857142857142857,0.88,0.9843832671610516,0.9285714285714286,,http://purl.obolibrary.org/obo/DOID_0110112,comunicación interauricular 7,comunicación interauricular del corazón 7,
,,dropped,,4,http://purl.obolibrary.org/obo/DOID_0110113,atrial heart septal defect 8,atrial septal defect 8,0.7857142857142857,0.7857142857142857,0.88,0.9843832671610516,0.9285714285714286,,http://purl.obolibrary.org/obo/DOID_0110113,comunicación interauricular 8,comunicación interauricular del corazón 8,
,,dropped,,4,http://purl.obolibrary.org/obo/DOID_0110114,atrial heart septal defect 9,atrial septal defect 9,0.7857142857142857,0.7857142857142857,0.88,0.9843832671610516,0.9285714285714286,,http://purl.obolibrary.org/obo/DOID_0110114,comunicación interauricular 9,comunicación interauricular del corazón 9,
,,,exact,5,http://purl.obolibrary.org/obo/DOID_0110118,Leber congenital amaurosis 16,Leber congenital amaurosis 16,1,1,1,1,1,exact,http://purl.obolibrary.org/obo/DOID_0110118,Amaurosis congénita de Leber 16,Amaurosis congénita de Leber 16,exact
,,,exact,5,http://purl.obolibrary.org/obo/DOID_0110188,Leber congenital amaurosis 14,Leber congenital amaurosis 14,1,1,1,1,1,exact,http://purl.obolibrary.org/obo/DOID_0110188,Amaurosis congénita de Leber 14,Amaurosis congénita de Leber 14,exact
,,,exact,5,http://purl.obolibrary.org/obo/DOID_0110189,Leber congenital amaurosis 15,Leber congenital amaurosis 15,1,1,1,1,1,exact,http://purl.obolibrary.org/obo/DOID_0110189,Amaurosis congénita de Leber 15,Amaurosis congénita de Leber 15,exact
,,,exact,5,http://purl.obolibrary.org/obo/DOID_0110213,isolated cleft palate,isolated cleft palate,1,1,1,1,1,exact,http://purl.obolibrary.org/obo/DOID_0110213,paladar hendido aislado,paladar hendido aislado,exact
,,order,,2,http://purl.obolibrary.org/obo/DOID_0110214,cleft soft palate,soft cleft palate,0.6470588235294117,0.6470588235294117,1,1,1,,http://purl.obolibrary.org/obo/DOID_0110214,paladar hendido blando,paladar hendido,
,,,exact,5,http://purl.obolibrary.org/obo/DOID_0110215,Leber congenital amaurosis 5,Leber congenital amaurosis 5,1,1,1,1,1,exact,http://purl.obolibrary.org/obo/DOID_0110215,amaurosis congénita de Leber 5,Amaurosis congénita de Leber 5,exact
,,,exact,5,http://purl.obolibrary.org/obo/DOID_0110216,Leber congenital amaurosis 11,Leber congenital amaurosis 11,1,1,1,1,1,exact,http://purl.obolibrary.org/obo/DOID_0110216,Amaurosis congénita de Leber 11,Amaurosis congénita de Leber 11,exact
,,,exact,5,http://purl.obolibrary.org/obo/DOID_0110217,Leber congenital amaurosis 17,Leber congenital amaurosis 17,1,1,1,1,1,exact,http://purl.obolibrary.org/obo/DOID_0110217,Amaurosis congénita de Leber 17,Amaurosis congénita de Leber 17,exact
,,,exact,5,http://purl.obolibrary.org/obo/DOID_0110291,Leber congenital amaurosis 10,Leber congenital amaurosis 10,1,1,1,1,1,exact,http://purl.obolibrary.org/obo/DOID_0110291,Amaurosis congénita de Leber 10,Amaurosis congénita de Leber 10,exact
,,,exact,5,http://purl.obolibrary.org/obo/DOID_0110329,Leber congenital amaurosis 6,Leber congenital amaurosis 6,1,1,1,1,1,exact,http://purl.obolibrary.org/obo/DOID_0110329,amaurosis congénita de Leber 6,Amaurosis congénita de Leber 6,exact
,,,exact,5,http://purl.obolibrary.org/obo/DOID_0110330,Leber congenital amaurosis 13,Leber congenital amaurosis 13,1,1,1,1,1,exact,http://purl.obolibrary.org/obo/DOID_0110330,amaurosis congénita de Leber 13,Amaurosis congénita de Leber 13,exact
,,,exact,5,http://purl.obolibrary.org/obo/DOID_0110331,Leber congenital amaurosis 3,Leber congenital amaurosis 3,1,1,1,1,1,exact,http://purl.obolibrary.org/obo/DOID_0110331,Amaurosis congénita de Leber 3,Amaurosis congénita de Leber 3,exact
,,,exact,5,http://purl.obolibrary.org/obo/DOID_0110332,Leber congenital amaurosis 4,Leber congenital amaurosis 4,1,1,1,1,1,exact,http://purl.obolibrary.org/obo/DOID_0110332,amaurosis congénita de Leber 4,Amaurosis congénita de Leber 4,exact
,,,exact,5,http://purl.obolibrary.org/obo/DOID_0110333,Leber congenital amaurosis 7,Leber congenital amaurosis 7,1,1,1,1,1,exact,http://purl.obolibrary.org/obo/DOID_0110333,Amaurosis congénita de Leber 7,Amaurosis congénita de Leber 7,exact
,,order,,4,http://purl.obolibrary.org/obo/DOID_0110632,megaconial type congenital muscular dystrophy,Congenital muscular dystrophy of megaconial type,0.25,0.25,0.946236559,0.9821892140386764,0.9,,http://purl.obolibrary.org/obo/DOID_0110632,Distrofia muscular congénita de tipo megaconial,Distrofia muscular congénita tipo megaconial,
,,conjugation|order,,2,http://purl.obolibrary.org/obo/DOID_0110633,rigid spine muscular dystrophy 1,spinal rigid muscular dystrophy 1,0.696969697,0.696969697,0.9538461538461538,0.9798930942661428,0.9473684210526316,,http://purl.obolibrary.org/obo/DOID_0110633,distrofia muscular rígida espinal 1,distrofia muscular de columna rígida 1,
,,,exact,5,http://purl.obolibrary.org/obo/DOID_0110634,congenital muscular dystrophy 1B,congenital muscular dystrophy 1B,1,1,1,1,1,exact,http://purl.obolibrary.org/obo/DOID_0110634,distrofia muscular congénita 1B,distrofia muscular congénita 1B,exact
,,,exact,5,http://purl.obolibrary.org/obo/DOID_0110635,muscular dystrophy-dystroglycanopathy type B5,muscular dystrophy-dystroglycanopathy type B5,1,1,1,1,1,exact,http://purl.obolibrary.org/obo/DOID_0110635,distrofia-distroglicanopatía muscular tipo B5,distrofia muscular-distroglicanopatía tipo B5,
,,order,,4,http://purl.obolibrary.org/obo/DOID_0110636,congenital merosin-deficient muscular dystrophy 1A,congenital muscular dystrophy due to merosin 1A deficiency,0.3275862068965517,0.3275862068965517,0.9074074074074074,0.9739637786780732,0.9545454545454546,,http://purl.obolibrary.org/obo/DOID_0110636,distrofia muscular congénita por déficit de merosina 1A,distrofia muscular congénita por deficiencia de merosina 1A,
,,,exact,5,http://purl.obolibrary.org/obo/DOID_0110637,muscular dystrophy-dystroglycanopathy type B6,muscular dystrophy-dystroglycanopathy type B6,1,1,1,1,1,exact,http://purl.obolibrary.org/obo/DOID_0110637,distrofia muscular-distroglicanopatía tipo B6,distrofia muscular-distroglicanopatía tipo B6,exact
,,,exact,5,http://purl.obolibrary.org/obo/DOID_0110668,congenital myasthenic syndrome 10,congenital myasthenic syndrome 10,1,1,1,1,1,exact,http://purl.obolibrary.org/obo/DOID_0110668,síndrome miasténico congénito 10,síndrome miasténico congénito 10,exact
,,order,,3,http://purl.obolibrary.org/obo/DOID_0110639,congenital muscular dystrophy due to integrin alpha-7 deficiency,congenital muscular dystrophy due to alpha-7 integrin deficiency,0.75,0.75,1,1,1,,http://purl.obolibrary.org/obo/DOID_0110639,distrofia muscular congénita por deficiencia de integrina alfa-7,Distrofia muscular congénita por deficiencia de integrina alfa-7.,
,TCG,added,,4,http://purl.obolibrary.org/obo/DOID_0110640,congenital muscular dystrophy due to LMNA mutation,congenital muscular dystrophy due to LMNA gene mutation,0.9090909090909092,0.9090909090909092,0.9523809523809524,0.9847319278346618,1,,http://purl.obolibrary.org/obo/DOID_0110640,distrofia muscular congénita debida a la mutación del gen LMNA,Distrofia muscular congénita por mutación LMNA,
,,,exact,5,http://purl.obolibrary.org/obo/DOID_0110657,congenital myasthenic syndrome 8,congenital myasthenic syndrome 8,1,1,1,1,1,exact,http://purl.obolibrary.org/obo/DOID_0110657,síndrome miasténico congénito 8,síndrome miasténico congénito 8,exact
,,,exact,5,http://purl.obolibrary.org/obo/DOID_0110658,congenital myasthenic syndrome 15,congenital myasthenic syndrome 15,1,1,1,1,1,exact,http://purl.obolibrary.org/obo/DOID_0110658,síndrome miasténico congénito 15,síndrome miasténico congénito 15,exact
,,,exact,5,http://purl.obolibrary.org/obo/DOID_0110659,congenital myasthenic syndrome 7,congenital myasthenic syndrome 7,1,1,1,1,1,exact,http://purl.obolibrary.org/obo/DOID_0110659,síndrome miasténico congénito 7,síndrome miasténico congénito 7,exact
,,,exact,5,http://purl.obolibrary.org/obo/DOID_0110660,congenital myasthenic syndrome 12,congenital myasthenic syndrome 12,1,1,1,1,1,exact,http://purl.obolibrary.org/obo/DOID_0110660,síndrome miasténico congénito 12,síndrome miasténico congénito 12,exact
,,,exact,5,http://purl.obolibrary.org/obo/DOID_0110661,congenital myasthenic syndrome 20,congenital myasthenic syndrome 20,1,1,1,1,1,exact,http://purl.obolibrary.org/obo/DOID_0110661,síndrome miasténico congénito 20,síndrome miasténico congénito 20,exact
,,,exact,5,http://purl.obolibrary.org/obo/DOID_0110662,congenital myasthenic syndrome 1B,congenital myasthenic syndrome 1B,1,1,1,1,1,exact,http://purl.obolibrary.org/obo/DOID_0110662,síndrome miasténico congénito 1B,síndrome miasténico congénito 1B,exact
,,,exact,5,http://purl.obolibrary.org/obo/DOID_0110663,congenital myasthenic syndrome 1A,congenital myasthenic syndrome 1A,1,1,1,1,1,exact,http://purl.obolibrary.org/obo/DOID_0110663,síndrome miasténico congénito 1A,síndrome miasténico congénito 1A,exact
,,,exact,5,http://purl.obolibrary.org/obo/DOID_0110664,congenital myasthenic syndrome 3C,congenital myasthenic syndrome 3C,1,1,1,1,1,exact,http://purl.obolibrary.org/obo/DOID_0110664,síndrome miasténico congénito 3C,síndrome miasténico congénito 3C,exact
,,,exact,5,http://purl.obolibrary.org/obo/DOID_0110665,congenital myasthenic syndrome 3B,congenital myasthenic syndrome 3B,1,1,1,1,1,exact,http://purl.obolibrary.org/obo/DOID_0110665,síndrome miasténico congénito 3B,síndrome miasténico congénito 3B,exact
,,,exact,5,http://purl.obolibrary.org/obo/DOID_0110666,congenital myasthenic syndrome 3A,congenital myasthenic syndrome 3A,1,1,1,1,1,exact,http://purl.obolibrary.org/obo/DOID_0110666,síndrome miasténico congénito 3A,síndrome miasténico congénito 3A,exact
,,,exact,5,http://purl.obolibrary.org/obo/DOID_0110667,congenital myasthenic syndrome 5,congenital myasthenic syndrome 5,1,1,1,1,1,exact,http://purl.obolibrary.org/obo/DOID_0110667,síndrome miasténico congénito 5,síndrome miasténico congénito 5,exact
,,,exact,5,http://purl.obolibrary.org/obo/DOID_0110669,congenital myasthenic syndrome 14,congenital myasthenic syndrome 14,1,1,1,1,1,exact,http://purl.obolibrary.org/obo/DOID_0110669,síndrome miasténico congénito 14,síndrome miasténico congénito 14,exact
,,,exact,5,http://purl.obolibrary.org/obo/DOID_0110670,congenital myasthenic syndrome 9,congenital myasthenic syndrome 9,1,1,1,1,1,exact,http://purl.obolibrary.org/obo/DOID_0110670,síndrome miasténico congénito 9,síndrome miasténico congénito 9,exact
,,,exact,5,http://purl.obolibrary.org/obo/DOID_0110671,congenital myasthenic syndrome 6,congenital myasthenic syndrome 6,1,1,1,1,1,exact,http://purl.obolibrary.org/obo/DOID_0110671,síndrome miasténico congénito 6,síndrome miasténico congénito 6,exact
,,,exact,5,http://purl.obolibrary.org/obo/DOID_0110672,congenital myasthenic syndrome 21,congenital myasthenic syndrome 21,1,1,1,1,1,exact,http://purl.obolibrary.org/obo/DOID_0110672,síndrome miasténico congénito 21,síndrome miasténico congénito 21,exact
,,,exact,5,http://purl.obolibrary.org/obo/DOID_0110673,congenital myasthenic syndrome 19,congenital myasthenic syndrome 19,1,1,1,1,1,exact,http://purl.obolibrary.org/obo/DOID_0110673,síndrome miasténico congénito 19,síndrome miasténico congénito 19,exact
,,,exact,5,http://purl.obolibrary.org/obo/DOID_0110674,congenital myasthenic syndrome 17,congenital myasthenic syndrome 17,1,1,1,1,1,exact,http://purl.obolibrary.org/obo/DOID_0110674,síndrome miasténico congénito 17,síndrome miasténico congénito 17,exact
,,,exact,5,http://purl.obolibrary.org/obo/DOID_0110675,congenital myasthenic syndrome 11,congenital myasthenic syndrome 11,1,1,1,1,1,exact,http://purl.obolibrary.org/obo/DOID_0110675,síndrome miasténico congénito 11,síndrome miasténico congénito 11,exact
,,,exact,5,http://purl.obolibrary.org/obo/DOID_0110676,congenital myasthenic syndrome 13,congenital myasthenic syndrome 13,1,1,1,1,1,exact,http://purl.obolibrary.org/obo/DOID_0110676,síndrome miasténico congénito 13,síndrome miasténico congénito 13,exact
,,,exact,5,http://purl.obolibrary.org/obo/DOID_0110677,congenital myasthenic syndrome 4B,congenital myasthenic syndrome 4B,1,1,1,1,1,exact,http://purl.obolibrary.org/obo/DOID_0110677,síndrome miasténico congénito 4B,síndrome miasténico congénito 4B,exact
,,,exact,5,http://purl.obolibrary.org/obo/DOID_0110678,congenital myasthenic syndrome 4A,congenital myasthenic syndrome 4A,1,1,1,1,1,exact,http://purl.obolibrary.org/obo/DOID_0110678,síndrome miasténico congénito 4A,síndrome miasténico congénito 4A,exact
,,,exact,5,http://purl.obolibrary.org/obo/DOID_0110679,congenital myasthenic syndrome 4C,congenital myasthenic syndrome 4C,1,1,1,1,1,exact,http://purl.obolibrary.org/obo/DOID_0110679,síndrome miasténico congénito 4C,síndrome miasténico congénito 4C,exact
,,,exact,5,http://purl.obolibrary.org/obo/DOID_0110680,congenital myasthenic syndrome 2C,congenital myasthenic syndrome 2C,1,1,1,1,1,exact,http://purl.obolibrary.org/obo/DOID_0110680,síndrome miasténico congénito 2C,síndrome miasténico congénito 2C,exact
,,,exact,5,http://purl.obolibrary.org/obo/DOID_0110681,congenital myasthenic syndrome 2A,congenital myasthenic syndrome 2A,1,1,1,1,1,exact,http://purl.obolibrary.org/obo/DOID_0110681,síndrome miasténico congénito 2A,síndrome miasténico congénito 2A,exact
,,,exact,5,http://purl.obolibrary.org/obo/DOID_0110682,congenital myasthenic syndrome 16,congenital myasthenic syndrome 16,1,1,1,1,1,exact,http://purl.obolibrary.org/obo/DOID_0110682,síndrome miasténico congénito 16,síndrome miasténico congénito 16,exact
,,,exact,5,http://purl.obolibrary.org/obo/DOID_0110683,congenital myasthenic syndrome 18,congenital myasthenic syndrome 18,1,1,1,1,1,exact,http://purl.obolibrary.org/obo/DOID_0110683,síndrome miasténico congénito 18,síndrome miasténico congénito 18,exact
,,,exact,5,http://purl.obolibrary.org/obo/DOID_0110711,congenital hypotrichosis with juvenile macular dystrophy,congenital hypotrichosis with juvenile macular dystrophy,1,1,1,1,1,exact,http://purl.obolibrary.org/obo/DOID_0110711,hipotricosis congénita con distrofia macular juvenil,hipotricosis congénita con distrofia macular juvenil,exact
,,,exact,5,http://purl.obolibrary.org/obo/DOID_0110712,Oguchi disease-1,Oguchi disease-1,1,1,1,1,1,exact,http://purl.obolibrary.org/obo/DOID_0110712,enfermedad de Oguchi-1,Enfermedad de Oguchi-1,exact
due to inclusion of dash,,order,,2,http://purl.obolibrary.org/obo/DOID_0110713,Oguchi disease-2,Oguchi-2 disease,0.75,0.75,1,1,1,,http://purl.obolibrary.org/obo/DOID_0110713,enfermedad de Oguchi-2,Enfermedad de Oguchi-2,exact
,,,exact,5,http://purl.obolibrary.org/obo/DOID_0110714,congenital stationary night blindness 1G,congenital stationary night blindness 1G,1,1,1,1,1,exact,http://purl.obolibrary.org/obo/DOID_0110714,ceguera nocturna estacionaria congénita 1G,ceguera nocturna estacionaria congénita 1G,exact
,,order,,5,http://purl.obolibrary.org/obo/DOID_0110715,congenital stationary night blindness autosomal dominant 3,autosomal dominant congenital stationary night blindness 3,0.3448275862068966,0.3448275862068966,1,1,1,,http://purl.obolibrary.org/obo/DOID_0110715,ceguera nocturna estacionaria congénita autosómica dominante 3,ceguera nocturna estacionaria congénita autosómica dominante 3,exact
,,order,,5,http://purl.obolibrary.org/obo/DOID_0110862,congenital stationary night blindness autosomal dominant 1,autosomal dominant congenital stationary night blindness 1,0.3448275862068966,0.3448275862068966,1,1,1,,http://purl.obolibrary.org/obo/DOID_0110862,ceguera nocturna estacionaria congénita autosómica dominante 1,ceguera nocturna estacionaria congénita autosómica dominante 1,exact
,,order,,5,http://purl.obolibrary.org/obo/DOID_0110863,congenital stationary night blindness autosomal dominant 2,autosomal dominant congenital stationary night blindness 2,0.3448275862068966,0.3448275862068966,1,1,1,,http://purl.obolibrary.org/obo/DOID_0110863,ceguera nocturna estacionaria congénita autosómica dominante 2,ceguera nocturna estacionaria congénita autosómica dominante 2,exact
,,,exact,5,http://purl.obolibrary.org/obo/DOID_0110864,congenital stationary night blindness 1F,congenital stationary night blindness 1F,1,1,1,1,1,exact,http://purl.obolibrary.org/obo/DOID_0110864,ceguera nocturna estacionaria congénita 1F,ceguera nocturna estacionaria congénita 1F,exact
,,,exact,5,http://purl.obolibrary.org/obo/DOID_0110865,congenital stationary night blindness 1B,congenital stationary night blindness 1B,1,1,1,1,1,exact,http://purl.obolibrary.org/obo/DOID_0110865,ceguera nocturna estacionaria congénita 1B,ceguera nocturna estacionaria congénita 1B,exact
,,,exact,5,http://purl.obolibrary.org/obo/DOID_0110866,congenital stationary night blindness 1H,congenital stationary night blindness 1H,1,1,1,1,1,exact,http://purl.obolibrary.org/obo/DOID_0110866,ceguera nocturna estacionaria congénita 1H,ceguera nocturna estacionaria congénita 1H,exact
,,,exact,5,http://purl.obolibrary.org/obo/DOID_0110867,congenital stationary night blindness 1C,congenital stationary night blindness 1C,1,1,1,1,1,exact,http://purl.obolibrary.org/obo/DOID_0110867,ceguera nocturna estacionaria congénita 1C,ceguera nocturna estacionaria congénita 1C,exact
,google to en,error|order,,2,http://purl.obolibrary.org/obo/DOID_0110868,congenital stationary night blindness 1D,1D congenital stationary night blindness,0.85,0.85,1,1,1,,http://purl.obolibrary.org/obo/DOID_0110868,ceguera nocturna estacionaria congénita 1D,ceguera nocturna estacionaria congénita 1D,exact
,,,exact,5,http://purl.obolibrary.org/obo/DOID_0110869,congenital stationary night blindness 1E,congenital stationary night blindness 1E,1,1,1,1,1,exact,http://purl.obolibrary.org/obo/DOID_0110869,ceguera nocturna estacionaria congénita 1E,ceguera nocturna estacionaria congénita 1E,exact
,,,exact,5,http://purl.obolibrary.org/obo/DOID_0110870,congenital stationary night blindness 1A,congenital stationary night blindness 1A,1,1,1,1,1,exact,http://purl.obolibrary.org/obo/DOID_0110870,ceguera nocturna estacionaria congénita 1A,ceguera nocturna estacionaria congénita 1A,exact
,,,exact,5,http://purl.obolibrary.org/obo/DOID_0110871,congenital stationary night blindness 2A,congenital stationary night blindness 2A,1,1,1,1,1,exact,http://purl.obolibrary.org/obo/DOID_0110871,ceguera nocturna estacionaria congénita 2A,ceguera nocturna estacionaria congénita 2A,exact
,,,exact,5,http://purl.obolibrary.org/obo/DOID_0110872,holoprosencephaly 2,holoprosencephaly 2,1,1,1,1,1,exact,http://purl.obolibrary.org/obo/DOID_0110872,holoprosencefalia 2,holoprosencefalia 2,exact
,,,exact,5,http://purl.obolibrary.org/obo/DOID_4621,holoprosencephaly,holoprosencephaly,1,1,1,1,1,exact,http://purl.obolibrary.org/obo/DOID_4621,holoprosencefalia,holoprosencefalia,exact
,,,exact,5,http://purl.obolibrary.org/obo/DOID_0110873,holoprosencephaly 9,holoprosencephaly 9,1,1,1,1,1,exact,http://purl.obolibrary.org/obo/DOID_0110873,holoprosencefalia 9,holoprosencefalia 9,exact
,,,exact,5,http://purl.obolibrary.org/obo/DOID_0110874,holoprosencephaly 6,holoprosencephaly 6,1,1,1,1,1,exact,http://purl.obolibrary.org/obo/DOID_0110874,holoprosencefalia 6,holoprosencefalia 6,exact
,,,exact,5,http://purl.obolibrary.org/obo/DOID_0110875,holoprosencephaly 3,holoprosencephaly 3,1,1,1,1,1,exact,http://purl.obolibrary.org/obo/DOID_0110875,holoprosencefalia 3,holoprosencefalia 3,exact
,,,exact,5,http://purl.obolibrary.org/obo/DOID_0110876,holoprosencephaly 7,holoprosencephaly 7,1,1,1,1,1,exact,http://purl.obolibrary.org/obo/DOID_0110876,holoprosencefalia 7,holoprosencefalia 7,exact
,,,exact,5,http://purl.obolibrary.org/obo/DOID_0110877,holoprosencephaly 11,holoprosencephaly 11,1,1,1,1,1,exact,http://purl.obolibrary.org/obo/DOID_0110877,holoprosencefalia 11,holoprosencefalia 11,exact
,,,exact,5,http://purl.obolibrary.org/obo/DOID_0110878,holoprosencephaly 5,holoprosencephaly 5,1,1,1,1,1,exact,http://purl.obolibrary.org/obo/DOID_0110878,holoprosencefalia 5,holoprosencefalia 5,exact
,,,exact,5,http://purl.obolibrary.org/obo/DOID_0110879,holoprosencephaly 8,holoprosencephaly 8,1,1,1,1,1,exact,http://purl.obolibrary.org/obo/DOID_0110879,holoprosencefalia 8,holoprosencefalia 8,exact
,,,exact,5,http://purl.obolibrary.org/obo/DOID_0110880,holoprosencephaly 4,holoprosencephaly 4,1,1,1,1,1,exact,http://purl.obolibrary.org/obo/DOID_0110880,holoprosencefalia 4,holoprosencefalia 4,exact
,,,exact,5,http://purl.obolibrary.org/obo/DOID_0110881,holoprosencephaly 1,holoprosencephaly 1,1,1,1,1,1,exact,http://purl.obolibrary.org/obo/DOID_0110881,holoprosencefalia 1,holoprosencefalia 1,exact
,,,exact,5,http://purl.obolibrary.org/obo/DOID_0110916,hereditary spherocytosis type 1,hereditary spherocytosis type 1,1,1,1,1,1,exact,http://purl.obolibrary.org/obo/DOID_0110916,esferocitosis hereditaria tipo 1,esferocitosis hereditaria tipo 1,exact
,,,exact,5,http://purl.obolibrary.org/obo/DOID_12971,hereditary spherocytosis,hereditary spherocytosis,1,1,1,1,1,exact,http://purl.obolibrary.org/obo/DOID_12971,esferocitosis hereditaria,esferocitosis hereditaria,exact
,,,exact,5,http://purl.obolibrary.org/obo/DOID_0110917,hereditary spherocytosis type 2,hereditary spherocytosis type 2,1,1,1,1,1,exact,http://purl.obolibrary.org/obo/DOID_0110917,esferocitosis hereditaria tipo 2,esferocitosis hereditaria tipo 2,exact
,,,exact,5,http://purl.obolibrary.org/obo/DOID_0110918,hereditary spherocytosis type 3,hereditary spherocytosis type 3,1,1,1,1,1,exact,http://purl.obolibrary.org/obo/DOID_0110918,esferocitosis hereditaria tipo 3,esferocitosis hereditaria tipo 3,exact
,,,exact,5,http://purl.obolibrary.org/obo/DOID_0110919,hereditary spherocytosis type 4,hereditary spherocytosis type 4,1,1,1,1,1,exact,http://purl.obolibrary.org/obo/DOID_0110919,esferocitosis hereditaria tipo 4,esferocitosis hereditaria tipo 4,exact
,,,exact,5,http://purl.obolibrary.org/obo/DOID_0110920,hereditary spherocytosis type 5,hereditary spherocytosis type 5,1,1,1,1,1,exact,http://purl.obolibrary.org/obo/DOID_0110920,esferocitosis hereditaria tipo 5,esferocitosis hereditaria tipo 5,exact
,,order,,5,http://purl.obolibrary.org/obo/DOID_0111066,congenital bile acid synthesis defect 5,congenital defect of bile acid synthesis 5,0.5952380952380952,0.5952380952380952,0.962962963,0.9905530539738168,1,,http://purl.obolibrary.org/obo/DOID_0111066,defecto congénito de la síntesis de ácidos biliares 5,defecto congénito de síntesis de ácidos biliares 5,
,,order,,5,http://purl.obolibrary.org/obo/DOID_0111067,congenital bile acid synthesis defect 6,congenital defect of bile acid synthesis 6,0.5952380952380952,0.5952380952380952,0.962962963,0.9905530539738168,1,,http://purl.obolibrary.org/obo/DOID_0111067,defecto congénito de la síntesis de ácidos biliares 6,defecto congénito de síntesis de ácidos biliares 6,
,,order,,5,http://purl.obolibrary.org/obo/DOID_0111068,congenital bile acid synthesis defect 4,congenital defect of bile acid synthesis 4,0.5952380952380952,0.5952380952380952,0.962962963,0.9905530539738168,1,,http://purl.obolibrary.org/obo/DOID_0111068,defecto congénito de la síntesis de ácidos biliares 4,defecto congénito de síntesis de ácidos biliares 4,
,,order,,5,http://purl.obolibrary.org/obo/DOID_0111069,congenital bile acid synthesis defect 2,congenital defect of bile acid synthesis 2,0.5952380952380952,0.5952380952380952,0.962962963,0.9905530539738168,1,,http://purl.obolibrary.org/obo/DOID_0111069,defecto congénito de la síntesis de ácidos biliares 2,defecto congénito de síntesis de ácidos biliares 2,
,,order,,5,http://purl.obolibrary.org/obo/DOID_0111070,congenital bile acid synthesis defect 3,congenital defect of bile acid synthesis 3,0.5952380952380952,0.5952380952380952,0.962962963,0.9905530539738168,1,,http://purl.obolibrary.org/obo/DOID_0111070,defecto congénito de la síntesis de ácidos biliares 3,defecto congénito de síntesis de ácidos biliares 3,
,,order,,5,http://purl.obolibrary.org/obo/DOID_0111071,congenital bile acid synthesis defect 1,congenital defect of bile acid synthesis 1,0.5952380952380952,0.5952380952380952,0.962962963,0.9905530539738168,1,,http://purl.obolibrary.org/obo/DOID_0111071,defecto congénito de la síntesis de ácidos biliares 1,defecto congénito de síntesis de ácidos biliares 1,
,,order,,5,http://purl.obolibrary.org/obo/DOID_0111077,pyruvate kinase deficiency of red cells,red blood cell pyruvate kinase deficiency,0.31707317073170727,0.31707317073170727,0.925,0.975739912,0.9473684210526316,,http://purl.obolibrary.org/obo/DOID_0111077,deficiencia de piruvato quinasa de los glóbulos rojos,deficiencia de piruvato quinasa de los glóbulos rojos,exact
,,,punct,5,http://purl.obolibrary.org/obo/DOID_2861,congenital nonspherocytic hemolytic anemia,congenital non-spherocytic hemolytic anemia,0.9767441860465116,0.9767441860465116,0.9882352941176472,0.996343681,0.9411764705882352,,http://purl.obolibrary.org/obo/DOID_2861,anemia hemolítica congénita no esferocítica,anemia hemolítica congénita no esferocítica,exact
,,,exact,5,http://purl.obolibrary.org/obo/DOID_0111080,Fanconi anemia complementation group V,Fanconi anemia complementation group V,1,1,1,1,1,exact,http://purl.obolibrary.org/obo/DOID_0111080,Anemia de Fanconi grupo de complementación V,Anemia de Fanconi complementación grupo V,
,,,exact,5,http://purl.obolibrary.org/obo/DOID_13636,Fanconi anemia,Fanconi anemia,1,1,1,1,1,exact,http://purl.obolibrary.org/obo/DOID_13636,anemia de Fanconi,anemia de fanconi,exact
,,,exact,5,http://purl.obolibrary.org/obo/DOID_0111081,Fanconi anemia complementation group T,Fanconi anemia complementation group T,1,1,1,1,1,exact,http://purl.obolibrary.org/obo/DOID_0111081,Anemia de Fanconi grupo de complementación T,Anemia de Fanconi complementación grupo T,
,,,exact,5,http://purl.obolibrary.org/obo/DOID_0111082,Fanconi anemia complementation group L,Fanconi anemia complementation group L,1,1,1,1,1,exact,http://purl.obolibrary.org/obo/DOID_0111082,Anemia de Fanconi grupo de complementación L,Anemia de Fanconi complementación grupo L,
,google to en,error,,1,http://purl.obolibrary.org/obo/DOID_0111083,Fanconi anemia complementation group D2,Fanconi Anemia Supplementation Group D2,0.8717948717948718,0.8717948717948718,0.8717948717948718,0.9571023574529288,0.8,,http://purl.obolibrary.org/obo/DOID_0111083,Grupo de complementación de la anemia de Fanconi D2,Anemia de Fanconi complementación grupo D2,
,,,exact,5,http://purl.obolibrary.org/obo/DOID_0111084,Fanconi anemia complementation group E,Fanconi anemia complementation group E,1,1,1,1,1,exact,http://purl.obolibrary.org/obo/DOID_0111084,Anemia de Fanconi grupo de complementación E,Anemia de Fanconi complementación grupo E,
,,,exact,5,http://purl.obolibrary.org/obo/DOID_0111085,Fanconi anemia complementation group U,Fanconi anemia complementation group U,1,1,1,1,1,exact,http://purl.obolibrary.org/obo/DOID_0111085,Anemia de Fanconi grupo de complementación U,Anemia de Fanconi complementación grupo U,
,,,exact,5,http://purl.obolibrary.org/obo/DOID_0111086,Fanconi anemia complementation group G,Fanconi anemia complementation group G,1,1,1,1,1,exact,http://purl.obolibrary.org/obo/DOID_0111086,Anemia de Fanconi grupo de complementación G,Anemia de Fanconi complementación grupo G,
,,,exact,5,http://purl.obolibrary.org/obo/DOID_0111087,Fanconi anemia complementation group C,Fanconi anemia complementation group C,1,1,1,1,1,exact,http://purl.obolibrary.org/obo/DOID_0111087,Anemia de Fanconi grupo de complementación C,Anemia de Fanconi complementación grupo C,
,,,exact,5,http://purl.obolibrary.org/obo/DOID_0111088,Fanconi anemia complementation group F,Fanconi anemia complementation group F,1,1,1,1,1,exact,http://purl.obolibrary.org/obo/DOID_0111088,Fanconi anemia complementación grupo F,Anemia de Fanconi complementación grupo F,
,google to en,error,,1,http://purl.obolibrary.org/obo/DOID_0111089,Fanconi anemia complementation group D1,Fanconi Anemia Supplementation Group D1,0.8717948717948718,0.8717948717948718,0.8717948717948718,0.9571023574529288,0.8,,http://purl.obolibrary.org/obo/DOID_0111089,Grupo de complementación de la anemia de Fanconi D1,Anemia de Fanconi complementación grupo D1,
,,,exact,5,http://purl.obolibrary.org/obo/DOID_0111090,Fanconi anemia complementation group R,Fanconi anemia complementation group R,1,1,1,1,1,exact,http://purl.obolibrary.org/obo/DOID_0111090,Anemia de Fanconi grupo de complementación R,Anemia de Fanconi complementación grupo R,
,,,exact,5,http://purl.obolibrary.org/obo/DOID_0111091,Fanconi anemia complementation group I,Fanconi anemia complementation group I,1,1,1,1,1,exact,http://purl.obolibrary.org/obo/DOID_0111091,Anemia de Fanconi grupo de complementación I,Anemia de Fanconi complementación grupo I,
,,,exact,5,http://purl.obolibrary.org/obo/DOID_0111092,Fanconi anemia complementation group P,Fanconi anemia complementation group P,1,1,1,1,1,exact,http://purl.obolibrary.org/obo/DOID_0111092,anemia de Fanconi grupo de complementación P,Anemia de Fanconi complementación grupo P,
,,,exact,5,http://purl.obolibrary.org/obo/DOID_0111093,Fanconi anemia complementation group Q,Fanconi anemia complementation group Q,1,1,1,1,1,exact,http://purl.obolibrary.org/obo/DOID_0111093,Anemia de Fanconi grupo de complementación Q,Anemia de Fanconi complementación grupo Q,
,,,exact,5,http://purl.obolibrary.org/obo/DOID_0111094,Fanconi anemia complementation group N,Fanconi anemia complementation group N,1,1,1,1,1,exact,http://purl.obolibrary.org/obo/DOID_0111094,Anemia de Fanconi grupo de complementación N,Anemia de Fanconi grupo de complementación N,exact
,,,exact,5,http://purl.obolibrary.org/obo/DOID_0111095,Fanconi anemia complementation group A,Fanconi anemia complementation group A,1,1,1,1,1,exact,http://purl.obolibrary.org/obo/DOID_0111095,Anemia de Fanconi grupo de complementación A,Anemia de Fanconi complementación grupo A,
,,,exact,5,http://purl.obolibrary.org/obo/DOID_0111096,Fanconi anemia complementation group O,Fanconi anemia complementation group O,1,1,1,1,1,exact,http://purl.obolibrary.org/obo/DOID_0111096,Anemia de Fanconi grupo de complementación O,Anemia de Fanconi complementación grupo O,
,,,exact,5,http://purl.obolibrary.org/obo/DOID_0111097,Fanconi anemia complementation group J,Fanconi anemia complementation group J,1,1,1,1,1,exact,http://purl.obolibrary.org/obo/DOID_0111097,Anemia de Fanconi grupo de complementación J,Anemia de Fanconi complementación grupo J,
,,,exact,5,http://purl.obolibrary.org/obo/DOID_0111098,Fanconi anemia complementation group B,Fanconi anemia complementation group B,1,1,1,1,1,exact,http://purl.obolibrary.org/obo/DOID_0111098,Anemia de Fanconi grupo de complementación B,Anemia de Fanconi complementación grupo B,
,,,exact,5,http://purl.obolibrary.org/obo/DOID_0111135,congenital generalized lipodystrophy type 1,congenital generalized lipodystrophy type 1,1,1,1,1,1,exact,http://purl.obolibrary.org/obo/DOID_0111135,lipodistrofia generalizada congénita tipo 1,lipodistrofia generalizada congénita tipo 1,exact
,,,exact,5,http://purl.obolibrary.org/obo/DOID_0111136,congenital generalized lipodystrophy type 2,congenital generalized lipodystrophy type 2,1,1,1,1,1,exact,http://purl.obolibrary.org/obo/DOID_0111136,lipodistrofia generalizada congénita tipo 2,lipodistrofia generalizada congénita tipo 2,exact
,,,exact,5,http://purl.obolibrary.org/obo/DOID_0111137,congenital generalized lipodystrophy type 3,congenital generalized lipodystrophy type 3,1,1,1,1,1,exact,http://purl.obolibrary.org/obo/DOID_0111137,lipodistrofia generalizada congénita tipo 3,lipodistrofia generalizada congénita tipo 3,exact
,,,exact,5,http://purl.obolibrary.org/obo/DOID_0111138,congenital generalized lipodystrophy type 4,congenital generalized lipodystrophy type 4,1,1,1,1,1,exact,http://purl.obolibrary.org/obo/DOID_0111138,lipodistrofia generalizada congénita tipo 4,lipodistrofia generalizada congénita tipo 4,exact
,,,exact,5,http://purl.obolibrary.org/obo/DOID_0111153,congenital mirror movement disorder,congenital mirror movement disorder,1,1,1,1,1,exact,http://purl.obolibrary.org/obo/DOID_0111153,trastorno congénito del movimiento en espejo,trastorno congénito del movimiento en espejo,exact
,,,exact,5,http://purl.obolibrary.org/obo/DOID_0111169,subcortical band heterotopia,subcortical band heterotopia,1,1,1,1,1,exact,http://purl.obolibrary.org/obo/DOID_0111169,heterotopía subcortical en banda,heterotopía de banda subcortical,
,,,exact,5,http://purl.obolibrary.org/obo/DOID_0111216,autosomal recessive centronuclear myopathy,autosomal recessive centronuclear myopathy,1,1,1,1,1,exact,http://purl.obolibrary.org/obo/DOID_0111216,miopatía centronuclear autosómica recesiva,Miopatía centronuclear autosómica recesiva,exact
,,,exact,5,http://purl.obolibrary.org/obo/DOID_14717,centronuclear myopathy,centronuclear myopathy,1,1,1,1,1,exact,http://purl.obolibrary.org/obo/DOID_14717,miopatía centronuclear,miopatía centronuclear,exact
,,,exact,5,http://purl.obolibrary.org/obo/DOID_0111217,autosomal dominant centronuclear myopathy,autosomal dominant centronuclear myopathy,1,1,1,1,1,exact,http://purl.obolibrary.org/obo/DOID_0111217,miopatía centronuclear autosómica dominante,Miopatía centronuclear autosómica dominante,exact
,,,exact,5,http://purl.obolibrary.org/obo/DOID_0111220,centronuclear myopathy 2,centronuclear myopathy 2,1,1,1,1,1,exact,http://purl.obolibrary.org/obo/DOID_0111220,miopatía centronuclear 2,miopatía centronuclear 2,exact
,TCG,meaning,,3,http://purl.obolibrary.org/obo/DOID_0111221,centronuclear myopathy 6 with fiber-type disproportion,centronuclear myopathy 6 with fiber disproportion,0.9074074074074074,0.9074074074074074,0.9514563106796116,0.989050857,0.9545454545454546,,http://purl.obolibrary.org/obo/DOID_0111221,miopatía centronuclear 6 con desproporción de fibras,Miopatía centronuclear 6 con desproporción del tipo de fibras.,
,,,exact,5,http://purl.obolibrary.org/obo/DOID_0111222,centronuclear myopathy 5,centronuclear myopathy 5,1,1,1,1,1,exact,http://purl.obolibrary.org/obo/DOID_0111222,miopatía centronuclear 5,miopatía centronuclear 5,exact
,,,exact,5,http://purl.obolibrary.org/obo/DOID_0111223,centronuclear myopathy 1,centronuclear myopathy 1,1,1,1,1,1,exact,http://purl.obolibrary.org/obo/DOID_0111223,miopatía centronuclear 1,miopatía centronuclear 1,exact
,,,exact,5,http://purl.obolibrary.org/obo/DOID_0111224,centronuclear myopathy 4,centronuclear myopathy 4,1,1,1,1,1,exact,http://purl.obolibrary.org/obo/DOID_0111224,miopatía centronuclear 4,miopatía centronuclear 4,exact
,,order,,5,http://purl.obolibrary.org/obo/DOID_0111225,centronuclear myopathy X-linked,X-linked centronuclear myopathy,0.4193548387096774,0.4193548387096774,1,1,1,,http://purl.obolibrary.org/obo/DOID_0111225,miopatía centronuclear ligada al cromosoma X,miopatía centronuclear ligada al cromosoma X,exact
,TCG,meaning,,3,http://purl.obolibrary.org/obo/DOID_0111226,X-linked congenital myopathy with fiber-type disproportion,X-linked congenital myopathy with fibrous-type disproportion,0.9333333333333332,0.9333333333333332,0.9661016949152542,0.9906559176035048,0.9583333333333334,,http://purl.obolibrary.org/obo/DOID_0111226,miopatía congénita ligada al cromosoma X con desproporción de tipo fibroso,Miopatía congénita ligada al cromosoma X con desproporción del tipo de fibras,
,,,exact,5,http://purl.obolibrary.org/obo/DOID_0112374,muscular dystrophy-dystroglycanopathy,muscular dystrophy-dystroglycanopathy,1,1,1,1,1,exact,http://purl.obolibrary.org/obo/DOID_0112374,distrofia muscular-distroglicanopatía,distrofia muscular-distroglicanopatía,exact
,,,exact,5,http://purl.obolibrary.org/obo/DOID_0111230,congenital muscular dystrophy-dystroglycanopathy type A11,congenital muscular dystrophy-dystroglycanopathy type A11,1,1,1,1,1,exact,http://purl.obolibrary.org/obo/DOID_0111230,distrofia muscular congénita-distroglicanopatía tipo A11,distrofia muscular congénita-distroglicanopatía tipo A11,exact
,,,exact,5,http://purl.obolibrary.org/obo/DOID_0111231,congenital muscular dystrophy-dystroglycanopathy type A8,congenital muscular dystrophy-dystroglycanopathy type A8,1,1,1,1,1,exact,http://purl.obolibrary.org/obo/DOID_0111231,distrofia muscular congénita-distroglicanopatía tipo A8,Distrofia muscular congénita-distroglicanopatía tipo A8,exact
,,,exact,5,http://purl.obolibrary.org/obo/DOID_0111232,congenital muscular dystrophy-dystroglycanopathy type A9,congenital muscular dystrophy-dystroglycanopathy type A9,1,1,1,1,1,exact,http://purl.obolibrary.org/obo/DOID_0111232,distrofia muscular congénita-distroglicanopatía tipo A9,Distrofia muscular congénita-distroglicanopatía tipo A9,exact
,,,exact,5,http://purl.obolibrary.org/obo/DOID_0111233,congenital muscular dystrophy-dystroglycanopathy A14,congenital muscular dystrophy-dystroglycanopathy A14,1,1,1,1,1,exact,http://purl.obolibrary.org/obo/DOID_0111233,distrofia muscular congénita-distroglicanopatía A14,Distrofia muscular congénita-distroglicanopatía A14,exact
,,,exact,5,http://purl.obolibrary.org/obo/DOID_0111234,congenital muscular dystrophy-dystroglycanopathy A7,congenital muscular dystrophy-dystroglycanopathy A7,1,1,1,1,1,exact,http://purl.obolibrary.org/obo/DOID_0111234,distrofia muscular congénita-distroglicanopatía A7,distrofia muscular congénita-distroglicanopatía A7,exact
,,,exact,5,http://purl.obolibrary.org/obo/DOID_0111235,congenital muscular dystrophy-dystroglycanopathy type A12,congenital muscular dystrophy-dystroglycanopathy type A12,1,1,1,1,1,exact,http://purl.obolibrary.org/obo/DOID_0111235,distrofia muscular congénita-distroglicanopatía tipo A12,distrofia muscular congénita-distroglicanopatía tipo A12,exact
,,,exact,5,http://purl.obolibrary.org/obo/DOID_0111236,congenital muscular dystrophy-dystroglycanopathy type A3,congenital muscular dystrophy-dystroglycanopathy type A3,1,1,1,1,1,exact,http://purl.obolibrary.org/obo/DOID_0111236,distrofia muscular congénita-distroglicanopatía tipo A3,Distrofia muscular congénita-distroglicanopatía tipo A3,exact
,,,exact,5,http://purl.obolibrary.org/obo/DOID_0111237,congenital muscular dystrophy-dystroglycanopathy type A1,congenital muscular dystrophy-dystroglycanopathy type A1,1,1,1,1,1,exact,http://purl.obolibrary.org/obo/DOID_0111237,distrofia muscular congénita-distroglicanopatía tipo A1,distrofia muscular congénita-distroglicanopatía tipo A1,exact
,,,exact,5,http://purl.obolibrary.org/obo/DOID_0111238,congenital muscular dystrophy-dystroglycanopathy type A13,congenital muscular dystrophy-dystroglycanopathy type A13,1,1,1,1,1,exact,http://purl.obolibrary.org/obo/DOID_0111238,distrofia muscular congénita-distroglicanopatía tipo A13,distrofia muscular congénita-distroglicanopatía tipo A13,exact
,,,exact,5,http://purl.obolibrary.org/obo/DOID_0111239,congenital muscular dystrophy-dystroglycanopathy type A10,congenital muscular dystrophy-dystroglycanopathy type A10,1,1,1,1,1,exact,http://purl.obolibrary.org/obo/DOID_0111239,distrofia muscular congénita-distroglicanopatía tipo A10,distrofia muscular congénita-distroglicanopatía tipo A10,exact
,,,exact,5,http://purl.obolibrary.org/obo/DOID_0111240,congenital muscular dystrophy-dystroglycanopathy type A2,congenital muscular dystrophy-dystroglycanopathy type A2,1,1,1,1,1,exact,http://purl.obolibrary.org/obo/DOID_0111240,distrofia muscular congénita-distroglicanopatía tipo A2,Distrofia muscular congénita-distroglicanopatía tipo A2,exact
,,,exact,5,http://purl.obolibrary.org/obo/DOID_0111241,congenital muscular dystrophy-dystroglycanopathy type A5,congenital muscular dystrophy-dystroglycanopathy type A5,1,1,1,1,1,exact,http://purl.obolibrary.org/obo/DOID_0111241,distrofia muscular congénita-distroglicanopatía tipo A5,Distrofia muscular congénita-distroglicanopatía tipo A5,exact
,,,exact,5,http://purl.obolibrary.org/obo/DOID_0111242,congenital muscular dystrophy-dystroglycanopathy type A6,congenital muscular dystrophy-dystroglycanopathy type A6,1,1,1,1,1,exact,http://purl.obolibrary.org/obo/DOID_0111242,distrofia muscular congénita-distroglicanopatía tipo A6,Distrofia muscular congénita-distroglicanopatía tipo A6,exact
,,,exact,5,http://purl.obolibrary.org/obo/DOID_0111244,palmoplantar keratoderma and congenital alopecia 1,palmoplantar keratoderma and congenital alopecia 1,1,1,1,1,1,exact,http://purl.obolibrary.org/obo/DOID_0111244,queratodermia palmoplantar y alopecia congénita 1,queratodermia palmoplantar y alopecia congénita 1,exact
,,,exact,5,http://purl.obolibrary.org/obo/DOID_0111245,palmoplantar keratoderma and congenital alopecia 2,palmoplantar keratoderma and congenital alopecia 2,1,1,1,1,1,exact,http://purl.obolibrary.org/obo/DOID_0111245,queratodermia palmoplantar y alopecia congénita 2,queratodermia palmoplantar y alopecia congénita 2,exact
,,,exact,5,http://purl.obolibrary.org/obo/DOID_0111334,congenital leptin deficiency,congenital leptin deficiency,1,1,1,1,1,exact,http://purl.obolibrary.org/obo/DOID_0111334,deficiencia congénita de leptina,deficiencia congénita de leptina,exact
,,order,,5,http://purl.obolibrary.org/obo/DOID_0111347,epidermolysis bullosa with congenital localized absence of skin and deformity of nails,epidermolysis bullosa with congenital localized absence of skin and nail deformity,0.8372093023255813,0.8372093023255813,0.9761904761904762,0.9971898139957874,1,,http://purl.obolibrary.org/obo/DOID_0111347,epidermólisis bullosa con ausencia congénita localizada de piel y deformidad de las uñas,epidermólisis ampollosa con ausencia congénita localizada de piel y deformidad de las uñas,
,,,exact,5,http://purl.obolibrary.org/obo/DOID_0111359,large congenital melanocytic nevus,large congenital melanocytic nevus,1,1,1,1,1,exact,http://purl.obolibrary.org/obo/DOID_0111359,gran nevus melanocítico congénito,nevo melanocítico congénito grande,
,,,exact,5,http://purl.obolibrary.org/obo/DOID_0111363,Heinz body anemia,Heinz body anemia,1,1,1,1,1,exact,http://purl.obolibrary.org/obo/DOID_0111363,anemia con cuerpos de Heinz,Anemia del cuerpo de Heinz,
,,,exact,5,http://purl.obolibrary.org/obo/DOID_0111396,congenital dyserythropoietic anemia type I,congenital dyserythropoietic anemia type I,1,1,1,1,1,exact,http://purl.obolibrary.org/obo/DOID_0111396,anemia diseritropoyética congénita tipo I,anemia diseritropoyética congénita tipo I,exact
,,,exact,5,http://purl.obolibrary.org/obo/DOID_1338,congenital dyserythropoietic anemia,congenital dyserythropoietic anemia,1,1,1,1,1,exact,http://purl.obolibrary.org/obo/DOID_1338,anemia diseritropoyética congénita,anemia diseritropoyética congénita,exact
,,,exact,5,http://purl.obolibrary.org/obo/DOID_0111397,congenital dyserythropoietic anemia type Ib,congenital dyserythropoietic anemia type Ib,1,1,1,1,1,exact,http://purl.obolibrary.org/obo/DOID_0111397,anemia diseritropoyética congénita tipo Ib,anemia diseritropoyética congénita tipo Ib,exact
,,,exact,5,http://purl.obolibrary.org/obo/DOID_0111398,congenital dyserythropoietic anemia type Ia,congenital dyserythropoietic anemia type Ia,1,1,1,1,1,exact,http://purl.obolibrary.org/obo/DOID_0111398,anemia diseritropoyética congénita tipo Ia,anemia diseritropoyética congénita tipo Ia,exact
,,,exact,5,http://purl.obolibrary.org/obo/DOID_0111399,congenital dyserythropoietic anemia type III,congenital dyserythropoietic anemia type III,1,1,1,1,1,exact,http://purl.obolibrary.org/obo/DOID_0111399,anemia diseritropoyética congénita tipo III,anemia diseritropoyética congénita tipo III,exact
,,,exact,5,http://purl.obolibrary.org/obo/DOID_0111400,congenital dyserythropoietic anemia type IV,congenital dyserythropoietic anemia type IV,1,1,1,1,1,exact,http://purl.obolibrary.org/obo/DOID_0111400,anemia diseritropoyética congénita tipo IV,anemia diseritropoyética congénita tipo IV,exact
,,,exact,5,http://purl.obolibrary.org/obo/DOID_0111401,congenital dyserythropoietic anemia type II,congenital dyserythropoietic anemia type II,1,1,1,1,1,exact,http://purl.obolibrary.org/obo/DOID_0111401,anemia diseritropoyética congénita tipo II,anemia diseritropoyética congénita tipo II,exact
,,,exact,5,http://purl.obolibrary.org/obo/DOID_0111568,congenital vertical talus,congenital vertical talus,1,1,1,1,1,exact,http://purl.obolibrary.org/obo/DOID_0111568,astrágalo vertical congénito,astrágalo vertical congénito,exact
,,meaning|punct|plural,,4,http://purl.obolibrary.org/obo/DOID_0111591,"congenital heart defects, hamartomas of tongue, and polysyndactyly","congenital heart defects, lingual hamartoma and polysyndactyly",0.7121212121212122,0.7121212121212122,0.90625,0.9719957630354048,1,,http://purl.obolibrary.org/obo/DOID_0111591,"defectos cardiacos congénitos, hamartoma lingual y polisindactilia","defectos cardíacos congénitos, hamartomas de lengua y polisindactilia",
,,,exact,5,http://purl.obolibrary.org/obo/DOID_0111595,congenital contractural arachnodactyly,congenital contractural arachnodactyly,1,1,1,1,1,exact,http://purl.obolibrary.org/obo/DOID_0111595,aracnodactilia contractural congénita,aracnodactilia contractural congénita,exact
,,,exact,5,http://purl.obolibrary.org/obo/DOID_0111633,congenital sucrase-isomaltase deficiency,congenital sucrase-isomaltase deficiency,1,1,1,1,1,exact,http://purl.obolibrary.org/obo/DOID_0111633,deficiencia congénita de sucrasa-isomaltasa,deficiencia congénita de sacarasa-isomaltasa,
,,,exact,5,http://purl.obolibrary.org/obo/DOID_0111646,congenital lactase deficiency,congenital lactase deficiency,1,1,1,1,1,exact,http://purl.obolibrary.org/obo/DOID_0111646,deficiencia congénita de lactasa,deficiencia congénita de lactasa,exact
"probably right in Spanish, backtranslated English would also be considered correct",TCG,conjugation,,4,http://purl.obolibrary.org/obo/DOID_0111706,oblique facial clefting 1,oblique facial cleft 1,0.88,0.88,0.9361702127659576,0.9710607611177228,0.8666666666666667,,http://purl.obolibrary.org/obo/DOID_0111706,hendidura facial oblicua 1,hendidura facial oblicua 1,exact
,,,exact,5,http://purl.obolibrary.org/obo/DOID_0111716,cryptophthalmia,cryptophthalmia,1,1,1,1,1,exact,http://purl.obolibrary.org/obo/DOID_0111716,criptoftalmia,criptoftalmia,exact
,,,exact,5,http://purl.obolibrary.org/obo/DOID_0111717,isolated cryptophthalmia,isolated cryptophthalmia,1,1,1,1,1,exact,http://purl.obolibrary.org/obo/DOID_0111717,criptoftalmia aislada,criptoftalmia aislada,exact
,,,exact,5,http://purl.obolibrary.org/obo/DOID_0111718,partial cryptophthalmia,partial cryptophthalmia,1,1,1,1,1,exact,http://purl.obolibrary.org/obo/DOID_0111718,criptoftalmia parcial,criptoftalmia parcial,exact
,,,exact,5,http://purl.obolibrary.org/obo/DOID_0111719,complete cryptophthalmia,complete cryptophthalmia,1,1,1,1,1,exact,http://purl.obolibrary.org/obo/DOID_0111719,criptoftalmia completa,criptoftalmia completa,exact
,,,exact,5,http://purl.obolibrary.org/obo/DOID_0111720,congenital symblepharon,congenital symblepharon,1,1,1,1,1,exact,http://purl.obolibrary.org/obo/DOID_0111720,simbléfaron congénito,simbléfaron congénito,exact
,,,exact,5,http://purl.obolibrary.org/obo/DOID_0111733,pancreatic hypoplasia-diabetes-congenital heart disease syndrome,pancreatic hypoplasia-diabetes-congenital heart disease syndrome,1,1,1,1,1,exact,http://purl.obolibrary.org/obo/DOID_0111733,síndrome de hipoplasia pancreática-diabetes-cardiopatía congénita,Síndrome de hipoplasia pancreática-diabetes-cardiopatía congénita,exact
,,,exact,5,http://purl.obolibrary.org/obo/DOID_0111790,congenital nystagmus 1,congenital nystagmus 1,1,1,1,1,1,exact,http://purl.obolibrary.org/obo/DOID_0111790,nistagmo congénito 1,nistagmo congénito 1,exact
,,,exact,5,http://purl.obolibrary.org/obo/DOID_9649,congenital nystagmus,congenital nystagmus,1,1,1,1,1,exact,http://purl.obolibrary.org/obo/DOID_9649,nistagmo congénito,nistagmo congénito,exact
,,,exact,5,http://purl.obolibrary.org/obo/DOID_0111791,congenital nystagmus 7,congenital nystagmus 7,1,1,1,1,1,exact,http://purl.obolibrary.org/obo/DOID_0111791,nistagmo congénito 7,nistagmo congénito 7,exact
,,,exact,5,http://purl.obolibrary.org/obo/DOID_0111792,congenital nystagmus 2,congenital nystagmus 2,1,1,1,1,1,exact,http://purl.obolibrary.org/obo/DOID_0111792,nistagmo congénito 2,nistagmo congénito 2,exact
,,,exact,5,http://purl.obolibrary.org/obo/DOID_0111793,congenital nystagmus 3,congenital nystagmus 3,1,1,1,1,1,exact,http://purl.obolibrary.org/obo/DOID_0111793,nistagmo congénito 3,nistagmo congénito 3,exact
,,,exact,5,http://purl.obolibrary.org/obo/DOID_0111795,congenital nystagmus 6,congenital nystagmus 6,1,1,1,1,1,exact,http://purl.obolibrary.org/obo/DOID_0111795,nistagmo congénito 6,nistagmo congénito 6,exact
,,,exact,5,http://purl.obolibrary.org/obo/DOID_0111796,congenital nystagmus 5,congenital nystagmus 5,1,1,1,1,1,exact,http://purl.obolibrary.org/obo/DOID_0111796,nistagmo congénito 5,nistagmo congénito 5,exact
,,,exact,5,http://purl.obolibrary.org/obo/DOID_0111797,autosomal recessive congenital nystagmus,autosomal recessive congenital nystagmus,1,1,1,1,1,exact,http://purl.obolibrary.org/obo/DOID_0111797,nistagmo congénito autosómico recesivo,nistagmo congénito autosómico recesivo,exact
,,,exact,5,http://purl.obolibrary.org/obo/DOID_0111808,linear skin defects with multiple congenital anomalies 1,linear skin defects with multiple congenital anomalies 1,1,1,1,1,1,exact,http://purl.obolibrary.org/obo/DOID_0111808,defectos cutáneos lineales con múltiples anomalías congénitas 1,Defectos cutáneos lineales con múltiples anomalías congénitas 1.,
,TCG,error,,1,http://purl.obolibrary.org/obo/DOID_0111835,congenital nongoitrous hypothyroidism 9,congenital non-nitrous hypothyroidism 9,0.9487179487179488,0.9487179487179488,0.9487179487179488,0.9824547782490286,0.95,,http://purl.obolibrary.org/obo/DOID_0111835,hipotiroidismo congénito no nitroso 9,hipotiroidismo congénito no bocio 9,
,TCG,error,,1,http://purl.obolibrary.org/obo/DOID_0111836,congenital nongoitrous hypothyroidism 7,congenital non-nitrous hypothyroidism 7,0.9487179487179488,0.9487179487179488,0.9487179487179488,0.9824547782490286,0.95,,http://purl.obolibrary.org/obo/DOID_0111836,hipotiroidismo congénito no nitroso 7,hipotiroidismo congénito no bocio 7,
,TCG,error,,1,http://purl.obolibrary.org/obo/DOID_0111837,congenital nongoitrous hypothyroidism 8,congenital non-nitrous hypothyroidism 8,0.9487179487179488,0.9487179487179488,0.9487179487179488,0.9824547782490286,0.95,,http://purl.obolibrary.org/obo/DOID_0111837,hipotiroidismo congénito no nitroso 8,hipotiroidismo congénito no bocio 8,
,,,exact,5,http://purl.obolibrary.org/obo/DOID_0111839,congenital disorder of glycosylation Icc,congenital disorder of glycosylation Icc,1,1,1,1,1,exact,http://purl.obolibrary.org/obo/DOID_0111839,trastorno congénito de la glucosilación Icc,trastorno congénito de la glicosilación Icc,
,,,exact,5,http://purl.obolibrary.org/obo/DOID_0111846,X-linked congenital hemolytic anemia,X-linked congenital hemolytic anemia,1,1,1,1,1,exact,http://purl.obolibrary.org/obo/DOID_0111846,Anemia hemolítica congénita ligada al cromosoma X,Anemia hemolítica congénita ligada al cromosoma X,exact
,,,exact,5,http://purl.obolibrary.org/obo/DOID_589,congenital hemolytic anemia,congenital hemolytic anemia,1,1,1,1,1,exact,http://purl.obolibrary.org/obo/DOID_589,anemia hemolítica congénita,anemia hemolítica congénita,exact
,,added,,5,http://purl.obolibrary.org/obo/DOID_0111862,congenital bilateral absence of vas deferens,congenital bilateral absence of the vas deferens,0.9166666666666666,0.9166666666666666,0.9565217391304348,0.9928189148632814,0.9411764705882352,,http://purl.obolibrary.org/obo/DOID_0111862,ausencia bilateral congénita de los conductos deferentes,Ausencia bilateral congénita de conducto deferente.,
,,order,,4,http://purl.obolibrary.org/obo/DOID_0111863,X-linked congenital bilateral absence of vas deferens,Congenital bilateral absence of vas deferens linked to the X chromosome,0.47887323943661975,0.47887323943661975,0.8387096774193549,0.9494460505450564,0.8181818181818182,,http://purl.obolibrary.org/obo/DOID_0111863,Ausencia bilateral congénita de conductos deferentes ligada al cromosoma X,Ausencia bilateral congénita de conducto deferente ligada al cromosoma X,
,,order,,4,http://purl.obolibrary.org/obo/DOID_0111864,autosomal recessive congenital bilateral absence of vas deferens,congenital autosomal recessive bilateral absence of the vas deferens,0.6176470588235294,0.6176470588235294,0.9696969696969696,0.996286232,0.9473684210526316,,http://purl.obolibrary.org/obo/DOID_0111864,ausencia bilateral congénita autosómica recesiva de los conductos deferentes,Ausencia bilateral congénita autosómica recesiva de conducto deferente.,
,,,exact,5,http://purl.obolibrary.org/obo/DOID_0111876,linear skin defects with multiple congenital anomalies 3,linear skin defects with multiple congenital anomalies 3,1,1,1,1,1,exact,http://purl.obolibrary.org/obo/DOID_0111876,defectos cutáneos lineales con múltiples anomalías congénitas 3,Defectos cutáneos lineales con múltiples anomalías congénitas 3.,
,,,exact,5,http://purl.obolibrary.org/obo/DOID_0111877,linear skin defects with multiple congenital anomalies 2,linear skin defects with multiple congenital anomalies 2,1,1,1,1,1,exact,http://purl.obolibrary.org/obo/DOID_0111877,defectos cutáneos lineales con múltiples anomalías congénitas 2,Defectos cutáneos lineales con múltiples anomalías congénitas 2.,
,,,exact,5,http://purl.obolibrary.org/obo/DOID_0111878,Diamond-Blackfan anemia 7,Diamond-Blackfan anemia 7,1,1,1,1,1,exact,http://purl.obolibrary.org/obo/DOID_0111878,Anemia de Diamond-Blackfan 7,Anemia de Diamond-Blackfan 7,exact
,,,exact,5,http://purl.obolibrary.org/obo/DOID_1339,Diamond-Blackfan anemia,Diamond-Blackfan anemia,1,1,1,1,1,exact,http://purl.obolibrary.org/obo/DOID_1339,Anemia de Diamond-Blackfan,Anemia de Diamond-Blackfan,exact
,,,exact,5,http://purl.obolibrary.org/obo/DOID_0111879,Diamond-Blackfan anemia 6,Diamond-Blackfan anemia 6,1,1,1,1,1,exact,http://purl.obolibrary.org/obo/DOID_0111879,Anemia de Diamond-Blackfan 6,Anemia de Diamond-Blackfan 6,exact
,,,exact,5,http://purl.obolibrary.org/obo/DOID_0111880,Diamond-Blackfan anemia 17,Diamond-Blackfan anemia 17,1,1,1,1,1,exact,http://purl.obolibrary.org/obo/DOID_0111880,Anemia de Diamond-Blackfan 17,Anemia de Diamond-Blackfan 17,exact
,,,exact,5,http://purl.obolibrary.org/obo/DOID_0111881,Diamond-Blackfan anemia 8,Diamond-Blackfan anemia 8,1,1,1,1,1,exact,http://purl.obolibrary.org/obo/DOID_0111881,Anemia de Diamond-Blackfan 8,Anemia de Diamond-Blackfan 8,exact
,,,exact,5,http://purl.obolibrary.org/obo/DOID_0111882,Diamond-Blackfan anemia 12,Diamond-Blackfan anemia 12,1,1,1,1,1,exact,http://purl.obolibrary.org/obo/DOID_0111882,Anemia de Diamond-Blackfan 12,Anemia de Diamond-Blackfan 12,exact
,,,exact,5,http://purl.obolibrary.org/obo/DOID_0111883,Diamond-Blackfan anemia 5,Diamond-Blackfan anemia 5,1,1,1,1,1,exact,http://purl.obolibrary.org/obo/DOID_0111883,Anemia de Diamond-Blackfan 5,Anemia de Diamond-Blackfan 5,exact
,,,exact,5,http://purl.obolibrary.org/obo/DOID_0111884,Diamond-Blackfan anemia 9,Diamond-Blackfan anemia 9,1,1,1,1,1,exact,http://purl.obolibrary.org/obo/DOID_0111884,Anemia de Diamond-Blackfan 9,Anemia de Diamond-Blackfan 9,exact
,,,exact,5,http://purl.obolibrary.org/obo/DOID_0111885,Diamond-Blackfan anemia 2,Diamond-Blackfan anemia 2,1,1,1,1,1,exact,http://purl.obolibrary.org/obo/DOID_0111885,Anemia de Diamond-Blackfan 2,Anemia de Diamond-Blackfan 2,exact
,,,exact,5,http://purl.obolibrary.org/obo/DOID_0111886,Diamond-Blackfan anemia 19,Diamond-Blackfan anemia 19,1,1,1,1,1,exact,http://purl.obolibrary.org/obo/DOID_0111886,Anemia de Diamond-Blackfan 19,Anemia de Diamond-Blackfan 19,exact
"fixed by TCG, incorrect capitalization in DO",TCG,,case,5,http://purl.obolibrary.org/obo/DOID_0111887,Diamond-blackfan anemia 3,Diamond-Blackfan anemia 3,0.96,0.96,0.96,0.9824561403508772,0.8823529411764706,exact,http://purl.obolibrary.org/obo/DOID_0111887,Anemia de Diamond-Blackfan 3,Anemia de diamante-blackfan 3,
,,,exact,5,http://purl.obolibrary.org/obo/DOID_0111888,Diamond-Blackfan anemia 10,Diamond-Blackfan anemia 10,1,1,1,1,1,exact,http://purl.obolibrary.org/obo/DOID_0111888,Anemia de Diamond-Blackfan 10,Anemia de Diamond-Blackfan 10,exact
,,,exact,5,http://purl.obolibrary.org/obo/DOID_0111889,Diamond-Blackfan anemia 13,Diamond-Blackfan anemia 13,1,1,1,1,1,exact,http://purl.obolibrary.org/obo/DOID_0111889,Anemia de Diamond-Blackfan 13,Anemia de Diamond-Blackfan 13,exact
,,,exact,5,http://purl.obolibrary.org/obo/DOID_0111890,Diamond-Blackfan anemia 4,Diamond-Blackfan anemia 4,1,1,1,1,1,exact,http://purl.obolibrary.org/obo/DOID_0111890,Anemia de Diamond-Blackfan 4,Anemia de Diamond-Blackfan 4,exact
,,,exact,5,http://purl.obolibrary.org/obo/DOID_0111891,Diamond-Blackfan anemia 20,Diamond-Blackfan anemia 20,1,1,1,1,1,exact,http://purl.obolibrary.org/obo/DOID_0111891,Anemia de Diamond-Blackfan 20,Anemia de Diamond-Blackfan 20,exact
,,,exact,5,http://purl.obolibrary.org/obo/DOID_0111892,Diamond-Blackfan anemia 11,Diamond-Blackfan anemia 11,1,1,1,1,1,exact,http://purl.obolibrary.org/obo/DOID_0111892,Anemia de Diamond-Blackfan 11,Anemia de Diamond-Blackfan 11,exact
,,,exact,5,http://purl.obolibrary.org/obo/DOID_0111893,Diamond-Blackfan anemia 16,Diamond-Blackfan anemia 16,1,1,1,1,1,exact,http://purl.obolibrary.org/obo/DOID_0111893,Anemia de Diamond-Blackfan 16,Anemia de Diamond-Blackfan 16,exact
,,,exact,5,http://purl.obolibrary.org/obo/DOID_0111894,Diamond-Blackfan anemia 15 with mandibulofacial dysostosis,Diamond-Blackfan anemia 15 with mandibulofacial dysostosis,1,1,1,1,1,exact,http://purl.obolibrary.org/obo/DOID_0111894,anemia de Diamond-Blackfan 15 con disostosis mandibulofacial,Anemia de Diamond-Blackfan 15 con disostosis mandibulofacial,exact
,,,exact,5,http://purl.obolibrary.org/obo/DOID_0111895,Diamond-Blackfan anemia 1,Diamond-Blackfan anemia 1,1,1,1,1,1,exact,http://purl.obolibrary.org/obo/DOID_0111895,Anemia de Diamond-Blackfan 1,Anemia de Diamond-Blackfan 1,exact
,,,exact,5,http://purl.obolibrary.org/obo/DOID_0111896,Diamond-Blackfan anemia 18,Diamond-Blackfan anemia 18,1,1,1,1,1,exact,http://purl.obolibrary.org/obo/DOID_0111896,Anemia de Diamond-Blackfan 18,Anemia de Diamond-Blackfan 18,exact
,,,exact,5,http://purl.obolibrary.org/obo/DOID_0111897,Diamond-Blackfan anemia 14 with mandibulofacial dysostosis,Diamond-Blackfan anemia 14 with mandibulofacial dysostosis,1,1,1,1,1,exact,http://purl.obolibrary.org/obo/DOID_0111897,Anemia de Diamond-Blackfan 14 con disostosis mandibulofacial,Anemia de Diamond-Blackfan 14 con disostosis mandibulofacial,exact
,,,exact,5,http://purl.obolibrary.org/obo/DOID_0111932,severe congenital encephalopathy due to MECP2 mutation,severe congenital encephalopathy due to MECP2 mutation,1,1,1,1,1,exact,http://purl.obolibrary.org/obo/DOID_0111932,encefalopatía congénita grave debida a la mutación MECP2,encefalopatía congénita grave debido a la mutación MECP2,
,,,exact,5,http://purl.obolibrary.org/obo/DOID_0112002,immunodeficiency 47,immunodeficiency 47,1,1,1,1,1,exact,http://purl.obolibrary.org/obo/DOID_0112002,inmunodeficiencia 47,inmunodeficiencia 47,exact
,,,exact,5,http://purl.obolibrary.org/obo/DOID_0112014,congenital megabladder,congenital megabladder,1,1,1,1,1,exact,http://purl.obolibrary.org/obo/DOID_0112014,megavejiga congénita,megavejiga congénita,exact
,,,exact,5,http://purl.obolibrary.org/obo/DOID_0112128,X-linked severe congenital neutropenia,X-linked severe congenital neutropenia,1,1,1,1,1,exact,http://purl.obolibrary.org/obo/DOID_0112128,Neutropenia congénita grave ligada al cromosoma X,Neutropenia congénita grave ligada al cromosoma X,exact
,,,exact,5,http://purl.obolibrary.org/obo/DOID_0112129,severe congenital neutropenia 7,severe congenital neutropenia 7,1,1,1,1,1,exact,http://purl.obolibrary.org/obo/DOID_0112129,neutropenia congénita grave 7,neutropenia congénita grave 7,exact
,,,exact,5,http://purl.obolibrary.org/obo/DOID_0112130,autosomal dominant severe congenital neutropenia,autosomal dominant severe congenital neutropenia,1,1,1,1,1,exact,http://purl.obolibrary.org/obo/DOID_0112130,neutropenia congénita grave autosómica dominante,Neutropenia congénita grave autosómica dominante,exact
,,,exact,5,http://purl.obolibrary.org/obo/DOID_0112131,severe congenital neutropenia 2,severe congenital neutropenia 2,1,1,1,1,1,exact,http://purl.obolibrary.org/obo/DOID_0112131,neutropenia congénita grave 2,neutropenia congénita grave 2,exact
,,,exact,5,http://purl.obolibrary.org/obo/DOID_0112132,severe congenital neutropenia 5,severe congenital neutropenia 5,1,1,1,1,1,exact,http://purl.obolibrary.org/obo/DOID_0112132,neutropenia congénita grave 5,neutropenia congénita grave 5,exact
,,,exact,5,http://purl.obolibrary.org/obo/DOID_0112133,severe congenital neutropenia 3,severe congenital neutropenia 3,1,1,1,1,1,exact,http://purl.obolibrary.org/obo/DOID_0112133,neutropenia congénita grave 3,neutropenia congénita grave 3,exact
,,,exact,5,http://purl.obolibrary.org/obo/DOID_0112134,severe congenital neutropenia 6,severe congenital neutropenia 6,1,1,1,1,1,exact,http://purl.obolibrary.org/obo/DOID_0112134,neutropenia congénita grave 6,neutropenia congénita grave 6,exact
,,,exact,5,http://purl.obolibrary.org/obo/DOID_0112135,severe congenital neutropenia 8,severe congenital neutropenia 8,1,1,1,1,1,exact,http://purl.obolibrary.org/obo/DOID_0112135,neutropenia congénita grave 8,neutropenia congénita grave 8,exact
,,,exact,5,http://purl.obolibrary.org/obo/DOID_0112136,severe congenital neutropenia 4,severe congenital neutropenia 4,1,1,1,1,1,exact,http://purl.obolibrary.org/obo/DOID_0112136,neutropenia congénita grave 4,neutropenia congénita grave 4,exact
,,,exact,5,http://purl.obolibrary.org/obo/DOID_0112183,familial thyroid dyshormonogenesis,familial thyroid dyshormonogenesis,1,1,1,1,1,exact,http://purl.obolibrary.org/obo/DOID_0112183,dishormonogénesis tiroidea familiar,Dishormonogénesis tiroidea familiar,exact
,,,exact,5,http://purl.obolibrary.org/obo/DOID_0112184,thyroid dyshormonogenesis 5,thyroid dyshormonogenesis 5,1,1,1,1,1,exact,http://purl.obolibrary.org/obo/DOID_0112184,dishormonogénesis tiroidea 5,Dishormonogénesis tiroidea 5,exact
,,,exact,5,http://purl.obolibrary.org/obo/DOID_0112185,thyroid dyshormonogenesis 1,thyroid dyshormonogenesis 1,1,1,1,1,1,exact,http://purl.obolibrary.org/obo/DOID_0112185,dishormonogénesis tiroidea 1,Dishormonogénesis tiroidea 1,exact
,,,exact,5,http://purl.obolibrary.org/obo/DOID_0112186,thyroid dyshormonogenesis 2A,thyroid dyshormonogenesis 2A,1,1,1,1,1,exact,http://purl.obolibrary.org/obo/DOID_0112186,dishormonogénesis tiroidea 2A,Dishormonogénesis tiroidea 2A,exact
,,,exact,5,http://purl.obolibrary.org/obo/DOID_0112187,thyroid dyshormonogenesis 3,thyroid dyshormonogenesis 3,1,1,1,1,1,exact,http://purl.obolibrary.org/obo/DOID_0112187,dishormonogénesis tiroidea 3,Dishormonogénesis tiroidea 3,exact
,,,exact,5,http://purl.obolibrary.org/obo/DOID_0112188,thyroid dyshormonogenesis 4,thyroid dyshormonogenesis 4,1,1,1,1,1,exact,http://purl.obolibrary.org/obo/DOID_0112188,dishormonogénesis tiroidea 4,Dishormonogénesis tiroidea 4,exact
,,,exact,5,http://purl.obolibrary.org/obo/DOID_0112189,thyroid dyshormonogenesis 6,thyroid dyshormonogenesis 6,1,1,1,1,1,exact,http://purl.obolibrary.org/obo/DOID_0112189,dishormonogénesis tiroidea 6,Dishormonogénesis tiroidea 6,exact
,,,exact,5,http://purl.obolibrary.org/obo/DOID_0112213,multiple congenital anomalies-hypotonia-seizures syndrome 4,multiple congenital anomalies-hypotonia-seizures syndrome 4,1,1,1,1,1,exact,http://purl.obolibrary.org/obo/DOID_0112213,síndrome de anomalías congénitas múltiples-hipotonía-convulsiones 4,síndrome de anomalías congénitas múltiples-hipotonía-convulsiones 4,exact
wrong translation,TCG,error,,1,http://purl.obolibrary.org/obo/DOID_0112227,tubulinopathy,tubulopathy,0.8461538461538461,0.8461538461538461,0.9166666666666666,0.939336437,0.8181818181818182,,http://purl.obolibrary.org/obo/DOID_0112227,tubulopatía,tubulinapatía,
,,,exact,5,http://purl.obolibrary.org/obo/DOID_0112228,lissencephaly 9 with complex brainstem malformation,lissencephaly 9 with complex brainstem malformation,1,1,1,1,1,exact,http://purl.obolibrary.org/obo/DOID_0112228,lisencefalia 9 con malformación compleja del tronco encefálico,lisencefalia 9 con malformación compleja del tronco del encéfalo,
,,,exact,5,http://purl.obolibrary.org/obo/DOID_0112229,lissencephaly 10,lissencephaly 10,1,1,1,1,1,exact,http://purl.obolibrary.org/obo/DOID_0112229,lisencefalia 10,lisencefalia 10,exact
,,,exact,5,http://purl.obolibrary.org/obo/DOID_0112230,lissencephaly 5,lissencephaly 5,1,1,1,1,1,exact,http://purl.obolibrary.org/obo/DOID_0112230,lisencefalia 5,lisencefalia 5,exact
,,,exact,5,http://purl.obolibrary.org/obo/DOID_0112231,lissencephaly 7 with cerebellar hypoplasia,lissencephaly 7 with cerebellar hypoplasia,1,1,1,1,1,exact,http://purl.obolibrary.org/obo/DOID_0112231,lisencefalia 7 con hipoplasia cerebelosa,lisencefalia 7 con hipoplasia cerebelosa,exact
,,,exact,5,http://purl.obolibrary.org/obo/DOID_0112232,lissencephaly 3,lissencephaly 3,1,1,1,1,1,exact,http://purl.obolibrary.org/obo/DOID_0112232,lisencefalia 3,lisencefalia 3,exact
,,,exact,5,http://purl.obolibrary.org/obo/DOID_0112233,lissencephaly 8,lissencephaly 8,1,1,1,1,1,exact,http://purl.obolibrary.org/obo/DOID_0112233,lisencefalia 8,lisencefalia 8,exact
,,,exact,5,http://purl.obolibrary.org/obo/DOID_0112234,microlissencephaly,microlissencephaly,1,1,1,1,1,exact,http://purl.obolibrary.org/obo/DOID_0112234,microlisencefalia,microlisencefalia,exact
,,,exact,5,http://purl.obolibrary.org/obo/DOID_0112235,lissencephaly 4,lissencephaly 4,1,1,1,1,1,exact,http://purl.obolibrary.org/obo/DOID_0112235,lisencefalia 4,lisencefalia 4,exact
,,,exact,5,http://purl.obolibrary.org/obo/DOID_0112236,lissencephaly 6,lissencephaly 6,1,1,1,1,1,exact,http://purl.obolibrary.org/obo/DOID_0112236,lisencefalia 6,lisencefalia 6,exact
,,,exact,5,http://purl.obolibrary.org/obo/DOID_0112237,lissencephaly 1,lissencephaly 1,1,1,1,1,1,exact,http://purl.obolibrary.org/obo/DOID_0112237,lisencefalia 1,lisencefalia 1,exact
,,,exact,5,http://purl.obolibrary.org/obo/DOID_0112238,X-linked lissencephaly 2,X-linked lissencephaly 2,1,1,1,1,1,exact,http://purl.obolibrary.org/obo/DOID_0112238,lisencefalia 2 ligada al cromosoma X,Lisencefalia ligada al cromosoma X 2,
,,,exact,5,http://purl.obolibrary.org/obo/DOID_0112239,X-linked lissencephaly 1,X-linked lissencephaly 1,1,1,1,1,1,exact,http://purl.obolibrary.org/obo/DOID_0112239,Lisencefalia 1 ligada al cromosoma X,Lisencefalia ligada al cromosoma X 1,
,,order,,2,http://purl.obolibrary.org/obo/DOID_0112321,"alacrima, achalasia, and impaired intellectual development syndrome","alacrimia syndrome, achalasia and intellectual developmental delay",0.582089552,0.582089552,0.9323308270676692,0.9850573407273996,1,,http://purl.obolibrary.org/obo/DOID_0112321,"síndrome de alacrimia, acalasia y retraso del desarrollo intelectual","Alacrima, acalasia y síndrome de deterioro del desarrollo intelectual.",
,,,exact,5,http://purl.obolibrary.org/obo/DOID_0112376,muscular dystrophy-dystroglycanopathy type B15,muscular dystrophy-dystroglycanopathy type B15,1,1,1,1,1,exact,http://purl.obolibrary.org/obo/DOID_0112376,distrofia muscular-distroglicanopatía tipo B15,distrofia muscular-distroglicanopatía tipo B15,exact
,,,exact,5,http://purl.obolibrary.org/obo/DOID_0112377,muscular dystrophy-dystroglycanopathy type B14,muscular dystrophy-dystroglycanopathy type B14,1,1,1,1,1,exact,http://purl.obolibrary.org/obo/DOID_0112377,distrofia muscular-distroglicanopatía tipo B14,distrofia muscular-distroglicanopatía tipo B14,exact
,,,exact,5,http://purl.obolibrary.org/obo/DOID_0112378,muscular dystrophy-dystroglycanopathy type B3,muscular dystrophy-dystroglycanopathy type B3,1,1,1,1,1,exact,http://purl.obolibrary.org/obo/DOID_0112378,distrofia muscular-distroglicanopatía tipo B3,distrofia muscular-distroglicanopatía tipo B3,exact
,,,exact,5,http://purl.obolibrary.org/obo/DOID_0112379,muscular dystrophy-dystroglycanopathy type B4,muscular dystrophy-dystroglycanopathy type B4,1,1,1,1,1,exact,http://purl.obolibrary.org/obo/DOID_0112379,distrofia muscular-distroglicanopatía tipo B4,distrofia muscular-distroglicanopatía tipo B4,exact
,,,exact,5,http://purl.obolibrary.org/obo/DOID_0112380,muscular dystrophy-dystroglycanopathy type B2,muscular dystrophy-dystroglycanopathy type B2,1,1,1,1,1,exact,http://purl.obolibrary.org/obo/DOID_0112380,distrofia muscular-distroglicanopatía tipo B2,distrofia muscular-distroglicanopatía tipo B2,exact
,,,exact,5,http://purl.obolibrary.org/obo/DOID_0112381,muscular dystrophy-dystroglycanopathy type C12,muscular dystrophy-dystroglycanopathy type C12,1,1,1,1,1,exact,http://purl.obolibrary.org/obo/DOID_0112381,distrofia muscular-distroglicanopatía tipo C12,distrofia muscular-distroglicanopatía tipo C12,exact
,,,exact,5,http://purl.obolibrary.org/obo/DOID_0112382,muscular dystrophy-dystroglycanopathy type C8,muscular dystrophy-dystroglycanopathy type C8,1,1,1,1,1,exact,http://purl.obolibrary.org/obo/DOID_0112382,distrofia muscular-distroglicanopatía tipo C8,distrofia muscular-distroglicanopatía tipo C8,exact
,,,exact,5,http://purl.obolibrary.org/obo/DOID_10039,late congenital syphilis,late congenital syphilis,1,1,1,1,1,exact,http://purl.obolibrary.org/obo/DOID_10039,sífilis congénita tardía,sífilis congénita tardía,exact
,,,exact,5,http://purl.obolibrary.org/obo/DOID_10348,blepharophimosis,blepharophimosis,1,1,1,1,1,exact,http://purl.obolibrary.org/obo/DOID_10348,blefarofimosis,blefarofimosis,exact
,,,exact,5,http://purl.obolibrary.org/obo/DOID_10488,imperforate anus,imperforate anus,1,1,1,1,1,exact,http://purl.obolibrary.org/obo/DOID_10488,ano imperforado,ano imperforado,exact
,,,exact,5,http://purl.obolibrary.org/obo/DOID_10783,methemoglobinemia,methemoglobinemia,1,1,1,1,1,exact,http://purl.obolibrary.org/obo/DOID_10783,metahemoglobinemia,metahemoglobinemia,exact
,,,exact,5,http://purl.obolibrary.org/obo/DOID_2860,hemoglobinopathy,hemoglobinopathy,1,1,1,1,1,exact,http://purl.obolibrary.org/obo/DOID_2860,hemoglobinopatía,hemoglobinopatía,exact
,,,exact,5,http://purl.obolibrary.org/obo/DOID_1088,meningocele,meningocele,1,1,1,1,1,exact,http://purl.obolibrary.org/obo/DOID_1088,meningocele,meningocele,exact
,,,exact,5,http://purl.obolibrary.org/obo/DOID_10892,hypospadias,hypospadias,1,1,1,1,1,exact,http://purl.obolibrary.org/obo/DOID_10892,hipospadias,hipospadias,exact
,,,exact,5,http://purl.obolibrary.org/obo/DOID_11044,gastroschisis,gastroschisis,1,1,1,1,1,exact,http://purl.obolibrary.org/obo/DOID_11044,gastrosquisis,gastrosquisis,exact
,,,exact,5,http://purl.obolibrary.org/obo/DOID_11211,buphthalmos,buphthalmos,1,1,1,1,1,exact,http://purl.obolibrary.org/obo/DOID_11211,buftalmos,buftalmos,exact
"words may be interchangeable, but both exist, so why switch it?",TCG,meaning,,3,http://purl.obolibrary.org/obo/DOID_11212,hydrophthalmos,hydrophthalmia,0.8571428571428572,0.8571428571428572,0.8571428571428572,0.9090909090909092,0.8333333333333334,,http://purl.obolibrary.org/obo/DOID_11212,hidroftalmía,hidroftalmos,
,,,exact,5,http://purl.obolibrary.org/obo/DOID_11367,congenital aphakia,congenital aphakia,1,1,1,1,1,exact,http://purl.obolibrary.org/obo/DOID_11367,afaquia congénita,afaquia congénita,exact
,,,exact,5,http://purl.obolibrary.org/obo/DOID_1148,polydactyly,polydactyly,1,1,1,1,1,exact,http://purl.obolibrary.org/obo/DOID_1148,polidactilia,polidactilia,exact
,,,exact,5,http://purl.obolibrary.org/obo/DOID_12961,Poland syndrome,Poland syndrome,1,1,1,1,1,exact,http://purl.obolibrary.org/obo/DOID_12961,síndrome de Poland,síndrome de polonia,
,,,exact,5,http://purl.obolibrary.org/obo/DOID_13336,congenital toxoplasmosis,congenital toxoplasmosis,1,1,1,1,1,exact,http://purl.obolibrary.org/obo/DOID_13336,toxoplasmosis congénita,toxoplasmosis congénita,exact
,,,exact,5,http://purl.obolibrary.org/obo/DOID_1342,congenital hypoplastic anemia,congenital hypoplastic anemia,1,1,1,1,1,exact,http://purl.obolibrary.org/obo/DOID_1342,anemia hipoplásica congénita,anemia hipoplásica congénita,exact
,,,exact,5,http://purl.obolibrary.org/obo/DOID_13620,patent foramen ovale,patent foramen ovale,1,1,1,1,1,exact,http://purl.obolibrary.org/obo/DOID_13620,foramen oval patente,agujero oval permeable,
,,,exact,5,http://purl.obolibrary.org/obo/DOID_14177,congenital hypogammaglobulinemia,congenital hypogammaglobulinemia,1,1,1,1,1,exact,http://purl.obolibrary.org/obo/DOID_14177,hipogammaglobulinemia congénita,hipogammaglobulinemia congénita,exact
,,,exact,5,http://purl.obolibrary.org/obo/DOID_14681,Silver-Russell syndrome,Silver-Russell syndrome,1,1,1,1,1,exact,http://purl.obolibrary.org/obo/DOID_14681,síndrome de Silver-Russell,Síndrome de Silver-Russell,exact
,,,exact,5,http://purl.obolibrary.org/obo/DOID_422,congenital structural myopathy,congenital structural myopathy,1,1,1,1,1,exact,http://purl.obolibrary.org/obo/DOID_422,miopatía estructural congénita,miopatía estructural congénita,exact
,,,exact,5,http://purl.obolibrary.org/obo/DOID_14725,autosomal dominant microcephaly,autosomal dominant microcephaly,1,1,1,1,1,exact,http://purl.obolibrary.org/obo/DOID_14725,microcefalia autosómica dominante,microcefalia autosómica dominante,exact
,,,exact,5,http://purl.obolibrary.org/obo/DOID_1657,ventricular septal defect,ventricular septal defect,1,1,1,1,1,exact,http://purl.obolibrary.org/obo/DOID_1657,comunicación interventricular,comunicación interventricular,exact
,,tense,,5,http://purl.obolibrary.org/obo/DOID_1998,Lutembacher's syndrome,Lutembacher syndrome,0.9090909090909092,0.9090909090909092,0.9523809523809524,0.9706476511819816,0.9411764705882352,,http://purl.obolibrary.org/obo/DOID_1998,síndrome de Lutembacher,síndrome de lutembacher,exact
,,,exact,5,http://purl.obolibrary.org/obo/DOID_2236,congenital afibrinogenemia,congenital afibrinogenemia,1,1,1,1,1,exact,http://purl.obolibrary.org/obo/DOID_2236,afibrinogenemia congénita,afibrinogenemia congénita,exact
,,,exact,5,http://purl.obolibrary.org/obo/DOID_2859,hemoglobin C disease,hemoglobin C disease,1,1,1,1,1,exact,http://purl.obolibrary.org/obo/DOID_2859,enfermedad de la hemoglobina C,enfermedad de la hemoglobina C,exact
,,,exact,5,http://purl.obolibrary.org/obo/DOID_3827,congenital diaphragmatic hernia,congenital diaphragmatic hernia,1,1,1,1,1,exact,http://purl.obolibrary.org/obo/DOID_3827,hernia diafragmática congénita,hernia diafragmática congénita,exact
,,,exact,5,http://purl.obolibrary.org/obo/DOID_4297,scimitar syndrome,scimitar syndrome,1,1,1,1,1,exact,http://purl.obolibrary.org/obo/DOID_4297,síndrome de la cimitarra,síndrome de cimitarra,
,,,exact,5,http://purl.obolibrary.org/obo/DOID_4626,hydranencephaly,hydranencephaly,1,1,1,1,1,exact,http://purl.obolibrary.org/obo/DOID_4626,hidranencefalia,hidranencefalia,exact
,,,exact,5,http://purl.obolibrary.org/obo/DOID_4773,congenital mesoblastic nephroma,congenital mesoblastic nephroma,1,1,1,1,1,exact,http://purl.obolibrary.org/obo/DOID_4773,nefroma mesoblástico congénito,nefroma mesoblástico congénito,exact
,,,exact,5,http://purl.obolibrary.org/obo/DOID_5378,hemoglobin D disease,hemoglobin D disease,1,1,1,1,1,exact,http://purl.obolibrary.org/obo/DOID_5378,enfermedad de la hemoglobina D,enfermedad de la hemoglobina D,exact
,,,exact,5,http://purl.obolibrary.org/obo/DOID_5379,hemoglobin E disease,hemoglobin E disease,1,1,1,1,1,exact,http://purl.obolibrary.org/obo/DOID_5379,enfermedad de la hemoglobina E,enfermedad de la hemoglobina E,exact
,,,exact,5,http://purl.obolibrary.org/obo/DOID_6406,double outlet right ventricle,double outlet right ventricle,1,1,1,1,1,exact,http://purl.obolibrary.org/obo/DOID_6406,ventrículo derecho de doble salida,ventrículo derecho de doble salida,exact
,,,exact,5,http://purl.obolibrary.org/obo/DOID_6419,tetralogy of Fallot,tetralogy of Fallot,1,1,1,1,1,exact,http://purl.obolibrary.org/obo/DOID_6419,tetralogía de Fallot,tetralogía de Fallot,exact
,,,exact,5,http://purl.obolibrary.org/obo/DOID_7280,congenital epulis,congenital epulis,1,1,1,1,1,exact,http://purl.obolibrary.org/obo/DOID_7280,epulis congénito,épulis congénito,
,,,exact,5,http://purl.obolibrary.org/obo/DOID_758,situs inversus,situs inversus,1,1,1,1,1,exact,http://purl.obolibrary.org/obo/DOID_758,situs inversus,situación invertida,
,,order,,5,http://purl.obolibrary.org/obo/DOID_8082,cellular congenital mesoblastic nephroma,Congenital cellular mesoblastic nephroma,0.575,0.575,0.975,0.9915266944696804,0.9444444444444444,,http://purl.obolibrary.org/obo/DOID_8082,nefroma mesoblástico congénito celular,nefroma mesoblástico congénito celular,exact
,,,exact,5,http://purl.obolibrary.org/obo/DOID_8083,classic congenital mesoblastic nephroma,classic congenital mesoblastic nephroma,1,1,1,1,1,exact,http://purl.obolibrary.org/obo/DOID_8083,nefroma mesoblástico congénito clásico,Nefroma mesoblástico congénito clásico,exact
,,,exact,5,http://purl.obolibrary.org/obo/DOID_8303,congenital granular cell tumor,congenital granular cell tumor,1,1,1,1,1,exact,http://purl.obolibrary.org/obo/DOID_8303,tumor congénito de células granulares,tumor congénito de células granulares,exact
,,,exact,5,http://purl.obolibrary.org/obo/DOID_8418,congenital fibrosarcoma,congenital fibrosarcoma,1,1,1,1,1,exact,http://purl.obolibrary.org/obo/DOID_8418,fibrosarcoma congénito,fibrosarcoma congénito,exact
considered an offensive term: https://www.ncbi.nlm.nih.gov/pmc/articles/PMC8788188/,TCG,offensive,,1,http://purl.obolibrary.org/obo/DOID_9296,cleft lip,harelip,0.33333333333333337,0.33333333333333337,0.5,0.5698028822981898,0.3636363636363637,,http://purl.obolibrary.org/obo/DOID_9296,labio leporino,labio hendido,
,,,exact,5,http://purl.obolibrary.org/obo/DOID_9487,Meckel's diverticulum,Meckel's diverticulum,1,1,1,1,1,exact,http://purl.obolibrary.org/obo/DOID_9487,divertículo de Meckel,divertículo de meckel,exact
,,,exact,5,http://purl.obolibrary.org/obo/DOID_9565,dextrocardia,dextrocardia,1,1,1,1,1,exact,http://purl.obolibrary.org/obo/DOID_9565,dextrocardia,dextrocardia,exact
,,order,,5,http://purl.obolibrary.org/obo/DOID_9621,non-congenital cyst of kidney,non-congenital kidney cyst,0.5517241379310345,0.5517241379310345,0.9454545454545454,0.9805622608574328,0.9375,,http://purl.obolibrary.org/obo/DOID_9621,quiste no congénito de riñón,quiste no congénito de riñón,exact
,,,exact,5,http://purl.obolibrary.org/obo/DOID_9827,radioulnar synostosis,radioulnar synostosis,1,1,1,1,1,exact,http://purl.obolibrary.org/obo/DOID_9827,sinostosis radiocubital,sinostosis radiocubital,exact
,,,exact,5,http://purl.obolibrary.org/obo/DOID_990,congenital heart block,congenital heart block,1,1,1,1,1,exact,http://purl.obolibrary.org/obo/DOID_990,bloqueo cardiaco congénito,bloqueo cardíaco congénito,
,,,exact,5,http://purl.obolibrary.org/obo/DOID_9955,hypoplastic left heart syndrome,hypoplastic left heart syndrome,1,1,1,1,1,exact,http://purl.obolibrary.org/obo/DOID_9955,síndrome del corazón izquierdo hipoplásico,síndrome del corazón izquierdo hipoplásico,exact