ontology	type	source_id	predicate	source_text	translation_text	translator	translation_date	source_lang	translation_lang	status	synonym_type	source_version	translator_info	status_history
disdriv	definition	DISDRIV:0000000	IAO:0000115	Environmental or genetic mechanisms driving the occurrance of complex diseases.	Mecanismos ambientales o genéticos que impulsan la aparición de enfermedades complejas.	The Spanish Group LLC (https://thespanishgroup.org/)	2024-05-21	en	es	MANUALLY TRANSLATED	NA	http://purl.obolibrary.org/obo/doid/releases/2024-04-30/imports/disdriv_import.owl	Translator: Alexander Largaespada; Reviewer: Salvador G. Ordorica	NA
disdriv	definition	DISDRIV:0000001	IAO:0000115	A disease driver that is comprised of a shortage of a nutrient.	Un factor impulsor de enfermedad que esté relacionado con la escasez de un nutriente.	The Spanish Group LLC (https://thespanishgroup.org/)	2024-05-21	en	es	MANUALLY TRANSLATED	NA	http://purl.obolibrary.org/obo/doid/releases/2024-04-30/imports/disdriv_import.owl	Translator: Alexander Largaespada; Reviewer: Salvador G. Ordorica	NA
disdriv	definition	DISDRIV:0000002	IAO:0000115	A disease driver that is related to or concerning the interaction of social and economic factors.	Un factor desencadenante de la enfermedad que esté relacionado con o concierna a la interacción de factores sociales y económicos.	The Spanish Group LLC (https://thespanishgroup.org/)	2024-05-21	en	es	MANUALLY TRANSLATED	NA	http://purl.obolibrary.org/obo/doid/releases/2024-04-30/imports/disdriv_import.owl	Translator: Alexander Largaespada; Reviewer: Salvador G. Ordorica	NA
disdriv	definition	DISDRIV:0000003	IAO:0000115	A disease driver that is of biological origin.	Un impulsor de enfermedad que es de origen biológico.	The Spanish Group LLC (https://thespanishgroup.org/)	2024-05-21	en	es	MANUALLY TRANSLATED	NA	http://purl.obolibrary.org/obo/doid/releases/2024-04-30/imports/disdriv_import.owl	Translator: Alexander Largaespada; Reviewer: Salvador G. Ordorica	NA
disdriv	definition	DISDRIV:0000004	IAO:0000115	A nutrient deficiency of vitamin B7 (biotin) foods like eggs, milk, and bananas.	Una carencia de nutrientes de vitamina B7 (biotina) alimentos como los huevos, la leche y los plátanos.	The Spanish Group LLC (https://thespanishgroup.org/)	2024-05-21	en	es	MANUALLY TRANSLATED	NA	http://purl.obolibrary.org/obo/doid/releases/2024-04-30/imports/disdriv_import.owl	Translator: Alexander Largaespada; Reviewer: Salvador G. Ordorica	NA
disdriv	definition	DISDRIV:0000005	IAO:0000115	A nutrient deficiency.	Una carencia de nutrientes.	The Spanish Group LLC (https://thespanishgroup.org/)	2024-05-21	en	es	MANUALLY TRANSLATED	NA	http://purl.obolibrary.org/obo/doid/releases/2024-04-30/imports/disdriv_import.owl	Translator: Alexander Largaespada; Reviewer: Salvador G. Ordorica	NA
disdriv	definition	DISDRIV:0000006	IAO:0000115	A disease driver that is a chemical.	Un impulsor de la enfermedad que es una sustancia química.	The Spanish Group LLC (https://thespanishgroup.org/)	2024-05-21	en	es	MANUALLY TRANSLATED	NA	http://purl.obolibrary.org/obo/doid/releases/2024-04-30/imports/disdriv_import.owl	Translator: Alexander Largaespada; Reviewer: Salvador G. Ordorica	NA
disdriv	label	DISDRIV:0000000	rdfs:label	disease driver	impulsor de enfermedad	The Spanish Group LLC (https://thespanishgroup.org/)	2024-05-21	en	es	MANUALLY TRANSLATED	NA	http://purl.obolibrary.org/obo/doid/releases/2024-04-30/imports/disdriv_import.owl	Translator: Alexander Largaespada; Reviewer: Salvador G. Ordorica	NA
disdriv	label	DISDRIV:0000001	rdfs:label	nutrient deficiency	deficiencia de nutrientes	The Spanish Group LLC (https://thespanishgroup.org/)	2024-05-21	en	es	MANUALLY TRANSLATED	NA	http://purl.obolibrary.org/obo/doid/releases/2024-04-30/imports/disdriv_import.owl	Translator: Alexander Largaespada; Reviewer: Salvador G. Ordorica	NA
disdriv	label	DISDRIV:0000002	rdfs:label	socioeconomic driver	factor socioeconómico	The Spanish Group LLC (https://thespanishgroup.org/)	2024-05-21	en	es	MANUALLY TRANSLATED	NA	http://purl.obolibrary.org/obo/doid/releases/2024-04-30/imports/disdriv_import.owl	Translator: Alexander Largaespada; Reviewer: Salvador G. Ordorica	NA
disdriv	label	DISDRIV:0000003	rdfs:label	biological driver	impulsor biológico	The Spanish Group LLC (https://thespanishgroup.org/)	2024-05-21	en	es	MANUALLY TRANSLATED	NA	http://purl.obolibrary.org/obo/doid/releases/2024-04-30/imports/disdriv_import.owl	Translator: Alexander Largaespada; Reviewer: Salvador G. Ordorica	NA
disdriv	label	DISDRIV:0000004	rdfs:label	deficiency of biotin	deficiencia de biotina	The Spanish Group LLC (https://thespanishgroup.org/)	2024-05-21	en	es	MANUALLY TRANSLATED	NA	http://purl.obolibrary.org/obo/doid/releases/2024-04-30/imports/disdriv_import.owl	Translator: Alexander Largaespada; Reviewer: Salvador G. Ordorica	NA
disdriv	label	DISDRIV:0000005	rdfs:label	deficiency of choline	deficiencia de colina	The Spanish Group LLC (https://thespanishgroup.org/)	2024-05-21	en	es	MANUALLY TRANSLATED	NA	http://purl.obolibrary.org/obo/doid/releases/2024-04-30/imports/disdriv_import.owl	Translator: Alexander Largaespada; Reviewer: Salvador G. Ordorica	NA
disdriv	label	DISDRIV:0000006	rdfs:label	chemical driver	factor químico	The Spanish Group LLC (https://thespanishgroup.org/)	2024-05-21	en	es	MANUALLY TRANSLATED	NA	http://purl.obolibrary.org/obo/doid/releases/2024-04-30/imports/disdriv_import.owl	Translator: Alexander Largaespada; Reviewer: Salvador G. Ordorica	NA
disdriv	label	DISDRIV:0000007	rdfs:label	deficiency of vitamin C	deficiencia de vitamina C	The Spanish Group LLC (https://thespanishgroup.org/)	2024-05-21	en	es	MANUALLY TRANSLATED	NA	http://purl.obolibrary.org/obo/doid/releases/2024-04-30/imports/disdriv_import.owl	Translator: Alexander Largaespada; Reviewer: Salvador G. Ordorica	NA
symp	definition	SYMP:0000000	IAO:0000115	Cellulitis is a musculoskeletal system symptom characterized as a diffuse and especially subcutaneous inflammation of connective tissue.	La celulitis es un síntoma del sistema musculoesquelético que se caracteriza por una inflamación difusa y especialmente subcutánea del tejido conjuntivo.	The Spanish Group LLC (https://thespanishgroup.org/)	2024-05-21	en	es	MANUALLY TRANSLATED	NA	http://purl.obolibrary.org/obo/symp/releases/2022-11-30/symp.owl	Translator: Alexander Largaespada; Reviewer: Salvador G. Ordorica	NA
symp	definition	SYMP:0000005	IAO:0000115	A neurological and physiological symptom that is characterized by an inability to coordinate voluntary muscular movements that is symptomatic of some nervous disorders.	Un síntoma neurológico y fisiológico que se caracteriza por una incapacidad para coordinar los movimientos musculares voluntarios y que es sintomático de algunos trastornos nerviosos.	The Spanish Group LLC (https://thespanishgroup.org/)	2024-05-21	en	es	MANUALLY TRANSLATED	NA	http://purl.obolibrary.org/obo/symp/releases/2022-11-30/symp.owl	Translator: Alexander Largaespada; Reviewer: Salvador G. Ordorica	NA
symp	definition	SYMP:0000006	IAO:0000115	A pain that is characterized by occurring in the lower back.	Un dolor que se caracteriza por producirse en la zona lumbar.	The Spanish Group LLC (https://thespanishgroup.org/)	2024-05-21	en	es	MANUALLY TRANSLATED	NA	http://purl.obolibrary.org/obo/symp/releases/2022-11-30/symp.owl	Translator: Alexander Largaespada; Reviewer: Salvador G. Ordorica	NA
symp	definition	SYMP:0000007	IAO:0000115	A general symptom that is characterized as an act, instance, or result of being bled or the process by which something is bled: as a the escape of blood from vessels.	Un síntoma general que se caracteriza por ser un acto, instancia o resultado de ser sangrado o el proceso por el que algo es sangrado: como el escape de sangre de los vasos.	The Spanish Group LLC (https://thespanishgroup.org/)	2024-05-21	en	es	MANUALLY TRANSLATED	NA	http://purl.obolibrary.org/obo/symp/releases/2022-11-30/symp.owl	Translator: Alexander Largaespada; Reviewer: Salvador G. Ordorica	NA
symp	definition	SYMP:0000009	IAO:0000115	A skin and integumentary tissue symptom that is characterized by a fluid-filled elevation of the epidermis.	Un síntoma de la piel y los tejidos tegumentarios que se caracteriza por una elevación de la epidermis llena de líquido.	The Spanish Group LLC (https://thespanishgroup.org/)	2024-05-21	en	es	MANUALLY TRANSLATED	NA	http://purl.obolibrary.org/obo/symp/releases/2022-11-30/symp.owl	Translator: Alexander Largaespada; Reviewer: Salvador G. Ordorica	NA
symp	definition	SYMP:0000012	IAO:0000115	A vision symptom that is characterized by a decreased clarity or sharpness in vision, which can be caused by eye conditions myopia or hyperopia.	Un síntoma de la visión que se caracteriza por una disminución de la claridad o nitidez en la visión, que puede estar causada por afecciones oculares como la miopía o la hipermetropía.	The Spanish Group LLC (https://thespanishgroup.org/)	2024-05-21	en	es	MANUALLY TRANSLATED	NA	http://purl.obolibrary.org/obo/symp/releases/2022-11-30/symp.owl	Translator: Alexander Largaespada; Reviewer: Salvador G. Ordorica	NA
symp	definition	SYMP:0000016	IAO:0000115	A balance symptom that is characterized by a disturbance of consciousness characterized by inability to engage in orderly thought or by lack of power to distinguish, choose, or act decisively.	Un síntoma de equilibrio que se caracteriza por una alteración de la consciencia caracterizada por la incapacidad para dedicarse a pensamientos ordenados o por la falta de poder para distinguir, elegir o actuar con decisión.	The Spanish Group LLC (https://thespanishgroup.org/)	2024-05-21	en	es	MANUALLY TRANSLATED	NA	http://purl.obolibrary.org/obo/symp/releases/2022-11-30/symp.owl	Translator: Alexander Largaespada; Reviewer: Salvador G. Ordorica	NA
symp	definition	SYMP:0000020	IAO:0000115	A nutrition, metabolism, and development symptom that is characterized by an abnormal depletion of body fluids.	Un síntoma de nutrición, metabolismo y desarrollo que se caracteriza por una depleción anormal de los fluidos corporales.	The Spanish Group LLC (https://thespanishgroup.org/)	2024-05-21	en	es	MANUALLY TRANSLATED	NA	http://purl.obolibrary.org/obo/symp/releases/2022-11-30/symp.owl	Translator: Alexander Largaespada; Reviewer: Salvador G. Ordorica	NA
symp	definition	SYMP:0000021	IAO:0000115	A neurological and physiological symptom that is characterized by a mental disturbance characterized by confusion, disordered speech, and hallucinations.	Un síntoma neurológico y fisiológico que se caracteriza por una alteración mental caracterizada por confusión, trastornos del habla y alucinaciones.	The Spanish Group LLC (https://thespanishgroup.org/)	2024-05-21	en	es	MANUALLY TRANSLATED	NA	http://purl.obolibrary.org/obo/symp/releases/2022-11-30/symp.owl	Translator: Alexander Largaespada; Reviewer: Salvador G. Ordorica	NA
symp	definition	SYMP:0000022	IAO:0000115	A neurological and physiological symptom that is characterized by a chronic feeling of emptiness, sadness, or inability to feel pleasure that may appear to happen for no clear reason.  Additionally one may experience feelings of hopelessness, pessimism, irritability, frustration, or restlessness, guilt, worthlessness and thoughts of death or suicide.	Síntoma neurológico y fisiológico que se caracteriza por una sensación crónica de vacío, tristeza o incapacidad para sentir placer que puede parecer que ocurre sin una razón clara.  Además se pueden experimentar sentimientos de desesperanza, pesimismo, irritabilidad, frustración o inquietud, culpa, inutilidad y pensamientos de muerte o suicidio.	The Spanish Group LLC (https://thespanishgroup.org/)	2024-05-21	en	es	MANUALLY TRANSLATED	NA	http://purl.obolibrary.org/obo/symp/releases/2022-11-30/symp.owl	Translator: Alexander Largaespada; Reviewer: Salvador G. Ordorica	NA
symp	definition	SYMP:0000023	IAO:0000115	A confusion that is characterized by an usually transient state of confusion especially as to time, place, or identity; often as a result of disease or drugs.	Una confusión que se caracteriza por un estado de confusión habitualmente transitorio, especialmente en cuanto al tiempo, el lugar o la identidad; a menudo como consecuencia de una enfermedad o de fármacos.	The Spanish Group LLC (https://thespanishgroup.org/)	2024-05-21	en	es	MANUALLY TRANSLATED	NA	http://purl.obolibrary.org/obo/symp/releases/2022-11-30/symp.owl	Translator: Alexander Largaespada; Reviewer: Salvador G. Ordorica	NA
symp	definition	SYMP:0000024	IAO:0000115	A neurological and physiological symptom that is characterized by a feeling of being more sleepy than normal during the day. People who are drowsy may fall asleep in when they do not want to or at times which can lead to safety concerns.	Síntoma neurológico y fisiológico que se caracteriza por una sensación de estar más somnoliento de lo normal durante el día. Las personas somnolientas pueden quedarse dormidas cuando no lo desean o en momentos que pueden dar lugar a problemas de seguridad.	The Spanish Group LLC (https://thespanishgroup.org/)	2024-05-21	en	es	MANUALLY TRANSLATED	NA	http://purl.obolibrary.org/obo/symp/releases/2022-11-30/symp.owl	Translator: Alexander Largaespada; Reviewer: Salvador G. Ordorica	NA
symp	definition	SYMP:0000025	IAO:0000115	A cough that is characterized by a lack of accompanied phlegm production.	Una tos que se caracteriza por la falta de producción de flema acompañada.	The Spanish Group LLC (https://thespanishgroup.org/)	2024-05-21	en	es	MANUALLY TRANSLATED	NA	http://purl.obolibrary.org/obo/symp/releases/2022-11-30/symp.owl	Translator: Alexander Largaespada; Reviewer: Salvador G. Ordorica	NA
symp	definition	SYMP:0000030	IAO:0000115	A nervous system symptom that is characterized by a complete or partial loss of function especially when involving the power of motion or of sensation in any part of the body.	Un síntoma del sistema nervioso que se caracteriza por una pérdida total o parcial de la función especialmente cuando implica el poder de movimiento o de sensación en cualquier parte del cuerpo.	The Spanish Group LLC (https://thespanishgroup.org/)	2024-05-21	en	es	MANUALLY TRANSLATED	NA	http://purl.obolibrary.org/obo/symp/releases/2022-11-30/symp.owl	Translator: Alexander Largaespada; Reviewer: Salvador G. Ordorica	NA
symp	definition	SYMP:0000038	IAO:0000115	A respiratory system and chest symptom that is characterized by being short or breath or out of air (dyspnea), with inflammation of the small intestine (enteritis).	Síntoma del aparato respiratorio y del tórax que se caracteriza por la falta de aire o de respiración (disnea), con inflamación del intestino delgado (enteritis).	The Spanish Group LLC (https://thespanishgroup.org/)	2024-05-21	en	es	MANUALLY TRANSLATED	NA	http://purl.obolibrary.org/obo/symp/releases/2022-11-30/symp.owl	Translator: Alexander Largaespada; Reviewer: Salvador G. Ordorica	NA
symp	definition	SYMP:0000039	IAO:0000115	Enteritis is a digestive system symptom involving the inflammation of the small intestines and especially of the human ileum.	La enteritis es un síntoma del sistema digestivo que implica la inflamación del intestino delgado y, en especial, del íleon humano.	The Spanish Group LLC (https://thespanishgroup.org/)	2024-05-21	en	es	MANUALLY TRANSLATED	NA	http://purl.obolibrary.org/obo/symp/releases/2022-11-30/symp.owl	Translator: Alexander Largaespada; Reviewer: Salvador G. Ordorica	NA
symp	definition	SYMP:0000040	IAO:0000115	A urinary system symptom that is characterized by the presence of blood or blood cells in the urine.	Un síntoma del sistema urinario que se caracteriza por la presencia de sangre o células sanguíneas en la orina.	The Spanish Group LLC (https://thespanishgroup.org/)	2024-05-21	en	es	MANUALLY TRANSLATED	NA	http://purl.obolibrary.org/obo/symp/releases/2022-11-30/symp.owl	Translator: Alexander Largaespada; Reviewer: Salvador G. Ordorica	NA
symp	definition	SYMP:0000041	IAO:0000115	A cardiovascular system symptom that is characterized by an acute loss of blood from a damaged blood vessel.	Un síntoma del sistema cardiovascular que se caracteriza por una pérdida aguda de sangre de un vaso sanguíneo dañado.	The Spanish Group LLC (https://thespanishgroup.org/)	2024-05-21	en	es	MANUALLY TRANSLATED	NA	http://purl.obolibrary.org/obo/symp/releases/2022-11-30/symp.owl	Translator: Alexander Largaespada; Reviewer: Salvador G. Ordorica	NA
symp	definition	SYMP:0000056	IAO:0000115	A skin and integumentary tissue symptom that is characterized by an excess pigmentation in a bodily part or tissue, as the skin.	Síntoma cutáneo y de los tejidos tegumentarios que se caracteriza por un exceso de pigmentación en una parte del cuerpo o en un tejido, como la piel.	The Spanish Group LLC (https://thespanishgroup.org/)	2024-05-21	en	es	MANUALLY TRANSLATED	NA	http://purl.obolibrary.org/obo/symp/releases/2022-11-30/symp.owl	Translator: Alexander Largaespada; Reviewer: Salvador G. Ordorica	NA
symp	definition	SYMP:0000061	IAO:0000115	Inflammation is a general symptom where there is a local response to cellular injury that is marked by capillary dilatation, leukocytic infiltration, redness, heat, pain, swelling, and often loss of function and that serves as a mechanism initiating the elimination of noxious agents and of damaged tissue.	La inflamación es un síntoma general en el que se produce una respuesta local a una lesión celular que se caracteriza por la dilatación capilar, la infiltración leucocítica, el enrojecimiento, el calor, el dolor, la hinchazón y, a menudo, la pérdida de función y que sirve como mecanismo que inicia la eliminación de los agentes nocivos y del tejido dañado.	The Spanish Group LLC (https://thespanishgroup.org/)	2024-05-21	en	es	MANUALLY TRANSLATED	NA	http://purl.obolibrary.org/obo/symp/releases/2022-11-30/symp.owl	Translator: Alexander Largaespada; Reviewer: Salvador G. Ordorica	NA
symp	definition	SYMP:0000064	IAO:0000115	A pain that is characterized by a pain situated, or occurring, in or around a joint.	Un dolor que se caracteriza por estar situado, o producirse, en una articulación o alrededor de ella.	The Spanish Group LLC (https://thespanishgroup.org/)	2024-05-21	en	es	MANUALLY TRANSLATED	NA	http://purl.obolibrary.org/obo/symp/releases/2022-11-30/symp.owl	Translator: Alexander Largaespada; Reviewer: Salvador G. Ordorica	NA
symp	definition	SYMP:0000075	IAO:0000115	A fatigue that is characterized by abnormal drowsiness.	Una fatiga que se caracteriza por una somnolencia anormal.	The Spanish Group LLC (https://thespanishgroup.org/)	2024-05-21	en	es	MANUALLY TRANSLATED	NA	http://purl.obolibrary.org/obo/symp/releases/2022-11-30/symp.owl	Translator: Alexander Largaespada; Reviewer: Salvador G. Ordorica	NA
symp	definition	SYMP:0000079	IAO:0000115	A nervous system symptom that is characterized by the harmonious functioning of interrelated organs and body parts; in particular the working together of muscle groups in the execution of complicated movements.	Un síntoma del sistema nervioso que se caracteriza por el funcionamiento armonioso de órganos y partes del cuerpo interrelacionados; en particular, el trabajo conjunto de grupos musculares en la ejecución de movimientos complicados.	The Spanish Group LLC (https://thespanishgroup.org/)	2024-05-21	en	es	MANUALLY TRANSLATED	NA	http://purl.obolibrary.org/obo/symp/releases/2022-11-30/symp.owl	Translator: Alexander Largaespada; Reviewer: Salvador G. Ordorica	NA
symp	definition	SYMP:0000089	IAO:0000115	A nervous system symptom that is characterized by an inflammation of the brain and meninges.	Síntoma del sistema nervioso que se caracteriza por una inflamación del cerebro y las meninges.	The Spanish Group LLC (https://thespanishgroup.org/)	2024-05-21	en	es	MANUALLY TRANSLATED	NA	http://purl.obolibrary.org/obo/symp/releases/2022-11-30/symp.owl	Translator: Alexander Largaespada; Reviewer: Salvador G. Ordorica	NA
symp	definition	SYMP:0000090	IAO:0000115	A nervous system symptom that is characterized by inflammation of the brain tissue, which is typically caused by a viral infection, but it may also be caused by bacterial or parasitic infections, cancer, or certain drugs or toxins.	Un síntoma del sistema nervioso que se caracteriza por una inflamación del tejido cerebral, que suele estar causada por una infección vírica, pero también puede estar causada por infecciones bacterianas o parasitarias, cáncer o determinados fármacos o toxinas.	The Spanish Group LLC (https://thespanishgroup.org/)	2024-05-21	en	es	MANUALLY TRANSLATED	NA	http://purl.obolibrary.org/obo/symp/releases/2022-11-30/symp.owl	Translator: Alexander Largaespada; Reviewer: Salvador G. Ordorica	NA
symp	definition	SYMP:0000091	IAO:0000115	An encephalitis that is not intense (not severe).	Una encefalitis que no es intensa (no grave).	The Spanish Group LLC (https://thespanishgroup.org/)	2024-05-21	en	es	MANUALLY TRANSLATED	NA	http://purl.obolibrary.org/obo/symp/releases/2022-11-30/symp.owl	Translator: Alexander Largaespada; Reviewer: Salvador G. Ordorica	NA
symp	definition	SYMP:0000092	IAO:0000115	A skin and integumentary tissue symptom that is characterized by an abnormal change in structure of the skin that is especially circumscribed and well defined due to injury or disease.	Un síntoma cutáneo y del tejido tegumentario que se caracteriza por un cambio anormal en la estructura de la piel especialmente circunscrito y bien definido debido a una lesión o enfermedad.	The Spanish Group LLC (https://thespanishgroup.org/)	2024-05-21	en	es	MANUALLY TRANSLATED	NA	http://purl.obolibrary.org/obo/symp/releases/2022-11-30/symp.owl	Translator: Alexander Largaespada; Reviewer: Salvador G. Ordorica	NA
symp	definition	SYMP:0000098	IAO:0000115	A urinary system symptom that is characterized by the acute or chronic inflammation of the kidney affecting the structure (as of the glomerulus or parenchyma) and caused by infection, a degenerative process, or vascular disease.	Un síntoma del sistema urinario que se caracteriza por la inflamación aguda o crónica del riñón que afecta a la estructura (como del glomérulo o el parénquima) y está causada por una infección, un proceso degenerativo o una enfermedad vascular.	The Spanish Group LLC (https://thespanishgroup.org/)	2024-05-21	en	es	MANUALLY TRANSLATED	NA	http://purl.obolibrary.org/obo/symp/releases/2022-11-30/symp.owl	Translator: Alexander Largaespada; Reviewer: Salvador G. Ordorica	NA
symp	definition	SYMP:0000099	IAO:0000115	A sensation perception that is characterized by an unpleasant sensation that usually indicates the body is threatened or damaged. The sensation may be sharp or dull, short-lived or chronic, intermittent or continual, confined to one area or spread over the entire body.	Una percepción sensorial que se caracteriza por una sensación desagradable que suele indicar que el cuerpo está amenazado o dañado. La sensación puede ser aguda o sorda, de corta duración o crónica, intermitente o continua, confinada a una zona o extendida por todo el cuerpo.	The Spanish Group LLC (https://thespanishgroup.org/)	2024-05-21	en	es	MANUALLY TRANSLATED	NA	http://purl.obolibrary.org/obo/symp/releases/2022-11-30/symp.owl	Translator: Alexander Largaespada; Reviewer: Salvador G. Ordorica	NA
symp	definition	SYMP:0000102	IAO:0000115	A skin and integumentary tissue symptom that is characterized by an inflammation of the peritoneum.	Un síntoma de la piel y el tejido tegumentario que se caracteriza por una inflamación del peritoneo.	The Spanish Group LLC (https://thespanishgroup.org/)	2024-05-21	en	es	MANUALLY TRANSLATED	NA	http://purl.obolibrary.org/obo/symp/releases/2022-11-30/symp.owl	Translator: Alexander Largaespada; Reviewer: Salvador G. Ordorica	NA
symp	definition	SYMP:0000107	IAO:0000115	A skin and integumentary tissue symptom that is characterized by an exudation of fluid from the blood or lymph into a pleural cavity.	Es un síntoma de la piel y los tejidos tegumentarios que se caracteriza por una exudación de líquido de la sangre o la linfa en una cavidad pleural.	The Spanish Group LLC (https://thespanishgroup.org/)	2024-05-21	en	es	MANUALLY TRANSLATED	NA	http://purl.obolibrary.org/obo/symp/releases/2022-11-30/symp.owl	Translator: Alexander Largaespada; Reviewer: Salvador G. Ordorica	NA
symp	definition	SYMP:0000116	IAO:0000115	Prostration is a general symptom characterized by complete physical or mental exhaustion.	La postración es un síntoma general caracterizado por un completo agotamiento físico o mental.	The Spanish Group LLC (https://thespanishgroup.org/)	2024-05-21	en	es	MANUALLY TRANSLATED	NA	http://purl.obolibrary.org/obo/symp/releases/2022-11-30/symp.owl	Translator: Alexander Largaespada; Reviewer: Salvador G. Ordorica	NA
symp	definition	SYMP:0000118	IAO:0000115	An abnormal chest sound that is characterized by the clicking, rattling, or crackling noises heard on auscultation of (listening to) the lung with a stethoscope during inhalation. The sounds are caused by the 'popping open' of small airways and alveoli collapsed by fluid, exudate, or lack of aeration during expiration. The word 'rales' derives from the French word rale meaning 'rattle'. Rales can be heard in patients with pneumonia, atelectasis, pulmonary fibrosis, acute bronchitis, or bronchiectasis. Pulmonary edema secondary to left-sided congestive heart failure can also cause rales.	Sonido torácico anormal que se caracteriza por los chasquidos, traqueteos o crepitaciones que se oyen al auscultar (escuchar) el pulmón con un estetoscopio durante la inhalación. Los ruidos están causados por el 'estallido' de las pequeñas vías respiratorias y los alvéolos colapsados por líquido, exudado o falta de aireación durante la espiración. La palabra ""estertor"" deriva del término francés rale que significa ""traqueteo"". Los estertores pueden oírse en pacientes con neumonía, atelectasia, fibrosis pulmonar, bronquitis aguda o bronquiectasias. El edema pulmonar secundario a la insuficiencia cardiaca congestiva izquierda también puede causar estertores.	The Spanish Group LLC (https://thespanishgroup.org/)	2024-05-21	en	es	MANUALLY TRANSLATED	NA	http://purl.obolibrary.org/obo/symp/releases/2022-11-30/symp.owl	Translator: Alexander Largaespada; Reviewer: Salvador G. Ordorica	NA
symp	definition	SYMP:0000131	IAO:0000115	A joint pain that is characterized by a pain situated, or occurring, in or around a joint that is intense (severe).	Dolor articular que se caracteriza por un dolor intenso (intenso) situado en una articulación o alrededor de ella.	The Spanish Group LLC (https://thespanishgroup.org/)	2024-05-21	en	es	MANUALLY TRANSLATED	NA	http://purl.obolibrary.org/obo/symp/releases/2022-11-30/symp.owl	Translator: Alexander Largaespada; Reviewer: Salvador G. Ordorica	NA
symp	definition	SYMP:0000132	IAO:0000115	Necrosis is a general symptom where death of a portion of tissue differentially affected by local injury (as loss of blood supply, corrosion, burning, or the local lesion of a disease).	La necrosis es un síntoma general de muerte de una porción de tejido afectada diferencialmente por una lesión local (como la pérdida de riego sanguíneo, la corrosión, la quemadura o la lesión local de una enfermedad).	The Spanish Group LLC (https://thespanishgroup.org/)	2024-05-21	en	es	MANUALLY TRANSLATED	NA	http://purl.obolibrary.org/obo/symp/releases/2022-11-30/symp.owl	Translator: Alexander Largaespada; Reviewer: Salvador G. Ordorica	NA
symp	definition	SYMP:0000136	IAO:0000115	A skin lesion that is characterized by a break in skin with loss of surface tissue, disintegration and necrosis of epithelial tissue, and often pus.	Lesión cutánea que se caracteriza por una rotura de la piel con pérdida del tejido superficial, desintegración y necrosis del tejido epitelial y, a menudo, pus.	The Spanish Group LLC (https://thespanishgroup.org/)	2024-05-21	en	es	MANUALLY TRANSLATED	NA	http://purl.obolibrary.org/obo/symp/releases/2022-11-30/symp.owl	Translator: Alexander Largaespada; Reviewer: Salvador G. Ordorica	NA
symp	definition	SYMP:0000139	IAO:0000115	A respiratory system and chest symptom that is characterized by a sudden violent spasmodic audible expiration of breath through the nose and mouth especially as a reflex act following irritation of the nasal mucous membrane.	Síntoma del aparato respiratorio y del tórax que se caracteriza por una espiración repentina, violenta, espasmódica y audible a través de la nariz y la boca, especialmente como acto reflejo tras una irritación de la mucosa nasal.	The Spanish Group LLC (https://thespanishgroup.org/)	2024-05-21	en	es	MANUALLY TRANSLATED	NA	http://purl.obolibrary.org/obo/symp/releases/2022-11-30/symp.owl	Translator: Alexander Largaespada; Reviewer: Salvador G. Ordorica	NA
symp	definition	SYMP:0000141	IAO:0000115	A nervous system symptom that is characterized by an abnormal increase in muscle tone or stiffness of muscle, which might interfere with movement, speech, or be associated with discomfort or pain.	Síntoma del sistema nervioso que se caracteriza por un aumento anormal del tono muscular o rigidez del músculo, que puede interferir con el movimiento, el habla o estar asociado a molestias o dolor.	The Spanish Group LLC (https://thespanishgroup.org/)	2024-05-21	en	es	MANUALLY TRANSLATED	NA	http://purl.obolibrary.org/obo/symp/releases/2022-11-30/symp.owl	Translator: Alexander Largaespada; Reviewer: Salvador G. Ordorica	NA
symp	definition	SYMP:0000156	IAO:0000115	Thirst is a general symptom characterized by a sensation of dryness in the mouth and throat associated with a desire for liquids.	La sed es un síntoma general caracterizado por una sensación de sequedad en la boca y la garganta asociada a un deseo de líquidos.	The Spanish Group LLC (https://thespanishgroup.org/)	2024-05-21	en	es	MANUALLY TRANSLATED	NA	http://purl.obolibrary.org/obo/symp/releases/2022-11-30/symp.owl	Translator: Alexander Largaespada; Reviewer: Salvador G. Ordorica	NA
symp	definition	SYMP:0000162	IAO:0000115	Tremor is a generial symptom characterized by a trembling or shaking usually from physical weakness, emotional stress, or disease.	El temblor es un síntoma genérico caracterizado por un temblor o sacudida que suele deberse a debilidad física, estrés emocional o enfermedad.	The Spanish Group LLC (https://thespanishgroup.org/)	2024-05-21	en	es	MANUALLY TRANSLATED	NA	http://purl.obolibrary.org/obo/symp/releases/2022-11-30/symp.owl	Translator: Alexander Largaespada; Reviewer: Salvador G. Ordorica	NA
symp	definition	SYMP:0000164	IAO:0000115	A coordination symptom that is characterized by a loss of complicated body movements, which may be caused by disease, injury, or toxins.	Un síntoma de coordinación que se caracteriza por una pérdida de movimientos corporales complicados, que puede estar causada por una enfermedad, una lesión o toxinas.	The Spanish Group LLC (https://thespanishgroup.org/)	2024-05-21	en	es	MANUALLY TRANSLATED	NA	http://purl.obolibrary.org/obo/symp/releases/2022-11-30/symp.owl	Translator: Alexander Largaespada; Reviewer: Salvador G. Ordorica	NA
symp	definition	SYMP:0000174	IAO:0000115	A nutrition, metabolism, and development symptom that is characterized by the unintended loss of weight and lean body tissue characteristic of many diseases (as cancer, tuberculosis, and AIDS).	Un síntoma de nutrición, metabolismo y desarrollo que se caracteriza por la pérdida involuntaria de peso y tejido corporal magro característica de muchas enfermedades (como el cáncer, la tuberculosis y el SIDA).	The Spanish Group LLC (https://thespanishgroup.org/)	2024-05-21	en	es	MANUALLY TRANSLATED	NA	http://purl.obolibrary.org/obo/symp/releases/2022-11-30/symp.owl	Translator: Alexander Largaespada; Reviewer: Salvador G. Ordorica	NA
symp	definition	SYMP:0000178	IAO:0000115	A weight symptom that is characterized by a reduction of the total body mass, by a mean loss of fluid, body fat (adipose tissue), or lean mass (namely bone mineral deposits, muscle, tendon, and other connective tissue). Weight loss can either occur unintentionally because of malnourishment or an underlying disease.	Un síntoma de peso que se caracteriza por una reducción de la masa corporal total, por una pérdida media de líquido, grasa corporal (tejido adiposo) o masa magra (concretamente depósitos minerales óseos, músculo, tendón y otro tejido conectivo). La pérdida de peso puede producirse de forma involuntaria debido a la desnutrición o a una enfermedad subyacente.	The Spanish Group LLC (https://thespanishgroup.org/)	2024-05-21	en	es	MANUALLY TRANSLATED	NA	http://purl.obolibrary.org/obo/symp/releases/2022-11-30/symp.owl	Translator: Alexander Largaespada; Reviewer: Salvador G. Ordorica	NA
symp	definition	SYMP:0000185	IAO:0000115	A fatigue that is characterized by a feeling of exhaustion in strength, endurance, and vigor.	Una fatiga que se caracteriza por una sensación de agotamiento de la fuerza	The Spanish Group LLC (https://thespanishgroup.org/)	2024-05-21	en	es	MANUALLY TRANSLATED	NA	http://purl.obolibrary.org/obo/symp/releases/2022-11-30/symp.owl	Translator: Alexander Largaespada; Reviewer: Salvador G. Ordorica	NA
symp	definition	SYMP:0000186	IAO:0000115	A fatigue that is characterized by a feeling of weariness (bodily or mental) or feeling of weakness.  Exhaustion is a shorter-lived form of fatigue that can be experienced emotionally, mentally, and physically.	Fatiga que se caracteriza por una sensación de cansancio (corporal o mental) o de debilidad.  El agotamiento es una forma más breve de fatiga que puede experimentarse emocional, mental y físicamente.	The Spanish Group LLC (https://thespanishgroup.org/)	2024-05-21	en	es	MANUALLY TRANSLATED	NA	http://purl.obolibrary.org/obo/symp/releases/2022-11-30/symp.owl	Translator: Alexander Largaespada; Reviewer: Salvador G. Ordorica	NA
symp	definition	SYMP:0000187	IAO:0000115	A fatigue that is characterized by a feeling of a lessened capacity for work and reduced efficiency of accomplishment, usually accompanied by a sense of weariness and fatigue.	Cansancio que se caracteriza por una sensación de disminución de la capacidad de trabajo y de reducción de la eficacia en la realización, acompañada generalmente de una sensación de cansancio y fatiga.	The Spanish Group LLC (https://thespanishgroup.org/)	2024-05-21	en	es	MANUALLY TRANSLATED	NA	http://purl.obolibrary.org/obo/symp/releases/2022-11-30/symp.owl	Translator: Alexander Largaespada; Reviewer: Salvador G. Ordorica	NA
symp	definition	SYMP:0000197	IAO:0000115	A reproductive system symptom that is characterized by the expulsion of a fetus at any time before completion of pregnancy and is often due to infection.	Síntoma del aparato reproductor que se caracteriza por la expulsión de un feto en cualquier momento antes de la finalización del embarazo y que suele deberse a una infección.	The Spanish Group LLC (https://thespanishgroup.org/)	2024-05-21	en	es	MANUALLY TRANSLATED	NA	http://purl.obolibrary.org/obo/symp/releases/2022-11-30/symp.owl	Translator: Alexander Largaespada; Reviewer: Salvador G. Ordorica	NA
symp	definition	SYMP:0000198	IAO:0000115	A reproductive system symptom that is characterized by the spontaneous expulsion of a human fetus before it is viable and especially between the 12th and 28th weeks of gestation.	Síntoma del aparato reproductor que se caracteriza por la expulsión espontánea de un feto humano antes de que sea viable y especialmente entre las semanas 12 y 28 de gestación.	The Spanish Group LLC (https://thespanishgroup.org/)	2024-05-21	en	es	MANUALLY TRANSLATED	NA	http://purl.obolibrary.org/obo/symp/releases/2022-11-30/symp.owl	Translator: Alexander Largaespada; Reviewer: Salvador G. Ordorica	NA
symp	definition	SYMP:0000199	IAO:0000115	An abortion that is characterized by the natural occurring expulsion of a nonviable fetus.	Un aborto que se caracteriza por la expulsión natural de un feto no viable.	The Spanish Group LLC (https://thespanishgroup.org/)	2024-05-21	en	es	MANUALLY TRANSLATED	NA	http://purl.obolibrary.org/obo/symp/releases/2022-11-30/symp.owl	Translator: Alexander Largaespada; Reviewer: Salvador G. Ordorica	NA
symp	definition	SYMP:0000201	IAO:0000115	A meningoencephalitis that is characterized by a severe and sudden onset.	Una meningoencefalitis que se caracteriza por un inicio grave y repentino.	The Spanish Group LLC (https://thespanishgroup.org/)	2024-05-21	en	es	MANUALLY TRANSLATED	NA	http://purl.obolibrary.org/obo/symp/releases/2022-11-30/symp.owl	Translator: Alexander Largaespada; Reviewer: Salvador G. Ordorica	NA
symp	definition	SYMP:0000207	IAO:0000115	A fever that is characterized by the state of being free from fever.	Fiebre que se caracteriza por el estado de estar libre de fiebre.	The Spanish Group LLC (https://thespanishgroup.org/)	2024-05-21	en	es	MANUALLY TRANSLATED	NA	http://purl.obolibrary.org/obo/symp/releases/2022-11-30/symp.owl	Translator: Alexander Largaespada; Reviewer: Salvador G. Ordorica	NA
symp	definition	SYMP:0000213	IAO:0000115	An aphasia that is characterized by a pathological loss of the ability to write.	Afasia que se caracteriza por una pérdida patológica de la capacidad de escribir.	The Spanish Group LLC (https://thespanishgroup.org/)	2024-05-21	en	es	MANUALLY TRANSLATED	NA	http://purl.obolibrary.org/obo/symp/releases/2022-11-30/symp.owl	Translator: Alexander Largaespada; Reviewer: Salvador G. Ordorica	NA
symp	definition	SYMP:0000214	IAO:0000115	An aphasia that is characterized by a severe problem with recalling words or names.	Una afasia que se caracteriza por un grave problema para recordar palabras o nombres.	The Spanish Group LLC (https://thespanishgroup.org/)	2024-05-21	en	es	MANUALLY TRANSLATED	NA	http://purl.obolibrary.org/obo/symp/releases/2022-11-30/symp.owl	Translator: Alexander Largaespada; Reviewer: Salvador G. Ordorica	NA
symp	definition	SYMP:0000215	IAO:0000115	An aphasia that is characterized by a loss of ability to comprehend speech.	Una afasia que se caracteriza por la pérdida de capacidad para comprender el habla.	The Spanish Group LLC (https://thespanishgroup.org/)	2024-05-21	en	es	MANUALLY TRANSLATED	NA	http://purl.obolibrary.org/obo/symp/releases/2022-11-30/symp.owl	Translator: Alexander Largaespada; Reviewer: Salvador G. Ordorica	NA
symp	definition	SYMP:0000216	IAO:0000115	An aphasia that is characterized by a loss of ability to speak.	Afasia caracterizada por la pérdida de la capacidad de hablar.	The Spanish Group LLC (https://thespanishgroup.org/)	2024-05-21	en	es	MANUALLY TRANSLATED	NA	http://purl.obolibrary.org/obo/symp/releases/2022-11-30/symp.owl	Translator: Alexander Largaespada; Reviewer: Salvador G. Ordorica	NA
symp	definition	SYMP:0000217	IAO:0000115	An aphasia that is characterized by a loss of ability to form words.	Afasia caracterizada por la pérdida de la capacidad de formar palabras.	The Spanish Group LLC (https://thespanishgroup.org/)	2024-05-21	en	es	MANUALLY TRANSLATED	NA	http://purl.obolibrary.org/obo/symp/releases/2022-11-30/symp.owl	Translator: Alexander Largaespada; Reviewer: Salvador G. Ordorica	NA
symp	definition	SYMP:0000218	IAO:0000115	An aphasia that is characterized by a loss of ability to properly enunciate words.	Una afasia que se caracteriza por una pérdida de capacidad para enunciar correctamente las palabras.	The Spanish Group LLC (https://thespanishgroup.org/)	2024-05-21	en	es	MANUALLY TRANSLATED	NA	http://purl.obolibrary.org/obo/symp/releases/2022-11-30/symp.owl	Translator: Alexander Largaespada; Reviewer: Salvador G. Ordorica	NA
symp	definition	SYMP:0000219	IAO:0000115	An inability to comprehend speech that is characterized by an inability to understand spoken, written, or tactile speech symbols that results from damage (as by a brain lesion) to an area of the brain (as Wernicke's area) concerned with language.	Una incapacidad para comprender el habla que se caracteriza por una incapacidad para comprender símbolos del habla hablada, escrita o táctil que resulta de un daño (como por una lesión cerebral) en un área del cerebro (como el área de Wernicke) relacionada con el lenguaje.	The Spanish Group LLC (https://thespanishgroup.org/)	2024-05-21	en	es	MANUALLY TRANSLATED	NA	http://purl.obolibrary.org/obo/symp/releases/2022-11-30/symp.owl	Translator: Alexander Largaespada; Reviewer: Salvador G. Ordorica	NA
symp	definition	SYMP:0000226	IAO:0000115	A cardiac fibrillation consisting of a very rapid uncoordinated contractions of the atria of the heart resulting in a lack of synchronism between heartbeat and pulse beat.	Fibrilación cardiaca consistente en contracciones muy rápidas y descoordinadas de las aurículas del corazón que provocan una falta de sincronismo entre los latidos del corazón y el pulso.	The Spanish Group LLC (https://thespanishgroup.org/)	2024-05-21	en	es	MANUALLY TRANSLATED	NA	http://purl.obolibrary.org/obo/symp/releases/2022-11-30/symp.owl	Translator: Alexander Largaespada; Reviewer: Salvador G. Ordorica	NA
symp	definition	SYMP:0000231	IAO:0000115	Bradycardia is a cardiovascular system symptom consisting of a relatively slow heart action whether physiological or pathological.	La bradicardia es un síntoma del sistema cardiovascular que consiste en una acción cardiaca relativamente lenta, ya sea fisiológica o patológica.	The Spanish Group LLC (https://thespanishgroup.org/)	2024-05-21	en	es	MANUALLY TRANSLATED	NA	http://purl.obolibrary.org/obo/symp/releases/2022-11-30/symp.owl	Translator: Alexander Largaespada; Reviewer: Salvador G. Ordorica	NA
symp	definition	SYMP:0000232	IAO:0000115	A respiratory system and chest symptom that is characterized by an inflammation of the bronchioles.	Un síntoma del sistema respiratorio y torácico que se caracteriza por una inflamación de los bronquiolos.	The Spanish Group LLC (https://thespanishgroup.org/)	2024-05-21	en	es	MANUALLY TRANSLATED	NA	http://purl.obolibrary.org/obo/symp/releases/2022-11-30/symp.owl	Translator: Alexander Largaespada; Reviewer: Salvador G. Ordorica	NA
symp	definition	SYMP:0000235	IAO:0000115	A pain that is characterized by the condition marked by recurrent episodes of prolonged and uncontrollable crying and irritability in an otherwise healthy infant that is of unknown cause and usually subsides after three to four months of age.	Un dolor que se caracteriza por la afección marcada por episodios recurrentes de llanto e irritabilidad prolongados e incontrolables en un lactante por lo demás sano, de causa desconocida y que suele remitir al cabo de tres o cuatro meses de edad.	The Spanish Group LLC (https://thespanishgroup.org/)	2024-05-21	en	es	MANUALLY TRANSLATED	NA	http://purl.obolibrary.org/obo/symp/releases/2022-11-30/symp.owl	Translator: Alexander Largaespada; Reviewer: Salvador G. Ordorica	NA
symp	definition	SYMP:0000236	IAO:0000115	A pain that is characterized by an attack of acute abdominal pain localized in a hollow organ or part (as the small intestine, ureter, or bile duct) and often caused by spasm, obstruction, or twisting.	Un dolor que se caracteriza por un ataque de dolor abdominal agudo localizado en un órgano o parte hueca (como el intestino delgado, el uréter o el conducto biliar) y a menudo causado por un espasmo, una obstrucción o una torsión.	The Spanish Group LLC (https://thespanishgroup.org/)	2024-05-21	en	es	MANUALLY TRANSLATED	NA	http://purl.obolibrary.org/obo/symp/releases/2022-11-30/symp.owl	Translator: Alexander Largaespada; Reviewer: Salvador G. Ordorica	NA
symp	definition	SYMP:0000237	IAO:0000115	A respiratory system and chest symptom that is characterized by an excessive accumulation especially of blood or mucus.	Síntoma del aparato respiratorio y del tórax que se caracteriza por una acumulación excesiva, especialmente de sangre o mucosidad.	The Spanish Group LLC (https://thespanishgroup.org/)	2024-05-21	en	es	MANUALLY TRANSLATED	NA	http://purl.obolibrary.org/obo/symp/releases/2022-11-30/symp.owl	Translator: Alexander Largaespada; Reviewer: Salvador G. Ordorica	NA
symp	definition	SYMP:0000242	IAO:0000115	A cough that is characterized by production and expectoration (bringing up) of sputum that is bright red or pink and frothy.	Una tos que se caracteriza por la producción y expectoración (salida al exterior) de esputo de color rojo brillante o rosado y espumoso.	The Spanish Group LLC (https://thespanishgroup.org/)	2024-05-21	en	es	MANUALLY TRANSLATED	NA	http://purl.obolibrary.org/obo/symp/releases/2022-11-30/symp.owl	Translator: Alexander Largaespada; Reviewer: Salvador G. Ordorica	NA
symp	definition	SYMP:0000243	IAO:0000115	A fever that is characterized by occurring during periodic episodes.	Una fiebre que se caracteriza por producirse durante episodios periódicos.	The Spanish Group LLC (https://thespanishgroup.org/)	2024-05-21	en	es	MANUALLY TRANSLATED	NA	http://purl.obolibrary.org/obo/symp/releases/2022-11-30/symp.owl	Translator: Alexander Largaespada; Reviewer: Salvador G. Ordorica	NA
symp	definition	SYMP:0000245	IAO:0000115	An alteration of appetite that is characterized by a reduced desire to eat.	Una alteración del apetito que se caracteriza por un menor deseo de comer.	The Spanish Group LLC (https://thespanishgroup.org/)	2024-05-21	en	es	MANUALLY TRANSLATED	NA	http://purl.obolibrary.org/obo/symp/releases/2022-11-30/symp.owl	Translator: Alexander Largaespada; Reviewer: Salvador G. Ordorica	NA
symp	definition	SYMP:0000246	IAO:0000115	An alteration of appetite that is characterized by an desire to eat, an excess desire for food.	Una alteración del apetito que se caracteriza por un deseo de comer excesivo.	The Spanish Group LLC (https://thespanishgroup.org/)	2024-05-21	en	es	MANUALLY TRANSLATED	NA	http://purl.obolibrary.org/obo/symp/releases/2022-11-30/symp.owl	Translator: Alexander Largaespada; Reviewer: Salvador G. Ordorica	NA
symp	definition	SYMP:0000247	IAO:0000115	A neurological and physiological symptom that is characterized by one's body’s ability to sense movement, action, and location and results from sensory receptors in one's nervous system and body (muscles, joints, and tendons).	Un síntoma neurológico y fisiológico que se caracteriza por la capacidad del cuerpo para percibir el movimiento, la acción y la ubicación y que es el resultado de los receptores sensoriales del sistema nervioso y del cuerpo (músculos, articulaciones y tendones).	The Spanish Group LLC (https://thespanishgroup.org/)	2024-05-21	en	es	MANUALLY TRANSLATED	NA	http://purl.obolibrary.org/obo/symp/releases/2022-11-30/symp.owl	Translator: Alexander Largaespada; Reviewer: Salvador G. Ordorica	NA
symp	definition	SYMP:0000248	IAO:0000115	A proprioception symptom that is characterized by a decreased ability of an organism to consciously process the reception of stimuli produced within the organism.	Síntoma de propiocepción que se caracteriza por la disminución de la capacidad de un organismo para procesar conscientemente la recepción de estímulos producidos en su interior.	The Spanish Group LLC (https://thespanishgroup.org/)	2024-05-21	en	es	MANUALLY TRANSLATED	NA	http://purl.obolibrary.org/obo/symp/releases/2022-11-30/symp.owl	Translator: Alexander Largaespada; Reviewer: Salvador G. Ordorica	NA
symp	definition	SYMP:0000251	IAO:0000115	A skin and integumentary tissue symptom that is characterized by a pus-filled pocket in the skin, similar to a pimple, but larger and deeper.  The pocket is filled with bacteria, white blood cells, and dead skin and typcally result from the bacteria Staphylococcus aureus prentrating the skin through a cut or hair follicle.	Síntoma de la piel y los tejidos tegumentarios que se caracteriza por una bolsa llena de pus en la piel, similar a un grano, pero más grande y profunda.  La bolsa está llena de bacterias, glóbulos blancos y piel muerta y suele deberse a que la bacteria Staphylococcus aureus penetra en la piel a través de un corte o un folículo piloso.	The Spanish Group LLC (https://thespanishgroup.org/)	2024-05-21	en	es	MANUALLY TRANSLATED	NA	http://purl.obolibrary.org/obo/symp/releases/2022-11-30/symp.owl	Translator: Alexander Largaespada; Reviewer: Salvador G. Ordorica	NA
symp	definition	SYMP:0000252	IAO:0000115	A rash characterized by large patches of red skin, without overlying changes in the epidermis.	Erupción caracterizada por grandes manchas de piel roja, sin cambios superpuestos en la epidermis.	The Spanish Group LLC (https://thespanishgroup.org/)	2024-05-21	en	es	MANUALLY TRANSLATED	NA	http://purl.obolibrary.org/obo/symp/releases/2022-11-30/symp.owl	Translator: Alexander Largaespada; Reviewer: Salvador G. Ordorica	NA
symp	definition	SYMP:0000259	IAO:0000115	A dry cough that is characterized by a rough and loud sound.	Tos seca que se caracteriza por un sonido áspero y fuerte.	The Spanish Group LLC (https://thespanishgroup.org/)	2024-05-21	en	es	MANUALLY TRANSLATED	NA	http://purl.obolibrary.org/obo/symp/releases/2022-11-30/symp.owl	Translator: Alexander Largaespada; Reviewer: Salvador G. Ordorica	NA
symp	definition	SYMP:0000263	IAO:0000115	A reproductive system symptom that is characterized by an inflammation of the epididymis.	Un síntoma del sistema reproductor que se caracteriza por una inflamación del epidídimo.	The Spanish Group LLC (https://thespanishgroup.org/)	2024-05-21	en	es	MANUALLY TRANSLATED	NA	http://purl.obolibrary.org/obo/symp/releases/2022-11-30/symp.owl	Translator: Alexander Largaespada; Reviewer: Salvador G. Ordorica	NA
symp	definition	SYMP:0000264	IAO:0000115	A reproductive system symptom that is characterized by inflammation of the epididymis and/or testicle (testis).	Síntoma del aparato reproductor que se caracteriza por la inflamación del epidídimo y/o del testículo (testículos).	The Spanish Group LLC (https://thespanishgroup.org/)	2024-05-21	en	es	MANUALLY TRANSLATED	NA	http://purl.obolibrary.org/obo/symp/releases/2022-11-30/symp.owl	Translator: Alexander Largaespada; Reviewer: Salvador G. Ordorica	NA
symp	definition	SYMP:0000279	IAO:0000115	An exhaustion that is characterized by exceeding the ordinary, usual, or expected.	Un agotamiento que se caracteriza por exceder lo ordinario, habitual o esperado.	The Spanish Group LLC (https://thespanishgroup.org/)	2024-05-21	en	es	MANUALLY TRANSLATED	NA	http://purl.obolibrary.org/obo/symp/releases/2022-11-30/symp.owl	Translator: Alexander Largaespada; Reviewer: Salvador G. Ordorica	NA
symp	definition	SYMP:0000280	IAO:0000115	A fatigue that is characterized by exceeding the ordinary, usual, or expected.	Una fatiga que se caracteriza por exceder lo ordinario, habitual o esperado.	The Spanish Group LLC (https://thespanishgroup.org/)	2024-05-21	en	es	MANUALLY TRANSLATED	NA	http://purl.obolibrary.org/obo/symp/releases/2022-11-30/symp.owl	Translator: Alexander Largaespada; Reviewer: Salvador G. Ordorica	NA
symp	definition	SYMP:0000285	IAO:0000115	A paralysis that is charicterized by a lack of muscle tone in the affected muscles and in which tendon reflexes are decreased or absent.	Una parálisis que se caracteriza por una falta de tono muscular en los músculos afectados y en la que los reflejos tendinosos están disminuidos o ausentes.	The Spanish Group LLC (https://thespanishgroup.org/)	2024-05-21	en	es	MANUALLY TRANSLATED	NA	http://purl.obolibrary.org/obo/symp/releases/2022-11-30/symp.owl	Translator: Alexander Largaespada; Reviewer: Salvador G. Ordorica	NA
symp	definition	SYMP:0000287	IAO:0000115	Arrhythmia is a cardiovascular system symptom consisting of an alteration in rhythm of the heartbeat either in time or force.	La arritmia es un síntoma del sistema cardiovascular que consiste en una alteración del ritmo de los latidos del corazón, ya sea en el tiempo o en la fuerza.	The Spanish Group LLC (https://thespanishgroup.org/)	2024-05-21	en	es	MANUALLY TRANSLATED	NA	http://purl.obolibrary.org/obo/symp/releases/2022-11-30/symp.owl	Translator: Alexander Largaespada; Reviewer: Salvador G. Ordorica	NA
symp	definition	SYMP:0000289	IAO:0000115	A skin and integumentary tissue symptom that is characterized by an inflammatory condition of the skin with redness, itching, and oozing vesicular lesions, which become scaly, crusted, or hardened.	Es un síntoma de la piel y el tejido tegumentario que se caracteriza por un estado inflamatorio de la piel con enrojecimiento, picor y lesiones vesiculares supurantes, que se vuelven escamosas, con costras o endurecidas.	The Spanish Group LLC (https://thespanishgroup.org/)	2024-05-21	en	es	MANUALLY TRANSLATED	NA	http://purl.obolibrary.org/obo/symp/releases/2022-11-30/symp.owl	Translator: Alexander Largaespada; Reviewer: Salvador G. Ordorica	NA
symp	definition	SYMP:0000290	IAO:0000115	Belching is a digestive system symptom involving the sudden expulsion of gas from the stomach through the mouth.	El eructo es un síntoma del aparato digestivo que consiste en la expulsión repentina de gases del estómago a través de la boca.	The Spanish Group LLC (https://thespanishgroup.org/)	2024-05-21	en	es	MANUALLY TRANSLATED	NA	http://purl.obolibrary.org/obo/symp/releases/2022-11-30/symp.owl	Translator: Alexander Largaespada; Reviewer: Salvador G. Ordorica	NA
symp	definition	SYMP:0000299	IAO:0000115	Hyperemia is a hemic system symptom consisting of an excess of blood in a body part as from an increased flow of blood due to vasodilation.	La hiperemia es un síntoma del sistema hemático que consiste en un exceso de sangre en una parte del cuerpo como consecuencia de un aumento del flujo sanguíneo debido a la vasodilatación.	The Spanish Group LLC (https://thespanishgroup.org/)	2024-05-21	en	es	MANUALLY TRANSLATED	NA	http://purl.obolibrary.org/obo/symp/releases/2022-11-30/symp.owl	Translator: Alexander Largaespada; Reviewer: Salvador G. Ordorica	NA
symp	definition	SYMP:0000300	IAO:0000115	A sensation perception that is characterized by an increased sensitivity to stimulation.	Una percepción de sensaciones que se caracteriza por un aumento de la sensibilidad a la estimulación.	The Spanish Group LLC (https://thespanishgroup.org/)	2024-05-21	en	es	MANUALLY TRANSLATED	NA	http://purl.obolibrary.org/obo/symp/releases/2022-11-30/symp.owl	Translator: Alexander Largaespada; Reviewer: Salvador G. Ordorica	NA
symp	definition	SYMP:0000302	IAO:0000115	A neurological and physiological symptom that is characterized by a subnormal temperature of the body, as defined by a temperature under 36.6 degrees Celcius (97.8 degrees Fahrenheit).	Un síntoma neurológico y fisiológico que se caracteriza por una temperatura subnormal del cuerpo, definida por una temperatura inferior a 36,6 grados Celsius (97,8 grados Fahrenheit).	The Spanish Group LLC (https://thespanishgroup.org/)	2024-05-21	en	es	MANUALLY TRANSLATED	NA	http://purl.obolibrary.org/obo/symp/releases/2022-11-30/symp.owl	Translator: Alexander Largaespada; Reviewer: Salvador G. Ordorica	NA
symp	definition	SYMP:0000304	IAO:0000115	A coordination symptom that is characterized by weakened or imperfect body complicated  movement, which may be caused by disease, injury, or toxins.	Un síntoma de coordinación que se caracteriza por un movimiento complicado del cuerpo debilitado o imperfecto, que puede estar causado por una enfermedad, una lesión o toxinas.	The Spanish Group LLC (https://thespanishgroup.org/)	2024-05-21	en	es	MANUALLY TRANSLATED	NA	http://purl.obolibrary.org/obo/symp/releases/2022-11-30/symp.owl	Translator: Alexander Largaespada; Reviewer: Salvador G. Ordorica	NA
symp	definition	SYMP:0000306	IAO:0000115	A feeding difficulties and mismanagement that is characterized by a lack of feeding capacity.	Una dificultad y mala gestión de la alimentación que se caracteriza por una falta de capacidad para alimentarse.	The Spanish Group LLC (https://thespanishgroup.org/)	2024-05-21	en	es	MANUALLY TRANSLATED	NA	http://purl.obolibrary.org/obo/symp/releases/2022-11-30/symp.owl	Translator: Alexander Largaespada; Reviewer: Salvador G. Ordorica	NA
symp	definition	SYMP:0000309	IAO:0000115	An alteration of appetite that is characterized by a loss of desire to eat, i.e. no desire to eat.	Alteración del apetito que se caracteriza por una pérdida del deseo de comer, es decir, no hay ganas de comer.	The Spanish Group LLC (https://thespanishgroup.org/)	2024-05-21	en	es	MANUALLY TRANSLATED	NA	http://purl.obolibrary.org/obo/symp/releases/2022-11-30/symp.owl	Translator: Alexander Largaespada; Reviewer: Salvador G. Ordorica	NA
symp	definition	SYMP:0000318	IAO:0000115	A  balance symptom that is characterized by an inability to stay upright and move confidently.  Loss of balance may be due to problems in the inner ear, the brain, or the heart. Aging, infections, head injury, certain medicines, and problems with blood circulation may also cause balance problems.	Síntoma del equilibrio que se caracteriza por la incapacidad de mantenerse erguido y moverse con seguridad. La pérdida de equilibrio puede deberse a problemas en el oído interno, el cerebro o el corazón. El envejecimiento, las infecciones, los traumatismos craneoencefálicos, ciertos medicamentos y los problemas de circulación sanguínea también pueden causar problemas de equilibrio.	The Spanish Group LLC (https://thespanishgroup.org/)	2024-05-21	en	es	MANUALLY TRANSLATED	NA	http://purl.obolibrary.org/obo/symp/releases/2022-11-30/symp.owl	Translator: Alexander Largaespada; Reviewer: Salvador G. Ordorica	NA
symp	definition	SYMP:0000322	IAO:0000115	A weight symptom that is characterized by an infant weighing 5.5 pounds (2500 grams) or less at birth.  Low birth weight may occur with premature birth, or due to smoking cigarettes, secondhand tobacco smoke exposure, drinking alcohol, and taking certain drugs during pregnancy.	Síntoma de peso que se caracteriza porque un bebé pesa 2,500 gramos (5.5 libras) o menos al nacer. El bajo peso al nacer puede producirse con un parto prematuro o debido a fumar cigarrillos, a la exposición pasiva al humo del tabaco, a beber alcohol y a tomar ciertos medicamentos durante el embarazo.	The Spanish Group LLC (https://thespanishgroup.org/)	2024-05-21	en	es	MANUALLY TRANSLATED	NA	http://purl.obolibrary.org/obo/symp/releases/2022-11-30/symp.owl	Translator: Alexander Largaespada; Reviewer: Salvador G. Ordorica	NA
symp	definition	SYMP:0000323	IAO:0000115	A feces and droppings symptom that is characterized by the passage of dark tarry stools containing decomposing blood that is usually an indication of bleeding in the upper part of the alimentary canal and especially the esophagus, stomach, and duodenum.	Un síntoma de heces y excrementos que se caracteriza por la evacuación de heces alquitranadas oscuras que contienen sangre en descomposición y que suele ser un indicio de hemorragia en la parte superior del tubo digestivo y, especialmente, en el esófago, el estómago y el duodeno.	The Spanish Group LLC (https://thespanishgroup.org/)	2024-05-21	en	es	MANUALLY TRANSLATED	NA	http://purl.obolibrary.org/obo/symp/releases/2022-11-30/symp.owl	Translator: Alexander Largaespada; Reviewer: Salvador G. Ordorica	NA
symp	definition	SYMP:0000324	IAO:0000115	A respiratory system and chest symptom that is characterized by an acute or chronic inflammation of the bronchial tubes.	Un síntoma del sistema respiratorio y torácico que se caracteriza por una inflamación aguda o crónica de los bronquios.	The Spanish Group LLC (https://thespanishgroup.org/)	2024-05-21	en	es	MANUALLY TRANSLATED	NA	http://purl.obolibrary.org/obo/symp/releases/2022-11-30/symp.owl	Translator: Alexander Largaespada; Reviewer: Salvador G. Ordorica	NA
symp	definition	SYMP:0000327	IAO:0000115	A convulsion that is characterized by a tonic spasm (prolonged contraction of the muscles), without loss of consciousness and often associated with hypocalcemia.	Una convulsión que se caracteriza por un espasmo tónico (contracción prolongada de los músculos), sin pérdida de conciencia y a menudo asociada a una hipocalcemia.	The Spanish Group LLC (https://thespanishgroup.org/)	2024-05-21	en	es	MANUALLY TRANSLATED	NA	http://purl.obolibrary.org/obo/symp/releases/2022-11-30/symp.owl	Translator: Alexander Largaespada; Reviewer: Salvador G. Ordorica	NA
symp	definition	SYMP:0000328	IAO:0000115	A tetanic convulsion that is not intense (not severe).	Una convulsión tetánica que no es intensa (no grave).	The Spanish Group LLC (https://thespanishgroup.org/)	2024-05-21	en	es	MANUALLY TRANSLATED	NA	http://purl.obolibrary.org/obo/symp/releases/2022-11-30/symp.owl	Translator: Alexander Largaespada; Reviewer: Salvador G. Ordorica	NA
symp	definition	SYMP:0000331	IAO:0000115	A pain that is characterized by a continuous or prolonged dull pain.	Un dolor que se caracteriza por un dolor sordo continuo o prolongado.	The Spanish Group LLC (https://thespanishgroup.org/)	2024-05-21	en	es	MANUALLY TRANSLATED	NA	http://purl.obolibrary.org/obo/symp/releases/2022-11-30/symp.owl	Translator: Alexander Largaespada; Reviewer: Salvador G. Ordorica	NA
symp	definition	SYMP:0000340	IAO:0000115	An adema that is characterized by an abnormal excess accumulation of serous fluid in connective tissue of the limbs.	Un adema que se caracteriza por un exceso anormal de acumulación de líquido seroso en el tejido conjuntivo de las extremidades.	The Spanish Group LLC (https://thespanishgroup.org/)	2024-05-21	en	es	MANUALLY TRANSLATED	NA	http://purl.obolibrary.org/obo/symp/releases/2022-11-30/symp.owl	Translator: Alexander Largaespada; Reviewer: Salvador G. Ordorica	NA
symp	definition	SYMP:0000343	IAO:0000115	A pain that is characterized by a pain situated, or occurring, in the lymph gland (lymph node). Pain is often associated with swelling of the gland, which is a sign that one's body is fighting an infection.	Un dolor que se caracteriza por un dolor situado, o que se produce, en la glándula linfática (ganglio linfático). El dolor suele ir asociado a la inflamación de la glándula, que es un signo de que el organismo está luchando contra una infección.	The Spanish Group LLC (https://thespanishgroup.org/)	2024-05-21	en	es	MANUALLY TRANSLATED	NA	http://purl.obolibrary.org/obo/symp/releases/2022-11-30/symp.owl	Translator: Alexander Largaespada; Reviewer: Salvador G. Ordorica	NA
symp	definition	SYMP:0000344	IAO:0000115	An adema that is characterized by an abnormal excess accumulation of serous fluid in connective tissue of the eyelids.	Un adema que se caracteriza por un exceso anormal de acumulación de líquido seroso en el tejido conjuntivo de los párpados.	The Spanish Group LLC (https://thespanishgroup.org/)	2024-05-21	en	es	MANUALLY TRANSLATED	NA	http://purl.obolibrary.org/obo/symp/releases/2022-11-30/symp.owl	Translator: Alexander Largaespada; Reviewer: Salvador G. Ordorica	NA
symp	definition	SYMP:0000345	IAO:0000115	A respiratory abnormality that is characterized by short, shallow, and rapid breathing.	Una anomalía respiratoria que se caracteriza por una respiración corta, superficial y rápida.	The Spanish Group LLC (https://thespanishgroup.org/)	2024-05-21	en	es	MANUALLY TRANSLATED	NA	http://purl.obolibrary.org/obo/symp/releases/2022-11-30/symp.owl	Translator: Alexander Largaespada; Reviewer: Salvador G. Ordorica	NA
symp	definition	SYMP:0000346	IAO:0000115	A skin and integumentary tissue symptom that is characterized by a small solid usually conical elevation of the skin caused by inflammation, accumulated secretion, or hypertrophy of tissue elements.	Un síntoma de la piel y el tejido tegumentario que se caracteriza por una pequeña elevación sólida normalmente cónica de la piel causada por la inflamación, la secreción acumulada o la hipertrofia de elementos tisulares.	The Spanish Group LLC (https://thespanishgroup.org/)	2024-05-21	en	es	MANUALLY TRANSLATED	NA	http://purl.obolibrary.org/obo/symp/releases/2022-11-30/symp.owl	Translator: Alexander Largaespada; Reviewer: Salvador G. Ordorica	NA
symp	definition	SYMP:0000353	IAO:0000115	A respiratory system and chest symptom that is characterized by a viscid mucus secreted in abnormal quantity in the respiratory passages.	Un síntoma del sistema respiratorio y del tórax que se caracteriza por una mucosidad viscosa secretada en cantidad anormal en las vías respiratorias.	The Spanish Group LLC (https://thespanishgroup.org/)	2024-05-21	en	es	MANUALLY TRANSLATED	NA	http://purl.obolibrary.org/obo/symp/releases/2022-11-30/symp.owl	Translator: Alexander Largaespada; Reviewer: Salvador G. Ordorica	NA
symp	definition	SYMP:0000354	IAO:0000115	A respiratory system and chest symptom that is characterized by an inflammation of lung tissue. Pneumonia is one type of pneumonitis caused by an infection. Many other factors can cause pneumonitis, including breathing in animal dander, inhaling small food particles 'down the wrong pipe' and receiving radiation therapy to your chest.	Un síntoma del sistema respiratorio y del tórax que se caracteriza por una inflamación del tejido pulmonar. La neumonía es un tipo de neumonitis causada por una infección. Muchos otros factores pueden causar neumonitis, como la inhalación de caspa de animales, la inhalación de pequeñas partículas de alimentos ""por el conducto equivocado"" y recibir radioterapia en el pecho.	The Spanish Group LLC (https://thespanishgroup.org/)	2024-05-21	en	es	MANUALLY TRANSLATED	NA	http://purl.obolibrary.org/obo/symp/releases/2022-11-30/symp.owl	Translator: Alexander Largaespada; Reviewer: Salvador G. Ordorica	NA
symp	definition	SYMP:0000355	IAO:0000115	A feeding difficulties and mismanagement that is characterized by an infant with little interest in feeding and it can also refer to an infant who is not feeding enough to receive the necessary nutrition required for adequate growth.	Dificultades y mal manejo de la alimentación que se caracteriza por un lactante con poco interés en alimentarse y también puede referirse a un lactante que no se alimenta lo suficiente para recibir la nutrición necesaria para un crecimiento adecuado.	The Spanish Group LLC (https://thespanishgroup.org/)	2024-05-21	en	es	MANUALLY TRANSLATED	NA	http://purl.obolibrary.org/obo/symp/releases/2022-11-30/symp.owl	Translator: Alexander Largaespada; Reviewer: Salvador G. Ordorica	NA
symp	definition	SYMP:0000358	IAO:0000115	A reproductive system symptom that is characterized by labor occurring before 37 full weeks of pregnancy.	Un síntoma del sistema reproductivo que se caracteriza porque el parto se produce antes de las 37 semanas completas de embarazo.	The Spanish Group LLC (https://thespanishgroup.org/)	2024-05-21	en	es	MANUALLY TRANSLATED	NA	http://purl.obolibrary.org/obo/symp/releases/2022-11-30/symp.owl	Translator: Alexander Largaespada; Reviewer: Salvador G. Ordorica	NA
symp	definition	SYMP:0000360	IAO:0000115	A wasting that is characterized by the state of being extremely thin as a result of an absence of body fat and very week as a result of muscle wasting; usually because of illness or extreme hunger.	Una emaciación que se caracteriza por el estado de estar extremadamente delgado como resultado de una ausencia de grasa corporal y muy débil como resultado de una emaciación muscular; normalmente debido a una enfermedad o a un hambre extrema.	The Spanish Group LLC (https://thespanishgroup.org/)	2024-05-21	en	es	MANUALLY TRANSLATED	NA	http://purl.obolibrary.org/obo/symp/releases/2022-11-30/symp.owl	Translator: Alexander Largaespada; Reviewer: Salvador G. Ordorica	NA
symp	definition	SYMP:0000361	IAO:0000115	An emaciation that is characterized by an increase in scope or severity with time.	Una emaciación que se caracteriza por un aumento de su alcance o gravedad con el tiempo.	The Spanish Group LLC (https://thespanishgroup.org/)	2024-05-21	en	es	MANUALLY TRANSLATED	NA	http://purl.obolibrary.org/obo/symp/releases/2022-11-30/symp.owl	Translator: Alexander Largaespada; Reviewer: Salvador G. Ordorica	NA
symp	definition	SYMP:0000365	IAO:0000115	A prostate symptom that is characterized by a localized collection of purulent fluid within the prostate, often forming as a complication of acute bacterial prostatitis.	Síntoma prostático que se caracteriza por una acumulación localizada de líquido purulento dentro de la próstata, que suele formarse como complicación de una prostatitis bacteriana aguda.	The Spanish Group LLC (https://thespanishgroup.org/)	2024-05-21	en	es	MANUALLY TRANSLATED	NA	http://purl.obolibrary.org/obo/symp/releases/2022-11-30/symp.owl	Translator: Alexander Largaespada; Reviewer: Salvador G. Ordorica	NA
symp	definition	SYMP:0000366	IAO:0000115	A prostate symptom that is characterized by inflammation of the prostate and surrounding area.	Un síntoma prostático que se caracteriza por la inflamación de la próstata y la zona circundante.	The Spanish Group LLC (https://thespanishgroup.org/)	2024-05-21	en	es	MANUALLY TRANSLATED	NA	http://purl.obolibrary.org/obo/symp/releases/2022-11-30/symp.owl	Translator: Alexander Largaespada; Reviewer: Salvador G. Ordorica	NA
symp	definition	SYMP:0000367	IAO:0000115	A urinary system symptom characterized by the presence of excess protein in the urine.	Un síntoma del sistema urinario que se caracteriza por la presencia de un exceso de proteínas en la orina.	The Spanish Group LLC (https://thespanishgroup.org/)	2024-05-21	en	es	MANUALLY TRANSLATED	NA	http://purl.obolibrary.org/obo/symp/releases/2022-11-30/symp.owl	Translator: Alexander Largaespada; Reviewer: Salvador G. Ordorica	NA
symp	definition	SYMP:0000369	IAO:0000115	Ptosis is a general symptom characterized by a sagging or prolapse of an organ or part.	La ptosis es un síntoma general caracterizado por la flacidez o el prolapso de un órgano o una parte.	The Spanish Group LLC (https://thespanishgroup.org/)	2024-05-21	en	es	MANUALLY TRANSLATED	NA	http://purl.obolibrary.org/obo/symp/releases/2022-11-30/symp.owl	Translator: Alexander Largaespada; Reviewer: Salvador G. Ordorica	NA
symp	definition	SYMP:0000370	IAO:0000115	A urinary system symptom that is characterized by a pocket (a walled-off cavity) of pus that develops in the kidney tissue. It results from the migration of bacteria from another infection site on the body to the kidneys.	Síntoma del sistema urinario que se caracteriza por una bolsa (una cavidad tapiada) de pus que se desarrolla en el tejido renal. Es el resultado de la migración de bacterias desde otro lugar infectado del cuerpo a los riñones.	The Spanish Group LLC (https://thespanishgroup.org/)	2024-05-21	en	es	MANUALLY TRANSLATED	NA	http://purl.obolibrary.org/obo/symp/releases/2022-11-30/symp.owl	Translator: Alexander Largaespada; Reviewer: Salvador G. Ordorica	NA
symp	definition	SYMP:0000372	IAO:0000115	A nose symptom that is characterized by an excessive secretion of mucous through the nose.	Un síntoma nasal que se caracteriza por una secreción excesiva de mucosidad por la nariz.	The Spanish Group LLC (https://thespanishgroup.org/)	2024-05-21	en	es	MANUALLY TRANSLATED	NA	http://purl.obolibrary.org/obo/symp/releases/2022-11-30/symp.owl	Translator: Alexander Largaespada; Reviewer: Salvador G. Ordorica	NA
symp	definition	SYMP:0000374	IAO:0000115	A reproductive system symptom that is characterized by an abscess that is either superficial or intrascrotal.  Superficial scrotal abscess may occur from an infected hair follicle, infection of a scrotal laceration, or minor scrotal surgery.  Intrascrotal abscess most commonly arises from bacterial epididymitis, but may also be related to tuberculous infection of the epididymis, a testicular abscess that ruptures through the tunica albuginea, or drainage of appendicitis into scrotum through a patent processus vaginalis or as a result of extravasation of infected urine from the urethra in patients with a urethral stricture and neurogenic bladder using an external collection device.	Un síntoma del aparato reproductor que se caracteriza por un absceso superficial o intraescrotal. El absceso escrotal superficial puede producirse por un folículo piloso infectado, la infección de una laceración escrotal o una cirugía escrotal menor. El absceso intraescrotal surge con mayor frecuencia de una epididimitis bacteriana, pero también puede estar relacionado con una infección tuberculosa del epidídimo, un absceso testicular que se rompe a través de la túnica albugínea o el drenaje de una apendicitis en el escroto a través de un processus vaginalis patente o como resultado de la extravasación de orina infectada de la uretra en pacientes con una estenosis uretral y vejiga neurógena que utilizan un dispositivo de recogida externo.	The Spanish Group LLC (https://thespanishgroup.org/)	2024-05-21	en	es	MANUALLY TRANSLATED	NA	http://purl.obolibrary.org/obo/symp/releases/2022-11-30/symp.owl	Translator: Alexander Largaespada; Reviewer: Salvador G. Ordorica	NA
symp	definition	SYMP:0000379	IAO:0000115	A muscle pain that is characterized by being severe in nature.  Myalgia may be acute in nature, stemming from overuse of a muscle group or viral infection.  It may also be chronic and caused by  metabolic myopathy, some nutritional deficiencies, and chronic fatigue syndrome.	Un dolor muscular que se caracteriza por ser de naturaleza severa. La mialgia puede ser de naturaleza aguda, derivada del uso excesivo de un grupo muscular o de una infección vírica. También puede ser crónica y estar causada por una miopatía metabólica, algunas deficiencias nutricionales y el síndrome de fatiga crónica.	The Spanish Group LLC (https://thespanishgroup.org/)	2024-05-21	en	es	MANUALLY TRANSLATED	NA	http://purl.obolibrary.org/obo/symp/releases/2022-11-30/symp.owl	Translator: Alexander Largaespada; Reviewer: Salvador G. Ordorica	NA
symp	definition	SYMP:0000389	IAO:0000115	An alteration of consciousness that is characterized by a lack of critical mental function and a level of consciousness, in which an affected person is almost entirely unresponsive and responds only to intense stimuli such as pain.	Alteración de la conciencia que se caracteriza por la falta de funciones mentales críticas y un nivel de conciencia en el que la persona afectada no responde casi en absoluto y sólo responde a estímulos intensos como el dolor.	The Spanish Group LLC (https://thespanishgroup.org/)	2024-05-21	en	es	MANUALLY TRANSLATED	NA	http://purl.obolibrary.org/obo/symp/releases/2022-11-30/symp.owl	Translator: Alexander Largaespada; Reviewer: Salvador G. Ordorica	NA
symp	definition	SYMP:0000398	IAO:0000115	A reproductive system symptom that is characterized by fluid made by glands inside the vagina and cervix carrying away dead cells and bacteria. While it is normal for odor and color to vary, vaginal itching or burning may be indicative of an infection.	Es un síntoma del sistema reproductor que se caracteriza por el fluido producido por las glándulas del interior de la vagina y el cuello uterino que arrastra células muertas y bacterias. Aunque es normal que el olor y el color varíen, el picor o el ardor vaginal pueden ser indicativos de una infección.	The Spanish Group LLC (https://thespanishgroup.org/)	2024-05-21	en	es	MANUALLY TRANSLATED	NA	http://purl.obolibrary.org/obo/symp/releases/2022-11-30/symp.owl	Translator: Alexander Largaespada; Reviewer: Salvador G. Ordorica	NA
symp	definition	SYMP:0000399	IAO:0000115	A dizziness that is characterized by a specific type of dizziness, a major symptom of a balance disorder. It is the sensation of spinning or swaying while the body is stationary with respect to the surroundings.	Un vértigo que se caracteriza por un tipo específico de mareo, síntoma principal de un trastorno del equilibrio. Es la sensación de dar vueltas o balancearse mientras el cuerpo está inmóvil con respecto al entorno.	The Spanish Group LLC (https://thespanishgroup.org/)	2024-05-21	en	es	MANUALLY TRANSLATED	NA	http://purl.obolibrary.org/obo/symp/releases/2022-11-30/symp.owl	Translator: Alexander Largaespada; Reviewer: Salvador G. Ordorica	NA
symp	definition	SYMP:0000402	IAO:0000115	A nutrition, metabolism, and development symptom that is characterized by a general physical wasting and malnutrition usually associated with chronic disease.	Un síntoma de nutrición, metabolismo y desarrollo que se caracteriza por un desgaste físico general y una malnutrición generalmente asociada a una enfermedad crónica.	The Spanish Group LLC (https://thespanishgroup.org/)	2024-05-21	en	es	MANUALLY TRANSLATED	NA	http://purl.obolibrary.org/obo/symp/releases/2022-11-30/symp.owl	Translator: Alexander Largaespada; Reviewer: Salvador G. Ordorica	NA
symp	definition	SYMP:0000403	IAO:0000115	A weight symptom that is characterized by an increase in body weight. This can involve an increase in muscle mass, fat deposits, excess fluids such as water or other factors.	Un síntoma de peso que se caracteriza por un aumento del peso corporal. Esto puede implicar un aumento de la masa muscular, depósitos de grasa, exceso de líquidos como el agua u otros factores.	The Spanish Group LLC (https://thespanishgroup.org/)	2024-05-21	en	es	MANUALLY TRANSLATED	NA	http://purl.obolibrary.org/obo/symp/releases/2022-11-30/symp.owl	Translator: Alexander Largaespada; Reviewer: Salvador G. Ordorica	NA
symp	definition	SYMP:0000405	IAO:0000115	A reproductive system symptom that is characterized by a painful spasmodic contraction of the vagina.	Un síntoma del aparato reproductor que se caracteriza por una contracción espasmódica dolorosa de la vagina.	The Spanish Group LLC (https://thespanishgroup.org/)	2024-05-21	en	es	MANUALLY TRANSLATED	NA	http://purl.obolibrary.org/obo/symp/releases/2022-11-30/symp.owl	Translator: Alexander Largaespada; Reviewer: Salvador G. Ordorica	NA
symp	definition	SYMP:0000406	IAO:0000115	A skin and integumentary tissue symptom that is characterized by an injury transmitted through unbroken skin to underlying tissue causing rupture of small blood vessels and escape of blood into the tissue with resulting discoloration.	Un síntoma de la piel y el tejido tegumentario que se caracteriza por una lesión transmitida a través de la piel intacta al tejido subyacente que provoca la ruptura de pequeños vasos sanguíneos y el escape de sangre al tejido con la consiguiente decoloración.	The Spanish Group LLC (https://thespanishgroup.org/)	2024-05-21	en	es	MANUALLY TRANSLATED	NA	http://purl.obolibrary.org/obo/symp/releases/2022-11-30/symp.owl	Translator: Alexander Largaespada; Reviewer: Salvador G. Ordorica	NA
symp	definition	SYMP:0000407	IAO:0000115	An alteration of consciousness that is characterized by a loss of consciousness resulting from insufficient blood flow to the brain.	Alteración de la conciencia que se caracteriza por una pérdida de conciencia resultante de un flujo sanguíneo insuficiente al cerebro.	The Spanish Group LLC (https://thespanishgroup.org/)	2024-05-21	en	es	MANUALLY TRANSLATED	NA	http://purl.obolibrary.org/obo/symp/releases/2022-11-30/symp.owl	Translator: Alexander Largaespada; Reviewer: Salvador G. Ordorica	NA
symp	definition	SYMP:0000408	IAO:0000115	Cataplexy is a muscle symptom characterized by a sudden loss of muscle control with retention of clear consciousness that follows a strong emotional stimulus (as elation, surprise, or anger) and is a characteristic symptom of narcolepsy.	La cataplejía es un síntoma muscular caracterizado por una pérdida repentina del control muscular con retención de la conciencia clara que sigue a un estímulo emocional fuerte (como euforia, sorpresa o ira) y es un síntoma característico de la narcolepsia.	The Spanish Group LLC (https://thespanishgroup.org/)	2024-05-21	en	es	MANUALLY TRANSLATED	NA	http://purl.obolibrary.org/obo/symp/releases/2022-11-30/symp.owl	Translator: Alexander Largaespada; Reviewer: Salvador G. Ordorica	NA
symp	definition	SYMP:0000409	IAO:0000115	A high fever that is characterized by an exceptionally high fever especially when induced artificially for therapeutic purposes.	Se caracteriza por una fiebre excepcionalmente alta, especialmente cuando se induce artificialmente con fines terapéuticos.	The Spanish Group LLC (https://thespanishgroup.org/)	2024-05-21	en	es	MANUALLY TRANSLATED	NA	http://purl.obolibrary.org/obo/symp/releases/2022-11-30/symp.owl	Translator: Alexander Largaespada; Reviewer: Salvador G. Ordorica	NA
symp	definition	SYMP:0000412	IAO:0000115	A neurological and physiological symptom that is characterized by a painful or apprehensive uneasiness of mind usually over an impending or anticipated ill.	Síntoma neurológico y fisiológico que se caracteriza por una inquietud mental dolorosa o aprensiva generalmente por un mal inminente o anticipado.	The Spanish Group LLC (https://thespanishgroup.org/)	2024-05-21	en	es	MANUALLY TRANSLATED	NA	http://purl.obolibrary.org/obo/symp/releases/2022-11-30/symp.owl	Translator: Alexander Largaespada; Reviewer: Salvador G. Ordorica	NA
symp	definition	SYMP:0000413	IAO:0000115	A neurological and physiological symptom that is characterized by a marked psychomotor disturbance that may involve stupor or mutism, negativism, rigidity, purposeless excitement, echolalia, echopraxia, and inappropriate or bizarre posturing and is associated with various medical conditions (as schizophrenia and mood disorders).	Un síntoma neurológico y fisiológico que se caracteriza por una marcada alteración psicomotriz que puede implicar estupor o mutismo, negativismo, rigidez, excitación sin propósito, ecolalia, ecopraxia y posturas inapropiadas o extrañas y que se asocia a diversas afecciones médicas (como la esquizofrenia y los trastornos del estado de ánimo).	The Spanish Group LLC (https://thespanishgroup.org/)	2024-05-21	en	es	MANUALLY TRANSLATED	NA	http://purl.obolibrary.org/obo/symp/releases/2022-11-30/symp.owl	Translator: Alexander Largaespada; Reviewer: Salvador G. Ordorica	NA
symp	definition	SYMP:0000414	IAO:0000115	A neurological and physiological symptom that is characterized by a difficulty in articulating words due to disease of the central nervous system.	Síntoma neurológico y fisiológico que se caracteriza por una dificultad para articular palabras debida a una enfermedad del sistema nervioso central.	The Spanish Group LLC (https://thespanishgroup.org/)	2024-05-21	en	es	MANUALLY TRANSLATED	NA	http://purl.obolibrary.org/obo/symp/releases/2022-11-30/symp.owl	Translator: Alexander Largaespada; Reviewer: Salvador G. Ordorica	NA
symp	definition	SYMP:0000420	IAO:0000115	Bloating is a digestive system symptom involving the accumulation of gas in the digestive tract and resulting in abdominal distension.	La hinchazón es un síntoma del aparato digestivo que consiste en la acumulación de gases en el tubo digestivo y provoca distensión abdominal.	The Spanish Group LLC (https://thespanishgroup.org/)	2024-05-21	en	es	MANUALLY TRANSLATED	NA	http://purl.obolibrary.org/obo/symp/releases/2022-11-30/symp.owl	Translator: Alexander Largaespada; Reviewer: Salvador G. Ordorica	NA
symp	definition	SYMP:0000422	IAO:0000115	Dyspepsia is a digestive system symptom referred to as indigestion resulting from an impairment to digestion caused by ulcer, gall bladder disease or inflamed colon. Related symptoms include weakness, loss of appetite, and depression.	La dispepsia es un síntoma del aparato digestivo denominado indigestión que resulta de una alteración de la digestión causada por una úlcera, una enfermedad de la vesícula biliar o una inflamación del colon. Los síntomas relacionados incluyen debilidad, pérdida de apetito y depresión.	The Spanish Group LLC (https://thespanishgroup.org/)	2024-05-21	en	es	MANUALLY TRANSLATED	NA	http://purl.obolibrary.org/obo/symp/releases/2022-11-30/symp.owl	Translator: Alexander Largaespada; Reviewer: Salvador G. Ordorica	NA
symp	definition	SYMP:0000423	IAO:0000115	From synonym: Heartburn is a pain characterized by a painful burning feeling in your chest or throat that happens when stomach acid backs up into your esophagus.	Del sinónimo: La acidez estomacal es un dolor caracterizado por una sensación dolorosa de ardor en el pecho o la garganta que se produce cuando el ácido del estómago retrocede hacia el esófago.	The Spanish Group LLC (https://thespanishgroup.org/)	2024-05-21	en	es	MANUALLY TRANSLATED	NA	http://purl.obolibrary.org/obo/symp/releases/2022-11-30/symp.owl	Translator: Alexander Largaespada; Reviewer: Salvador G. Ordorica	NA
symp	definition	SYMP:0000424	IAO:0000115	A pain that is characterized by a leg pain in the calf, or thigh, which is caused by inadequate blood flow to the leg muscles and is brought on by leg exercise such as walking.	Un dolor que se caracteriza por un dolor de piernas en la pantorrilla, o el muslo, que está causado por un flujo sanguíneo inadecuado a los músculos de las piernas y que se produce al realizar ejercicios de piernas como caminar.	The Spanish Group LLC (https://thespanishgroup.org/)	2024-05-21	en	es	MANUALLY TRANSLATED	NA	http://purl.obolibrary.org/obo/symp/releases/2022-11-30/symp.owl	Translator: Alexander Largaespada; Reviewer: Salvador G. Ordorica	NA
symp	definition	SYMP:0000428	IAO:0000115	A respiratory abnormality that is characterized by a deficient ventilation of the lungs that results in reduction in the oxygen content or increase in the carbon dioxide content of the blood or both.	Anomalía respiratoria que se caracteriza por una ventilación deficiente de los pulmones que provoca una reducción del contenido de oxígeno o un aumento del contenido de dióxido de carbono de la sangre, o ambas cosas.	The Spanish Group LLC (https://thespanishgroup.org/)	2024-05-21	en	es	MANUALLY TRANSLATED	NA	http://purl.obolibrary.org/obo/symp/releases/2022-11-30/symp.owl	Translator: Alexander Largaespada; Reviewer: Salvador G. Ordorica	NA
symp	definition	SYMP:0000429	IAO:0000115	A respiratory abnormality that is characterized by abnormally slow breathing.	Una anomalía respiratoria que se caracteriza por una respiración anormalmente lenta.	The Spanish Group LLC (https://thespanishgroup.org/)	2024-05-21	en	es	MANUALLY TRANSLATED	NA	http://purl.obolibrary.org/obo/symp/releases/2022-11-30/symp.owl	Translator: Alexander Largaespada; Reviewer: Salvador G. Ordorica	NA
symp	definition	SYMP:0000430	IAO:0000115	A chest pain that is characterized by an inflammation of the pleural cavity with a sharp pain resulting from the exansion of the lungs as the inflammed pleural layers rub against each other.	Un dolor torácico que se caracteriza por una inflamación de la cavidad pleural con un dolor agudo resultante de la expansión de los pulmones al rozarse entre sí las capas pleurales inflamadas.	The Spanish Group LLC (https://thespanishgroup.org/)	2024-05-21	en	es	MANUALLY TRANSLATED	NA	http://purl.obolibrary.org/obo/symp/releases/2022-11-30/symp.owl	Translator: Alexander Largaespada; Reviewer: Salvador G. Ordorica	NA
symp	definition	SYMP:0000431	IAO:0000115	A respiratory system and chest symptom that is characterized by matter discharged from the air passages in diseases of the lungs, bronchi, or upper respiratory tract that contains mucus and often pus, blood, fibrin, or bacterial products.	Un síntoma del sistema respiratorio y el tórax que se caracteriza por la materia descargada por las vías respiratorias en enfermedades de los pulmones, los bronquios o el tracto respiratorio superior que contiene mucosidad y a menudo pus, sangre, fibrina o productos bacterianos.	The Spanish Group LLC (https://thespanishgroup.org/)	2024-05-21	en	es	MANUALLY TRANSLATED	NA	http://purl.obolibrary.org/obo/symp/releases/2022-11-30/symp.owl	Translator: Alexander Largaespada; Reviewer: Salvador G. Ordorica	NA
symp	definition	SYMP:0000432	IAO:0000115	A skin and integumentary tissue symptom that is characterized by an uneasy irritating sensation in the upper surface of the skin usually held to result from mild stimulation of pain receptors.	Un síntoma de la piel y los tejidos tegumentarios que se caracteriza por una sensación de irritación molesta en la superficie superior de la piel que se suele considerar el resultado de una leve estimulación de los receptores del dolor.	The Spanish Group LLC (https://thespanishgroup.org/)	2024-05-21	en	es	MANUALLY TRANSLATED	NA	http://purl.obolibrary.org/obo/symp/releases/2022-11-30/symp.owl	Translator: Alexander Largaespada; Reviewer: Salvador G. Ordorica	NA
symp	definition	SYMP:0000433	IAO:0000115	Anasarca is a edema characterized as generalized edema with accumulation of serum in the connective tissue.	La anasarca es un edema caracterizado como un edema generalizado con acumulación de suero en el tejido conjuntivo.	The Spanish Group LLC (https://thespanishgroup.org/)	2024-05-21	en	es	MANUALLY TRANSLATED	NA	http://purl.obolibrary.org/obo/symp/releases/2022-11-30/symp.owl	Translator: Alexander Largaespada; Reviewer: Salvador G. Ordorica	NA
symp	definition	SYMP:0000434	IAO:0000115	A skin and integumentary tissue symptom that is characterized by raised red skin wheals (welts) commonly caused by an allergic reaction with wheals that may vary in size from about 5 mm (0.2 inches) in diameter to the size of a dinner plate that are described as severely itchy a stingnig or burning sensation, and having a pale border.	Síntoma cutáneo y de los tejidos tegumentarios que se caracteriza por ronchas cutáneas rojas y elevadas (verdugones) causadas comúnmente por una reacción alérgica con ronchas que pueden variar en tamaño desde unos 5 mm (0,2 pulgadas) de diámetro hasta el tamaño de un plato de comida que se describen como un picor intenso una sensación de escozor o quemazón y que tienen un borde pálido.	The Spanish Group LLC (https://thespanishgroup.org/)	2024-05-21	en	es	MANUALLY TRANSLATED	NA	http://purl.obolibrary.org/obo/symp/releases/2022-11-30/symp.owl	Translator: Alexander Largaespada; Reviewer: Salvador G. Ordorica	NA
symp	definition	SYMP:0000435	IAO:0000115	A skin and integumentary tissue symptom that is characterized by a sensation of pricking, tingling, or creeping on the skin having no objective cause and usually associated with injury or irritation of a sensory nerve or nerve root.	Un síntoma de la piel y el tejido tegumentario que se caracteriza por una sensación de pinchazo, hormigueo o arrastramiento en la piel que no tiene una causa objetiva y que suele asociarse a una lesión o irritación de un nervio sensorial o una raíz nerviosa.	The Spanish Group LLC (https://thespanishgroup.org/)	2024-05-21	en	es	MANUALLY TRANSLATED	NA	http://purl.obolibrary.org/obo/symp/releases/2022-11-30/symp.owl	Translator: Alexander Largaespada; Reviewer: Salvador G. Ordorica	NA
symp	definition	SYMP:0000436	IAO:0000115	A reproductive system symptom that is characterized by bleeding from the uterus that is longer than usual or that occurs at an irregular time. Bleeding may be heavier or lighter than usual and occur often or randomly.	Síntoma del aparato reproductor que se caracteriza por un sangrado del útero más prolongado de lo habitual o que se produce en un momento irregular. El sangrado puede ser más abundante o más ligero de lo habitual y producirse a menudo o de forma aleatoria.	The Spanish Group LLC (https://thespanishgroup.org/)	2024-05-21	en	es	MANUALLY TRANSLATED	NA	http://purl.obolibrary.org/obo/symp/releases/2022-11-30/symp.owl	Translator: Alexander Largaespada; Reviewer: Salvador G. Ordorica	NA
symp	definition	SYMP:0000438	IAO:0000115	A pain that is characterized by a pain in, or about, a tooth or teeth.	Un dolor que se caracteriza por un dolor en, o alrededor de, un diente o dientes.	The Spanish Group LLC (https://thespanishgroup.org/)	2024-05-21	en	es	MANUALLY TRANSLATED	NA	http://purl.obolibrary.org/obo/symp/releases/2022-11-30/symp.owl	Translator: Alexander Largaespada; Reviewer: Salvador G. Ordorica	NA
symp	definition	SYMP:0000440	IAO:0000115	A hair symptom that is characterized by the stopping of hair growth (regeneration), which may be a result of hereditary hair loss, immune system overreacts, drugs and treatments, harsh hair-care products, and other factors.	Síntoma capilar que se caracteriza por la detención del crecimiento del cabello (regeneración), que puede ser consecuencia de una caída hereditaria, una reacción exagerada del sistema inmunitario, fármacos y tratamientos, productos agresivos para el cuidado del cabello y otros factores.	The Spanish Group LLC (https://thespanishgroup.org/)	2024-05-21	en	es	MANUALLY TRANSLATED	NA	http://purl.obolibrary.org/obo/symp/releases/2022-11-30/symp.owl	Translator: Alexander Largaespada; Reviewer: Salvador G. Ordorica	NA
symp	definition	SYMP:0000441	IAO:0000115	A joint pain that is characterized by a pain situated, or occurring, in or around the elbow.	Un dolor articular que se caracteriza por un dolor situado, o que se produce, en el codo o a su alrededor.	The Spanish Group LLC (https://thespanishgroup.org/)	2024-05-21	en	es	MANUALLY TRANSLATED	NA	http://purl.obolibrary.org/obo/symp/releases/2022-11-30/symp.owl	Translator: Alexander Largaespada; Reviewer: Salvador G. Ordorica	NA
symp	definition	SYMP:0000442	IAO:0000115	A joint pain that is characterized by a pain situated, or occurring, in or around the knee.	Un dolor articular que se caracteriza por un dolor situado, o que se produce, en la rodilla o alrededor de ella.	The Spanish Group LLC (https://thespanishgroup.org/)	2024-05-21	en	es	MANUALLY TRANSLATED	NA	http://purl.obolibrary.org/obo/symp/releases/2022-11-30/symp.owl	Translator: Alexander Largaespada; Reviewer: Salvador G. Ordorica	NA
symp	definition	SYMP:0000443	IAO:0000115	A joint pain that is characterized by a pain situated, or occurring, in or around the shoulder.	Un dolor articular que se caracteriza por un dolor situado, o que se produce, en el hombro o alrededor del mismo.	The Spanish Group LLC (https://thespanishgroup.org/)	2024-05-21	en	es	MANUALLY TRANSLATED	NA	http://purl.obolibrary.org/obo/symp/releases/2022-11-30/symp.owl	Translator: Alexander Largaespada; Reviewer: Salvador G. Ordorica	NA
symp	definition	SYMP:0000447	IAO:0000115	A sputum that is characterized by blood or bloody mucus discharged from the air passages caused by common forms of infection in the lungs and airways, such as acute bronchitis or pneumonia. Bloody sputum can also come from cancer of the lung.	Esputo caracterizado por sangre o mucosidad sanguinolenta expulsada por las vías respiratorias causado por formas comunes de infección en los pulmones y las vías respiratorias, como la bronquitis aguda o la neumonía. El esputo sanguinolento también puede proceder de un cáncer de pulmón.	The Spanish Group LLC (https://thespanishgroup.org/)	2024-05-21	en	es	MANUALLY TRANSLATED	NA	http://purl.obolibrary.org/obo/symp/releases/2022-11-30/symp.owl	Translator: Alexander Largaespada; Reviewer: Salvador G. Ordorica	NA
symp	definition	SYMP:0000448	IAO:0000115	A nose symptom that involves a is loss of blood from the tissue lining the nose.	Es la pérdida de sangre del tejido que recubre la nariz.	The Spanish Group LLC (https://thespanishgroup.org/)	2024-05-21	en	es	MANUALLY TRANSLATED	NA	http://purl.obolibrary.org/obo/symp/releases/2022-11-30/symp.owl	Translator: Alexander Largaespada; Reviewer: Salvador G. Ordorica	NA
symp	definition	SYMP:0000450	IAO:0000115	A cardiovascular system symptom that is characterized as a state of profound depression of the vital processes of the body that is characterized by pallor, rapid but weak pulse, rapid and shallow respiration, reduced total blood volume, and low blood pressure and that is caused usually by severe especially crushing injuries, hemorrhage, burns, or major surgery.	Síntoma del sistema cardiovascular que se caracteriza como un estado de depresión profunda de los procesos vitales del organismo que se caracteriza por palidez, pulso rápido pero débil, respiración rápida y superficial, volumen sanguíneo total reducido y presión arterial baja y que está causado generalmente por lesiones graves especialmente por aplastamiento, hemorragias, quemaduras o cirugía mayor.	The Spanish Group LLC (https://thespanishgroup.org/)	2024-05-21	en	es	MANUALLY TRANSLATED	NA	http://purl.obolibrary.org/obo/symp/releases/2022-11-30/symp.owl	Translator: Alexander Largaespada; Reviewer: Salvador G. Ordorica	NA
symp	definition	SYMP:0000455	IAO:0000115	A weight gain that is characterized as deviating from what is normal or usual, typically in a way that is undesirable or worrying.	Un aumento de peso que se caracteriza por desviarse de lo normal o habitual, normalmente de forma indeseable o preocupante.	The Spanish Group LLC (https://thespanishgroup.org/)	2024-05-21	en	es	MANUALLY TRANSLATED	NA	http://purl.obolibrary.org/obo/symp/releases/2022-11-30/symp.owl	Translator: Alexander Largaespada; Reviewer: Salvador G. Ordorica	NA
symp	definition	SYMP:0000456	IAO:0000115	An abdominal pain that is characterized by occurring in the left upper quadrant abdominal pain of the abdomen that can be caused by a stomach ulcer, acute gastritis, a viral infection, or indigestion, or may be an issue with one's lungs.	Un dolor abdominal que se caracteriza por producirse en el cuadrante superior izquierdo dolor abdominal del abdomen que puede estar causado por una úlcera de estómago, una gastritis aguda, una infección vírica o una indigestión, o puede tratarse de un problema pulmonar.	The Spanish Group LLC (https://thespanishgroup.org/)	2024-05-21	en	es	MANUALLY TRANSLATED	NA	http://purl.obolibrary.org/obo/symp/releases/2022-11-30/symp.owl	Translator: Alexander Largaespada; Reviewer: Salvador G. Ordorica	NA
symp	definition	SYMP:0000457	IAO:0000115	A pain that is characterized by occurring in the abdomen, i.e. between the chest and groin.	Es un dolor que se caracteriza por producirse en el abdomen, es decir, entre el pecho y la ingle.	The Spanish Group LLC (https://thespanishgroup.org/)	2024-05-21	en	es	MANUALLY TRANSLATED	NA	http://purl.obolibrary.org/obo/symp/releases/2022-11-30/symp.owl	Translator: Alexander Largaespada; Reviewer: Salvador G. Ordorica	NA
symp	definition	SYMP:0000458	IAO:0000115	Nausea is a digestive system symptom characterized by an uneasy or unsettled feeling in the stomach together with an urge to vomit.	Las náuseas son un síntoma del aparato digestivo que se caracteriza por una sensación de malestar o inquietud en el estómago junto con ganas de vomitar.	The Spanish Group LLC (https://thespanishgroup.org/)	2024-05-21	en	es	MANUALLY TRANSLATED	NA	http://purl.obolibrary.org/obo/symp/releases/2022-11-30/symp.owl	Translator: Alexander Largaespada; Reviewer: Salvador G. Ordorica	NA
symp	definition	SYMP:0000462	IAO:0000115	A symptom is a perceived change in function, sensation, loss, disturbance or appearance reported by a patient indicative of a disease.	Un síntoma es un cambio percibido en una función, sensación, pérdida, perturbación o aspecto, notificado por un paciente, indicativo de una enfermedad.	The Spanish Group LLC (https://thespanishgroup.org/)	2024-05-21	en	es	MANUALLY TRANSLATED	NA	http://purl.obolibrary.org/obo/symp/releases/2022-11-30/symp.owl	Translator: Alexander Largaespada; Reviewer: Salvador G. Ordorica	NA
symp	definition	SYMP:0000465	IAO:0000115	A lack of expected normal physiological development in childhood that is characterized by a decelerated or arrested physical growth (height and weight measurements fall below the third or fifth percentile, or a downward change in growth across two major growth percentiles) and is associated with abnormal growth and development.	Una falta del desarrollo fisiológico normal esperado en la infancia que se caracteriza por un crecimiento físico desacelerado o detenido (las mediciones de altura y peso caen por debajo del tercer o quinto percentil, o un cambio descendente en el crecimiento a través de dos percentiles principales de crecimiento) y se asocia con un crecimiento y desarrollo anormales.	The Spanish Group LLC (https://thespanishgroup.org/)	2024-05-21	en	es	MANUALLY TRANSLATED	NA	http://purl.obolibrary.org/obo/symp/releases/2022-11-30/symp.owl	Translator: Alexander Largaespada; Reviewer: Salvador G. Ordorica	NA
symp	definition	SYMP:0000466	IAO:0000115	A lack of expected normal physiological development in childhood that is characterized by a failure for a child to reach a significant stage at the predicted age and may include walking or talking.	Una falta del desarrollo fisiológico normal esperado en la infancia que se caracteriza porque el niño no alcanza una etapa importante a la edad prevista y puede incluir caminar o hablar.	The Spanish Group LLC (https://thespanishgroup.org/)	2024-05-21	en	es	MANUALLY TRANSLATED	NA	http://purl.obolibrary.org/obo/symp/releases/2022-11-30/symp.owl	Translator: Alexander Largaespada; Reviewer: Salvador G. Ordorica	NA
symp	definition	SYMP:0000472	IAO:0000115	A nutrition, metabolism, and development symptom that is characterized by a feeling of being full after a few bites of food, or before you finish a normal-sized meal.	Un síntoma de nutrición, metabolismo y desarrollo que se caracteriza por una sensación de estar lleno después de unos pocos bocados de comida, o antes de terminar una comida de tamaño normal.	The Spanish Group LLC (https://thespanishgroup.org/)	2024-05-21	en	es	MANUALLY TRANSLATED	NA	http://purl.obolibrary.org/obo/symp/releases/2022-11-30/symp.owl	Translator: Alexander Largaespada; Reviewer: Salvador G. Ordorica	NA
symp	definition	SYMP:0000475	IAO:0000115	A weight symptom that is characterized by weighing less than the normal amount for one's age, height, and build.	Síntoma que se caracteriza por pesar menos de lo normal para la edad, la estatura y la complexión de una persona.	The Spanish Group LLC (https://thespanishgroup.org/)	2024-05-21	en	es	MANUALLY TRANSLATED	NA	http://purl.obolibrary.org/obo/symp/releases/2022-11-30/symp.owl	Translator: Alexander Largaespada; Reviewer: Salvador G. Ordorica	NA
symp	definition	SYMP:0000479	IAO:0000115	Abnormality of gait is a nervous system and musculoskeletal system symptom characterized by a difficulty in the manner of walking or moving on foot.	La anormalidad de la marcha es un síntoma del sistema nervioso y musculoesquelético caracterizado por una dificultad en la forma de caminar o desplazarse a pie.	The Spanish Group LLC (https://thespanishgroup.org/)	2024-05-21	en	es	MANUALLY TRANSLATED	NA	http://purl.obolibrary.org/obo/symp/releases/2022-11-30/symp.owl	Translator: Alexander Largaespada; Reviewer: Salvador G. Ordorica	NA
symp	definition	SYMP:0000481	IAO:0000115	An alteration of consciousness that is characterized by an individual with severe brain damage being in a state of partial arousal rather than true awareness. After four weeks in a vegetative state, the patient is classified as being in a persistent vegetative state. After three months in the US and six months in the UK, the diagnosis is classified as a permanent vegetative state after a non-traumatic brain injury, or, one year after a traumatic injury.	Alteración de la conciencia que se caracteriza porque un individuo con graves daños cerebrales se encuentra en un estado de excitación parcial más que de verdadera conciencia. Tras cuatro semanas en estado vegetativo, se clasifica al paciente como en estado vegetativo persistente. Después de tres meses en Estados Unidos y seis meses en el Reino Unido, el diagnóstico se clasifica como estado vegetativo permanente tras una lesión cerebral no traumática o, un año después de una lesión traumática.	The Spanish Group LLC (https://thespanishgroup.org/)	2024-05-21	en	es	MANUALLY TRANSLATED	NA	http://purl.obolibrary.org/obo/symp/releases/2022-11-30/symp.owl	Translator: Alexander Largaespada; Reviewer: Salvador G. Ordorica	NA
symp	definition	SYMP:0000482	IAO:0000115	A neurological and physiological symptom that is characterized by any condition which is significantly different from a normal waking state.	Un síntoma neurológico y fisiológico que se caracteriza por cualquier estado que sea significativamente diferente de un estado normal de vigilia.	The Spanish Group LLC (https://thespanishgroup.org/)	2024-05-21	en	es	MANUALLY TRANSLATED	NA	http://purl.obolibrary.org/obo/symp/releases/2022-11-30/symp.owl	Translator: Alexander Largaespada; Reviewer: Salvador G. Ordorica	NA
symp	definition	SYMP:0000485	IAO:0000115	A urinary system symptom that is characterized by the difficult, or painful, discharge of urine.	Síntoma del sistema urinario que se caracteriza por la secreción difícil, o dolorosa, de orina.	The Spanish Group LLC (https://thespanishgroup.org/)	2024-05-21	en	es	MANUALLY TRANSLATED	NA	http://purl.obolibrary.org/obo/symp/releases/2022-11-30/symp.owl	Translator: Alexander Largaespada; Reviewer: Salvador G. Ordorica	NA
symp	definition	SYMP:0000487	IAO:0000115	A skin and integumentary tissue symptom that is characterized by an eruption on the body typically with little or no elevation above the surface.	Un síntoma de la piel y los tejidos tegumentarios que se caracteriza por una erupción en el cuerpo normalmente con poca o ninguna elevación por encima de la superficie.	The Spanish Group LLC (https://thespanishgroup.org/)	2024-05-21	en	es	MANUALLY TRANSLATED	NA	http://purl.obolibrary.org/obo/symp/releases/2022-11-30/symp.owl	Translator: Alexander Largaespada; Reviewer: Salvador G. Ordorica	NA
symp	definition	SYMP:0000488	IAO:0000115	A skin and integumentary tissue symptom that is characterized by the outer layer of the skin starting to replace itself. Often, this happens when skin is damaged, either by disease or injury.	Un síntoma de la piel y los tejidos tegumentarios que se caracteriza porque la capa externa de la piel comienza a reemplazarse a sí misma. A menudo, esto ocurre cuando la piel está dañada, ya sea por una enfermedad o una lesión.	The Spanish Group LLC (https://thespanishgroup.org/)	2024-05-21	en	es	MANUALLY TRANSLATED	NA	http://purl.obolibrary.org/obo/symp/releases/2022-11-30/symp.owl	Translator: Alexander Largaespada; Reviewer: Salvador G. Ordorica	NA
symp	definition	SYMP:0000492	IAO:0000115	A urinary system symptom that is characterized by the an inability of the body to control the evacuative functions.	Un síntoma del sistema urinario que se caracteriza por la incapacidad del organismo para controlar las funciones evacuatorias.	The Spanish Group LLC (https://thespanishgroup.org/)	2024-05-21	en	es	MANUALLY TRANSLATED	NA	http://purl.obolibrary.org/obo/symp/releases/2022-11-30/symp.owl	Translator: Alexander Largaespada; Reviewer: Salvador G. Ordorica	NA
symp	definition	SYMP:0000494	IAO:0000115	A colic that is characterized by a severe pain produced by the passage of a calculus from the kidney through the ureter.	Un cólico que se caracteriza por un dolor intenso producido por el paso de un cálculo del riñón a través del uréter.	The Spanish Group LLC (https://thespanishgroup.org/)	2024-05-21	en	es	MANUALLY TRANSLATED	NA	http://purl.obolibrary.org/obo/symp/releases/2022-11-30/symp.owl	Translator: Alexander Largaespada; Reviewer: Salvador G. Ordorica	NA
symp	definition	SYMP:0000495	IAO:0000115	A urinary system symptom that is characterized by abnormal purulent or mucoid secretions from the penis or, rarely, the female urethra.	Un síntoma del sistema urinario que se caracteriza por secreciones purulentas o mucoides anormales procedentes del pene o, en raras ocasiones, de la uretra femenina.	The Spanish Group LLC (https://thespanishgroup.org/)	2024-05-21	en	es	MANUALLY TRANSLATED	NA	http://purl.obolibrary.org/obo/symp/releases/2022-11-30/symp.owl	Translator: Alexander Largaespada; Reviewer: Salvador G. Ordorica	NA
symp	definition	SYMP:0000502	IAO:0000115	A urinary incontinence that is characterized by urine leakage when you sneeze, cough, laugh, do jarring exercise, or lift something heavy. It is typically a combination of stress and urge incontinence.	Incontinencia urinaria que se caracteriza por pérdidas de orina al estornudar, toser, reír, hacer ejercicio brusco o levantar algo pesado. Suele ser una combinación de incontinencia de esfuerzo y de urgencia.	The Spanish Group LLC (https://thespanishgroup.org/)	2024-05-21	en	es	MANUALLY TRANSLATED	NA	http://purl.obolibrary.org/obo/symp/releases/2022-11-30/symp.owl	Translator: Alexander Largaespada; Reviewer: Salvador G. Ordorica	NA
symp	definition	SYMP:0000503	IAO:0000115	A nutrition, metabolism, and development symptom that is characterized by a physical decline in health seen in older adults – typically those with multiple chronic medical conditions – resulting in decreased appetite and poor nutrition, weight loss, inactivity, often accompanied by dehydration, depression, decreasing functional ability, and impaired immune function.	Un síntoma de nutrición, metabolismo y desarrollo que se caracteriza por un deterioro físico de la salud que se observa en los adultos mayores -típicamente aquellos con múltiples afecciones médicas crónicas- y que se traduce en una disminución del apetito y una nutrición deficiente, pérdida de peso, inactividad, a menudo acompañada de deshidratación, depresión, disminución de la capacidad funcional y deterioro de la función inmunológica.	The Spanish Group LLC (https://thespanishgroup.org/)	2024-05-21	en	es	MANUALLY TRANSLATED	NA	http://purl.obolibrary.org/obo/symp/releases/2022-11-30/symp.owl	Translator: Alexander Largaespada; Reviewer: Salvador G. Ordorica	NA
symp	definition	SYMP:0000504	IAO:0000115	A pain that is characterized by a pain in the head.	Un dolor que se caracteriza por un dolor en la cabeza.	The Spanish Group LLC (https://thespanishgroup.org/)	2024-05-21	en	es	MANUALLY TRANSLATED	NA	http://purl.obolibrary.org/obo/symp/releases/2022-11-30/symp.owl	Translator: Alexander Largaespada; Reviewer: Salvador G. Ordorica	NA
symp	definition	SYMP:0000505	IAO:0000115	A pain that is characterized by a painful throat due to inflammation of the fauces and pharynx.	Un dolor que se caracteriza por un dolor de garganta debido a la inflamación de las fauces y la faringe.	The Spanish Group LLC (https://thespanishgroup.org/)	2024-05-21	en	es	MANUALLY TRANSLATED	NA	http://purl.obolibrary.org/obo/symp/releases/2022-11-30/symp.owl	Translator: Alexander Largaespada; Reviewer: Salvador G. Ordorica	NA
symp	definition	SYMP:0000508	IAO:0000115	A nervous system symptom that is characterized by a loss or impairment of the power to use or comprehend words usually resulting from brain damage.	Síntoma del sistema nervioso que se caracteriza por la pérdida o el deterioro de la facultad de utilizar o comprender las palabras, generalmente como consecuencia de un daño cerebral.	The Spanish Group LLC (https://thespanishgroup.org/)	2024-05-21	en	es	MANUALLY TRANSLATED	NA	http://purl.obolibrary.org/obo/symp/releases/2022-11-30/symp.owl	Translator: Alexander Largaespada; Reviewer: Salvador G. Ordorica	NA
symp	definition	SYMP:0000510	IAO:0000115	A skin and integumentary tissue symptom that is characterized by a deficiency of color especially of the face.	Síntoma de la piel y los tejidos tegumentarios que se caracteriza por una deficiencia de color, especialmente de la cara.	The Spanish Group LLC (https://thespanishgroup.org/)	2024-05-21	en	es	MANUALLY TRANSLATED	NA	http://purl.obolibrary.org/obo/symp/releases/2022-11-30/symp.owl	Translator: Alexander Largaespada; Reviewer: Salvador G. Ordorica	NA
symp	definition	SYMP:0000511	IAO:0000115	A skin and integumentary tissue symptom that is characterized by a markedly red flush in a persons face and often other areas of the skin, from various physiological conditions. Flushing is generally distinguished, despite a close physiological relation between them, from blushing, which is milder, generally restricted to the face or cheeks, and generally assumed to reflect embarrassment. Flushing is also a cardinal symptom of carcinoid syndrome the syndrome that results from hormones (often serotonin or histamine) being secreted into systemic circulation.	Síntoma de la piel y los tejidos tegumentarios que se caracteriza por un rubor marcadamente rojo en la cara de una persona y, a menudo, en otras zonas de la piel, debido a diversas afecciones fisiológicas. El rubor suele distinguirse, a pesar de que existe una estrecha relación fisiológica entre ambos, del rubor, que es más leve, suele limitarse a la cara o las mejillas y generalmente se supone que refleja vergüenza. El rubor es también un síntoma cardinal del síndrome carcinoide, el síndrome que resulta de la secreción de hormonas (a menudo serotonina o histamina) a la circulación sistémica.	The Spanish Group LLC (https://thespanishgroup.org/)	2024-05-21	en	es	MANUALLY TRANSLATED	NA	http://purl.obolibrary.org/obo/symp/releases/2022-11-30/symp.owl	Translator: Alexander Largaespada; Reviewer: Salvador G. Ordorica	NA
symp	definition	SYMP:0000512	IAO:0000115	A stress incontinence that is characterized by a compromised external urinary sphincter muscle resulting from surgical or radiotherapeutic manipulation.	Una incontinencia de esfuerzo que se caracteriza por un compromiso del músculo del esfínter urinario externo resultante de una manipulación quirúrgica o radioterapéutica.	The Spanish Group LLC (https://thespanishgroup.org/)	2024-05-21	en	es	MANUALLY TRANSLATED	NA	http://purl.obolibrary.org/obo/symp/releases/2022-11-30/symp.owl	Translator: Alexander Largaespada; Reviewer: Salvador G. Ordorica	NA
symp	definition	SYMP:0000513	IAO:0000115	An abnormal chest sound that is characterized by a harsh vibrating sound heard during respiration in cases of obstruction of the air passages.	Un ruido torácico anormal que se caracteriza por un sonido áspero y vibrante que se oye durante la respiración en casos de obstrucción de las vías respiratorias.	The Spanish Group LLC (https://thespanishgroup.org/)	2024-05-21	en	es	MANUALLY TRANSLATED	NA	http://purl.obolibrary.org/obo/symp/releases/2022-11-30/symp.owl	Translator: Alexander Largaespada; Reviewer: Salvador G. Ordorica	NA
symp	definition	SYMP:0000515	IAO:0000115	A respiratory system and chest symptom that is characterized by a spasmodic inhalation with closure of the glottis accompanied by a peculiar sound.	Síntoma del aparato respiratorio y del tórax que se caracteriza por una inhalación espasmódica con cierre de la glotis acompañada de un sonido peculiar.	The Spanish Group LLC (https://thespanishgroup.org/)	2024-05-21	en	es	MANUALLY TRANSLATED	NA	http://purl.obolibrary.org/obo/symp/releases/2022-11-30/symp.owl	Translator: Alexander Largaespada; Reviewer: Salvador G. Ordorica	NA
symp	definition	SYMP:0000517	IAO:0000115	A respiratory system and chest symptom that is characterized by an expectoration of blood from some part of the respiratory tract.	Un síntoma del aparato respiratorio y del tórax que se caracteriza por una expectoración de sangre de alguna parte de las vías respiratorias.	The Spanish Group LLC (https://thespanishgroup.org/)	2024-05-21	en	es	MANUALLY TRANSLATED	NA	http://purl.obolibrary.org/obo/symp/releases/2022-11-30/symp.owl	Translator: Alexander Largaespada; Reviewer: Salvador G. Ordorica	NA
symp	definition	SYMP:0000518	IAO:0000115	An abdominal pain that is characterized by being diffuse or widespread and affecting or involving all of the abdomen.	Un dolor abdominal que se caracteriza por ser difuso o generalizado y afectar o implicar a todo el abdomen.	The Spanish Group LLC (https://thespanishgroup.org/)	2024-05-21	en	es	MANUALLY TRANSLATED	NA	http://purl.obolibrary.org/obo/symp/releases/2022-11-30/symp.owl	Translator: Alexander Largaespada; Reviewer: Salvador G. Ordorica	NA
symp	definition	SYMP:0000523	IAO:0000115	A nutrition, metabolism, and development symptom that is characterized by a loss of appetite especially when prolonged.	Un síntoma de nutrición, metabolismo y desarrollo que se caracteriza por una pérdida de apetito especialmente cuando es prolongada.	The Spanish Group LLC (https://thespanishgroup.org/)	2024-05-21	en	es	MANUALLY TRANSLATED	NA	http://purl.obolibrary.org/obo/symp/releases/2022-11-30/symp.owl	Translator: Alexander Largaespada; Reviewer: Salvador G. Ordorica	NA
symp	definition	SYMP:0000524	IAO:0000115	A nutrition, metabolism, and development symptom that is characterized by an excessive appetite or eating.	Síntoma de nutrición, metabolismo y desarrollo que se caracteriza por un apetito o una ingesta excesivos.	The Spanish Group LLC (https://thespanishgroup.org/)	2024-05-21	en	es	MANUALLY TRANSLATED	NA	http://purl.obolibrary.org/obo/symp/releases/2022-11-30/symp.owl	Translator: Alexander Largaespada; Reviewer: Salvador G. Ordorica	NA
symp	definition	SYMP:0000525	IAO:0000115	An alteration of consciousness that is characterized by a brief (transient) episode of losing normal awareness or behavior.	Alteración de la conciencia que se caracteriza por un episodio breve (transitorio) de pérdida de la conciencia o el comportamiento normales.	The Spanish Group LLC (https://thespanishgroup.org/)	2024-05-21	en	es	MANUALLY TRANSLATED	NA	http://purl.obolibrary.org/obo/symp/releases/2022-11-30/symp.owl	Translator: Alexander Largaespada; Reviewer: Salvador G. Ordorica	NA
symp	definition	SYMP:0000526	IAO:0000115	An abdominal symptom consisting of an abnormal accumulation of serous fluid in the spaces between tissues and organs in the cavity of the abdomen.	Síntoma abdominal consistente en una acumulación anormal de líquido seroso en los espacios entre tejidos y órganos de la cavidad del abdomen.	The Spanish Group LLC (https://thespanishgroup.org/)	2024-05-21	en	es	MANUALLY TRANSLATED	NA	http://purl.obolibrary.org/obo/symp/releases/2022-11-30/symp.owl	Translator: Alexander Largaespada; Reviewer: Salvador G. Ordorica	NA
symp	definition	SYMP:0000529	IAO:0000115	Tachycardia is a cardiovascular system symptom consisting of a relatively rapid heart action whether physiological (as after exercise) or pathological.	La taquicardia es un síntoma del sistema cardiovascular que consiste en una acción cardíaca relativamente rápida, ya sea fisiológica (como después del ejercicio) o patológica.	The Spanish Group LLC (https://thespanishgroup.org/)	2024-05-21	en	es	MANUALLY TRANSLATED	NA	http://purl.obolibrary.org/obo/symp/releases/2022-11-30/symp.owl	Translator: Alexander Largaespada; Reviewer: Salvador G. Ordorica	NA
symp	definition	SYMP:0000530	IAO:0000115	Palpitation is a cardiovascykar system symptom characterized by an abnormal awareness of the beating of the heart,whether it is too slow, too fast, irregular, or at its normal frequency when excited by violent exertion, strong emotion, or disease.	La palpitación es un síntoma del sistema cardiovascular que se caracteriza por una conciencia anormal de los latidos del corazón, ya sean demasiado lentos, demasiado rápidos, irregulares o de frecuencia normal, cuando se excita por un esfuerzo violento, una emoción fuerte o una enfermedad.	The Spanish Group LLC (https://thespanishgroup.org/)	2024-05-21	en	es	MANUALLY TRANSLATED	NA	http://purl.obolibrary.org/obo/symp/releases/2022-11-30/symp.owl	Translator: Alexander Largaespada; Reviewer: Salvador G. Ordorica	NA
symp	definition	SYMP:0000532	IAO:0000115	A urinary incontinence that is characterized by an involuntary leakage of urine from the bladder when a sudden strong need to urinate is felt, even when the bladder isn't full.	Una incontinencia urinaria que se caracteriza por una salida involuntaria de orina de la vejiga cuando se siente una fuerte necesidad repentina de orinar, incluso cuando la vejiga no está llena.	The Spanish Group LLC (https://thespanishgroup.org/)	2024-05-21	en	es	MANUALLY TRANSLATED	NA	http://purl.obolibrary.org/obo/symp/releases/2022-11-30/symp.owl	Translator: Alexander Largaespada; Reviewer: Salvador G. Ordorica	NA
symp	definition	SYMP:0000533	IAO:0000115	A urinary incontinence that is characterized by urine remaining in the urethra after voiding the bladder that slowly leaks out after urination.	Una incontinencia urinaria que se caracteriza por la permanencia de orina en la uretra después de vaciar la vejiga que se escapa lentamente después de orinar.	The Spanish Group LLC (https://thespanishgroup.org/)	2024-05-21	en	es	MANUALLY TRANSLATED	NA	http://purl.obolibrary.org/obo/symp/releases/2022-11-30/symp.owl	Translator: Alexander Largaespada; Reviewer: Salvador G. Ordorica	NA
symp	definition	SYMP:0000534	IAO:0000115	A skin and integumentary tissue symptom that is characterized by the spontaneous escape of blood into the tissues from ruptured blood vessels marked by a livid black-and-blue or purple spot or area.	Un síntoma de la piel y los tejidos tegumentarios que se caracteriza por la salida espontánea de sangre a los tejidos desde la rotura de vasos sanguíneos marcada por una mancha o zona lívida de color negro y azul o púrpura.	The Spanish Group LLC (https://thespanishgroup.org/)	2024-05-21	en	es	MANUALLY TRANSLATED	NA	http://purl.obolibrary.org/obo/symp/releases/2022-11-30/symp.owl	Translator: Alexander Largaespada; Reviewer: Salvador G. Ordorica	NA
symp	definition	SYMP:0000537	IAO:0000115	A skin and integumentary tissue symptom that is characterized by a bluish or purplish discoloration (as of skin) due to deficient oxygenation of the blood.	Síntoma de la piel y los tejidos tegumentarios que se caracteriza por una decoloración azulada o violácea (de la piel) debida a una oxigenación deficiente de la sangre.	The Spanish Group LLC (https://thespanishgroup.org/)	2024-05-21	en	es	MANUALLY TRANSLATED	NA	http://purl.obolibrary.org/obo/symp/releases/2022-11-30/symp.owl	Translator: Alexander Largaespada; Reviewer: Salvador G. Ordorica	NA
symp	definition	SYMP:0000538	IAO:0000115	A skin and integumentary tissue symptom that is characterized by an abnormal excess accumulation of serous fluid in connective tissue or in a serous cavity.	Síntoma de la piel y los tejidos tegumentarios que se caracteriza por una acumulación excesiva anormal de líquido seroso en el tejido conjuntivo o en una cavidad serosa.	The Spanish Group LLC (https://thespanishgroup.org/)	2024-05-21	en	es	MANUALLY TRANSLATED	NA	http://purl.obolibrary.org/obo/symp/releases/2022-11-30/symp.owl	Translator: Alexander Largaespada; Reviewer: Salvador G. Ordorica	NA
symp	definition	SYMP:0000539	IAO:0000115	A skin and integumentary tissue symptom that is characterized by a yellowish pigmentation of the skin, tissues, and certain body fluids is caused by the deposition of bile pigments that follows interference with normal production and discharge of bile (as in certain liver diseases) or excessive breakdown of red blood cells (as after internal hemorrhage or in various hemolytic states).	Un síntoma de la piel y los tejidos tegumentarios que se caracteriza por una pigmentación amarillenta de la piel, los tejidos y ciertos fluidos corporales está causado por la deposición de pigmentos biliares que sigue a la interferencia con la producción y secreción normales de bilis (como en ciertas enfermedades hepáticas) o la descomposición excesiva de glóbulos rojos (como tras una hemorragia interna o en diversos estados hemolíticos).	The Spanish Group LLC (https://thespanishgroup.org/)	2024-05-21	en	es	MANUALLY TRANSLATED	NA	http://purl.obolibrary.org/obo/symp/releases/2022-11-30/symp.owl	Translator: Alexander Largaespada; Reviewer: Salvador G. Ordorica	NA
symp	definition	SYMP:0000540	IAO:0000115	A respiratory system and chest symptom that is characterized by a feeling of discomfort when breathing in or out.  The pain may be the result of infection, musculoskeletal injury, and heart problems.	Síntoma del aparato respiratorio y el tórax que se caracteriza por una sensación de malestar al inspirar o espirar.  El dolor puede ser consecuencia de una infección, una lesión musculoesquelética y problemas cardíacos.	The Spanish Group LLC (https://thespanishgroup.org/)	2024-05-21	en	es	MANUALLY TRANSLATED	NA	http://purl.obolibrary.org/obo/symp/releases/2022-11-30/symp.owl	Translator: Alexander Largaespada; Reviewer: Salvador G. Ordorica	NA
symp	definition	SYMP:0000542	IAO:0000115	An abdominal pain that is characterized by occurring in the epigastrium, i.e. the upper part of the abdomen below the rib cage.	Un dolor abdominal que se caracteriza por producirse en el epigastrio, es decir, la parte superior del abdomen por debajo de la caja torácica.	The Spanish Group LLC (https://thespanishgroup.org/)	2024-05-21	en	es	MANUALLY TRANSLATED	NA	http://purl.obolibrary.org/obo/symp/releases/2022-11-30/symp.owl	Translator: Alexander Largaespada; Reviewer: Salvador G. Ordorica	NA
symp	definition	SYMP:0000543	IAO:0000115	A neurological and physiological symptom that is characterized by an unusual forgetfulness. One may not be able to remember new events, recall one or more memories of the past, or both.  Memory loss may be for a short time and then resolve (transient), or it may not go away and get worse over time.	Un síntoma neurológico y fisiológico que se caracteriza por un olvido inusual. Uno puede no ser capaz de recordar nuevos acontecimientos, evocar uno o más recuerdos del pasado, o ambas cosas.  La pérdida de memoria puede durar poco tiempo y luego resolverse (transitoria), o puede no desaparecer y empeorar con el tiempo.	The Spanish Group LLC (https://thespanishgroup.org/)	2024-05-21	en	es	MANUALLY TRANSLATED	NA	http://purl.obolibrary.org/obo/symp/releases/2022-11-30/symp.owl	Translator: Alexander Largaespada; Reviewer: Salvador G. Ordorica	NA
symp	definition	SYMP:0000552	IAO:0000115	A nervous system symptom that is characterized by a state of meningeal irritation with symptoms suggesting meningitis that often occurs at the onset of acute febrile diseases especially in children.	Síntoma del sistema nervioso que se caracteriza por un estado de irritación meníngea con síntomas que sugieren meningitis y que suele aparecer al inicio de enfermedades febriles agudas, especialmente en niños.	The Spanish Group LLC (https://thespanishgroup.org/)	2024-05-21	en	es	MANUALLY TRANSLATED	NA	http://purl.obolibrary.org/obo/symp/releases/2022-11-30/symp.owl	Translator: Alexander Largaespada; Reviewer: Salvador G. Ordorica	NA
symp	definition	SYMP:0000557	IAO:0000115	A urinary system symptom that is characterized by an inability to empty the bladder completely during the process of voiding (urination).	Un síntoma del sistema urinario que se caracteriza por la incapacidad de vaciar completamente la vejiga durante el proceso de vaciado (micción).	The Spanish Group LLC (https://thespanishgroup.org/)	2024-05-21	en	es	MANUALLY TRANSLATED	NA	http://purl.obolibrary.org/obo/symp/releases/2022-11-30/symp.owl	Translator: Alexander Largaespada; Reviewer: Salvador G. Ordorica	NA
symp	definition	SYMP:0000558	IAO:0000115	A urinary system symptom that is characterized by a bladder that is not empty.	Un síntoma del sistema urinario que se caracteriza por una vejiga que no se vacía.	The Spanish Group LLC (https://thespanishgroup.org/)	2024-05-21	en	es	MANUALLY TRANSLATED	NA	http://purl.obolibrary.org/obo/symp/releases/2022-11-30/symp.owl	Translator: Alexander Largaespada; Reviewer: Salvador G. Ordorica	NA
symp	definition	SYMP:0000560	IAO:0000115	A nutrition, metabolism, and development symptom that is characterized by an excessive or abnormal thirst.	Síntoma de nutrición, metabolismo y desarrollo que se caracteriza por una sed excesiva o anormal.	The Spanish Group LLC (https://thespanishgroup.org/)	2024-05-21	en	es	MANUALLY TRANSLATED	NA	http://purl.obolibrary.org/obo/symp/releases/2022-11-30/symp.owl	Translator: Alexander Largaespada; Reviewer: Salvador G. Ordorica	NA
symp	definition	SYMP:0000563	IAO:0000115	A urinary system symptom that is characterized by the need to urinate many times during the day, at night, or both but in normal or less-than-normal volumes.  Frequency may be accompanied by a sensation of an urgent need to void (urgency of urination).	Síntoma del aparato urinario que se caracteriza por la necesidad de orinar muchas veces durante el día, por la noche o ambas, pero en volúmenes normales o inferiores a los normales.  La frecuencia puede ir acompañada de una sensación de necesidad urgente de orinar (urgencia miccional).	The Spanish Group LLC (https://thespanishgroup.org/)	2024-05-21	en	es	MANUALLY TRANSLATED	NA	http://purl.obolibrary.org/obo/symp/releases/2022-11-30/symp.owl	Translator: Alexander Largaespada; Reviewer: Salvador G. Ordorica	NA
symp	definition	SYMP:0000564	IAO:0000115	A urinary system symptom that is characterized by urination at night especially when excessive.	Un síntoma del sistema urinario que se caracteriza por la necesidad de orinar por la noche, especialmente cuando es excesiva.	The Spanish Group LLC (https://thespanishgroup.org/)	2024-05-21	en	es	MANUALLY TRANSLATED	NA	http://purl.obolibrary.org/obo/symp/releases/2022-11-30/symp.owl	Translator: Alexander Largaespada; Reviewer: Salvador G. Ordorica	NA
symp	definition	SYMP:0000565	IAO:0000115	A urinary system symptom that is characterized by the excessive secretion of urine.	Síntoma del sistema urinario que se caracteriza por una secreción excesiva de orina.	The Spanish Group LLC (https://thespanishgroup.org/)	2024-05-21	en	es	MANUALLY TRANSLATED	NA	http://purl.obolibrary.org/obo/symp/releases/2022-11-30/symp.owl	Translator: Alexander Largaespada; Reviewer: Salvador G. Ordorica	NA
symp	definition	SYMP:0000568	IAO:0000115	A lack of expected normal physiological development in childhood that is characterized by an individual's height being in the 3rd percentile for the mean height of a given age, sex, and population group.	Una falta del desarrollo fisiológico normal esperado en la infancia que se caracteriza porque la estatura de un individuo se encuentra en el percentil 3 para la estatura media de una edad, sexo y grupo de población determinados.	The Spanish Group LLC (https://thespanishgroup.org/)	2024-05-21	en	es	MANUALLY TRANSLATED	NA	http://purl.obolibrary.org/obo/symp/releases/2022-11-30/symp.owl	Translator: Alexander Largaespada; Reviewer: Salvador G. Ordorica	NA
symp	definition	SYMP:0000569	IAO:0000115	A urinary system symptom that is characterized by the reduced excretion of urine.	Síntoma del sistema urinario que se caracteriza por la reducción de la excreción de orina.	The Spanish Group LLC (https://thespanishgroup.org/)	2024-05-21	en	es	MANUALLY TRANSLATED	NA	http://purl.obolibrary.org/obo/symp/releases/2022-11-30/symp.owl	Translator: Alexander Largaespada; Reviewer: Salvador G. Ordorica	NA
symp	definition	SYMP:0000570	IAO:0000115	Diarrhea is a feces and droppng symptom involving the abnormally frequent intestinal evacuations with more or less fluid stools.	La diarrea es un síntoma de heces y goteo que consiste en evacuaciones intestinales anormalmente frecuentes con heces más o menos líquidas.	The Spanish Group LLC (https://thespanishgroup.org/)	2024-05-21	en	es	MANUALLY TRANSLATED	NA	http://purl.obolibrary.org/obo/symp/releases/2022-11-30/symp.owl	Translator: Alexander Largaespada; Reviewer: Salvador G. Ordorica	NA
symp	definition	SYMP:0000571	IAO:0000115	Insomnia is a sleep disturbance characterized by prolonged and usually abnormal inability to obtain adequate sleep.	El insomnio es una alteración del sueño que se caracteriza por la incapacidad prolongada y generalmente anormal de obtener un sueño adecuado.	The Spanish Group LLC (https://thespanishgroup.org/)	2024-05-21	en	es	MANUALLY TRANSLATED	NA	http://purl.obolibrary.org/obo/symp/releases/2022-11-30/symp.owl	Translator: Alexander Largaespada; Reviewer: Salvador G. Ordorica	NA
symp	definition	SYMP:0000572	IAO:0000115	A urinary stream symptom that is characterized by a split in the urine flow resulting in it streaming in two directions.	Un síntoma del chorro urinario que se caracteriza por una división del flujo de orina que hace que fluya en dos direcciones.	The Spanish Group LLC (https://thespanishgroup.org/)	2024-05-21	en	es	MANUALLY TRANSLATED	NA	http://purl.obolibrary.org/obo/symp/releases/2022-11-30/symp.owl	Translator: Alexander Largaespada; Reviewer: Salvador G. Ordorica	NA
symp	definition	SYMP:0000581	IAO:0000115	An apnea that is characterized by brief periods of recurrent cessation of breathing during sleep that is caused especially by obstruction of the airway or a disturbance in the brain's respiratory center and is associated especially with excessive daytime sleepiness.	Una apnea que se caracteriza por breves periodos de cese recurrente de la respiración durante el sueño que está causada especialmente por la obstrucción de las vías respiratorias o por una alteración en el centro respiratorio del cerebro y que se asocia especialmente con una somnolencia diurna excesiva.	The Spanish Group LLC (https://thespanishgroup.org/)	2024-05-21	en	es	MANUALLY TRANSLATED	NA	http://purl.obolibrary.org/obo/symp/releases/2022-11-30/symp.owl	Translator: Alexander Largaespada; Reviewer: Salvador G. Ordorica	NA
symp	definition	SYMP:0000582	IAO:0000115	Hypersomnia is a sleep disturbance characterized by sleeping for excessive periods at intervals with intervening periods of normal duration of sleeping and waking.	La hipersomnia es una alteración del sueño caracterizada por dormir durante periodos excesivos a intervalos con periodos intermedios de duración normal de sueño y vigilia.	The Spanish Group LLC (https://thespanishgroup.org/)	2024-05-21	en	es	MANUALLY TRANSLATED	NA	http://purl.obolibrary.org/obo/symp/releases/2022-11-30/symp.owl	Translator: Alexander Largaespada; Reviewer: Salvador G. Ordorica	NA
symp	definition	SYMP:0000586	IAO:0000115	A urinary incontinence that is characterized by a bladder that does not empty completely, resulting in a bladder that is too full, which leads to overflow and unexpected leaking.	Una incontinencia urinaria que se caracteriza por una vejiga que no se vacía completamente, lo que da lugar a una vejiga demasiado llena, que provoca desbordamientos y fugas inesperadas.	The Spanish Group LLC (https://thespanishgroup.org/)	2024-05-21	en	es	MANUALLY TRANSLATED	NA	http://purl.obolibrary.org/obo/symp/releases/2022-11-30/symp.owl	Translator: Alexander Largaespada; Reviewer: Salvador G. Ordorica	NA
symp	definition	SYMP:0000587	IAO:0000115	A respiratory system and chest symptom that is characterized by a sound of breathing that is not similar to that of the sound of moving air and may include: rhonchi (a low-pitched breath sound), crackles (a high-pitched breath sound), wheezing (a high-pitched whistling sound caused by narrowing of the bronchial tubes), and stridor (a harsh, vibratory sound caused by narrowing of the upper airway).	Un síntoma del sistema respiratorio y torácico que se caracteriza por un sonido al respirar que no es similar al del aire en movimiento y que puede incluir: ronco (un sonido respiratorio grave), crepitaciones (un sonido respiratorio agudo), sibilancias (un silbido agudo causado por el estrechamiento de los bronquios) y estridor (un sonido áspero y vibratorio causado por el estrechamiento de las vías respiratorias superiores).	The Spanish Group LLC (https://thespanishgroup.org/)	2024-05-21	en	es	MANUALLY TRANSLATED	NA	http://purl.obolibrary.org/obo/symp/releases/2022-11-30/symp.owl	Translator: Alexander Largaespada; Reviewer: Salvador G. Ordorica	NA
symp	definition	SYMP:0000588	IAO:0000115	A urinary system symptom that is characterized by an injury of the urethra in its bulbous or membranous portion, which leads to a collection of urine in other cavities, such as the perineal space, the scrotum, the penis and the connective tissue of the anterior abdominal wall.	Un síntoma del aparato urinario que se caracteriza por una lesión de la uretra en su porción bulbosa o membranosa, que provoca una acumulación de orina en otras cavidades, como el espacio perineal, el escroto, el pene y el tejido conjuntivo de la pared abdominal anterior.	The Spanish Group LLC (https://thespanishgroup.org/)	2024-05-21	en	es	MANUALLY TRANSLATED	NA	http://purl.obolibrary.org/obo/symp/releases/2022-11-30/symp.owl	Translator: Alexander Largaespada; Reviewer: Salvador G. Ordorica	NA
symp	definition	SYMP:0000589	IAO:0000115	A urinary stream symptom that is characterized by a slow or weak stream of urine.	Un síntoma del chorro urinario que se caracteriza por un chorro de orina lento o débil.	The Spanish Group LLC (https://thespanishgroup.org/)	2024-05-21	en	es	MANUALLY TRANSLATED	NA	http://purl.obolibrary.org/obo/symp/releases/2022-11-30/symp.owl	Translator: Alexander Largaespada; Reviewer: Salvador G. Ordorica	NA
symp	definition	SYMP:0000590	IAO:0000115	A urinary system symptom that is characterized by a strong and immediate need to urinate due to an increase in pressure in the bladder, resulting in difficulty to hold in the urine. This can occur regardless of whether the bladder is full.	Un síntoma del aparato urinario que se caracteriza por una necesidad fuerte e inmediata de orinar debido a un aumento de la presión en la vejiga, lo que provoca dificultad para retener la orina. Esto puede ocurrir independientemente de que la vejiga esté llena.	The Spanish Group LLC (https://thespanishgroup.org/)	2024-05-21	en	es	MANUALLY TRANSLATED	NA	http://purl.obolibrary.org/obo/symp/releases/2022-11-30/symp.owl	Translator: Alexander Largaespada; Reviewer: Salvador G. Ordorica	NA
symp	definition	SYMP:0000594	IAO:0000115	A nervous system symptom that is characterized by an inability to control bodily movement and may be a symptom of cerebrovascular diseases, dyskinesia, tremor, chorea, dystonia and myoclonus.	Síntoma del sistema nervioso que se caracteriza por la incapacidad de controlar el movimiento corporal y puede ser un síntoma de enfermedades cerebrovasculares, discinesia, temblor, corea, distonía y mioclonía.	The Spanish Group LLC (https://thespanishgroup.org/)	2024-05-21	en	es	MANUALLY TRANSLATED	NA	http://purl.obolibrary.org/obo/symp/releases/2022-11-30/symp.owl	Translator: Alexander Largaespada; Reviewer: Salvador G. Ordorica	NA
symp	definition	SYMP:0000595	IAO:0000115	A convulsion that is characterized by occurring in young children between six months and five years of age and which is triggered by fever.	Convulsión que se caracteriza por producirse en niños pequeños de entre seis meses y cinco años de edad y que es desencadenada por la fiebre.	The Spanish Group LLC (https://thespanishgroup.org/)	2024-05-21	en	es	MANUALLY TRANSLATED	NA	http://purl.obolibrary.org/obo/symp/releases/2022-11-30/symp.owl	Translator: Alexander Largaespada; Reviewer: Salvador G. Ordorica	NA
symp	definition	SYMP:0000596	IAO:0000115	A nervous system symptom that is characterized by an abnormal violent and involuntary contraction or series of contractions of the muscles.	Síntoma del sistema nervioso que se caracteriza por una contracción o serie de contracciones anormales, violentas e involuntarias de los músculos.	The Spanish Group LLC (https://thespanishgroup.org/)	2024-05-21	en	es	MANUALLY TRANSLATED	NA	http://purl.obolibrary.org/obo/symp/releases/2022-11-30/symp.owl	Translator: Alexander Largaespada; Reviewer: Salvador G. Ordorica	NA
symp	definition	SYMP:0000598	IAO:0000115	A respiratory system and chest symptom that is characterized by a respiration that is not normal and may include, but is not limited to: apnea, eupnea, orthopnea, dyspnea hyperpnea, hyperventilation, hypoventilation, tachypnea, Kussmaul respiration, Cheyne-Stokes respiration, sighing respiration, Biot respiration, apneustic breathing, central neurogenic hyperventilation, and central neurogenic hypoventilation.	Un síntoma del sistema respiratorio y del tórax que se caracteriza por una respiración que no es normal y que puede incluir, entre otros: apnea, eupnea, ortopnea, disnea hiperpnea, hiperventilación, hipoventilación, taquipnea, respiración de Kussmaul, respiración de Cheyne-Stokes, respiración suspiratoria, respiración de Biot, respiración apneústica, hiperventilación neurogénica central e hipoventilación neurogénica central.	The Spanish Group LLC (https://thespanishgroup.org/)	2024-05-21	en	es	MANUALLY TRANSLATED	NA	http://purl.obolibrary.org/obo/symp/releases/2022-11-30/symp.owl	Translator: Alexander Largaespada; Reviewer: Salvador G. Ordorica	NA
symp	definition	SYMP:0000599	IAO:0000115	A respiratory abnormality that is characterized by a specific form of periodic breathing (waxing and waning amplitude of flow or tidal volume) characterized by a crescendo-decrescendo pattern of respiration between central apneas or central hypopneas.	Una anomalía respiratoria que se caracteriza por una forma específica de respiración periódica (amplitud creciente y decreciente del flujo o volumen corriente) caracterizada por un patrón de respiración crescendo-decrescendo entre apneas centrales o hipopneas centrales.	The Spanish Group LLC (https://thespanishgroup.org/)	2024-05-21	en	es	MANUALLY TRANSLATED	NA	http://purl.obolibrary.org/obo/symp/releases/2022-11-30/symp.owl	Translator: Alexander Largaespada; Reviewer: Salvador G. Ordorica	NA
symp	definition	SYMP:0000600	IAO:0000115	A respiratory abnormality that is characterized by transient cessation of respiration whether normal (as in hibernating animals) or abnormal (as that caused by certain drugs).	Anomalía respiratoria que se caracteriza por el cese transitorio de la respiración, ya sea normal (como en los animales que hibernan) o anormal (como la provocada por ciertos fármacos).	The Spanish Group LLC (https://thespanishgroup.org/)	2024-05-21	en	es	MANUALLY TRANSLATED	NA	http://purl.obolibrary.org/obo/symp/releases/2022-11-30/symp.owl	Translator: Alexander Largaespada; Reviewer: Salvador G. Ordorica	NA
symp	definition	SYMP:0000601	IAO:0000115	A respiratory abnormality that is characterized by excessive ventilation characterized by excessive rate and depth of respiration leading to abnormal loss of carbon dioxide from the blood.	Anomalía respiratoria que se caracteriza por una ventilación excesiva caracterizada por una frecuencia y profundidad excesivas de la respiración que provoca una pérdida anormal de dióxido de carbono de la sangre.	The Spanish Group LLC (https://thespanishgroup.org/)	2024-05-21	en	es	MANUALLY TRANSLATED	NA	http://purl.obolibrary.org/obo/symp/releases/2022-11-30/symp.owl	Translator: Alexander Largaespada; Reviewer: Salvador G. Ordorica	NA
symp	definition	SYMP:0000602	IAO:0000115	A respiratory abnormality that is characterized by a difficulty in breathing that occurs when lying down and is relieved upon changing to an upright position (as in congestive heart failure).	Una anomalía respiratoria que se caracteriza por una dificultad para respirar que se produce al estar tumbado y se alivia al cambiar a una posición erguida (como en la insuficiencia cardiaca congestiva).	The Spanish Group LLC (https://thespanishgroup.org/)	2024-05-21	en	es	MANUALLY TRANSLATED	NA	http://purl.obolibrary.org/obo/symp/releases/2022-11-30/symp.owl	Translator: Alexander Largaespada; Reviewer: Salvador G. Ordorica	NA
symp	definition	SYMP:0000603	IAO:0000115	A respiratory abnormality that is characterized by an increased rate of respiration and shallow breathing.	Una anomalía respiratoria que se caracteriza por un aumento de la frecuencia respiratoria y una respiración superficial.	The Spanish Group LLC (https://thespanishgroup.org/)	2024-05-21	en	es	MANUALLY TRANSLATED	NA	http://purl.obolibrary.org/obo/symp/releases/2022-11-30/symp.owl	Translator: Alexander Largaespada; Reviewer: Salvador G. Ordorica	NA
symp	definition	SYMP:0000604	IAO:0000115	An abnormal chest sound that is characterized by breathing with difficulty usually with a whistling sound.	Un ruido torácico anormal que se caracteriza por respirar con dificultad normalmente con un sonido silbante.	The Spanish Group LLC (https://thespanishgroup.org/)	2024-05-21	en	es	MANUALLY TRANSLATED	NA	http://purl.obolibrary.org/obo/symp/releases/2022-11-30/symp.owl	Translator: Alexander Largaespada; Reviewer: Salvador G. Ordorica	NA
symp	definition	SYMP:0000605	IAO:0000115	An alteration of consciousness that is characterized by a deep state of prolonged unconsciousness in which a person cannot be awakened, fails to respond normally to painful stimuli, light, or sound, lacks a normal wake-sleep cycle and does not initiate voluntary actions.	Una alteración de la conciencia que se caracteriza por un estado profundo de inconsciencia prolongada en el que la persona no puede ser despertada, no responde normalmente a estímulos dolorosos, luz o sonido, carece de un ciclo normal de vigilia-sueño y no inicia acciones voluntarias.	The Spanish Group LLC (https://thespanishgroup.org/)	2024-05-21	en	es	MANUALLY TRANSLATED	NA	http://purl.obolibrary.org/obo/symp/releases/2022-11-30/symp.owl	Translator: Alexander Largaespada; Reviewer: Salvador G. Ordorica	NA
symp	definition	SYMP:0000606	IAO:0000115	A urinary incontinence that is characterized by involuntary urination at night in children five years of age or older.	Incontinencia urinaria que se caracteriza por la micción involuntaria durante la noche en niños de cinco años o más.	The Spanish Group LLC (https://thespanishgroup.org/)	2024-05-21	en	es	MANUALLY TRANSLATED	NA	http://purl.obolibrary.org/obo/symp/releases/2022-11-30/symp.owl	Translator: Alexander Largaespada; Reviewer: Salvador G. Ordorica	NA
symp	definition	SYMP:0000607	IAO:0000115	Hallucination is a general symptom where there is a perception of something (as a visual image or a sound) with no external cause usually arising from a disorder of the nervous system (as in delirium tremens or in functional psychosis without known neurological disease) or in response to drugs (as LSD).	La alucinación es un síntoma general en el que se produce una percepción de algo (como una imagen visual o un sonido) sin causa externa que suele surgir de un trastorno del sistema nervioso (como en el delirium tremens o en la psicosis funcional sin enfermedad neurológica conocida) o en respuesta a drogas (como el LSD).	The Spanish Group LLC (https://thespanishgroup.org/)	2024-05-21	en	es	MANUALLY TRANSLATED	NA	http://purl.obolibrary.org/obo/symp/releases/2022-11-30/symp.owl	Translator: Alexander Largaespada; Reviewer: Salvador G. Ordorica	NA
symp	definition	SYMP:0000608	IAO:0000115	An alteration of consciousness that is characterized by a loss of consciousness resulting from insufficient blood flow to the brain and limb weakness progressing to collapse.	Alteración de la conciencia que se caracteriza por una pérdida de conciencia resultante de un flujo sanguíneo insuficiente al cerebro y debilidad de las extremidades que progresa hasta el colapso.	The Spanish Group LLC (https://thespanishgroup.org/)	2024-05-21	en	es	MANUALLY TRANSLATED	NA	http://purl.obolibrary.org/obo/symp/releases/2022-11-30/symp.owl	Translator: Alexander Largaespada; Reviewer: Salvador G. Ordorica	NA
symp	definition	SYMP:0000609	IAO:0000115	A neurological and physiological symptom that is characterized by excessive sweating, i.e. the production of more sweat than is required to regulate body temperature.  Generalized hyperhidrosis is caused by non-thermoregulatory stimuli and affects the entire body.	Síntoma neurológico y fisiológico que se caracteriza por una sudoración excesiva, es decir, la producción de más sudor del necesario para regular la temperatura corporal.  La hiperhidrosis generalizada está provocada por estímulos no termorreguladores y afecta a todo el cuerpo.	The Spanish Group LLC (https://thespanishgroup.org/)	2024-05-21	en	es	MANUALLY TRANSLATED	NA	http://purl.obolibrary.org/obo/symp/releases/2022-11-30/symp.owl	Translator: Alexander Largaespada; Reviewer: Salvador G. Ordorica	NA
symp	definition	SYMP:0000610	IAO:0000115	A  balance symptom that is characterized by a sensation of unsteadiness accompanied by a feeling of movement within the head.	Síntoma de equilibrio que se caracteriza por una sensación de inestabilidad acompañada de una sensación de movimiento dentro de la cabeza.	The Spanish Group LLC (https://thespanishgroup.org/)	2024-05-21	en	es	MANUALLY TRANSLATED	NA	http://purl.obolibrary.org/obo/symp/releases/2022-11-30/symp.owl	Translator: Alexander Largaespada; Reviewer: Salvador G. Ordorica	NA
symp	definition	SYMP:0000613	IAO:0000115	A neurological and physiological symptom that is characterized by a rise of body temperature above the normal, whether as a natural response (as to infection) or artificially induced for therapeutic reasons.	Síntoma neurológico y fisiológico que se caracteriza por una elevación de la temperatura corporal por encima de lo normal, ya sea como respuesta natural (como a una infección) o inducida artificialmente por motivos terapéuticos.	The Spanish Group LLC (https://thespanishgroup.org/)	2024-05-21	en	es	MANUALLY TRANSLATED	NA	http://purl.obolibrary.org/obo/symp/releases/2022-11-30/symp.owl	Translator: Alexander Largaespada; Reviewer: Salvador G. Ordorica	NA
symp	definition	SYMP:0000614	IAO:0000115	A respiratory system and chest symptom that is characterized by an explosive expulsion of air from the lungs acting as a protective mechanism to clear the air passages or as a symptom of pulmonary disturbance.	Síntoma del sistema respiratorio y del tórax que se caracteriza por una expulsión explosiva de aire de los pulmones que actúa como mecanismo de protección para despejar las vías respiratorias o como síntoma de una alteración pulmonar.	The Spanish Group LLC (https://thespanishgroup.org/)	2024-05-21	en	es	MANUALLY TRANSLATED	NA	http://purl.obolibrary.org/obo/symp/releases/2022-11-30/symp.owl	Translator: Alexander Largaespada; Reviewer: Salvador G. Ordorica	NA
symp	definition	SYMP:0000620	IAO:0000115	An abdominal pain that is characterized by occurring in the left lower quadrant of the abdomen that is often related to the digestive tract, but can also be related to conditions of the body wall, skin, blood vessels, urinary tract, or reproductive organs.	Dolor abdominal que se caracteriza por producirse en el cuadrante inferior izquierdo del abdomen y que suele estar relacionado con el tubo digestivo, aunque también puede estar relacionado con afecciones de la pared corporal, la piel, los vasos sanguíneos, el tracto urinario o los órganos reproductores.	The Spanish Group LLC (https://thespanishgroup.org/)	2024-05-21	en	es	MANUALLY TRANSLATED	NA	http://purl.obolibrary.org/obo/symp/releases/2022-11-30/symp.owl	Translator: Alexander Largaespada; Reviewer: Salvador G. Ordorica	NA
symp	definition	SYMP:0000621	IAO:0000115	An aphasia that is characterized by a loss of ability to read.	Una afasia que se caracteriza por la pérdida de la capacidad de leer.	The Spanish Group LLC (https://thespanishgroup.org/)	2024-05-21	en	es	MANUALLY TRANSLATED	NA	http://purl.obolibrary.org/obo/symp/releases/2022-11-30/symp.owl	Translator: Alexander Largaespada; Reviewer: Salvador G. Ordorica	NA
symp	definition	SYMP:0000623	IAO:0000115	A renal failure that is characterized by a severe and sudden onset of renal failure.	Una insuficiencia renal que se caracteriza por una aparición grave y repentina de insuficiencia renal.	The Spanish Group LLC (https://thespanishgroup.org/)	2024-05-21	en	es	MANUALLY TRANSLATED	NA	http://purl.obolibrary.org/obo/symp/releases/2022-11-30/symp.owl	Translator: Alexander Largaespada; Reviewer: Salvador G. Ordorica	NA
symp	definition	SYMP:0000625	IAO:0000115	An alteration of consciousness that is characterized by a disturbance in sentience (the ability to experience feelings and sensations) or awareness of one's internal and external existence, i.e. inhibited or absent self-awareness.	Una alteración de la conciencia que se caracteriza por una perturbación de la sensibilidad (la capacidad de experimentar sentimientos y sensaciones) o de la conciencia de la propia existencia interna y externa, es decir, una autoconciencia inhibida o ausente.	The Spanish Group LLC (https://thespanishgroup.org/)	2024-05-21	en	es	MANUALLY TRANSLATED	NA	http://purl.obolibrary.org/obo/symp/releases/2022-11-30/symp.owl	Translator: Alexander Largaespada; Reviewer: Salvador G. Ordorica	NA
symp	definition	SYMP:0000629	IAO:0000115	A rash characterized by a widespread skin eruption usually occurring in children that is a symptom of a more general disease.	Un sarpullido caracterizado por una erupción cutánea generalizada que suele darse en niños y que es síntoma de una enfermedad más general.	The Spanish Group LLC (https://thespanishgroup.org/)	2024-05-21	en	es	MANUALLY TRANSLATED	NA	http://purl.obolibrary.org/obo/symp/releases/2022-11-30/symp.owl	Translator: Alexander Largaespada; Reviewer: Salvador G. Ordorica	NA
symp	definition	SYMP:0000632	IAO:0000115	A joint pain that is characterized by a pain situated, or occurring, in or around the hip.	Un dolor articular que se caracteriza por un dolor situado, o que se produce, en la cadera o alrededor de ella.	The Spanish Group LLC (https://thespanishgroup.org/)	2024-05-21	en	es	MANUALLY TRANSLATED	NA	http://purl.obolibrary.org/obo/symp/releases/2022-11-30/symp.owl	Translator: Alexander Largaespada; Reviewer: Salvador G. Ordorica	NA
symp	definition	SYMP:0000636	IAO:0000115	A rash characterized by papule(s), which are a raised area of the skin and macule(s), which are a flat red area of the skin.	Una erupción caracterizada por pápula(s), que son una zona elevada de la piel y mácula(s), que son una zona roja plana de la piel.	The Spanish Group LLC (https://thespanishgroup.org/)	2024-05-21	en	es	MANUALLY TRANSLATED	NA	http://purl.obolibrary.org/obo/symp/releases/2022-11-30/symp.owl	Translator: Alexander Largaespada; Reviewer: Salvador G. Ordorica	NA
symp	definition	SYMP:0000638	IAO:0000115	A rash characterized by papule(s), which are a raised area of the skin.	Erupción caracterizada por pápulas, que son una zona elevada de la piel.	The Spanish Group LLC (https://thespanishgroup.org/)	2024-05-21	en	es	MANUALLY TRANSLATED	NA	http://purl.obolibrary.org/obo/symp/releases/2022-11-30/symp.owl	Translator: Alexander Largaespada; Reviewer: Salvador G. Ordorica	NA
symp	definition	SYMP:0000640	IAO:0000115	A rash characterized by an inflammatory reaction of the skin on the ankles.	Erupción caracterizada por una reacción inflamatoria de la piel de los tobillos.	The Spanish Group LLC (https://thespanishgroup.org/)	2024-05-21	en	es	MANUALLY TRANSLATED	NA	http://purl.obolibrary.org/obo/symp/releases/2022-11-30/symp.owl	Translator: Alexander Largaespada; Reviewer: Salvador G. Ordorica	NA
symp	definition	SYMP:0000643	IAO:0000115	A respiratory system and chest symptom that is characterized by a difficulty to breathe on one's own and develops when the lungs cannot get enough oxygen into the blood.	Un síntoma del sistema respiratorio y del tórax que se caracteriza por una dificultad para respirar por sí mismo y que se desarrolla cuando los pulmones no pueden hacer llegar suficiente oxígeno a la sangre.	The Spanish Group LLC (https://thespanishgroup.org/)	2024-05-21	en	es	MANUALLY TRANSLATED	NA	http://purl.obolibrary.org/obo/symp/releases/2022-11-30/symp.owl	Translator: Alexander Largaespada; Reviewer: Salvador G. Ordorica	NA
symp	definition	SYMP:0000646	IAO:0000115	Synovitis is a joint inflammation characterized by an inflammation of a synovial membrane usually with pain and swelling of the joint.	La sinovitis es una inflamación articular caracterizada por la inflamación de una membrana sinovial que suele cursar con dolor e hinchazón de la articulación.	The Spanish Group LLC (https://thespanishgroup.org/)	2024-05-21	en	es	MANUALLY TRANSLATED	NA	http://purl.obolibrary.org/obo/symp/releases/2022-11-30/symp.owl	Translator: Alexander Largaespada; Reviewer: Salvador G. Ordorica	NA
symp	definition	SYMP:0000647	IAO:0000115	A skin ulcer that is characterized by a a small dark-centered ulcer that appears at the site of a tick bite and is the primary lesion of boutonneuse fever.	Una úlcera cutánea que se caracteriza por una pequeña úlcera de centro oscuro que aparece en el lugar de la picadura de una garrapata y es la lesión primaria de la fiebre boutonneuse.	The Spanish Group LLC (https://thespanishgroup.org/)	2024-05-21	en	es	MANUALLY TRANSLATED	NA	http://purl.obolibrary.org/obo/symp/releases/2022-11-30/symp.owl	Translator: Alexander Largaespada; Reviewer: Salvador G. Ordorica	NA
symp	definition	SYMP:0000654	IAO:0000115	A behavioral symptom that is characterized by a quick excitability to annoyance, impatience, or anger.	Síntoma de comportamiento que se caracteriza por una rápida excitabilidad ante el enfado, la impaciencia o la ira.	The Spanish Group LLC (https://thespanishgroup.org/)	2024-05-21	en	es	MANUALLY TRANSLATED	NA	http://purl.obolibrary.org/obo/symp/releases/2022-11-30/symp.owl	Translator: Alexander Largaespada; Reviewer: Salvador G. Ordorica	NA
symp	definition	SYMP:0000659	IAO:0000115	A paralysis that is charachterized by a slight or partial paralysis.	Una parálisis que se caracteriza por una parálisis leve o parcial.	The Spanish Group LLC (https://thespanishgroup.org/)	2024-05-21	en	es	MANUALLY TRANSLATED	NA	http://purl.obolibrary.org/obo/symp/releases/2022-11-30/symp.owl	Translator: Alexander Largaespada; Reviewer: Salvador G. Ordorica	NA
symp	definition	SYMP:0000660	IAO:0000115	A rash characterized by a red or purple hued small spots of blood appear on the skin caused by conditions that result in blood leaking into the skin and other body surfaces that does not fade when pressed upon.	Una erupción caracterizada por la aparición de pequeñas manchas de sangre de color rojo o púrpura en la piel, causada por afecciones que provocan fugas de sangre en la piel y otras superficies corporales y que no se desvanece cuando se presiona sobre ella.	The Spanish Group LLC (https://thespanishgroup.org/)	2024-05-21	en	es	MANUALLY TRANSLATED	NA	http://purl.obolibrary.org/obo/symp/releases/2022-11-30/symp.owl	Translator: Alexander Largaespada; Reviewer: Salvador G. Ordorica	NA
symp	definition	SYMP:0000662	IAO:0000115	Shakes is a general symptom characterized by a condition of trembling.	Los temblores son un síntoma general caracterizado por una condición de temblor.	The Spanish Group LLC (https://thespanishgroup.org/)	2024-05-21	en	es	MANUALLY TRANSLATED	NA	http://purl.obolibrary.org/obo/symp/releases/2022-11-30/symp.owl	Translator: Alexander Largaespada; Reviewer: Salvador G. Ordorica	NA
symp	definition	SYMP:0000666	IAO:0000115	A behavioral symptom that is characterized by behavior that is atypical or statistically uncommon within a particular culture, or that is maladaptive, or detrimental to an individual, or those around that individual.	Síntoma conductual que se caracteriza por un comportamiento atípico o estadísticamente infrecuente dentro de una cultura determinada, o que es inadaptado o perjudicial para un individuo o para quienes le rodean.	The Spanish Group LLC (https://thespanishgroup.org/)	2024-05-21	en	es	MANUALLY TRANSLATED	NA	http://purl.obolibrary.org/obo/symp/releases/2022-11-30/symp.owl	Translator: Alexander Largaespada; Reviewer: Salvador G. Ordorica	NA
symp	definition	SYMP:0000673	IAO:0000115	Bradykinesia is a hypokinesia characterized by an extreme slowness in the execution of movements and reflexes.	La bradicinesia es una hipocinesia caracterizada por una extrema lentitud en la ejecución de movimientos y reflejos.	The Spanish Group LLC (https://thespanishgroup.org/)	2024-05-21	en	es	MANUALLY TRANSLATED	NA	http://purl.obolibrary.org/obo/symp/releases/2022-11-30/symp.owl	Translator: Alexander Largaespada; Reviewer: Salvador G. Ordorica	NA
symp	definition	SYMP:0000675	IAO:0000115	Acute diarrhea is a diarrhea with either or both a rapid onset or a short course.	La diarrea aguda es una diarrea con un inicio rápido o un curso corto.	The Spanish Group LLC (https://thespanishgroup.org/)	2024-05-21	en	es	MANUALLY TRANSLATED	NA	http://purl.obolibrary.org/obo/symp/releases/2022-11-30/symp.owl	Translator: Alexander Largaespada; Reviewer: Salvador G. Ordorica	NA
symp	definition	SYMP:0000676	IAO:0000115	Acute enteritis is a enteritis with either or both a rapid onset and a short course which is usually due to bacteria or virus.	La enteritis aguda es una enteritis con un inicio rápido y un curso corto que suele deberse a bacterias o virus.	The Spanish Group LLC (https://thespanishgroup.org/)	2024-05-21	en	es	MANUALLY TRANSLATED	NA	http://purl.obolibrary.org/obo/symp/releases/2022-11-30/symp.owl	Translator: Alexander Largaespada; Reviewer: Salvador G. Ordorica	NA
symp	definition	SYMP:0000678	IAO:0000115	A nervous system symptom that is characterized by a severe and sudden onset of disturbance in the normal operation of one's cognition, emotional regulation, or behaviour.	Un síntoma del sistema nervioso que se caracteriza por una alteración grave y repentina del funcionamiento normal de la cognición, la regulación emocional o el comportamiento.	The Spanish Group LLC (https://thespanishgroup.org/)	2024-05-21	en	es	MANUALLY TRANSLATED	NA	http://purl.obolibrary.org/obo/symp/releases/2022-11-30/symp.owl	Translator: Alexander Largaespada; Reviewer: Salvador G. Ordorica	NA
symp	definition	SYMP:0000679	IAO:0000115	A dyspnea that is characterized by a severe and sudden onset.	Una disnea que se caracteriza por un inicio grave y repentino.	The Spanish Group LLC (https://thespanishgroup.org/)	2024-05-21	en	es	MANUALLY TRANSLATED	NA	http://purl.obolibrary.org/obo/symp/releases/2022-11-30/symp.owl	Translator: Alexander Largaespada; Reviewer: Salvador G. Ordorica	NA
symp	definition	SYMP:0000680	IAO:0000115	A weight loss that is characterized by a severe and sudden onset.	Una pérdida de peso que se caracteriza por un inicio grave y repentino.	The Spanish Group LLC (https://thespanishgroup.org/)	2024-05-21	en	es	MANUALLY TRANSLATED	NA	http://purl.obolibrary.org/obo/symp/releases/2022-11-30/symp.owl	Translator: Alexander Largaespada; Reviewer: Salvador G. Ordorica	NA
symp	definition	SYMP:0000681	IAO:0000115	A behavioral symptom that is characterized by behavior aimed at harming a person, or animal, or damaging physical property.	Un síntoma conductual que se caracteriza por un comportamiento dirigido a dañar a una persona, o animal, o a dañar la propiedad física.	The Spanish Group LLC (https://thespanishgroup.org/)	2024-05-21	en	es	MANUALLY TRANSLATED	NA	http://purl.obolibrary.org/obo/symp/releases/2022-11-30/symp.owl	Translator: Alexander Largaespada; Reviewer: Salvador G. Ordorica	NA
symp	definition	SYMP:0000682	IAO:0000115	A nervous system symptom that is characterized by a host of presentations that include changes in cognition, mood, behavior, and/or level of arousal.	Un síntoma del sistema nervioso que se caracteriza por una serie de presentaciones que incluyen cambios en la cognición, el estado de ánimo, el comportamiento y/o el nivel de excitación.	The Spanish Group LLC (https://thespanishgroup.org/)	2024-05-21	en	es	MANUALLY TRANSLATED	NA	http://purl.obolibrary.org/obo/symp/releases/2022-11-30/symp.owl	Translator: Alexander Largaespada; Reviewer: Salvador G. Ordorica	NA
symp	definition	SYMP:0000686	IAO:0000115	A cough that is characterized by an explosive expulsion of air from the lungs acting as a protective mechanism to clear the air passages or as a symptom of pulmonary disturbance marked by long duration, by frequent recurrence over a long time, and often by slowly progressing seriousness.	Una tos que se caracteriza por una expulsión explosiva de aire de los pulmones que actúa como mecanismo de protección para despejar las vías respiratorias o como síntoma de una alteración pulmonar marcada por una larga duración, por una recurrencia frecuente a lo largo de mucho tiempo y, a menudo, por una gravedad que progresa lentamente.	The Spanish Group LLC (https://thespanishgroup.org/)	2024-05-21	en	es	MANUALLY TRANSLATED	NA	http://purl.obolibrary.org/obo/symp/releases/2022-11-30/symp.owl	Translator: Alexander Largaespada; Reviewer: Salvador G. Ordorica	NA
symp	definition	SYMP:0000688	IAO:0000115	An abnormal involuntary movement that is characterized by an inability to walk in a straight line.	Movimiento involuntario anormal que se caracteriza por la incapacidad de caminar en línea recta.	The Spanish Group LLC (https://thespanishgroup.org/)	2024-05-21	en	es	MANUALLY TRANSLATED	NA	http://purl.obolibrary.org/obo/symp/releases/2022-11-30/symp.owl	Translator: Alexander Largaespada; Reviewer: Salvador G. Ordorica	NA
symp	definition	SYMP:0000695	IAO:0000115	A nutrition, metabolism, and development symptom that is characterized by a decrease in the production of milk in breastfeeding mothers.	Síntoma de nutrición, metabolismo y desarrollo que se caracteriza por una disminución de la producción de leche en las madres lactantes.	The Spanish Group LLC (https://thespanishgroup.org/)	2024-05-21	en	es	MANUALLY TRANSLATED	NA	http://purl.obolibrary.org/obo/symp/releases/2022-11-30/symp.owl	Translator: Alexander Largaespada; Reviewer: Salvador G. Ordorica	NA
symp	definition	SYMP:0000698	IAO:0000115	A feeding difficulties and mismanagement that is characterized by a decrease in muscle coordination to form a suck response so that the child can ingest milk.	Dificultades y mal manejo de la alimentación que se caracterizan por una disminución de la coordinación muscular para formar una respuesta de succión para que el niño pueda ingerir leche.	The Spanish Group LLC (https://thespanishgroup.org/)	2024-05-21	en	es	MANUALLY TRANSLATED	NA	http://purl.obolibrary.org/obo/symp/releases/2022-11-30/symp.owl	Translator: Alexander Largaespada; Reviewer: Salvador G. Ordorica	NA
symp	definition	SYMP:0000705	IAO:0000115	An aphasia that is characterized by damage to, or a developmental issues in, the anterior regions of the brain, including (but not limited to) the left inferior frontal region known as Broca's area. Sufferers of this form of aphasia exhibit the common problem of agrammatism. For them, speech is difficult to initiate, non-fluent, labored, and halting.	Una afasia que se caracteriza por daños o problemas de desarrollo en las regiones anteriores del cerebro, incluida (pero no limitada a) la región frontal inferior izquierda conocida como área de Broca. Los afectados por esta forma de afasia presentan el problema común del agramatismo. Para ellos, el habla es difícil de iniciar, no fluida, trabajosa y entrecortada.	The Spanish Group LLC (https://thespanishgroup.org/)	2024-05-21	en	es	MANUALLY TRANSLATED	NA	http://purl.obolibrary.org/obo/symp/releases/2022-11-30/symp.owl	Translator: Alexander Largaespada; Reviewer: Salvador G. Ordorica	NA
symp	definition	SYMP:0000712	IAO:0000115	A reproductive system symptom that is characterized the biological inability of a man or a woman to contribute to conception; or, the state of a woman who is unable to carry a pregnancy to full term.	Síntoma del sistema reproductor que se caracteriza por la incapacidad biológica de un hombre o una mujer para contribuir a la concepción; o, el estado de una mujer que es incapaz de llevar un embarazo a término.	The Spanish Group LLC (https://thespanishgroup.org/)	2024-05-21	en	es	MANUALLY TRANSLATED	NA	http://purl.obolibrary.org/obo/symp/releases/2022-11-30/symp.owl	Translator: Alexander Largaespada; Reviewer: Salvador G. Ordorica	NA
symp	definition	SYMP:0000715	IAO:0000115	A skin and integumentary tissue symptom that is characterized by the peeling off of skin in the form of scales.	Síntoma cutáneo y del tejido tegumentario que se caracteriza por la descamación de la piel en forma de escamas.	The Spanish Group LLC (https://thespanishgroup.org/)	2024-05-21	en	es	MANUALLY TRANSLATED	NA	http://purl.obolibrary.org/obo/symp/releases/2022-11-30/symp.owl	Translator: Alexander Largaespada; Reviewer: Salvador G. Ordorica	NA
symp	definition	SYMP:0000718	IAO:0000115	A neurological and physiological symptom that is characterized by a state in which an individual lacks normal awareness of self and the surrounding environment and one's ability to remain awake, aware, and oriented is impaired.	Un síntoma neurológico y fisiológico que se caracteriza por un estado en el que un individuo carece de la conciencia normal de sí mismo y del entorno que le rodea y su capacidad para permanecer despierto, consciente y orientado se ve mermada.	The Spanish Group LLC (https://thespanishgroup.org/)	2024-05-21	en	es	MANUALLY TRANSLATED	NA	http://purl.obolibrary.org/obo/symp/releases/2022-11-30/symp.owl	Translator: Alexander Largaespada; Reviewer: Salvador G. Ordorica	NA
symp	definition	SYMP:0000719	IAO:0000115	A neurological and physiological symptom that is characterized by a diminished or reduced ability to remember things such as dates and names, and increased forgetfulness.	Síntoma neurológico y fisiológico que se caracteriza por una capacidad disminuida o reducida para recordar cosas como fechas y nombres, y un aumento de los olvidos.	The Spanish Group LLC (https://thespanishgroup.org/)	2024-05-21	en	es	MANUALLY TRANSLATED	NA	http://purl.obolibrary.org/obo/symp/releases/2022-11-30/symp.owl	Translator: Alexander Largaespada; Reviewer: Salvador G. Ordorica	NA
symp	definition	SYMP:0000729	IAO:0000115	A respiratory system and chest symptom that is characterized by a region of normally compressible lung tissue that has filled with liquid instead of air.	Síntoma del sistema respiratorio y del tórax que se caracteriza por una región de tejido pulmonar normalmente compresible que se ha llenado de líquido en lugar de aire.	The Spanish Group LLC (https://thespanishgroup.org/)	2024-05-21	en	es	MANUALLY TRANSLATED	NA	http://purl.obolibrary.org/obo/symp/releases/2022-11-30/symp.owl	Translator: Alexander Largaespada; Reviewer: Salvador G. Ordorica	NA
symp	definition	SYMP:0000730	IAO:0000115	A respiratory abnormality that is characterized by an increased breathing rate, with more than 20 breaths per minute in an adult, while in children, the number of breaths per minute can be a higher resting rate than seen in adults.	Anomalía respiratoria que se caracteriza por un aumento de la frecuencia respiratoria, con más de 20 respiraciones por minuto en un adulto, mientras que en los niños, el número de respiraciones por minuto puede ser una frecuencia en reposo superior a la observada en los adultos.	The Spanish Group LLC (https://thespanishgroup.org/)	2024-05-21	en	es	MANUALLY TRANSLATED	NA	http://purl.obolibrary.org/obo/symp/releases/2022-11-30/symp.owl	Translator: Alexander Largaespada; Reviewer: Salvador G. Ordorica	NA
symp	definition	SYMP:0000731	IAO:0000115	A urinary system symptom that is characterized by a loss of excretory function in one or both kidneys, leading to retention of nitrogenous waste products from the blood.	Síntoma del sistema urinario que se caracteriza por una pérdida de la función excretora en uno o ambos riñones, lo que provoca la retención de productos de desecho nitrogenados de la sangre.	The Spanish Group LLC (https://thespanishgroup.org/)	2024-05-21	en	es	MANUALLY TRANSLATED	NA	http://purl.obolibrary.org/obo/symp/releases/2022-11-30/symp.owl	Translator: Alexander Largaespada; Reviewer: Salvador G. Ordorica	NA
symp	definition	SYMP:0000737	IAO:0000115	A respiratory system and chest symptom that is characterized by an ulceration (dying and sloughing) of the bronchial or bronchiolar epithelium, exposing the underlying basement membrane.	Un síntoma del sistema respiratorio y del tórax que se caracteriza por una ulceración (muerte y descamación) del epitelio bronquial o bronquiolar, dejando al descubierto la membrana basal subyacente.	The Spanish Group LLC (https://thespanishgroup.org/)	2024-05-21	en	es	MANUALLY TRANSLATED	NA	http://purl.obolibrary.org/obo/symp/releases/2022-11-30/symp.owl	Translator: Alexander Largaespada; Reviewer: Salvador G. Ordorica	NA
symp	definition	SYMP:0000739	IAO:0000115	A respiratory system and chest symptom that is characterized by bleeding (hemorrhage) in either or both the bronchi and the lungs.	Síntoma del aparato respiratorio y del tórax que se caracteriza por sangrado (hemorragia) en uno o ambos bronquios y pulmones.	The Spanish Group LLC (https://thespanishgroup.org/)	2024-05-21	en	es	MANUALLY TRANSLATED	NA	http://purl.obolibrary.org/obo/symp/releases/2022-11-30/symp.owl	Translator: Alexander Largaespada; Reviewer: Salvador G. Ordorica	NA
symp	definition	SYMP:0000742	IAO:0000115	Gum bleeding is a mouth symptom characterized by a copious discharge of blood from the blood vessels of the mucosal tissue that lies over the alveolar bone.	La hemorragia de las encías es un síntoma bucal caracterizado por una abundante secreción de sangre de los vasos sanguíneos del tejido mucoso que se encuentra sobre el hueso alveolar.	The Spanish Group LLC (https://thespanishgroup.org/)	2024-05-21	en	es	MANUALLY TRANSLATED	NA	http://purl.obolibrary.org/obo/symp/releases/2022-11-30/symp.owl	Translator: Alexander Largaespada; Reviewer: Salvador G. Ordorica	NA
symp	definition	SYMP:0000746	IAO:0000115	A skin and integumentary tissue symptom that is characterized by an eruption on a mucous surface.	Un síntoma de la piel y el tejido tegumentario que se caracteriza por una erupción en una superficie mucosa.	The Spanish Group LLC (https://thespanishgroup.org/)	2024-05-21	en	es	MANUALLY TRANSLATED	NA	http://purl.obolibrary.org/obo/symp/releases/2022-11-30/symp.owl	Translator: Alexander Largaespada; Reviewer: Salvador G. Ordorica	NA
symp	definition	SYMP:0000748	IAO:0000115	An adema that is characterized by an abnormal excess accumulation of serous fluid in connective tissue of the face.	Un adema que se caracteriza por un exceso anormal de acumulación de líquido seroso en el tejido conjuntivo de la cara.	The Spanish Group LLC (https://thespanishgroup.org/)	2024-05-21	en	es	MANUALLY TRANSLATED	NA	http://purl.obolibrary.org/obo/symp/releases/2022-11-30/symp.owl	Translator: Alexander Largaespada; Reviewer: Salvador G. Ordorica	NA
symp	definition	SYMP:0000756	IAO:0000115	A reproductive system symptom that is characterized an abnormally profuse menstrual flow.	Un síntoma del aparato reproductor que se caracteriza por un flujo menstrual anormalmente profuso.	The Spanish Group LLC (https://thespanishgroup.org/)	2024-05-21	en	es	MANUALLY TRANSLATED	NA	http://purl.obolibrary.org/obo/symp/releases/2022-11-30/symp.owl	Translator: Alexander Largaespada; Reviewer: Salvador G. Ordorica	NA
symp	definition	SYMP:0000759	IAO:0000115	A pain that is characterized by a pain situated, or occurring, in the parotid gland, which is a salivary gland located in front of the ears. (Additional salivary glands include the submandibular and sublingual glands.) Pain is attributed to swelling of the gland.	Dolor que se caracteriza por un dolor situado, o que se produce, en la glándula parótida, que es una glándula salival situada delante de las orejas. (Otras glándulas salivares son la submandibular y la sublingual). El dolor se atribuye a la inflamación de la glándula.	The Spanish Group LLC (https://thespanishgroup.org/)	2024-05-21	en	es	MANUALLY TRANSLATED	NA	http://purl.obolibrary.org/obo/symp/releases/2022-11-30/symp.owl	Translator: Alexander Largaespada; Reviewer: Salvador G. Ordorica	NA
symp	definition	SYMP:0000760	IAO:0000115	A skin and integumentary tissue symptom that is characterized by a minute reddish or purplish spot containing blood that appears in skin or mucous membrane as a result of localized hemorrhage.	Síntoma de la piel y los tejidos tegumentarios que se caracteriza por una diminuta mancha rojiza o violácea con sangre que aparece en la piel o la mucosa como consecuencia de una hemorragia localizada.	The Spanish Group LLC (https://thespanishgroup.org/)	2024-05-21	en	es	MANUALLY TRANSLATED	NA	http://purl.obolibrary.org/obo/symp/releases/2022-11-30/symp.owl	Translator: Alexander Largaespada; Reviewer: Salvador G. Ordorica	NA
symp	definition	SYMP:0000764	IAO:0000115	A pain that is characterized by a pain situated, or occurring, behind the eyeball.	Se caracteriza por un dolor situado, o que se produce, detrás del globo ocular.	The Spanish Group LLC (https://thespanishgroup.org/)	2024-05-21	en	es	MANUALLY TRANSLATED	NA	http://purl.obolibrary.org/obo/symp/releases/2022-11-30/symp.owl	Translator: Alexander Largaespada; Reviewer: Salvador G. Ordorica	NA
symp	definition	SYMP:0000768	IAO:0000115	A pain that is characterized by a pain in, or about, a testis (testicle) or testes. Testicular pain can be caused by nerve damage, sexually transmitted infections, gangrene, swelling, hernia, kidney stones, inflammation, enlarged veins, fluid in the testicle, or a severe condition known as testicular torsion.	Se caracteriza por un dolor en, o alrededor de, un testículo (testículo) o testículos. El dolor testicular puede estar causado por lesiones nerviosas, infecciones de transmisión sexual, gangrena, hinchazón, hernia, cálculos renales, inflamación, venas dilatadas, líquido en el testículo o una afección grave conocida como torsión testicular.	The Spanish Group LLC (https://thespanishgroup.org/)	2024-05-21	en	es	MANUALLY TRANSLATED	NA	http://purl.obolibrary.org/obo/symp/releases/2022-11-30/symp.owl	Translator: Alexander Largaespada; Reviewer: Salvador G. Ordorica	NA
symp	definition	SYMP:0000822	IAO:0000115	Chronic enteritis is a enteritis with slow progress, long duration, or frequent recurrence which can be due to Crohn's disease, giardiasis, tuberculosis, coeliac disease, or rarely due to Whipple's disease.	La enteritis crónica es una enteritis de evolución lenta, larga duración o recurrencia frecuente que puede deberse a la enfermedad de Crohn, la giardiasis, la tuberculosis, la enfermedad celíaca o, en raras ocasiones, a la enfermedad de Whipple.	The Spanish Group LLC (https://thespanishgroup.org/)	2024-05-21	en	es	MANUALLY TRANSLATED	NA	http://purl.obolibrary.org/obo/symp/releases/2022-11-30/symp.owl	Translator: Alexander Largaespada; Reviewer: Salvador G. Ordorica	NA
symp	definition	SYMP:0000823	IAO:0000115	Sinus bradycardia is a bradycardia where the sinus rhythm is abnormally slow bradycardia consisting of a sinus rhythm at a rate lower than 60 beats per minute.	La bradicardia sinusal es una bradicardia en la que el ritmo sinusal es anormalmente lento y consiste en un ritmo sinusal a una frecuencia inferior a 60 latidos por minuto.	The Spanish Group LLC (https://thespanishgroup.org/)	2024-05-21	en	es	MANUALLY TRANSLATED	NA	http://purl.obolibrary.org/obo/symp/releases/2022-11-30/symp.owl	Translator: Alexander Largaespada; Reviewer: Salvador G. Ordorica	NA
symp	definition	SYMP:0000824	IAO:0000115	Junctional tachycardia is a tachycardia associated with the generation of impulses in a locus in the region of the atrioventricular node.	La taquicardia de las articulaciones es una taquicardia asociada a la generación de impulsos en un lugar de la región del nódulo auriculoventricular.	The Spanish Group LLC (https://thespanishgroup.org/)	2024-05-21	en	es	MANUALLY TRANSLATED	NA	http://purl.obolibrary.org/obo/symp/releases/2022-11-30/symp.owl	Translator: Alexander Largaespada; Reviewer: Salvador G. Ordorica	NA
symp	definition	SYMP:0000825	IAO:0000115	Paroxysmal tachycardia is a tachycardia that begins and ends abruptly and that is initiated by a premature supraventricular beat originating in the atrium or in the atrioventricular node or bundle of His or by a premature ventricular beat.	La taquicardia paroxística es una taquicardia que comienza y termina bruscamente y que se inicia por un latido supraventricular prematuro originado en la aurícula o en el nódulo auriculoventricular o haz de His o por un latido ventricular prematuro.	The Spanish Group LLC (https://thespanishgroup.org/)	2024-05-21	en	es	MANUALLY TRANSLATED	NA	http://purl.obolibrary.org/obo/symp/releases/2022-11-30/symp.owl	Translator: Alexander Largaespada; Reviewer: Salvador G. Ordorica	NA
symp	definition	SYMP:0000826	IAO:0000115	Sinus tachycardia is a tachychardia characterized by an abnormally rapid sinus rhythm specifically a sinus rhythm at a rate greater than 100 beats per minute.	La taquicardia sinusal es una taquicardia caracterizada por un ritmo sinusal anormalmente rápido, concretamente un ritmo sinusal a una frecuencia superior a 100 latidos por minuto.	The Spanish Group LLC (https://thespanishgroup.org/)	2024-05-21	en	es	MANUALLY TRANSLATED	NA	http://purl.obolibrary.org/obo/symp/releases/2022-11-30/symp.owl	Translator: Alexander Largaespada; Reviewer: Salvador G. Ordorica	NA
symp	definition	SYMP:0000827	IAO:0000115	A tachycardia that is associated with the generation of improper electrical impulses within the ventricles, characterized by an electrocardiogram showing a rate of greater than 120 BPM and three or more wide QRS complexes in a row.	Es una taquicardia asociada a la generación de impulsos eléctricos inadecuados dentro de los ventrículos, caracterizada por un electrocardiograma que muestra una frecuencia superior a 120 lpm y tres o más complejos QRS anchos seguidos.	The Spanish Group LLC (https://thespanishgroup.org/)	2024-05-21	en	es	MANUALLY TRANSLATED	NA	http://purl.obolibrary.org/obo/symp/releases/2022-11-30/symp.owl	Translator: Alexander Largaespada; Reviewer: Salvador G. Ordorica	NA
symp	definition	SYMP:0000828	IAO:0000115	Sore eyes is a eye symptom characterized by an inflammation of the thin covering of the eyeball and the inner eyelid brought about by a viral infection which may be highly contagious.	El dolor de ojos es un síntoma ocular caracterizado por una inflamación de la fina cubierta del globo ocular y del párpado interno provocada por una infección vírica que puede ser muy contagiosa.	The Spanish Group LLC (https://thespanishgroup.org/)	2024-05-21	en	es	MANUALLY TRANSLATED	NA	http://purl.obolibrary.org/obo/symp/releases/2022-11-30/symp.owl	Translator: Alexander Largaespada; Reviewer: Salvador G. Ordorica	NA
symp	definition	SYMP:0000829	IAO:0000115	A pain that is characterized by an unpleasant sensation localized in the neck that usually indicates the body is threatened or damaged. The sensation may be sharp or dull, short-lived or chronic, intermittent or continual.	Un dolor que se caracteriza por una sensación desagradable localizada en el cuello que suele indicar que el cuerpo está amenazado o dañado. La sensación puede ser aguda o sorda, de corta duración o crónica, intermitente o continua.	The Spanish Group LLC (https://thespanishgroup.org/)	2024-05-21	en	es	MANUALLY TRANSLATED	NA	http://purl.obolibrary.org/obo/symp/releases/2022-11-30/symp.owl	Translator: Alexander Largaespada; Reviewer: Salvador G. Ordorica	NA
symp	definition	SYMP:0000830	IAO:0000115	A pain that is characterized by a painful sensation that is perceived to originate in the amputated portion of the extremety. Patients may have localized pain that originates in the stump.	Un dolor que se caracteriza por una sensación dolorosa que se percibe como originada en la parte amputada de la extremidad. Los pacientes pueden tener un dolor localizado que se origina en el muñón.	The Spanish Group LLC (https://thespanishgroup.org/)	2024-05-21	en	es	MANUALLY TRANSLATED	NA	http://purl.obolibrary.org/obo/symp/releases/2022-11-30/symp.owl	Translator: Alexander Largaespada; Reviewer: Salvador G. Ordorica	NA
symp	definition	SYMP:0000831	IAO:0000115	A pain that is characterized by originating from other than the peripheral and central nervous systems, and which is caused by activation of nociceptive fibers.	Un dolor que se caracteriza por tener un origen distinto de los sistemas nerviosos periférico y central, y que está causado por la activación de fibras nociceptivas.	The Spanish Group LLC (https://thespanishgroup.org/)	2024-05-21	en	es	MANUALLY TRANSLATED	NA	http://purl.obolibrary.org/obo/symp/releases/2022-11-30/symp.owl	Translator: Alexander Largaespada; Reviewer: Salvador G. Ordorica	NA
symp	definition	SYMP:0000832	IAO:0000115	A pain that is characterized by being experienced by cancer patients and which is caused by radiotherapy or chemotherapy damage to nerves, when cancer invades or compresses nerves, or when, during cancer treatment. This type of pain is typically described as burning, electrical, or strange feeling.	Un dolor que se caracteriza por ser experimentado por pacientes con cáncer y que está causado por el daño de la radioterapia o la quimioterapia a los nervios, cuando el cáncer invade o comprime los nervios, o cuando, durante el tratamiento del cáncer. Este tipo de dolor suele describirse como una sensación de quemazón, eléctrica o extraña.	The Spanish Group LLC (https://thespanishgroup.org/)	2024-05-21	en	es	MANUALLY TRANSLATED	NA	http://purl.obolibrary.org/obo/symp/releases/2022-11-30/symp.owl	Translator: Alexander Largaespada; Reviewer: Salvador G. Ordorica	NA
symp	definition	SYMP:0000833	IAO:0000115	A pain that is characterized by originating from organ tissues of the thorax, abdomen, or pelvis.  It characterizes as deep, vague, and difficult to locate pain, that radiates away from the affected organ.	Es un dolor que se caracteriza por originarse en los tejidos orgánicos del tórax, el abdomen o la pelvis.  Se caracteriza por ser un dolor profundo, vago y difícil de localizar, que se irradia fuera del órgano afectado.	The Spanish Group LLC (https://thespanishgroup.org/)	2024-05-21	en	es	MANUALLY TRANSLATED	NA	http://purl.obolibrary.org/obo/symp/releases/2022-11-30/symp.owl	Translator: Alexander Largaespada; Reviewer: Salvador G. Ordorica	NA
symp	definition	SYMP:0000834	IAO:0000115	A sensation perception that is characterized by a reduced sense of touch or sensation, or a partial loss of sensitivity to sensory stimuli.	Una percepción de sensaciones que se caracteriza por una disminución del sentido del tacto o de las sensaciones, o una pérdida parcial de la sensibilidad a los estímulos sensoriales.	The Spanish Group LLC (https://thespanishgroup.org/)	2024-05-21	en	es	MANUALLY TRANSLATED	NA	http://purl.obolibrary.org/obo/symp/releases/2022-11-30/symp.owl	Translator: Alexander Largaespada; Reviewer: Salvador G. Ordorica	NA
symp	definition	SYMP:0000835	IAO:0000115	A sensation perception that is characterized by a diminished sensitivity to painful stimulation.	Una percepción de sensaciones que se caracteriza por una sensibilidad disminuida a los estímulos dolorosos.	The Spanish Group LLC (https://thespanishgroup.org/)	2024-05-21	en	es	MANUALLY TRANSLATED	NA	http://purl.obolibrary.org/obo/symp/releases/2022-11-30/symp.owl	Translator: Alexander Largaespada; Reviewer: Salvador G. Ordorica	NA
symp	definition	SYMP:0000836	IAO:0000115	A sensation perception that is characterized by an increased response to a painful stimulus.	Una percepción de sensaciones que se caracteriza por un aumento de la respuesta a un estímulo doloroso.	The Spanish Group LLC (https://thespanishgroup.org/)	2024-05-21	en	es	MANUALLY TRANSLATED	NA	http://purl.obolibrary.org/obo/symp/releases/2022-11-30/symp.owl	Translator: Alexander Largaespada; Reviewer: Salvador G. Ordorica	NA
symp	definition	SYMP:0000837	IAO:0000115	A pain that is characterized by ranging from mild to severe and which continues beyond the expected healing phase.	Un dolor que se caracteriza por ir de leve a intenso y que se prolonga más allá de la fase de curación esperada.	The Spanish Group LLC (https://thespanishgroup.org/)	2024-05-21	en	es	MANUALLY TRANSLATED	NA	http://purl.obolibrary.org/obo/symp/releases/2022-11-30/symp.owl	Translator: Alexander Largaespada; Reviewer: Salvador G. Ordorica	NA
symp	definition	SYMP:0000838	IAO:0000115	A pain that is characterized by occurring with movement and is not controlled by a scheduled pain medication regimen, such that the pain breaks through the current regimen. This is usually referred to in the context of a short and long acting opioid, the short acting opioid being used to treat the breakthrough pain.	Un dolor que se caracteriza por producirse con el movimiento y que no se controla con un régimen de analgésicos programado, de tal forma que el dolor traspasa el régimen actual. Normalmente se habla de un opioide de acción corta y de uno de acción prolongada, utilizándose el opioide de acción corta para tratar el dolor irruptivo.	The Spanish Group LLC (https://thespanishgroup.org/)	2024-05-21	en	es	MANUALLY TRANSLATED	NA	http://purl.obolibrary.org/obo/symp/releases/2022-11-30/symp.owl	Translator: Alexander Largaespada; Reviewer: Salvador G. Ordorica	NA
symp	definition	SYMP:0000839	IAO:0000115	A pain that is characterized by being severe but lasting a relatively short time.	Un dolor que se caracteriza por ser intenso pero durar relativamente poco tiempo.	The Spanish Group LLC (https://thespanishgroup.org/)	2024-05-21	en	es	MANUALLY TRANSLATED	NA	http://purl.obolibrary.org/obo/symp/releases/2022-11-30/symp.owl	Translator: Alexander Largaespada; Reviewer: Salvador G. Ordorica	NA
symp	definition	SYMP:0000840	IAO:0000115	A pain that is characterized by a painful sensation with a normal, non-painful stimulation.	Un dolor que se caracteriza por una sensación dolorosa con una estimulación normal, no dolorosa.	The Spanish Group LLC (https://thespanishgroup.org/)	2024-05-21	en	es	MANUALLY TRANSLATED	NA	http://purl.obolibrary.org/obo/symp/releases/2022-11-30/symp.owl	Translator: Alexander Largaespada; Reviewer: Salvador G. Ordorica	NA
symp	definition	SYMP:0000841	IAO:0000115	Reactive hyperemia is a hyperemia occuring due to the dilation of arteriolar smooth muscle to increase blood flow in response to a profound increase in blood flow to an organ after being occluded. There will be a shortage of oxygen and a build-up of metabolic waste.	La hiperemia reactiva es una hiperemia que se produce debido a la dilatación del músculo liso arteriolar para aumentar el flujo sanguíneo en respuesta a un aumento profundo del flujo sanguíneo a un órgano después de haber sido ocluido. Se producirá una escasez de oxígeno y una acumulación de residuos metabólicos.	The Spanish Group LLC (https://thespanishgroup.org/)	2024-05-21	en	es	MANUALLY TRANSLATED	NA	http://purl.obolibrary.org/obo/symp/releases/2022-11-30/symp.owl	Translator: Alexander Largaespada; Reviewer: Salvador G. Ordorica	NA
symp	definition	SYMP:0000842	IAO:0000115	Active hyperemia is a hyperemia occuring due to the dilation of arteriolar smooth muscle to increase blood flow in response to an increase in metabolism.	La hiperemia activa es una hiperemia que se produce debido a la dilatación del músculo liso arteriolar para aumentar el flujo sanguíneo en respuesta a un aumento del metabolismo.	The Spanish Group LLC (https://thespanishgroup.org/)	2024-05-21	en	es	MANUALLY TRANSLATED	NA	http://purl.obolibrary.org/obo/symp/releases/2022-11-30/symp.owl	Translator: Alexander Largaespada; Reviewer: Salvador G. Ordorica	NA
symp	definition	SYMP:0000843	IAO:0000115	Functional hyperemia is a hyperemia occuring due to an increase in blood flow to a tissue due to the presence of metabolites and a change in general conditions.	La hiperemia funcional es una hiperemia que se produce por un aumento del flujo sanguíneo a un tejido debido a la presencia de metabolitos y a un cambio en las condiciones generales.	The Spanish Group LLC (https://thespanishgroup.org/)	2024-05-21	en	es	MANUALLY TRANSLATED	NA	http://purl.obolibrary.org/obo/symp/releases/2022-11-30/symp.owl	Translator: Alexander Largaespada; Reviewer: Salvador G. Ordorica	NA
symp	definition	SYMP:0000844	IAO:0000115	Hyperemia of the face is a head symptom consisting of an excess of blood in the tissues of the face as from an increased flow of blood due to vasodilation.	La hiperemia de la cara es un síntoma de la cabeza que consiste en un exceso de sangre en los tejidos de la cara como consecuencia de un aumento del flujo sanguíneo debido a una vasodilatación.	The Spanish Group LLC (https://thespanishgroup.org/)	2024-05-21	en	es	MANUALLY TRANSLATED	NA	http://purl.obolibrary.org/obo/symp/releases/2022-11-30/symp.owl	Translator: Alexander Largaespada; Reviewer: Salvador G. Ordorica	NA
symp	definition	SYMP:0000845	IAO:0000115	Hyperemia of the neck is a neck symptom consisting of an excess of blood in the tissues of the neck as from an increased flow of blood due to vasodilation.	La hiperemia del cuello es un síntoma del cuello que consiste en un exceso de sangre en los tejidos del cuello como consecuencia de un aumento del flujo sanguíneo debido a la vasodilatación.	The Spanish Group LLC (https://thespanishgroup.org/)	2024-05-21	en	es	MANUALLY TRANSLATED	NA	http://purl.obolibrary.org/obo/symp/releases/2022-11-30/symp.owl	Translator: Alexander Largaespada; Reviewer: Salvador G. Ordorica	NA
symp	definition	SYMP:0000846	IAO:0000115	Hyperemia of the chest is a cardiovascular system symptom consisting of an excess of blood in the tissues of the chest as from an increased flow of blood due to vasodilation.	La hiperemia torácica es un síntoma del sistema cardiovascular que consiste en un exceso de sangre en los tejidos del tórax como consecuencia de un aumento del flujo sanguíneo debido a la vasodilatación.	The Spanish Group LLC (https://thespanishgroup.org/)	2024-05-21	en	es	MANUALLY TRANSLATED	NA	http://purl.obolibrary.org/obo/symp/releases/2022-11-30/symp.owl	Translator: Alexander Largaespada; Reviewer: Salvador G. Ordorica	NA
symp	definition	SYMP:0000847	IAO:0000115	A paralysis that is characterized by a tonic spasm of the affected muscles and with increased tendon reflexes.	Una parálisis que se caracteriza por un espasmo tónico de los músculos afectados y con aumento de los reflejos tendinosos.	The Spanish Group LLC (https://thespanishgroup.org/)	2024-05-21	en	es	MANUALLY TRANSLATED	NA	http://purl.obolibrary.org/obo/symp/releases/2022-11-30/symp.owl	Translator: Alexander Largaespada; Reviewer: Salvador G. Ordorica	NA
symp	definition	SYMP:0000848	IAO:0000115	A paralysis that is characterized by a complete or partial loss of function the voluntary muscles.	Una parálisis que se caracteriza por una pérdida total o parcial de la función los músculos voluntarios.	The Spanish Group LLC (https://thespanishgroup.org/)	2024-05-21	en	es	MANUALLY TRANSLATED	NA	http://purl.obolibrary.org/obo/symp/releases/2022-11-30/symp.owl	Translator: Alexander Largaespada; Reviewer: Salvador G. Ordorica	NA
symp	definition	SYMP:0000849	IAO:0000115	A reproductive system symptom that is characterized by the birth of a dead fetus; in which  a fetus that has died in the uterus, or during labor, or delivery, exits a woman's body.	Un síntoma del sistema reproductor que se caracteriza por el nacimiento de un feto muerto; en el que un feto que ha muerto en el útero, o durante el parto, o el alumbramiento, sale del cuerpo de una mujer.	The Spanish Group LLC (https://thespanishgroup.org/)	2024-05-21	en	es	MANUALLY TRANSLATED	NA	http://purl.obolibrary.org/obo/symp/releases/2022-11-30/symp.owl	Translator: Alexander Largaespada; Reviewer: Salvador G. Ordorica	NA
symp	definition	SYMP:0000850	IAO:0000115	Congested sclera is a hyperemia characterized as the congestion of the vessels of the outer layer of the eye containing collagen and elastic fibers.	La esclerótica congestiva es una hiperemia caracterizada por la congestión de los vasos de la capa externa del ojo que contiene colágeno y fibras elásticas.	The Spanish Group LLC (https://thespanishgroup.org/)	2024-05-21	en	es	MANUALLY TRANSLATED	NA	http://purl.obolibrary.org/obo/symp/releases/2022-11-30/symp.owl	Translator: Alexander Largaespada; Reviewer: Salvador G. Ordorica	NA
symp	definition	SYMP:0000851	IAO:0000115	A hematuria that is characterized by the production of a visible redness in the urine.	Una hematuria que se caracteriza por la producción de un enrojecimiento visible en la orina.	The Spanish Group LLC (https://thespanishgroup.org/)	2024-05-21	en	es	MANUALLY TRANSLATED	NA	http://purl.obolibrary.org/obo/symp/releases/2022-11-30/symp.owl	Translator: Alexander Largaespada; Reviewer: Salvador G. Ordorica	NA
symp	definition	SYMP:0000852	IAO:0000115	A urinary system symptom that is characterized by the absence of, or by defective, urine excretion.	Un síntoma del sistema urinario que se caracteriza por la ausencia de excreción de orina o por una excreción defectuosa.	The Spanish Group LLC (https://thespanishgroup.org/)	2024-05-21	en	es	MANUALLY TRANSLATED	NA	http://purl.obolibrary.org/obo/symp/releases/2022-11-30/symp.owl	Translator: Alexander Largaespada; Reviewer: Salvador G. Ordorica	NA
symp	definition	SYMP:0000853	IAO:0000115	A urinary incontinence that is characterized by an involuntary leakage of urine from the bladder accompanying physical activity (as in laughing, coughing, sneezing, or physical exercise) which places increased pressure on the abdomen.	Una incontinencia urinaria que se caracteriza por una fuga involuntaria de orina de la vejiga que acompaña a la actividad física (como al reír, toser, estornudar o hacer ejercicio físico) que ejerce una mayor presión sobre el abdomen.	The Spanish Group LLC (https://thespanishgroup.org/)	2024-05-21	en	es	MANUALLY TRANSLATED	NA	http://purl.obolibrary.org/obo/symp/releases/2022-11-30/symp.owl	Translator: Alexander Largaespada; Reviewer: Salvador G. Ordorica	NA
symp	definition	SYMP:0000854	IAO:0000115	A menorrhagia that is characterized by an abnormally profuse or prolonged menstrual flow.	Una menorragia que se caracteriza por un flujo menstrual anormalmente profuso o prolongado.	The Spanish Group LLC (https://thespanishgroup.org/)	2024-05-21	en	es	MANUALLY TRANSLATED	NA	http://purl.obolibrary.org/obo/symp/releases/2022-11-30/symp.owl	Translator: Alexander Largaespada; Reviewer: Salvador G. Ordorica	NA
symp	definition	SYMP:0000855	IAO:0000115	A menorrhagia that is characterized by an irregular uterine bleeding, especially between menstrual periods.	Una menorragia que se caracteriza por un sangrado uterino irregular, especialmente entre periodos menstruales.	The Spanish Group LLC (https://thespanishgroup.org/)	2024-05-21	en	es	MANUALLY TRANSLATED	NA	http://purl.obolibrary.org/obo/symp/releases/2022-11-30/symp.owl	Translator: Alexander Largaespada; Reviewer: Salvador G. Ordorica	NA
symp	definition	SYMP:0000856	IAO:0000115	A vertigo that is characterized by a sensation that one's body is revolving in space.	Un vértigo que se caracteriza por una sensación de que el propio cuerpo gira en el espacio.	The Spanish Group LLC (https://thespanishgroup.org/)	2024-05-21	en	es	MANUALLY TRANSLATED	NA	http://purl.obolibrary.org/obo/symp/releases/2022-11-30/symp.owl	Translator: Alexander Largaespada; Reviewer: Salvador G. Ordorica	NA
symp	definition	SYMP:0000857	IAO:0000115	A vertigo that is characterized by a sensation that the external world is revolving.	Un vértigo que se caracteriza por una sensación de que el mundo exterior gira.	The Spanish Group LLC (https://thespanishgroup.org/)	2024-05-21	en	es	MANUALLY TRANSLATED	NA	http://purl.obolibrary.org/obo/symp/releases/2022-11-30/symp.owl	Translator: Alexander Largaespada; Reviewer: Salvador G. Ordorica	NA
symp	definition	SYMP:0000858	IAO:0000115	Hypokinesia is a musculoskeletal system  symptom characterized by the slow or diminished movement of body musculature. It may be associated with basal ganglia diseases; mental disorders; prolonged inactivity due to illness; experimental protocols used to evaluate the physiologic effects of immobility; and other conditions.	La hipocinesia es un síntoma del sistema musculoesquelético caracterizado por el movimiento lento o disminuido de la musculatura corporal. Puede estar asociada a enfermedades de los ganglios basales; trastornos mentales; inactividad prolongada debida a una enfermedad; protocolos experimentales utilizados para evaluar los efectos fisiológicos de la inmovilidad; y otras afecciones.	The Spanish Group LLC (https://thespanishgroup.org/)	2024-05-21	en	es	MANUALLY TRANSLATED	NA	http://purl.obolibrary.org/obo/symp/releases/2022-11-30/symp.owl	Translator: Alexander Largaespada; Reviewer: Salvador G. Ordorica	NA
symp	definition	SYMP:0000859	IAO:0000115	Rigidity hypokinesia a type of hypokinesia described as the increase in muscle tension when moved by an outside force.	Hipocinesia de rigidez un tipo de hipocinesia descrita como el aumento de la tensión muscular al ser movido por una fuerza exterior.	The Spanish Group LLC (https://thespanishgroup.org/)	2024-05-21	en	es	MANUALLY TRANSLATED	NA	http://purl.obolibrary.org/obo/symp/releases/2022-11-30/symp.owl	Translator: Alexander Largaespada; Reviewer: Salvador G. Ordorica	NA
symp	definition	SYMP:0000860	IAO:0000115	Postural instability hypokinesia is a hypokinesia described as a loss of ability to maintain an upright posture.	La hipocinesia por inestabilidad postural es una hipocinesia descrita como una pérdida de la capacidad para mantener una postura erguida.	The Spanish Group LLC (https://thespanishgroup.org/)	2024-05-21	en	es	MANUALLY TRANSLATED	NA	http://purl.obolibrary.org/obo/symp/releases/2022-11-30/symp.owl	Translator: Alexander Largaespada; Reviewer: Salvador G. Ordorica	NA
symp	definition	SYMP:0000861	IAO:0000115	Freezing hypokinesia is a hypkinesia where a person can not move their muscles how they want them to.	La hipocinesia por congelación es una hipocinesia en la que la persona no puede mover los músculos como desea.	The Spanish Group LLC (https://thespanishgroup.org/)	2024-05-21	en	es	MANUALLY TRANSLATED	NA	http://purl.obolibrary.org/obo/symp/releases/2022-11-30/symp.owl	Translator: Alexander Largaespada; Reviewer: Salvador G. Ordorica	NA
symp	definition	SYMP:0000862	IAO:0000115	A pain that is characterized by pain which is subjectively localized in one region although it is due to irritation in another region.	Se caracteriza por un dolor que se localiza subjetivamente en una región aunque se deba a una irritación en otra región.	The Spanish Group LLC (https://thespanishgroup.org/)	2024-05-21	en	es	MANUALLY TRANSLATED	NA	http://purl.obolibrary.org/obo/symp/releases/2022-11-30/symp.owl	Translator: Alexander Largaespada; Reviewer: Salvador G. Ordorica	NA
symp	definition	SYMP:0000863	IAO:0000115	Facial tremor is a head symptom characterized by a trembling or shaking of the muscles of the face usually from physical weakness, emotional stress, or disease, may be emphasized by the firm closure of the eyes, elevation of the eyebrows, or drawing down and outward of the corners of the mouth.	El temblor facial es un síntoma de la cabeza caracterizado por un temblor o sacudida de los músculos de la cara generalmente por debilidad física, estrés emocional o enfermedad, puede acentuarse por el cierre firme de los ojos, la elevación de las cejas o el dibujo hacia abajo y hacia fuera de las comisuras de la boca.	The Spanish Group LLC (https://thespanishgroup.org/)	2024-05-21	en	es	MANUALLY TRANSLATED	NA	http://purl.obolibrary.org/obo/symp/releases/2022-11-30/symp.owl	Translator: Alexander Largaespada; Reviewer: Salvador G. Ordorica	NA
symp	definition	SYMP:0000866	IAO:0000115	Cervical edema is a neck symptom characterized by an abnormal excess accumulation of serous fluid in the soft tissue of the cervical area.	El edema cervical es un síntoma del cuello caracterizado por un exceso anormal de acumulación de líquido seroso en el tejido blando de la zona cervical.	The Spanish Group LLC (https://thespanishgroup.org/)	2024-05-21	en	es	MANUALLY TRANSLATED	NA	http://purl.obolibrary.org/obo/symp/releases/2022-11-30/symp.owl	Translator: Alexander Largaespada; Reviewer: Salvador G. Ordorica	NA
symp	definition	SYMP:0000867	IAO:0000115	A digestive system symptom characterized by bleeding from one or more of the areas of the digestive or gastrointestinal (GI) tract that includes the espophagus, stomach, small intestine, large intestine or colon, rectum and anus.	Un síntoma del aparato digestivo caracterizado por una hemorragia de una o más de las zonas del tubo digestivo o gastrointestinal (GI) que incluye el esófago, el estómago, el intestino delgado, el intestino grueso o el colon, el recto y el ano.	The Spanish Group LLC (https://thespanishgroup.org/)	2024-05-21	en	es	MANUALLY TRANSLATED	NA	http://purl.obolibrary.org/obo/symp/releases/2022-11-30/symp.owl	Translator: Alexander Largaespada; Reviewer: Salvador G. Ordorica	NA
symp	definition	SYMP:0000868	IAO:0000115	A respiratory abnormality that is characterized by a shortness of breath, a hard or uncomfortable intake of air, or the feeling that you're not getting enough air.	Una anomalía respiratoria que se caracteriza por una respiración entrecortada, una toma de aire dura o incómoda o la sensación de que no está recibiendo suficiente aire.	The Spanish Group LLC (https://thespanishgroup.org/)	2024-05-21	en	es	MANUALLY TRANSLATED	NA	http://purl.obolibrary.org/obo/symp/releases/2022-11-30/symp.owl	Translator: Alexander Largaespada; Reviewer: Salvador G. Ordorica	NA
symp	definition	SYMP:0000869	IAO:0000115	A congestion that is characterized by a blockage of the nasal passages, usually due to the membranes lining the nose becoming swollen from inflamed blood vessels.	Una congestión que se caracteriza por una obstrucción de las fosas nasales, normalmente debida a que las membranas que recubren la nariz se hinchan por la inflamación de los vasos sanguíneos.	The Spanish Group LLC (https://thespanishgroup.org/)	2024-05-21	en	es	MANUALLY TRANSLATED	NA	http://purl.obolibrary.org/obo/symp/releases/2022-11-30/symp.owl	Translator: Alexander Largaespada; Reviewer: Salvador G. Ordorica	NA
symp	definition	SYMP:0000870	IAO:0000115	Icteric eyes is a eye symptom characterized by yellowed eyes due to bile or bilirubin accumulation.	Los ojos ictéricos son un síntoma ocular caracterizado por ojos amarillentos debido a la acumulación de bilis o bilirrubina.	The Spanish Group LLC (https://thespanishgroup.org/)	2024-05-21	en	es	MANUALLY TRANSLATED	NA	http://purl.obolibrary.org/obo/symp/releases/2022-11-30/symp.owl	Translator: Alexander Largaespada; Reviewer: Salvador G. Ordorica	NA
symp	definition	SYMP:0000871	IAO:0000115	A skin and integumentary tissue symptom that is characterized by yellowed mucous membranes due to bile or bilirubin accumulation.	Un síntoma de la piel y los tejidos tegumentarios que se caracteriza por el amarilleamiento de las membranas mucosas debido a la acumulación de bilis o bilirrubina.	The Spanish Group LLC (https://thespanishgroup.org/)	2024-05-21	en	es	MANUALLY TRANSLATED	NA	http://purl.obolibrary.org/obo/symp/releases/2022-11-30/symp.owl	Translator: Alexander Largaespada; Reviewer: Salvador G. Ordorica	NA
symp	definition	SYMP:0000872	IAO:0000115	A skin and integumentary tissue symptom that is characterized by yellowed skin due to bile or bilirubin accumulation.	Un síntoma de la piel y los tejidos tegumentarios que se caracteriza por una piel amarillenta debido a la acumulación de bilis o bilirrubina.	The Spanish Group LLC (https://thespanishgroup.org/)	2024-05-21	en	es	MANUALLY TRANSLATED	NA	http://purl.obolibrary.org/obo/symp/releases/2022-11-30/symp.owl	Translator: Alexander Largaespada; Reviewer: Salvador G. Ordorica	NA
symp	definition	SYMP:0000873	IAO:0000115	Otitis is a ear symptom characterized as a general term for inflammation or infection of the ear, in both humans and other animals.	La otitis es un síntoma del oído caracterizado como un término general para la inflamación o infección del oído, tanto en humanos como en otros animales.	The Spanish Group LLC (https://thespanishgroup.org/)	2024-05-21	en	es	MANUALLY TRANSLATED	NA	http://purl.obolibrary.org/obo/symp/releases/2022-11-30/symp.owl	Translator: Alexander Largaespada; Reviewer: Salvador G. Ordorica	NA
symp	definition	SYMP:0000874	IAO:0000115	A skin and integumentary tissue symptom that is characterized by a mass of usually clotted blood that forms in a tissue, organ, or body space as a result of a broken blood vessel generally the result of hemorrhage, or more specifically, internal bleeding.	Es un síntoma de la piel y los tejidos tegumentarios que se caracteriza por una masa de sangre generalmente coagulada que se forma en un tejido, órgano o espacio corporal como consecuencia de la rotura de un vaso sanguíneo generalmente resultado de una hemorragia o, más concretamente, de una hemorragia interna.	The Spanish Group LLC (https://thespanishgroup.org/)	2024-05-21	en	es	MANUALLY TRANSLATED	NA	http://purl.obolibrary.org/obo/symp/releases/2022-11-30/symp.owl	Translator: Alexander Largaespada; Reviewer: Salvador G. Ordorica	NA
symp	definition	SYMP:0000875	IAO:0000115	Lameness is a musculoskeletal system symptom where a person is physically disabled as the result of having a body part and especially a limb so disabled as to impair freedom of movement.	La cojera es un síntoma del sistema musculoesquelético en el que una persona está físicamente incapacitada como resultado de tener una parte del cuerpo y especialmente una extremidad tan incapacitada que le impide la libertad de movimiento.	The Spanish Group LLC (https://thespanishgroup.org/)	2024-05-21	en	es	MANUALLY TRANSLATED	NA	http://purl.obolibrary.org/obo/symp/releases/2022-11-30/symp.owl	Translator: Alexander Largaespada; Reviewer: Salvador G. Ordorica	NA
symp	definition	SYMP:0000876	IAO:0000115	Pericardial effusion is a cardiovascular system symptom where there is an abnormal accumulation of fluid in the pericardial cavity.	El derrame pericárdico es un síntoma del sistema cardiovascular en el que se produce una acumulación anormal de líquido en la cavidad pericárdica.	The Spanish Group LLC (https://thespanishgroup.org/)	2024-05-21	en	es	MANUALLY TRANSLATED	NA	http://purl.obolibrary.org/obo/symp/releases/2022-11-30/symp.owl	Translator: Alexander Largaespada; Reviewer: Salvador G. Ordorica	NA
symp	definition	SYMP:0000878	IAO:0000115	A fever that is characterized by a rise of body temperature above the normal that is sustained for only a short period of time.	Una fiebre que se caracteriza por un aumento de la temperatura corporal por encima de lo normal que se mantiene sólo durante un breve periodo de tiempo.	The Spanish Group LLC (https://thespanishgroup.org/)	2024-05-21	en	es	MANUALLY TRANSLATED	NA	http://purl.obolibrary.org/obo/symp/releases/2022-11-30/symp.owl	Translator: Alexander Largaespada; Reviewer: Salvador G. Ordorica	NA
symp	definition	SYMP:0000879	IAO:0000115	A mild fever that is characterized by a fever that does not exceed 38.5 degrees Celsius (101.3 degrees Fahrenheit).	Una fiebre leve que se caracteriza por una fiebre que no supera los 38.5 grados centígrados (101.3 grados Fahrenheit).	The Spanish Group LLC (https://thespanishgroup.org/)	2024-05-21	en	es	MANUALLY TRANSLATED	NA	http://purl.obolibrary.org/obo/symp/releases/2022-11-30/symp.owl	Translator: Alexander Largaespada; Reviewer: Salvador G. Ordorica	NA
symp	definition	SYMP:0000880	IAO:0000115	A fever that is characterized by as  persisting over a prolonged period of time.	Una fiebre que se caracteriza por ser persistente durante un periodo de tiempo prolongado.	The Spanish Group LLC (https://thespanishgroup.org/)	2024-05-21	en	es	MANUALLY TRANSLATED	NA	http://purl.obolibrary.org/obo/symp/releases/2022-11-30/symp.owl	Translator: Alexander Largaespada; Reviewer: Salvador G. Ordorica	NA
symp	definition	SYMP:0000881	IAO:0000115	A fever that is characterized by being mild in form.	Una fiebre que se caracteriza por ser de forma leve.	The Spanish Group LLC (https://thespanishgroup.org/)	2024-05-21	en	es	MANUALLY TRANSLATED	NA	http://purl.obolibrary.org/obo/symp/releases/2022-11-30/symp.owl	Translator: Alexander Largaespada; Reviewer: Salvador G. Ordorica	NA
symp	definition	SYMP:0000882	IAO:0000115	A fever that is characterized by an elevated temperature.	Una fiebre que se caracteriza por una temperatura elevada.	The Spanish Group LLC (https://thespanishgroup.org/)	2024-05-21	en	es	MANUALLY TRANSLATED	NA	http://purl.obolibrary.org/obo/symp/releases/2022-11-30/symp.owl	Translator: Alexander Largaespada; Reviewer: Salvador G. Ordorica	NA
symp	definition	SYMP:0000883	IAO:0000115	A high fever that is characterized by extremely high temperatures.	Fiebre alta que se caracteriza por temperaturas extremadamente elevadas.	The Spanish Group LLC (https://thespanishgroup.org/)	2024-05-21	en	es	MANUALLY TRANSLATED	NA	http://purl.obolibrary.org/obo/symp/releases/2022-11-30/symp.owl	Translator: Alexander Largaespada; Reviewer: Salvador G. Ordorica	NA
symp	definition	SYMP:0000886	IAO:0000115	A fever that is characterized by an extreme elevation of body temperature greater than, or equal to, 41.5 degrees Celsius (106.7 degrees Fahrenheit).	Una fiebre que se caracteriza por una elevación extrema de la temperatura corporal superior o igual a 41.5 grados Celsius (106.7 grados Fahrenheit).	The Spanish Group LLC (https://thespanishgroup.org/)	2024-05-21	en	es	MANUALLY TRANSLATED	NA	http://purl.obolibrary.org/obo/symp/releases/2022-11-30/symp.owl	Translator: Alexander Largaespada; Reviewer: Salvador G. Ordorica	NA
symp	definition	SYMP:0000887	IAO:0000115	A fever that is characterized by association with Hodgkin's lymphoma, where the fever alternates weekly from high to low.	Una fiebre que se caracteriza por la asociación con el linfoma de Hodgkin, en el que la fiebre alterna semanalmente de alta a baja.	The Spanish Group LLC (https://thespanishgroup.org/)	2024-05-21	en	es	MANUALLY TRANSLATED	NA	http://purl.obolibrary.org/obo/symp/releases/2022-11-30/symp.owl	Translator: Alexander Largaespada; Reviewer: Salvador G. Ordorica	NA
symp	definition	SYMP:0000888	IAO:0000115	A fever that is characterized by a temperature remaining above normal throughout the day and which does not fluctuate more than 1 degree Celsius in 24 hours.	Una fiebre que se caracteriza por una temperatura que se mantiene por encima de lo normal a lo largo del día y que no fluctúa más de 1 grado centígrado en 24 horas.	The Spanish Group LLC (https://thespanishgroup.org/)	2024-05-21	en	es	MANUALLY TRANSLATED	NA	http://purl.obolibrary.org/obo/symp/releases/2022-11-30/symp.owl	Translator: Alexander Largaespada; Reviewer: Salvador G. Ordorica	NA
symp	definition	SYMP:0000889	IAO:0000115	A fever that is characterized by a fever where the temperature remains above normal throughout the day and fluctuates more than 1 degree Celsius in 24 hours.	Una fiebre que se caracteriza por una temperatura que permanece por encima de lo normal a lo largo del día y que fluctúa más de 1 grado centígrado en 24 horas.	The Spanish Group LLC (https://thespanishgroup.org/)	2024-05-21	en	es	MANUALLY TRANSLATED	NA	http://purl.obolibrary.org/obo/symp/releases/2022-11-30/symp.owl	Translator: Alexander Largaespada; Reviewer: Salvador G. Ordorica	NA
symp	definition	SYMP:0000890	IAO:0000115	A fever that is characterized by  body temperature periodically rising and falling.	Fiebre que se caracteriza porque la temperatura corporal sube y baja periódicamente.	The Spanish Group LLC (https://thespanishgroup.org/)	2024-05-21	en	es	MANUALLY TRANSLATED	NA	http://purl.obolibrary.org/obo/symp/releases/2022-11-30/symp.owl	Translator: Alexander Largaespada; Reviewer: Salvador G. Ordorica	NA
symp	definition	SYMP:0000892	IAO:0000115	A nervous system symptom that is characterized by interpretation of the information perceived by sensory receptors.	Síntoma del sistema nervioso que se caracteriza por la interpretación de la información percibida por los receptores sensoriales.	The Spanish Group LLC (https://thespanishgroup.org/)	2024-05-21	en	es	MANUALLY TRANSLATED	NA	http://purl.obolibrary.org/obo/symp/releases/2022-11-30/symp.owl	Translator: Alexander Largaespada; Reviewer: Salvador G. Ordorica	NA
symp	definition	SYMP:0000893	IAO:0000115	A low blood pressure characterized by or due to abnormally low blood pressure, especially in the arteries of the systemic circulation.	Una presión arterial baja caracterizada por o debida a una presión arterial anormalmente baja, especialmente en las arterias de la circulación sistémica.	The Spanish Group LLC (https://thespanishgroup.org/)	2024-05-21	en	es	MANUALLY TRANSLATED	NA	http://purl.obolibrary.org/obo/symp/releases/2022-11-30/symp.owl	Translator: Alexander Largaespada; Reviewer: Salvador G. Ordorica	NA
symp	definition	SYMP:0000894	IAO:0000115	A skin and integumentary tissue symptom that is characterized by cold, moist and sticky skin.	Un síntoma cutáneo y del tejido tegumentario que se caracteriza por una piel fría, húmeda y pegajosa.	The Spanish Group LLC (https://thespanishgroup.org/)	2024-05-21	en	es	MANUALLY TRANSLATED	NA	http://purl.obolibrary.org/obo/symp/releases/2022-11-30/symp.owl	Translator: Alexander Largaespada; Reviewer: Salvador G. Ordorica	NA
symp	definition	SYMP:0000895	IAO:0000115	An acute allergic reaction to an antigen to which the body has become hypersensitive.	Una reacción alérgica aguda a un antígeno al que el organismo se ha vuelto hipersensible.	The Spanish Group LLC (https://thespanishgroup.org/)	2024-05-21	en	es	MANUALLY TRANSLATED	NA	http://purl.obolibrary.org/obo/symp/releases/2022-11-30/symp.owl	Translator: Alexander Largaespada; Reviewer: Salvador G. Ordorica	NA
symp	definition	SYMP:0000896	IAO:0000115	An abnormal protrusion or displacement of an eye or other body part.	Una protrusión o desplazamiento anormal de un ojo u otra parte del cuerpo.	The Spanish Group LLC (https://thespanishgroup.org/)	2024-05-21	en	es	MANUALLY TRANSLATED	NA	http://purl.obolibrary.org/obo/symp/releases/2022-11-30/symp.owl	Translator: Alexander Largaespada; Reviewer: Salvador G. Ordorica	NA
symp	definition	SYMP:0000897	IAO:0000115	A bradycardia associated with the generation of impules in the ventricles when impules from the atria fail to reach them, characterized by an electrocardiogram showing a heart rate below 50 BPM and a broad QRS complex.	Una bradicardia asociada a la generación de impulsos en los ventrículos cuando los impulsos de las aurículas no llegan a ellos, caracterizada por un electrocardiograma que muestra una frecuencia cardiaca inferior a 50 BPM y un amplio complejo QRS.	The Spanish Group LLC (https://thespanishgroup.org/)	2024-05-21	en	es	MANUALLY TRANSLATED	NA	http://purl.obolibrary.org/obo/symp/releases/2022-11-30/symp.owl	Translator: Alexander Largaespada; Reviewer: Salvador G. Ordorica	NA
symp	definition	SYMP:0000898	IAO:0000115	An arrhythmia characterized by rapid, irregular, and unsynchronized contraction of muscle fibers within the heart.	Una arritmia caracterizada por una contracción rápida, irregular y no sincronizada de las fibras musculares del corazón.	The Spanish Group LLC (https://thespanishgroup.org/)	2024-05-21	en	es	MANUALLY TRANSLATED	NA	http://purl.obolibrary.org/obo/symp/releases/2022-11-30/symp.owl	Translator: Alexander Largaespada; Reviewer: Salvador G. Ordorica	NA
symp	definition	SYMP:0000899	IAO:0000115	A cardiac fibrillation associated with quivering of the lower chambers of the heart, preventing blood from being pumped and causing cardiac arrest.	Una fibrilación cardiaca asociada al temblor de las cavidades inferiores del corazón, que impide el bombeo de sangre y provoca un paro cardiaco.	The Spanish Group LLC (https://thespanishgroup.org/)	2024-05-21	en	es	MANUALLY TRANSLATED	NA	http://purl.obolibrary.org/obo/symp/releases/2022-11-30/symp.owl	Translator: Alexander Largaespada; Reviewer: Salvador G. Ordorica	NA
symp	definition	SYMP:0000900	IAO:0000115	An immune system symptom that is characterized by sensitivities to substances called allergens.	Un síntoma del sistema inmunitario que se caracteriza por la sensibilidad a sustancias denominadas alérgenos.	The Spanish Group LLC (https://thespanishgroup.org/)	2024-05-21	en	es	MANUALLY TRANSLATED	NA	http://purl.obolibrary.org/obo/symp/releases/2022-11-30/symp.owl	Translator: Alexander Largaespada; Reviewer: Salvador G. Ordorica	NA
symp	definition	SYMP:0019145	IAO:0000115	Vomiting is a digestive system symptom characterized by throwing up the stomach contents.	El vómito es un síntoma del aparato digestivo caracterizado por la expulsión del contenido del estómago.	The Spanish Group LLC (https://thespanishgroup.org/)	2024-05-21	en	es	MANUALLY TRANSLATED	NA	http://purl.obolibrary.org/obo/symp/releases/2022-11-30/symp.owl	Translator: Alexander Largaespada; Reviewer: Salvador G. Ordorica	NA
symp	definition	SYMP:0019147	IAO:0000115	A vomiting where there is vomiting of blood.	Un vómito en el que hay vómitos de sangre.	The Spanish Group LLC (https://thespanishgroup.org/)	2024-05-21	en	es	MANUALLY TRANSLATED	NA	http://purl.obolibrary.org/obo/symp/releases/2022-11-30/symp.owl	Translator: Alexander Largaespada; Reviewer: Salvador G. Ordorica	NA
symp	definition	SYMP:0019151	IAO:0000115	A respiratory system and chest symptom that is characterized by an abnormal accumulation of fluid in the lungs.	Un síntoma del sistema respiratorio y el tórax que se caracteriza por una acumulación anormal de líquido en los pulmones.	The Spanish Group LLC (https://thespanishgroup.org/)	2024-05-21	en	es	MANUALLY TRANSLATED	NA	http://purl.obolibrary.org/obo/symp/releases/2022-11-30/symp.owl	Translator: Alexander Largaespada; Reviewer: Salvador G. Ordorica	NA
symp	definition	SYMP:0019152	IAO:0000115	A sweat that is characterized by excessive sweating commonly associated with shock and other medical emergency conditions.	Una sudoración que se caracteriza por una transpiración excesiva comúnmente asociada con el shock y otras condiciones de emergencia médica.	The Spanish Group LLC (https://thespanishgroup.org/)	2024-05-21	en	es	MANUALLY TRANSLATED	NA	http://purl.obolibrary.org/obo/symp/releases/2022-11-30/symp.owl	Translator: Alexander Largaespada; Reviewer: Salvador G. Ordorica	NA
symp	definition	SYMP:0019153	IAO:0000115	A respiratory abnormality that is characterized by difficult or labored respiration.	Una anomalía respiratoria que se caracteriza por una respiración difícil o trabajosa.	The Spanish Group LLC (https://thespanishgroup.org/)	2024-05-21	en	es	MANUALLY TRANSLATED	NA	http://purl.obolibrary.org/obo/symp/releases/2022-11-30/symp.owl	Translator: Alexander Largaespada; Reviewer: Salvador G. Ordorica	NA
symp	definition	SYMP:0019154	IAO:0000115	A respiratory abnormality that is characterized by inflammation of the mediastinum (the chest cavity, which contains the heart, the thymus gland, some lymph nodes, and parts of the esophagus, aorta, thyroid, and parathyroid glands) as the result of bleeding.	Una anomalía respiratoria que se caracteriza por la inflamación del mediastino (la cavidad torácica, que contiene el corazón, la glándula timo, algunos ganglios linfáticos y partes del esófago, la aorta, la tiroides y las glándulas paratiroides) como consecuencia de una hemorragia.	The Spanish Group LLC (https://thespanishgroup.org/)	2024-05-21	en	es	MANUALLY TRANSLATED	NA	http://purl.obolibrary.org/obo/symp/releases/2022-11-30/symp.owl	Translator: Alexander Largaespada; Reviewer: Salvador G. Ordorica	NA
symp	definition	SYMP:0019158	IAO:0000115	A skin and integumentary tissue symptom that is characterized by a scab formed especially after a burn.	Un síntoma de la piel y los tejidos tegumentarios que se caracteriza por una costra formada especialmente tras una quemadura.	The Spanish Group LLC (https://thespanishgroup.org/)	2024-05-21	en	es	MANUALLY TRANSLATED	NA	http://purl.obolibrary.org/obo/symp/releases/2022-11-30/symp.owl	Translator: Alexander Largaespada; Reviewer: Salvador G. Ordorica	NA
symp	definition	SYMP:0019160	IAO:0000115	A skin and integumentary tissue symptom that is characterized by a localized swelling and inflammation of the skin resulting from usually bacterial infection of a hair follicle and adjacent tissue, having a hard central core, and forming pus.	Un síntoma de la piel y los tejidos tegumentarios que se caracteriza por una hinchazón e inflamación localizadas de la piel como consecuencia de una infección, generalmente bacteriana, de un folículo piloso y el tejido adyacente, que tiene un núcleo central duro y forma pus.	The Spanish Group LLC (https://thespanishgroup.org/)	2024-05-21	en	es	MANUALLY TRANSLATED	NA	http://purl.obolibrary.org/obo/symp/releases/2022-11-30/symp.owl	Translator: Alexander Largaespada; Reviewer: Salvador G. Ordorica	NA
symp	definition	SYMP:0019161	IAO:0000115	A pain that is characterized by a pain in one or more muscles.	Un dolor que se caracteriza por un dolor en uno o más músculos.	The Spanish Group LLC (https://thespanishgroup.org/)	2024-05-21	en	es	MANUALLY TRANSLATED	NA	http://purl.obolibrary.org/obo/symp/releases/2022-11-30/symp.owl	Translator: Alexander Largaespada; Reviewer: Salvador G. Ordorica	NA
symp	definition	SYMP:0019167	IAO:0000115	A skin and integumentary tissue symptom that is characterized by a small circumscribed elevation of the skin containing pus and having an inflamed base.	Síntoma de la piel y los tejidos tegumentarios que se caracteriza por una pequeña elevación circunscrita de la piel que contiene pus y tiene una base inflamada.	The Spanish Group LLC (https://thespanishgroup.org/)	2024-05-21	en	es	MANUALLY TRANSLATED	NA	http://purl.obolibrary.org/obo/symp/releases/2022-11-30/symp.owl	Translator: Alexander Largaespada; Reviewer: Salvador G. Ordorica	NA
symp	definition	SYMP:0019169	IAO:0000115	Arthritis is a musculoskeletal system symptom characterized as an inflammation of joints due to infectious, metabolic, or constitutional causes.	La artritis es un síntoma del sistema musculoesquelético que se caracteriza por una inflamación de las articulaciones debida a causas infecciosas, metabólicas o constitucionales.	The Spanish Group LLC (https://thespanishgroup.org/)	2024-05-21	en	es	MANUALLY TRANSLATED	NA	http://purl.obolibrary.org/obo/symp/releases/2022-11-30/symp.owl	Translator: Alexander Largaespada; Reviewer: Salvador G. Ordorica	NA
symp	definition	SYMP:0019171	IAO:0000115	A nervous system symptom that is characterized by an inflammation of the vertebrae.	Un síntoma del sistema nervioso que se caracteriza por una inflamación de las vértebras.	The Spanish Group LLC (https://thespanishgroup.org/)	2024-05-21	en	es	MANUALLY TRANSLATED	NA	http://purl.obolibrary.org/obo/symp/releases/2022-11-30/symp.owl	Translator: Alexander Largaespada; Reviewer: Salvador G. Ordorica	NA
symp	definition	SYMP:0019173	IAO:0000115	A nervous system symptom that is characterized by an inflammation of the meninges and especially of the pia mater and the arachnoid.	Un síntoma del sistema nervioso que se caracteriza por una inflamación de las meninges y especialmente de la piamadre y la aracnoides.	The Spanish Group LLC (https://thespanishgroup.org/)	2024-05-21	en	es	MANUALLY TRANSLATED	NA	http://purl.obolibrary.org/obo/symp/releases/2022-11-30/symp.owl	Translator: Alexander Largaespada; Reviewer: Salvador G. Ordorica	NA
symp	definition	SYMP:0019175	IAO:0000115	A skin and integumentary tissue symptom that is characterized by the excretion of moisture in visible quantities through the opening of the sweat glands.	Síntoma cutáneo y de los tejidos tegumentarios que se caracteriza por la excreción de humedad en cantidades visibles a través de la abertura de las glándulas sudoríparas.	The Spanish Group LLC (https://thespanishgroup.org/)	2024-05-21	en	es	MANUALLY TRANSLATED	NA	http://purl.obolibrary.org/obo/symp/releases/2022-11-30/symp.owl	Translator: Alexander Largaespada; Reviewer: Salvador G. Ordorica	NA
symp	definition	SYMP:0019176	IAO:0000115	A neurological and physiological symptom that is characterized by an indefinite feeling of debility or lack of health, often indicative of or accompanying the onset of an illness.	Síntoma neurológico y fisiológico que se caracteriza por una sensación indefinida de debilidad o falta de salud, a menudo indicativa de una enfermedad o que acompaña a su aparición.	The Spanish Group LLC (https://thespanishgroup.org/)	2024-05-21	en	es	MANUALLY TRANSLATED	NA	http://purl.obolibrary.org/obo/symp/releases/2022-11-30/symp.owl	Translator: Alexander Largaespada; Reviewer: Salvador G. Ordorica	NA
symp	definition	SYMP:0019177	IAO:0000115	A neurological and physiological symptom that is characterized by a weariness or exhaustion from labor, exertion, or stress.	Síntoma neurológico y fisiológico que se caracteriza por un cansancio o agotamiento por el trabajo, el esfuerzo o el estrés.	The Spanish Group LLC (https://thespanishgroup.org/)	2024-05-21	en	es	MANUALLY TRANSLATED	NA	http://purl.obolibrary.org/obo/symp/releases/2022-11-30/symp.owl	Translator: Alexander Largaespada; Reviewer: Salvador G. Ordorica	NA
symp	definition	SYMP:0019178	IAO:0000115	A skin and integumentary tissue symptom that is characterized by regions of cell death to living tissue in an organ, which has suffered damage through injury or disease, such as a wound, ulcer, abscess, or tumor.	Un síntoma cutáneo y del tejido tegumentario que se caracteriza por regiones de muerte celular en el tejido vivo de un órgano, que ha sufrido daños por lesión o enfermedad, como una herida, úlcera, absceso o tumor.	The Spanish Group LLC (https://thespanishgroup.org/)	2024-05-21	en	es	MANUALLY TRANSLATED	NA	http://purl.obolibrary.org/obo/symp/releases/2022-11-30/symp.owl	Translator: Alexander Largaespada; Reviewer: Salvador G. Ordorica	NA
symp	definition	SYMP:0019179	IAO:0000115	A  balance symptom that is characterized by a condition of being dizzy or on the verge of fainting, particularly when one arises to a standing position. Lightheadedness is a predictable consequence of any medication tending to lower blood pressure.	Síntoma del equilibrio que se caracteriza por un estado de mareo o al borde del desmayo, sobre todo cuando uno se levanta a una posición de pie. El mareo es una consecuencia previsible de cualquier medicamento que tienda a bajar la tensión arterial.	The Spanish Group LLC (https://thespanishgroup.org/)	2024-05-21	en	es	MANUALLY TRANSLATED	NA	http://purl.obolibrary.org/obo/symp/releases/2022-11-30/symp.owl	Translator: Alexander Largaespada; Reviewer: Salvador G. Ordorica	NA
symp	definition	SYMP:0019180	IAO:0000115	Constipation is a feces and droppings symptom involving the abnormally delayed or infrequent passage of dry hardened feces. Constipation may be categorized into three subtypes: normal-transit, slow-transit, and pelvic floor dysfunction.	El estreñimiento es un síntoma de las heces y los excrementos que consiste en el paso anormalmente retardado o infrecuente de heces secas y endurecidas. El estreñimiento puede clasificarse en tres subtipos: de tránsito normal, de tránsito lento y por disfunción del suelo pélvico.	The Spanish Group LLC (https://thespanishgroup.org/)	2024-05-21	en	es	MANUALLY TRANSLATED	NA	http://purl.obolibrary.org/obo/symp/releases/2022-11-30/symp.owl	Translator: Alexander Largaespada; Reviewer: Salvador G. Ordorica	NA
symp	definition	SYMP:0019182	IAO:0000115	A nervous system symptom that is characterized by an involvement, or relation to, or emphasizes behavior.	Un síntoma del sistema nervioso que se caracteriza por una implicación, relación o énfasis en el comportamiento.	The Spanish Group LLC (https://thespanishgroup.org/)	2024-05-21	en	es	MANUALLY TRANSLATED	NA	http://purl.obolibrary.org/obo/symp/releases/2022-11-30/symp.owl	Translator: Alexander Largaespada; Reviewer: Salvador G. Ordorica	NA
symp	definition	SYMP:0019183	IAO:0000115	A behavioral symptom that is characterized by an increase in movement, impulsive actions, a shorter attention span, and being easily distracted.	Un síntoma del comportamiento que se caracteriza por un aumento del movimiento, acciones impulsivas, una capacidad de atención más corta y por distraerse con facilidad.	The Spanish Group LLC (https://thespanishgroup.org/)	2024-05-21	en	es	MANUALLY TRANSLATED	NA	http://purl.obolibrary.org/obo/symp/releases/2022-11-30/symp.owl	Translator: Alexander Largaespada; Reviewer: Salvador G. Ordorica	NA
symp	definition	SYMP:0019184	IAO:0000115	A behavioral symptom that is characterized by a restricted rate of information processing by the brain.	Un síntoma conductual que se caracteriza por un ritmo restringido de procesamiento de la información por parte del cerebro.	The Spanish Group LLC (https://thespanishgroup.org/)	2024-05-21	en	es	MANUALLY TRANSLATED	NA	http://purl.obolibrary.org/obo/symp/releases/2022-11-30/symp.owl	Translator: Alexander Largaespada; Reviewer: Salvador G. Ordorica	NA
symp	definition	SYMP:0019185	IAO:0000115	A behavioral symptom that is characterized by speech, language and communication needs or communication disabilities.	Un síntoma de comportamiento que se caracteriza por necesidades de habla, lenguaje y comunicación o discapacidades comunicativas.	The Spanish Group LLC (https://thespanishgroup.org/)	2024-05-21	en	es	MANUALLY TRANSLATED	NA	http://purl.obolibrary.org/obo/symp/releases/2022-11-30/symp.owl	Translator: Alexander Largaespada; Reviewer: Salvador G. Ordorica	NA
symp	definition	SYMP:0019186	IAO:0000115	A behavioral symptom that is characterized by obsessive and highly-focused interests.	Un síntoma de comportamiento que se caracteriza por intereses obsesivos y muy centrados.	The Spanish Group LLC (https://thespanishgroup.org/)	2024-05-21	en	es	MANUALLY TRANSLATED	NA	http://purl.obolibrary.org/obo/symp/releases/2022-11-30/symp.owl	Translator: Alexander Largaespada; Reviewer: Salvador G. Ordorica	NA
symp	definition	SYMP:0019187	IAO:0000115	A behavioral symptom that is characterized by an unusual repetitive motor movements or manipulation of objects.	Un síntoma conductual que se caracterice por una inusual repetición de movimientos motores o manipulación de objetos.	The Spanish Group LLC (https://thespanishgroup.org/)	2024-05-21	en	es	MANUALLY TRANSLATED	NA	http://purl.obolibrary.org/obo/symp/releases/2022-11-30/symp.owl	Translator: Alexander Largaespada; Reviewer: Salvador G. Ordorica	NA
symp	definition	SYMP:0019188	IAO:0000115	A hemorrhage that is characterized by any bleeding occurring within the skull.	Una hemorragia que se caracteriza por cualquier sangrado que se produzca dentro del cráneo.	The Spanish Group LLC (https://thespanishgroup.org/)	2024-05-21	en	es	MANUALLY TRANSLATED	NA	http://purl.obolibrary.org/obo/symp/releases/2022-11-30/symp.owl	Translator: Alexander Largaespada; Reviewer: Salvador G. Ordorica	NA
symp	definition	SYMP:0019189	IAO:0000115	A hemorrhage that is characterized by bleeding within the brain tissue itself.	Una hemorragia que se caracteriza por una hemorragia dentro del propio tejido cerebral.	The Spanish Group LLC (https://thespanishgroup.org/)	2024-05-21	en	es	MANUALLY TRANSLATED	NA	http://purl.obolibrary.org/obo/symp/releases/2022-11-30/symp.owl	Translator: Alexander Largaespada; Reviewer: Salvador G. Ordorica	NA
symp	definition	SYMP:0019190	IAO:0000115	A hemorrhage that is characterized by bleeding that occurs within the skull of head but outside the actual brain tissue.	Una hemorragia que se caracteriza por una hemorragia que se produce dentro del cráneo de la cabeza pero fuera del tejido cerebral propiamente dicho.	The Spanish Group LLC (https://thespanishgroup.org/)	2024-05-21	en	es	MANUALLY TRANSLATED	NA	http://purl.obolibrary.org/obo/symp/releases/2022-11-30/symp.owl	Translator: Alexander Largaespada; Reviewer: Salvador G. Ordorica	NA
symp	definition	SYMP:0020000	IAO:0000115	A respiratory system and chest symptom that is characterized by a narrowing in the airway that obstructs the passage of air into the lungs.  Examples include tracheal and laryngotracheal stenosis.	Un síntoma del sistema respiratorio y del tórax que se caracteriza por un estrechamiento de las vías respiratorias que obstruye el paso del aire a los pulmones.  Algunos ejemplos son la estenosis traqueal y laringotraqueal.	The Spanish Group LLC (https://thespanishgroup.org/)	2024-05-21	en	es	MANUALLY TRANSLATED	NA	http://purl.obolibrary.org/obo/symp/releases/2022-11-30/symp.owl	Translator: Alexander Largaespada; Reviewer: Salvador G. Ordorica	NA
symp	definition	SYMP:0020001	IAO:0000115	A skin ulcer that is characterized by a small recurrent, painful, round or ovoid ulcers with well-defined erythematous margins, like a halo, and a central yellow or gray floor found in the soft tissue of the oral cavity.	Una úlcera cutánea que se caracteriza por unas pequeñas úlceras recurrentes, dolorosas, redondas u ovoides, con márgenes eritematosos bien definidos, como un halo, y un suelo central amarillo o gris que se encuentran en el tejido blando de la cavidad oral.	The Spanish Group LLC (https://thespanishgroup.org/)	2024-05-21	en	es	MANUALLY TRANSLATED	NA	http://purl.obolibrary.org/obo/symp/releases/2022-11-30/symp.owl	Translator: Alexander Largaespada; Reviewer: Salvador G. Ordorica	NA
symp	definition	SYMP:0020004	IAO:0000115	A disturbances of sensation of smell and taste that is characterized by a complete loss of taste function of the tongue.	Trastorno de la sensibilidad olfativa y gustativa que se caracteriza por una pérdida completa de la función gustativa de la lengua.	The Spanish Group LLC (https://thespanishgroup.org/)	2024-05-21	en	es	MANUALLY TRANSLATED	NA	http://purl.obolibrary.org/obo/symp/releases/2022-11-30/symp.owl	Translator: Alexander Largaespada; Reviewer: Salvador G. Ordorica	NA
symp	definition	SYMP:0020006	IAO:0000115	A neurological and physiological symptom that is characterized by a feeling of irritability or severe restlessness.	Síntoma neurológico y fisiológico que se caracteriza por una sensación de irritabilidad o inquietud grave.	The Spanish Group LLC (https://thespanishgroup.org/)	2024-05-21	en	es	MANUALLY TRANSLATED	NA	http://purl.obolibrary.org/obo/symp/releases/2022-11-30/symp.owl	Translator: Alexander Largaespada; Reviewer: Salvador G. Ordorica	NA
symp	definition	SYMP:0020008	IAO:0000115	A cough that is characterized by a tight, low-pitched, and barky (like a barking seal) cough.	Una tos que se caracteriza por ser apretada, de tono bajo y ladridos (como una foca ladrando).	The Spanish Group LLC (https://thespanishgroup.org/)	2024-05-21	en	es	MANUALLY TRANSLATED	NA	http://purl.obolibrary.org/obo/symp/releases/2022-11-30/symp.owl	Translator: Alexander Largaespada; Reviewer: Salvador G. Ordorica	NA
symp	definition	SYMP:0020013	IAO:0000115	A weight loss that is characterized as deviating from what is normal or usual, typically in a way that is undesirable or worrying.	Una pérdida de peso que se caracteriza por desviarse de lo que es normal o habitual, normalmente de forma indeseable o preocupante.	The Spanish Group LLC (https://thespanishgroup.org/)	2024-05-21	en	es	MANUALLY TRANSLATED	NA	http://purl.obolibrary.org/obo/symp/releases/2022-11-30/symp.owl	Translator: Alexander Largaespada; Reviewer: Salvador G. Ordorica	NA
symp	definition	SYMP:0020014	IAO:0000115	A weight loss that is characterized by conditions that last 1 year or more and require ongoing medical attention, or limit activities of daily living, or both.	Una pérdida de peso que se caracteriza por afecciones que duran 1 año o más y requieren atención médica continua, o limitan las actividades de la vida diaria, o ambas cosas.	The Spanish Group LLC (https://thespanishgroup.org/)	2024-05-21	en	es	MANUALLY TRANSLATED	NA	http://purl.obolibrary.org/obo/symp/releases/2022-11-30/symp.owl	Translator: Alexander Largaespada; Reviewer: Salvador G. Ordorica	NA
symp	definition	SYMP:0020016	IAO:0000115	A weight gain that is characterized by a severe and sudden onset.	Un aumento de peso que se caracteriza por un inicio grave y repentino.	The Spanish Group LLC (https://thespanishgroup.org/)	2024-05-21	en	es	MANUALLY TRANSLATED	NA	http://purl.obolibrary.org/obo/symp/releases/2022-11-30/symp.owl	Translator: Alexander Largaespada; Reviewer: Salvador G. Ordorica	NA
symp	definition	SYMP:0020017	IAO:0000115	A weight gain that is characterized by conditions that last 1 year or more and require ongoing medical attention, or limit activities of daily living, or both.	Un aumento de peso que se caracteriza por afecciones que duran 1 año o más y requieren atención médica continua, o limitan las actividades de la vida diaria, o ambas.	The Spanish Group LLC (https://thespanishgroup.org/)	2024-05-21	en	es	MANUALLY TRANSLATED	NA	http://purl.obolibrary.org/obo/symp/releases/2022-11-30/symp.owl	Translator: Alexander Largaespada; Reviewer: Salvador G. Ordorica	NA
symp	definition	SYMP:0020018	IAO:0000115	A weight symptom that is characterized by being too heavy for one’s height. Excess body weight can come from fat, muscle, bone, and/or water retention. Being overweight does not always mean being obese.	Un síntoma de peso que se caracteriza por ser demasiado pesado para la propia estatura. El exceso de peso corporal puede proceder de la retención de grasa, músculo, hueso y/o agua. Tener sobrepeso no siempre significa ser obeso.	The Spanish Group LLC (https://thespanishgroup.org/)	2024-05-21	en	es	MANUALLY TRANSLATED	NA	http://purl.obolibrary.org/obo/symp/releases/2022-11-30/symp.owl	Translator: Alexander Largaespada; Reviewer: Salvador G. Ordorica	NA
symp	definition	SYMP:0020019	IAO:0000115	A nose symptom that is characterized by an an excessive secretion of mucous down the back of the throat.	Un síntoma de nariz que se caracteriza por una secreción excesiva de mucosidad por la parte posterior de la garganta.	The Spanish Group LLC (https://thespanishgroup.org/)	2024-05-21	en	es	MANUALLY TRANSLATED	NA	http://purl.obolibrary.org/obo/symp/releases/2022-11-30/symp.owl	Translator: Alexander Largaespada; Reviewer: Salvador G. Ordorica	NA
symp	definition	SYMP:0020022	IAO:0000115	An ear symptom - need proper definition - placeholder for xref.	Un síntoma del oído - necesita una definición adecuada - marcador de posición para xref.	The Spanish Group LLC (https://thespanishgroup.org/)	2024-05-21	en	es	MANUALLY TRANSLATED	NA	http://purl.obolibrary.org/obo/symp/releases/2022-11-30/symp.owl	Translator: Alexander Largaespada; Reviewer: Salvador G. Ordorica	NA
symp	definition	SYMP:0020024	IAO:0000115	A respiratory system and chest symptom that is characterized by constriction of the air passages of the lung (as in asthma) by spasmodic contraction of the bronchial muscles.	Síntoma del sistema respiratorio y del tórax que se caracteriza por la constricción de los conductos de aire del pulmón (como en el asma) por la contracción espasmódica de los músculos bronquiales.	The Spanish Group LLC (https://thespanishgroup.org/)	2024-05-21	en	es	MANUALLY TRANSLATED	NA	http://purl.obolibrary.org/obo/symp/releases/2022-11-30/symp.owl	Translator: Alexander Largaespada; Reviewer: Salvador G. Ordorica	NA
symp	definition	SYMP:0020025	IAO:0000115	A respiratory system and chest symptom that is characterized by necrosis of tissue with conversion of damaged tissue into a soft cheesy substance.	Un síntoma del sistema respiratorio y del tórax que se caracteriza por la necrosis del tejido con conversión del tejido dañado en una sustancia blanda quesosa.	The Spanish Group LLC (https://thespanishgroup.org/)	2024-05-21	en	es	MANUALLY TRANSLATED	NA	http://purl.obolibrary.org/obo/symp/releases/2022-11-30/symp.owl	Translator: Alexander Largaespada; Reviewer: Salvador G. Ordorica	NA
symp	definition	SYMP:0020027	IAO:0000115	A cough that is characterized by a production and expectoration (bringing up) of mucus (phlegm) or sputum.	Tos que se caracteriza por la producción y expectoración (expulsión) de mucosidad (flema) o esputo.	The Spanish Group LLC (https://thespanishgroup.org/)	2024-05-21	en	es	MANUALLY TRANSLATED	NA	http://purl.obolibrary.org/obo/symp/releases/2022-11-30/symp.owl	Translator: Alexander Largaespada; Reviewer: Salvador G. Ordorica	NA
symp	definition	SYMP:0020029	IAO:0000115	An alteration of consciousness that is characterized by a decreased ability to focus one's thoughts on something. Concentration difficulties can be related to difficulty staying awake, impulsiveness, intrusive thoughts or concerns, overactivity, or inattention. They can be caused by medical, cognitive or psychological problems, or, may be related to sleep disorders, medications, alcohol, or drugs.	Alteración de la conciencia que se caracteriza por una disminución de la capacidad para centrar los pensamientos en algo. Las dificultades de concentración pueden estar relacionadas con la dificultad para mantenerse despierto, la impulsividad, los pensamientos o preocupaciones intrusivos, la hiperactividad o la falta de atención. Pueden estar causadas por problemas médicos, cognitivos o psicológicos, o, pueden estar relacionadas con trastornos del sueño, medicamentos, alcohol o drogas.	The Spanish Group LLC (https://thespanishgroup.org/)	2024-05-21	en	es	MANUALLY TRANSLATED	NA	http://purl.obolibrary.org/obo/symp/releases/2022-11-30/symp.owl	Translator: Alexander Largaespada; Reviewer: Salvador G. Ordorica	NA
symp	definition	SYMP:0020030	IAO:0000115	A hair symptom that is characterized by patchy hair loss and the presence of comedo-like cadaver hairs, which appear as black dots.	Un síntoma capilar que se caracteriza por la caída irregular del cabello y la presencia de pelos cadavéricos parecidos a comedones, que aparecen como puntos negros.	The Spanish Group LLC (https://thespanishgroup.org/)	2024-05-21	en	es	MANUALLY TRANSLATED	NA	http://purl.obolibrary.org/obo/symp/releases/2022-11-30/symp.owl	Translator: Alexander Largaespada; Reviewer: Salvador G. Ordorica	NA
symp	definition	SYMP:0020031	IAO:0000115	A respiratory system and chest symptom that is characterized by pain, pressure, tightness, or other discomfort originating in or radiating to the chest, which constitutes an important indicator of potentially serious cardiac or cardiovascular disorders.	Un síntoma del sistema respiratorio y el tórax que se caracteriza por dolor, presión, opresión u otras molestias originadas en el tórax o irradiadas al mismo, lo que constituye un indicador importante de trastornos cardíacos o cardiovasculares potencialmente graves.	The Spanish Group LLC (https://thespanishgroup.org/)	2024-05-21	en	es	MANUALLY TRANSLATED	NA	http://purl.obolibrary.org/obo/symp/releases/2022-11-30/symp.owl	Translator: Alexander Largaespada; Reviewer: Salvador G. Ordorica	NA
symp	definition	SYMP:0020032	IAO:0000115	A chest discomfort that is characterized by any type of pain or discomfort between your upper belly and lower neck.	Un malestar torácico que se caracteriza por cualquier tipo de dolor o molestia entre la parte superior del vientre y la parte inferior del cuello.	The Spanish Group LLC (https://thespanishgroup.org/)	2024-05-21	en	es	MANUALLY TRANSLATED	NA	http://purl.obolibrary.org/obo/symp/releases/2022-11-30/symp.owl	Translator: Alexander Largaespada; Reviewer: Salvador G. Ordorica	NA
symp	definition	SYMP:0020033	IAO:0000115	A cough that is characterized by a persistent cough with sudden onset due to difficulty expelling thick mucus from the tracheobronchial tree. This type of cough is associated with diseases such as Pertussis (Whooping Cough).	Una tos que se caracteriza por una tos persistente de aparición repentina debida a la dificultad para expulsar la mucosidad espesa del árbol traqueobronquial. Este tipo de tos se asocia a enfermedades como la tosferina (tos convulsiva).	The Spanish Group LLC (https://thespanishgroup.org/)	2024-05-21	en	es	MANUALLY TRANSLATED	NA	http://purl.obolibrary.org/obo/symp/releases/2022-11-30/symp.owl	Translator: Alexander Largaespada; Reviewer: Salvador G. Ordorica	NA
symp	definition	SYMP:0020035	IAO:0000115	An eye symptom that is characterized by (need def conjunctival congestion - placeholder for xref).	Un síntoma ocular que se caracteriza por (need def conjunctival congestion - marcador de posición for xref).	The Spanish Group LLC (https://thespanishgroup.org/)	2024-05-21	en	es	MANUALLY TRANSLATED	NA	http://purl.obolibrary.org/obo/symp/releases/2022-11-30/symp.owl	Translator: Alexander Largaespada; Reviewer: Salvador G. Ordorica	NA
symp	definition	SYMP:0020037	IAO:0000115	An eye symptom that is characterized by (need def conjunctival suffusion - placeholder for xref).	Un síntoma ocular que se caracteriza por (necesidad def sufusión conjuntival - marcador de posición para xref).	The Spanish Group LLC (https://thespanishgroup.org/)	2024-05-21	en	es	MANUALLY TRANSLATED	NA	http://purl.obolibrary.org/obo/symp/releases/2022-11-30/symp.owl	Translator: Alexander Largaespada; Reviewer: Salvador G. Ordorica	NA
symp	definition	SYMP:0020039	IAO:0000115	A musculoskeletal system symptom that is characterized by a permanent tightening of the muscles, tendons, skin, and nearby tissues that causes the joints to shorten and become very stiff.	Síntoma del sistema musculoesquelético que se caracteriza por una tensión permanente de los músculos, tendones, piel y tejidos cercanos que hace que las articulaciones se acorten y se vuelvan muy rígidas.	The Spanish Group LLC (https://thespanishgroup.org/)	2024-05-21	en	es	MANUALLY TRANSLATED	NA	http://purl.obolibrary.org/obo/symp/releases/2022-11-30/symp.owl	Translator: Alexander Largaespada; Reviewer: Salvador G. Ordorica	NA
symp	definition	SYMP:0020041	IAO:0000115	A hair symptom that is characterized by coiled “corkscrew” hairs on the surface of the arms, legs and chest, which can occur as a result low level of ascorbic acid (vitamin C).	Un síntoma capilar que se caracteriza por pelos enroscados en forma de ""sacacorchos"" en la superficie de los brazos, las piernas y el pecho, que puede producirse como resultado de un nivel bajo de ácido ascórbico (vitamina C).	The Spanish Group LLC (https://thespanishgroup.org/)	2024-05-21	en	es	MANUALLY TRANSLATED	NA	http://purl.obolibrary.org/obo/symp/releases/2022-11-30/symp.owl	Translator: Alexander Largaespada; Reviewer: Salvador G. Ordorica	NA
symp	definition	SYMP:0020042	IAO:0000115	A cornea symptom that is characterized by scarring (an opacity or irregularity in the cornea) of the cornea, from trauma; abrasion; bacterial, fungal, viral, or parasitic infection; or disease, and can result in impaired vision, or even blindness.	Un síntoma de la córnea que se caracteriza por la cicatrización (una opacidad o irregularidad en la córnea) de la córnea, a causa de un traumatismo; una abrasión; una infección bacteriana, fúngica, vírica o parasitaria; o una enfermedad, y que puede provocar problemas de visión, o incluso ceguera.	The Spanish Group LLC (https://thespanishgroup.org/)	2024-05-21	en	es	MANUALLY TRANSLATED	NA	http://purl.obolibrary.org/obo/symp/releases/2022-11-30/symp.owl	Translator: Alexander Largaespada; Reviewer: Salvador G. Ordorica	NA
symp	definition	SYMP:0020043	IAO:0000115	A urinary system symptom that is characterized by an elevation in the concentration of the the pigments from foods, dyes, and medications in urine. The dilution of these pigment is dependent on the amount of water intake and severe dehydration can lead to a dark color.	Síntoma del sistema urinario que se caracteriza por una elevación de la concentración en la orina de los pigmentos procedentes de alimentos, tintes y medicamentos. La dilución de estos pigmentos depende de la cantidad de agua ingerida y una deshidratación grave puede provocar un color oscuro.	The Spanish Group LLC (https://thespanishgroup.org/)	2024-05-21	en	es	MANUALLY TRANSLATED	NA	http://purl.obolibrary.org/obo/symp/releases/2022-11-30/symp.owl	Translator: Alexander Largaespada; Reviewer: Salvador G. Ordorica	NA
symp	definition	SYMP:0020044	IAO:0000115	A hair symptom that is characterized by significant falling out of hair, which may be a result of stress, high fever, and other factors.	Un síntoma capilar que se caracteriza por una caída importante del cabello, que puede ser consecuencia del estrés, la fiebre alta y otros factores.	The Spanish Group LLC (https://thespanishgroup.org/)	2024-05-21	en	es	MANUALLY TRANSLATED	NA	http://purl.obolibrary.org/obo/symp/releases/2022-11-30/symp.owl	Translator: Alexander Largaespada; Reviewer: Salvador G. Ordorica	NA
symp	definition	SYMP:0020045	IAO:0000115	A neurological and physiological symptom that is characterized by any of the following: dizziness or vertigo (a spinning sensation); falling or feeling as if you are going to fall; staggering when walking; lightheadedness, faintness, or a floating sensation; and confusion or disorientation.	Un síntoma neurológico y fisiológico que se caracteriza por cualquiera de los siguientes síntomas: mareo o vértigo (sensación de dar vueltas); caídas o sensación de que se va a caer; tambaleo al caminar; aturdimiento, desmayo o sensación de flotar; y confusión o desorientación.	The Spanish Group LLC (https://thespanishgroup.org/)	2024-05-21	en	es	MANUALLY TRANSLATED	NA	http://purl.obolibrary.org/obo/symp/releases/2022-11-30/symp.owl	Translator: Alexander Largaespada; Reviewer: Salvador G. Ordorica	NA
symp	definition	SYMP:0020046	IAO:0000115	A feeding difficulties and mismanagement that is characterized by delays and/or disorders in the development of eating and drinking skills including disordered placement of food in the mouth, difficulty in appropriately manipulating food when it is in the mouth, difficulty chewing, and/or difficulty swallowing.	Unas dificultades y un mal manejo de la alimentación que se caracterizan por retrasos y/o trastornos en el desarrollo de las habilidades para comer y beber, incluida la colocación desordenada de los alimentos en la boca, la dificultad para manipular adecuadamente los alimentos cuando están en la boca, la dificultad para masticar y/o la dificultad para tragar.	The Spanish Group LLC (https://thespanishgroup.org/)	2024-05-21	en	es	MANUALLY TRANSLATED	NA	http://purl.obolibrary.org/obo/symp/releases/2022-11-30/symp.owl	Translator: Alexander Largaespada; Reviewer: Salvador G. Ordorica	NA
symp	definition	SYMP:0020047	IAO:0000115	A paralysis that is characterized by a loss of motor function in one or more muscles, which can also be accompanied by a loss of feeling (sensory loss). Descending paralysis contrasts with ascending paralysis in that descending paralysis presents in the upper limbs before the lower limbs. Descending paralysis occurs in conditions such as botulism.	Parálisis que se caracteriza por una pérdida de la función motora en uno o más músculos, que también puede ir acompañada de una pérdida de sensibilidad (pérdida sensorial). La parálisis descendente contrasta con la ascendente en que la descendente se presenta en las extremidades superiores antes que en las inferiores. La parálisis descendente se produce en afecciones como el botulismo.	The Spanish Group LLC (https://thespanishgroup.org/)	2024-05-21	en	es	MANUALLY TRANSLATED	NA	http://purl.obolibrary.org/obo/symp/releases/2022-11-30/symp.owl	Translator: Alexander Largaespada; Reviewer: Salvador G. Ordorica	NA
symp	definition	SYMP:0020049	IAO:0000115	A nutrition, metabolism, and development symptom that is characterized by the delay in development child's cognitive, emotional, motor, and social capacities from the beginning of life throughout fetal and neonatal periods, infancy, childhood, and adolescence.	Un síntoma de nutrición, metabolismo y desarrollo que se caracteriza por el retraso en el desarrollo de las capacidades cognitivas, emocionales, motoras y sociales del niño desde el comienzo de la vida a lo largo de los periodos fetal y neonatal, la infancia, la niñez y la adolescencia.	The Spanish Group LLC (https://thespanishgroup.org/)	2024-05-21	en	es	MANUALLY TRANSLATED	NA	http://purl.obolibrary.org/obo/symp/releases/2022-11-30/symp.owl	Translator: Alexander Largaespada; Reviewer: Salvador G. Ordorica	NA
symp	definition	SYMP:0020050	IAO:0000115	An eye symptom that is characterized by a reduction in the saline fluid secreted by the lacrimal gland.	Un síntoma ocular que se caracteriza por una reducción del líquido salino segregado por la glándula lagrimal.	The Spanish Group LLC (https://thespanishgroup.org/)	2024-05-21	en	es	MANUALLY TRANSLATED	NA	http://purl.obolibrary.org/obo/symp/releases/2022-11-30/symp.owl	Translator: Alexander Largaespada; Reviewer: Salvador G. Ordorica	NA
symp	definition	SYMP:0020051	IAO:0000115	A nutrition, metabolism, and development symptom that is characterized by a reduction in the chemical reactions catalyzed by enzymes, which keep us alive. Metabolism allows organisms to grow, reproduce, maintain their structures, and respond to their environments and can be divided into catabolism (breaking down of organic matter) and anabolism (building of molecules).	Un síntoma de nutrición, metabolismo y desarrollo que se caracteriza por una reducción de las reacciones químicas catalizadas por las enzimas, que nos mantienen vivos. El metabolismo permite a los organismos crecer, reproducirse, mantener sus estructuras y responder a sus entornos y puede dividirse en catabolismo (descomposición de la materia orgánica) y anabolismo (construcción de moléculas).	The Spanish Group LLC (https://thespanishgroup.org/)	2024-05-21	en	es	MANUALLY TRANSLATED	NA	http://purl.obolibrary.org/obo/symp/releases/2022-11-30/symp.owl	Translator: Alexander Largaespada; Reviewer: Salvador G. Ordorica	NA
symp	definition	SYMP:0020052	IAO:0000115	A muscle weakness that is characterized by a reduction in muscle strength, which may be the result of a variety of conditions, such as carpal tunnel syndrome, arthritis, peripheral neuropathy, tendon damage, and ganglion cysts.	Una debilidad muscular que se caracteriza por una reducción de la fuerza muscular, que puede ser el resultado de diversas afecciones, como el síndrome del túnel carpiano, la artritis, la neuropatía periférica, los daños en los tendones y los quistes ganglionares.	The Spanish Group LLC (https://thespanishgroup.org/)	2024-05-21	en	es	MANUALLY TRANSLATED	NA	http://purl.obolibrary.org/obo/symp/releases/2022-11-30/symp.owl	Translator: Alexander Largaespada; Reviewer: Salvador G. Ordorica	NA
symp	definition	SYMP:0020053	IAO:0000115	A skin and integumentary tissue symptom that is characterized by an inflammation of the mammary gland or udder and usually caused by infection.	Un síntoma de la piel y el tejido tegumentario que se caracteriza por una inflamación de la glándula mamaria o la ubre y que suele estar causado por una infección.	The Spanish Group LLC (https://thespanishgroup.org/)	2024-05-21	en	es	MANUALLY TRANSLATED	NA	http://purl.obolibrary.org/obo/symp/releases/2022-11-30/symp.owl	Translator: Alexander Largaespada; Reviewer: Salvador G. Ordorica	NA
symp	definition	SYMP:0020054	IAO:0000115	A mammary gland inflammation that is characterized by an increased intensity or severity of the condition.	Una inflamación de la glándula mamaria que se caracteriza por un aumento de la intensidad o la gravedad de la afección.	The Spanish Group LLC (https://thespanishgroup.org/)	2024-05-21	en	es	MANUALLY TRANSLATED	NA	http://purl.obolibrary.org/obo/symp/releases/2022-11-30/symp.owl	Translator: Alexander Largaespada; Reviewer: Salvador G. Ordorica	NA
symp	definition	SYMP:0020056	IAO:0000115	A nervous system symptom that is characterized by a loss of blood flow to part of the brain, which damages brain tissue. Cerebrovascular accidents are caused by blood clots and broken blood vessels in the brain.	Un síntoma del sistema nervioso que se caracteriza por una pérdida de flujo sanguíneo a una parte del cerebro, lo que daña el tejido cerebral. Los accidentes cerebrovasculares están causados por coágulos de sangre y vasos sanguíneos rotos en el cerebro.	The Spanish Group LLC (https://thespanishgroup.org/)	2024-05-21	en	es	MANUALLY TRANSLATED	NA	http://purl.obolibrary.org/obo/symp/releases/2022-11-30/symp.owl	Translator: Alexander Largaespada; Reviewer: Salvador G. Ordorica	NA
symp	definition	SYMP:0020057	IAO:0000115	A respiratory system and chest symptom that is characterized by acute inflammation of the bronchi, accompanied by inflamed patches in the nearby lobules of the lungs.	Un síntoma del sistema respiratorio y torácico que se caracteriza por una inflamación aguda de los bronquios, acompañada de manchas inflamadas en los lobulillos cercanos de los pulmones.	The Spanish Group LLC (https://thespanishgroup.org/)	2024-05-21	en	es	MANUALLY TRANSLATED	NA	http://purl.obolibrary.org/obo/symp/releases/2022-11-30/symp.owl	Translator: Alexander Largaespada; Reviewer: Salvador G. Ordorica	NA
symp	definition	SYMP:0020061	IAO:0000115	A constipation that is characterized by difficulty passing bowel movements after they reach the rectum. One experiences difficulty evacuating the stool and often has to strain or press the fingers into the vagina or in front of or into the rectum to help remove the stool. Outlet dysfunction can be caused by inappropriate or abnormal muscle contraction of the pelvic floor (called pelvic floor dyssynergia or dyssynergic defecation) which can respond to biofeedback. It may also be due to a rectocele or other structural changes in the pelvic floor that will require medical or at times, surgical treatment.	Estreñimiento que se caracteriza por la dificultad para evacuar las heces una vez que llegan al recto. Se experimenta dificultad para evacuar las heces y a menudo hay que hacer fuerza o presionar con los dedos en la vagina o delante o dentro del recto para ayudar a eliminar las heces. La disfunción de la salida puede deberse a una contracción muscular inapropiada o anormal del suelo pélvico (denominada disinergia del suelo pélvico o defecación disinérgica) que puede responder a la biorretroalimentación. También puede deberse a un rectocele u otros cambios estructurales en el suelo pélvico que requerirán tratamiento médico o, en ocasiones, quirúrgico.	The Spanish Group LLC (https://thespanishgroup.org/)	2024-05-21	en	es	MANUALLY TRANSLATED	NA	http://purl.obolibrary.org/obo/symp/releases/2022-11-30/symp.owl	Translator: Alexander Largaespada; Reviewer: Salvador G. Ordorica	NA
symp	definition	SYMP:0020062	IAO:0000115	A musculoskeletal system symptom that is characterized by necrosis (i.e. tissue death) of soft tissue, including muscle, fat, blood vessels, nerves, tendons, and tissues that surround the bones and joints.	Síntoma del sistema musculoesquelético que se caracteriza por la necrosis (es decir, la muerte del tejido) de los tejidos blandos, incluidos los músculos, la grasa, los vasos sanguíneos, los nervios, los tendones y los tejidos que rodean los huesos y las articulaciones.	The Spanish Group LLC (https://thespanishgroup.org/)	2024-05-21	en	es	MANUALLY TRANSLATED	NA	http://purl.obolibrary.org/obo/symp/releases/2022-11-30/symp.owl	Translator: Alexander Largaespada; Reviewer: Salvador G. Ordorica	NA
symp	label	SYMP:0000000	rdfs:label	cellulitis	celulitis	The Spanish Group LLC (https://thespanishgroup.org/)	2024-05-21	en	es	MANUALLY TRANSLATED	NA	http://purl.obolibrary.org/obo/symp/releases/2022-11-30/symp.owl	Translator: Alexander Largaespada; Reviewer: Salvador G. Ordorica	NA
symp	label	SYMP:0000001	rdfs:label	abdominal cramp	calambre abdominal	The Spanish Group LLC (https://thespanishgroup.org/)	2024-05-21	en	es	MANUALLY TRANSLATED	NA	http://purl.obolibrary.org/obo/symp/releases/2022-11-30/symp.owl	Translator: Alexander Largaespada; Reviewer: Salvador G. Ordorica	NA
symp	label	SYMP:0000002	rdfs:label	abdominal distention	distensión abdominal	The Spanish Group LLC (https://thespanishgroup.org/)	2024-05-21	en	es	MANUALLY TRANSLATED	NA	http://purl.obolibrary.org/obo/symp/releases/2022-11-30/symp.owl	Translator: Alexander Largaespada; Reviewer: Salvador G. Ordorica	NA
symp	label	SYMP:0000005	rdfs:label	ataxia	ataxia	The Spanish Group LLC (https://thespanishgroup.org/)	2024-05-21	en	es	MANUALLY TRANSLATED	NA	http://purl.obolibrary.org/obo/symp/releases/2022-11-30/symp.owl	Translator: Alexander Largaespada; Reviewer: Salvador G. Ordorica	NA
symp	label	SYMP:0000006	rdfs:label	backache	dolor de espalda	The Spanish Group LLC (https://thespanishgroup.org/)	2024-05-21	en	es	MANUALLY TRANSLATED	NA	http://purl.obolibrary.org/obo/symp/releases/2022-11-30/symp.owl	Translator: Alexander Largaespada; Reviewer: Salvador G. Ordorica	NA
symp	label	SYMP:0000007	rdfs:label	bleeding	hemorragia	The Spanish Group LLC (https://thespanishgroup.org/)	2024-05-21	en	es	MANUALLY TRANSLATED	NA	http://purl.obolibrary.org/obo/symp/releases/2022-11-30/symp.owl	Translator: Alexander Largaespada; Reviewer: Salvador G. Ordorica	NA
symp	label	SYMP:0000008	rdfs:label	blindness	ceguera	The Spanish Group LLC (https://thespanishgroup.org/)	2024-05-21	en	es	MANUALLY TRANSLATED	NA	http://purl.obolibrary.org/obo/symp/releases/2022-11-30/symp.owl	Translator: Alexander Largaespada; Reviewer: Salvador G. Ordorica	NA
symp	label	SYMP:0000009	rdfs:label	blister	ampolla	The Spanish Group LLC (https://thespanishgroup.org/)	2024-05-21	en	es	MANUALLY TRANSLATED	NA	http://purl.obolibrary.org/obo/symp/releases/2022-11-30/symp.owl	Translator: Alexander Largaespada; Reviewer: Salvador G. Ordorica	NA
symp	label	SYMP:0000012	rdfs:label	blurred vision	visión borrosa	The Spanish Group LLC (https://thespanishgroup.org/)	2024-05-21	en	es	MANUALLY TRANSLATED	NA	http://purl.obolibrary.org/obo/symp/releases/2022-11-30/symp.owl	Translator: Alexander Largaespada; Reviewer: Salvador G. Ordorica	NA
symp	label	SYMP:0000015	rdfs:label	giddiness	vértigo	The Spanish Group LLC (https://thespanishgroup.org/)	2024-05-21	en	es	MANUALLY TRANSLATED	NA	http://purl.obolibrary.org/obo/symp/releases/2022-11-30/symp.owl	Translator: Alexander Largaespada; Reviewer: Salvador G. Ordorica	NA
symp	label	SYMP:0000016	rdfs:label	confusion	confusión	The Spanish Group LLC (https://thespanishgroup.org/)	2024-05-21	en	es	MANUALLY TRANSLATED	NA	http://purl.obolibrary.org/obo/symp/releases/2022-11-30/symp.owl	Translator: Alexander Largaespada; Reviewer: Salvador G. Ordorica	NA
symp	label	SYMP:0000017	rdfs:label	crinkle	arruga	The Spanish Group LLC (https://thespanishgroup.org/)	2024-05-21	en	es	MANUALLY TRANSLATED	NA	http://purl.obolibrary.org/obo/symp/releases/2022-11-30/symp.owl	Translator: Alexander Largaespada; Reviewer: Salvador G. Ordorica	NA
symp	label	SYMP:0000018	rdfs:label	darkening of skin	oscurecimiento de la piel	The Spanish Group LLC (https://thespanishgroup.org/)	2024-05-21	en	es	MANUALLY TRANSLATED	NA	http://purl.obolibrary.org/obo/symp/releases/2022-11-30/symp.owl	Translator: Alexander Largaespada; Reviewer: Salvador G. Ordorica	NA
symp	label	SYMP:0000019	rdfs:label	deafness	sordera	The Spanish Group LLC (https://thespanishgroup.org/)	2024-05-21	en	es	MANUALLY TRANSLATED	NA	http://purl.obolibrary.org/obo/symp/releases/2022-11-30/symp.owl	Translator: Alexander Largaespada; Reviewer: Salvador G. Ordorica	NA
symp	label	SYMP:0000020	rdfs:label	dehydration	deshidratación	The Spanish Group LLC (https://thespanishgroup.org/)	2024-05-21	en	es	MANUALLY TRANSLATED	NA	http://purl.obolibrary.org/obo/symp/releases/2022-11-30/symp.owl	Translator: Alexander Largaespada; Reviewer: Salvador G. Ordorica	NA
symp	label	SYMP:0000021	rdfs:label	delirium	delirio	The Spanish Group LLC (https://thespanishgroup.org/)	2024-05-21	en	es	MANUALLY TRANSLATED	NA	http://purl.obolibrary.org/obo/symp/releases/2022-11-30/symp.owl	Translator: Alexander Largaespada; Reviewer: Salvador G. Ordorica	NA
symp	label	SYMP:0000022	rdfs:label	depression	depresión	The Spanish Group LLC (https://thespanishgroup.org/)	2024-05-21	en	es	MANUALLY TRANSLATED	NA	http://purl.obolibrary.org/obo/symp/releases/2022-11-30/symp.owl	Translator: Alexander Largaespada; Reviewer: Salvador G. Ordorica	NA
symp	label	SYMP:0000023	rdfs:label	disorientation	desorientación	The Spanish Group LLC (https://thespanishgroup.org/)	2024-05-21	en	es	MANUALLY TRANSLATED	NA	http://purl.obolibrary.org/obo/symp/releases/2022-11-30/symp.owl	Translator: Alexander Largaespada; Reviewer: Salvador G. Ordorica	NA
symp	label	SYMP:0000024	rdfs:label	drowsiness	somnolencia	The Spanish Group LLC (https://thespanishgroup.org/)	2024-05-21	en	es	MANUALLY TRANSLATED	NA	http://purl.obolibrary.org/obo/symp/releases/2022-11-30/symp.owl	Translator: Alexander Largaespada; Reviewer: Salvador G. Ordorica	NA
symp	label	SYMP:0000025	rdfs:label	dry cough	tos seca	The Spanish Group LLC (https://thespanishgroup.org/)	2024-05-21	en	es	MANUALLY TRANSLATED	NA	http://purl.obolibrary.org/obo/symp/releases/2022-11-30/symp.owl	Translator: Alexander Largaespada; Reviewer: Salvador G. Ordorica	NA
symp	label	SYMP:0000030	rdfs:label	paralysis	parálisis	The Spanish Group LLC (https://thespanishgroup.org/)	2024-05-21	en	es	MANUALLY TRANSLATED	NA	http://purl.obolibrary.org/obo/symp/releases/2022-11-30/symp.owl	Translator: Alexander Largaespada; Reviewer: Salvador G. Ordorica	NA
symp	label	SYMP:0000032	rdfs:label	flaccidity	flacidez	The Spanish Group LLC (https://thespanishgroup.org/)	2024-05-21	en	es	MANUALLY TRANSLATED	NA	http://purl.obolibrary.org/obo/symp/releases/2022-11-30/symp.owl	Translator: Alexander Largaespada; Reviewer: Salvador G. Ordorica	NA
symp	label	SYMP:0000033	rdfs:label	flat keratotic capsule	cápsula queratósica plana	The Spanish Group LLC (https://thespanishgroup.org/)	2024-05-21	en	es	MANUALLY TRANSLATED	NA	http://purl.obolibrary.org/obo/symp/releases/2022-11-30/symp.owl	Translator: Alexander Largaespada; Reviewer: Salvador G. Ordorica	NA
symp	label	SYMP:0000036	rdfs:label	hemorrhagic gastroenteritis	gastroenteritis hemorrágica	The Spanish Group LLC (https://thespanishgroup.org/)	2024-05-21	en	es	MANUALLY TRANSLATED	NA	http://purl.obolibrary.org/obo/symp/releases/2022-11-30/symp.owl	Translator: Alexander Largaespada; Reviewer: Salvador G. Ordorica	NA
symp	label	SYMP:0000038	rdfs:label	dyspneic enteritis	enteritis disneica	The Spanish Group LLC (https://thespanishgroup.org/)	2024-05-21	en	es	MANUALLY TRANSLATED	NA	http://purl.obolibrary.org/obo/symp/releases/2022-11-30/symp.owl	Translator: Alexander Largaespada; Reviewer: Salvador G. Ordorica	NA
symp	label	SYMP:0000039	rdfs:label	enteritis	enteritis	The Spanish Group LLC (https://thespanishgroup.org/)	2024-05-21	en	es	MANUALLY TRANSLATED	NA	http://purl.obolibrary.org/obo/symp/releases/2022-11-30/symp.owl	Translator: Alexander Largaespada; Reviewer: Salvador G. Ordorica	NA
symp	label	SYMP:0000040	rdfs:label	hematuria	hematuria	The Spanish Group LLC (https://thespanishgroup.org/)	2024-05-21	en	es	MANUALLY TRANSLATED	NA	http://purl.obolibrary.org/obo/symp/releases/2022-11-30/symp.owl	Translator: Alexander Largaespada; Reviewer: Salvador G. Ordorica	NA
symp	label	SYMP:0000041	rdfs:label	hemorrhage	hemorragia	The Spanish Group LLC (https://thespanishgroup.org/)	2024-05-21	en	es	MANUALLY TRANSLATED	NA	http://purl.obolibrary.org/obo/symp/releases/2022-11-30/symp.owl	Translator: Alexander Largaespada; Reviewer: Salvador G. Ordorica	NA
symp	label	SYMP:0000045	rdfs:label	hepatic necrosis	necrosis hepática	The Spanish Group LLC (https://thespanishgroup.org/)	2024-05-21	en	es	MANUALLY TRANSLATED	NA	http://purl.obolibrary.org/obo/symp/releases/2022-11-30/symp.owl	Translator: Alexander Largaespada; Reviewer: Salvador G. Ordorica	NA
symp	label	SYMP:0000046	rdfs:label	hepatitis	hepatitis	The Spanish Group LLC (https://thespanishgroup.org/)	2024-05-21	en	es	MANUALLY TRANSLATED	NA	http://purl.obolibrary.org/obo/symp/releases/2022-11-30/symp.owl	Translator: Alexander Largaespada; Reviewer: Salvador G. Ordorica	NA
symp	label	SYMP:0000047	rdfs:label	hepatosplenomegaly	hepatoesplenomegalia	The Spanish Group LLC (https://thespanishgroup.org/)	2024-05-21	en	es	MANUALLY TRANSLATED	NA	http://purl.obolibrary.org/obo/symp/releases/2022-11-30/symp.owl	Translator: Alexander Largaespada; Reviewer: Salvador G. Ordorica	NA
symp	label	SYMP:0000051	rdfs:label	hydrocephalus	hidrocefalia	The Spanish Group LLC (https://thespanishgroup.org/)	2024-05-21	en	es	MANUALLY TRANSLATED	NA	http://purl.obolibrary.org/obo/symp/releases/2022-11-30/symp.owl	Translator: Alexander Largaespada; Reviewer: Salvador G. Ordorica	NA
symp	label	SYMP:0000054	rdfs:label	hypergammaglobulinemia	hipergammaglobulinemia	The Spanish Group LLC (https://thespanishgroup.org/)	2024-05-21	en	es	MANUALLY TRANSLATED	NA	http://purl.obolibrary.org/obo/symp/releases/2022-11-30/symp.owl	Translator: Alexander Largaespada; Reviewer: Salvador G. Ordorica	NA
symp	label	SYMP:0000056	rdfs:label	hyperpigmentation	hiperpigmentación	The Spanish Group LLC (https://thespanishgroup.org/)	2024-05-21	en	es	MANUALLY TRANSLATED	NA	http://purl.obolibrary.org/obo/symp/releases/2022-11-30/symp.owl	Translator: Alexander Largaespada; Reviewer: Salvador G. Ordorica	NA
symp	label	SYMP:0000058	rdfs:label	hyperreflexia	hiperreflexia	The Spanish Group LLC (https://thespanishgroup.org/)	2024-05-21	en	es	MANUALLY TRANSLATED	NA	http://purl.obolibrary.org/obo/symp/releases/2022-11-30/symp.owl	Translator: Alexander Largaespada; Reviewer: Salvador G. Ordorica	NA
symp	label	SYMP:0000059	rdfs:label	hypotension	hipotensión	The Spanish Group LLC (https://thespanishgroup.org/)	2024-05-21	en	es	MANUALLY TRANSLATED	NA	http://purl.obolibrary.org/obo/symp/releases/2022-11-30/symp.owl	Translator: Alexander Largaespada; Reviewer: Salvador G. Ordorica	NA
symp	label	SYMP:0000061	rdfs:label	inflammation	inflamación	The Spanish Group LLC (https://thespanishgroup.org/)	2024-05-21	en	es	MANUALLY TRANSLATED	NA	http://purl.obolibrary.org/obo/symp/releases/2022-11-30/symp.owl	Translator: Alexander Largaespada; Reviewer: Salvador G. Ordorica	NA
symp	label	SYMP:0000063	rdfs:label	intestinal hemorrhage	hemorragia intestinal	The Spanish Group LLC (https://thespanishgroup.org/)	2024-05-21	en	es	MANUALLY TRANSLATED	NA	http://purl.obolibrary.org/obo/symp/releases/2022-11-30/symp.owl	Translator: Alexander Largaespada; Reviewer: Salvador G. Ordorica	NA
symp	label	SYMP:0000064	rdfs:label	joint pain	dolor articular	The Spanish Group LLC (https://thespanishgroup.org/)	2024-05-21	en	es	MANUALLY TRANSLATED	NA	http://purl.obolibrary.org/obo/symp/releases/2022-11-30/symp.owl	Translator: Alexander Largaespada; Reviewer: Salvador G. Ordorica	NA
symp	label	SYMP:0000066	rdfs:label	keratotic nodules of the skin	nódulos queratósicos de la piel	The Spanish Group LLC (https://thespanishgroup.org/)	2024-05-21	en	es	MANUALLY TRANSLATED	NA	http://purl.obolibrary.org/obo/symp/releases/2022-11-30/symp.owl	Translator: Alexander Largaespada; Reviewer: Salvador G. Ordorica	NA
symp	label	SYMP:0000068	rdfs:label	laryngitis	laringitis	The Spanish Group LLC (https://thespanishgroup.org/)	2024-05-21	en	es	MANUALLY TRANSLATED	NA	http://purl.obolibrary.org/obo/symp/releases/2022-11-30/symp.owl	Translator: Alexander Largaespada; Reviewer: Salvador G. Ordorica	NA
symp	label	SYMP:0000069	rdfs:label	laryngotracheitis	laringotraqueitis	The Spanish Group LLC (https://thespanishgroup.org/)	2024-05-21	en	es	MANUALLY TRANSLATED	NA	http://purl.obolibrary.org/obo/symp/releases/2022-11-30/symp.owl	Translator: Alexander Largaespada; Reviewer: Salvador G. Ordorica	NA
symp	label	SYMP:0000070	rdfs:label	lesions in myocardium	lesiones en el miocardio	The Spanish Group LLC (https://thespanishgroup.org/)	2024-05-21	en	es	MANUALLY TRANSLATED	NA	http://purl.obolibrary.org/obo/symp/releases/2022-11-30/symp.owl	Translator: Alexander Largaespada; Reviewer: Salvador G. Ordorica	NA
symp	label	SYMP:0000075	rdfs:label	lethargy	letargo	The Spanish Group LLC (https://thespanishgroup.org/)	2024-05-21	en	es	MANUALLY TRANSLATED	NA	http://purl.obolibrary.org/obo/symp/releases/2022-11-30/symp.owl	Translator: Alexander Largaespada; Reviewer: Salvador G. Ordorica	NA
symp	label	SYMP:0000076	rdfs:label	listlessness	apatía	The Spanish Group LLC (https://thespanishgroup.org/)	2024-05-21	en	es	MANUALLY TRANSLATED	NA	http://purl.obolibrary.org/obo/symp/releases/2022-11-30/symp.owl	Translator: Alexander Largaespada; Reviewer: Salvador G. Ordorica	NA
symp	label	SYMP:0000079	rdfs:label	coordination symptom	síntoma de coordinación	The Spanish Group LLC (https://thespanishgroup.org/)	2024-05-21	en	es	MANUALLY TRANSLATED	NA	http://purl.obolibrary.org/obo/symp/releases/2022-11-30/symp.owl	Translator: Alexander Largaespada; Reviewer: Salvador G. Ordorica	NA
symp	label	SYMP:0000082	rdfs:label	lesions in lung	lesiones en pulmón	The Spanish Group LLC (https://thespanishgroup.org/)	2024-05-21	en	es	MANUALLY TRANSLATED	NA	http://purl.obolibrary.org/obo/symp/releases/2022-11-30/symp.owl	Translator: Alexander Largaespada; Reviewer: Salvador G. Ordorica	NA
symp	label	SYMP:0000083	rdfs:label	lymphangitis	linfangitis	The Spanish Group LLC (https://thespanishgroup.org/)	2024-05-21	en	es	MANUALLY TRANSLATED	NA	http://purl.obolibrary.org/obo/symp/releases/2022-11-30/symp.owl	Translator: Alexander Largaespada; Reviewer: Salvador G. Ordorica	NA
symp	label	SYMP:0000084	rdfs:label	lymphoblastoma	linfoblastoma	The Spanish Group LLC (https://thespanishgroup.org/)	2024-05-21	en	es	MANUALLY TRANSLATED	NA	http://purl.obolibrary.org/obo/symp/releases/2022-11-30/symp.owl	Translator: Alexander Largaespada; Reviewer: Salvador G. Ordorica	NA
symp	label	SYMP:0000086	rdfs:label	lymphopenia	linfopenia	The Spanish Group LLC (https://thespanishgroup.org/)	2024-05-21	en	es	MANUALLY TRANSLATED	NA	http://purl.obolibrary.org/obo/symp/releases/2022-11-30/symp.owl	Translator: Alexander Largaespada; Reviewer: Salvador G. Ordorica	NA
symp	label	SYMP:0000087	rdfs:label	massive hepatic necrosis	necrosis hepática masiva	The Spanish Group LLC (https://thespanishgroup.org/)	2024-05-21	en	es	MANUALLY TRANSLATED	NA	http://purl.obolibrary.org/obo/symp/releases/2022-11-30/symp.owl	Translator: Alexander Largaespada; Reviewer: Salvador G. Ordorica	NA
symp	label	SYMP:0000089	rdfs:label	meningoencephalitis	meningoencefalitis	The Spanish Group LLC (https://thespanishgroup.org/)	2024-05-21	en	es	MANUALLY TRANSLATED	NA	http://purl.obolibrary.org/obo/symp/releases/2022-11-30/symp.owl	Translator: Alexander Largaespada; Reviewer: Salvador G. Ordorica	NA
symp	label	SYMP:0000090	rdfs:label	encephalitis	encefalitis	The Spanish Group LLC (https://thespanishgroup.org/)	2024-05-21	en	es	MANUALLY TRANSLATED	NA	http://purl.obolibrary.org/obo/symp/releases/2022-11-30/symp.owl	Translator: Alexander Largaespada; Reviewer: Salvador G. Ordorica	NA
symp	label	SYMP:0000091	rdfs:label	mild encephalitis	encefalitis leve	The Spanish Group LLC (https://thespanishgroup.org/)	2024-05-21	en	es	MANUALLY TRANSLATED	NA	http://purl.obolibrary.org/obo/symp/releases/2022-11-30/symp.owl	Translator: Alexander Largaespada; Reviewer: Salvador G. Ordorica	NA
symp	label	SYMP:0000092	rdfs:label	skin lesion	lesión cutánea	The Spanish Group LLC (https://thespanishgroup.org/)	2024-05-21	en	es	MANUALLY TRANSLATED	NA	http://purl.obolibrary.org/obo/symp/releases/2022-11-30/symp.owl	Translator: Alexander Largaespada; Reviewer: Salvador G. Ordorica	NA
symp	label	SYMP:0000093	rdfs:label	muscle cramp	calambre muscular	The Spanish Group LLC (https://thespanishgroup.org/)	2024-05-21	en	es	MANUALLY TRANSLATED	NA	http://purl.obolibrary.org/obo/symp/releases/2022-11-30/symp.owl	Translator: Alexander Largaespada; Reviewer: Salvador G. Ordorica	NA
symp	label	SYMP:0000094	rdfs:label	muscle weakness	debilidad muscular	The Spanish Group LLC (https://thespanishgroup.org/)	2024-05-21	en	es	MANUALLY TRANSLATED	NA	http://purl.obolibrary.org/obo/symp/releases/2022-11-30/symp.owl	Translator: Alexander Largaespada; Reviewer: Salvador G. Ordorica	NA
symp	label	SYMP:0000095	rdfs:label	myocarditis	miocarditis	The Spanish Group LLC (https://thespanishgroup.org/)	2024-05-21	en	es	MANUALLY TRANSLATED	NA	http://purl.obolibrary.org/obo/symp/releases/2022-11-30/symp.owl	Translator: Alexander Largaespada; Reviewer: Salvador G. Ordorica	NA
symp	label	SYMP:0000098	rdfs:label	nephritis	nefritis	The Spanish Group LLC (https://thespanishgroup.org/)	2024-05-21	en	es	MANUALLY TRANSLATED	NA	http://purl.obolibrary.org/obo/symp/releases/2022-11-30/symp.owl	Translator: Alexander Largaespada; Reviewer: Salvador G. Ordorica	NA
symp	label	SYMP:0000099	rdfs:label	pain	dolor	The Spanish Group LLC (https://thespanishgroup.org/)	2024-05-21	en	es	MANUALLY TRANSLATED	NA	http://purl.obolibrary.org/obo/symp/releases/2022-11-30/symp.owl	Translator: Alexander Largaespada; Reviewer: Salvador G. Ordorica	NA
symp	label	SYMP:0000100	rdfs:label	lesions in pancreas	lesiones en el páncreas	The Spanish Group LLC (https://thespanishgroup.org/)	2024-05-21	en	es	MANUALLY TRANSLATED	NA	http://purl.obolibrary.org/obo/symp/releases/2022-11-30/symp.owl	Translator: Alexander Largaespada; Reviewer: Salvador G. Ordorica	NA
symp	label	SYMP:0000102	rdfs:label	peritonitis	peritonitis	The Spanish Group LLC (https://thespanishgroup.org/)	2024-05-21	en	es	MANUALLY TRANSLATED	NA	http://purl.obolibrary.org/obo/symp/releases/2022-11-30/symp.owl	Translator: Alexander Largaespada; Reviewer: Salvador G. Ordorica	NA
symp	label	SYMP:0000106	rdfs:label	plasmacytosis	plasmocitosis	The Spanish Group LLC (https://thespanishgroup.org/)	2024-05-21	en	es	MANUALLY TRANSLATED	NA	http://purl.obolibrary.org/obo/symp/releases/2022-11-30/symp.owl	Translator: Alexander Largaespada; Reviewer: Salvador G. Ordorica	NA
symp	label	SYMP:0000107	rdfs:label	pleural effusion	derrame pleural	The Spanish Group LLC (https://thespanishgroup.org/)	2024-05-21	en	es	MANUALLY TRANSLATED	NA	http://purl.obolibrary.org/obo/symp/releases/2022-11-30/symp.owl	Translator: Alexander Largaespada; Reviewer: Salvador G. Ordorica	NA
symp	label	SYMP:0000109	rdfs:label	mouth papules	pápulas en la boca	The Spanish Group LLC (https://thespanishgroup.org/)	2024-05-21	en	es	MANUALLY TRANSLATED	NA	http://purl.obolibrary.org/obo/symp/releases/2022-11-30/symp.owl	Translator: Alexander Largaespada; Reviewer: Salvador G. Ordorica	NA
symp	label	SYMP:0000112	rdfs:label	tracheitis	traqueítis	The Spanish Group LLC (https://thespanishgroup.org/)	2024-05-21	en	es	MANUALLY TRANSLATED	NA	http://purl.obolibrary.org/obo/symp/releases/2022-11-30/symp.owl	Translator: Alexander Largaespada; Reviewer: Salvador G. Ordorica	NA
symp	label	SYMP:0000114	rdfs:label	thrombocytopenia	trombocitopenia	The Spanish Group LLC (https://thespanishgroup.org/)	2024-05-21	en	es	MANUALLY TRANSLATED	NA	http://purl.obolibrary.org/obo/symp/releases/2022-11-30/symp.owl	Translator: Alexander Largaespada; Reviewer: Salvador G. Ordorica	NA
symp	label	SYMP:0000116	rdfs:label	prostration	postración	The Spanish Group LLC (https://thespanishgroup.org/)	2024-05-21	en	es	MANUALLY TRANSLATED	NA	http://purl.obolibrary.org/obo/symp/releases/2022-11-30/symp.owl	Translator: Alexander Largaespada; Reviewer: Salvador G. Ordorica	NA
symp	label	SYMP:0000118	rdfs:label	rales	estertores	The Spanish Group LLC (https://thespanishgroup.org/)	2024-05-21	en	es	MANUALLY TRANSLATED	NA	http://purl.obolibrary.org/obo/symp/releases/2022-11-30/symp.owl	Translator: Alexander Largaespada; Reviewer: Salvador G. Ordorica	NA
symp	label	SYMP:0000124	rdfs:label	seizure	convulsiones	The Spanish Group LLC (https://thespanishgroup.org/)	2024-05-21	en	es	MANUALLY TRANSLATED	NA	http://purl.obolibrary.org/obo/symp/releases/2022-11-30/symp.owl	Translator: Alexander Largaespada; Reviewer: Salvador G. Ordorica	NA
symp	label	SYMP:0000125	rdfs:label	liver inflammation	inflamación hepática	The Spanish Group LLC (https://thespanishgroup.org/)	2024-05-21	en	es	MANUALLY TRANSLATED	NA	http://purl.obolibrary.org/obo/symp/releases/2022-11-30/symp.owl	Translator: Alexander Largaespada; Reviewer: Salvador G. Ordorica	NA
symp	label	SYMP:0000127	rdfs:label	severe backache	dolor de espalda intenso	The Spanish Group LLC (https://thespanishgroup.org/)	2024-05-21	en	es	MANUALLY TRANSLATED	NA	http://purl.obolibrary.org/obo/symp/releases/2022-11-30/symp.owl	Translator: Alexander Largaespada; Reviewer: Salvador G. Ordorica	NA
symp	label	SYMP:0000128	rdfs:label	conjunctivitis	conjuntivitis	The Spanish Group LLC (https://thespanishgroup.org/)	2024-05-21	en	es	MANUALLY TRANSLATED	NA	http://purl.obolibrary.org/obo/symp/releases/2022-11-30/symp.owl	Translator: Alexander Largaespada; Reviewer: Salvador G. Ordorica	NA
symp	label	SYMP:0000129	rdfs:label	severe conjunctivitis	conjuntivitis grave	The Spanish Group LLC (https://thespanishgroup.org/)	2024-05-21	en	es	MANUALLY TRANSLATED	NA	http://purl.obolibrary.org/obo/symp/releases/2022-11-30/symp.owl	Translator: Alexander Largaespada; Reviewer: Salvador G. Ordorica	NA
symp	label	SYMP:0000130	rdfs:label	severe headache	dolor de cabeza intenso	The Spanish Group LLC (https://thespanishgroup.org/)	2024-05-21	en	es	MANUALLY TRANSLATED	NA	http://purl.obolibrary.org/obo/symp/releases/2022-11-30/symp.owl	Translator: Alexander Largaespada; Reviewer: Salvador G. Ordorica	NA
symp	label	SYMP:0000131	rdfs:label	severe joint pain	dolor articular severo	The Spanish Group LLC (https://thespanishgroup.org/)	2024-05-21	en	es	MANUALLY TRANSLATED	NA	http://purl.obolibrary.org/obo/symp/releases/2022-11-30/symp.owl	Translator: Alexander Largaespada; Reviewer: Salvador G. Ordorica	NA
symp	label	SYMP:0000132	rdfs:label	necrosis	necrosis	The Spanish Group LLC (https://thespanishgroup.org/)	2024-05-21	en	es	MANUALLY TRANSLATED	NA	http://purl.obolibrary.org/obo/symp/releases/2022-11-30/symp.owl	Translator: Alexander Largaespada; Reviewer: Salvador G. Ordorica	NA
symp	label	SYMP:0000133	rdfs:label	severe necrosis	necrosis grave	The Spanish Group LLC (https://thespanishgroup.org/)	2024-05-21	en	es	MANUALLY TRANSLATED	NA	http://purl.obolibrary.org/obo/symp/releases/2022-11-30/symp.owl	Translator: Alexander Largaespada; Reviewer: Salvador G. Ordorica	NA
symp	label	SYMP:0000134	rdfs:label	sinusitis	sinusitis	The Spanish Group LLC (https://thespanishgroup.org/)	2024-05-21	en	es	MANUALLY TRANSLATED	NA	http://purl.obolibrary.org/obo/symp/releases/2022-11-30/symp.owl	Translator: Alexander Largaespada; Reviewer: Salvador G. Ordorica	NA
symp	label	SYMP:0000136	rdfs:label	skin ulcer	úlcera cutánea	The Spanish Group LLC (https://thespanishgroup.org/)	2024-05-21	en	es	MANUALLY TRANSLATED	NA	http://purl.obolibrary.org/obo/symp/releases/2022-11-30/symp.owl	Translator: Alexander Largaespada; Reviewer: Salvador G. Ordorica	NA
symp	label	SYMP:0000139	rdfs:label	sneezing	estornudos	The Spanish Group LLC (https://thespanishgroup.org/)	2024-05-21	en	es	MANUALLY TRANSLATED	NA	http://purl.obolibrary.org/obo/symp/releases/2022-11-30/symp.owl	Translator: Alexander Largaespada; Reviewer: Salvador G. Ordorica	NA
symp	label	SYMP:0000141	rdfs:label	spasticity	espasticidad	The Spanish Group LLC (https://thespanishgroup.org/)	2024-05-21	en	es	MANUALLY TRANSLATED	NA	http://purl.obolibrary.org/obo/symp/releases/2022-11-30/symp.owl	Translator: Alexander Largaespada; Reviewer: Salvador G. Ordorica	NA
symp	label	SYMP:0000146	rdfs:label	feces and droppings symptom	síntoma de heces y excrementos	The Spanish Group LLC (https://thespanishgroup.org/)	2024-05-21	en	es	MANUALLY TRANSLATED	NA	http://purl.obolibrary.org/obo/symp/releases/2022-11-30/symp.owl	Translator: Alexander Largaespada; Reviewer: Salvador G. Ordorica	NA
symp	label	SYMP:0000147	rdfs:label	steatorrhea	esteatorrea	The Spanish Group LLC (https://thespanishgroup.org/)	2024-05-21	en	es	MANUALLY TRANSLATED	NA	http://purl.obolibrary.org/obo/symp/releases/2022-11-30/symp.owl	Translator: Alexander Largaespada; Reviewer: Salvador G. Ordorica	NA
symp	label	SYMP:0000153	rdfs:label	vasculitis	vasculitis	The Spanish Group LLC (https://thespanishgroup.org/)	2024-05-21	en	es	MANUALLY TRANSLATED	NA	http://purl.obolibrary.org/obo/symp/releases/2022-11-30/symp.owl	Translator: Alexander Largaespada; Reviewer: Salvador G. Ordorica	NA
symp	label	SYMP:0000156	rdfs:label	thirst	sed	The Spanish Group LLC (https://thespanishgroup.org/)	2024-05-21	en	es	MANUALLY TRANSLATED	NA	http://purl.obolibrary.org/obo/symp/releases/2022-11-30/symp.owl	Translator: Alexander Largaespada; Reviewer: Salvador G. Ordorica	NA
symp	label	SYMP:0000157	rdfs:label	thymus symptom	síntoma del timo	The Spanish Group LLC (https://thespanishgroup.org/)	2024-05-21	en	es	MANUALLY TRANSLATED	NA	http://purl.obolibrary.org/obo/symp/releases/2022-11-30/symp.owl	Translator: Alexander Largaespada; Reviewer: Salvador G. Ordorica	NA
symp	label	SYMP:0000158	rdfs:label	spleen symptom	síntoma del bazo	The Spanish Group LLC (https://thespanishgroup.org/)	2024-05-21	en	es	MANUALLY TRANSLATED	NA	http://purl.obolibrary.org/obo/symp/releases/2022-11-30/symp.owl	Translator: Alexander Largaespada; Reviewer: Salvador G. Ordorica	NA
symp	label	SYMP:0000160	rdfs:label	tracheobronchitis	traqueobronquitis	The Spanish Group LLC (https://thespanishgroup.org/)	2024-05-21	en	es	MANUALLY TRANSLATED	NA	http://purl.obolibrary.org/obo/symp/releases/2022-11-30/symp.owl	Translator: Alexander Largaespada; Reviewer: Salvador G. Ordorica	NA
symp	label	SYMP:0000162	rdfs:label	tremor	temblor	The Spanish Group LLC (https://thespanishgroup.org/)	2024-05-21	en	es	MANUALLY TRANSLATED	NA	http://purl.obolibrary.org/obo/symp/releases/2022-11-30/symp.owl	Translator: Alexander Largaespada; Reviewer: Salvador G. Ordorica	NA
symp	label	SYMP:0000164	rdfs:label	incoordination	incoordinación	The Spanish Group LLC (https://thespanishgroup.org/)	2024-05-21	en	es	MANUALLY TRANSLATED	NA	http://purl.obolibrary.org/obo/symp/releases/2022-11-30/symp.owl	Translator: Alexander Largaespada; Reviewer: Salvador G. Ordorica	NA
symp	label	SYMP:0000174	rdfs:label	wasting	emaciación	The Spanish Group LLC (https://thespanishgroup.org/)	2024-05-21	en	es	MANUALLY TRANSLATED	NA	http://purl.obolibrary.org/obo/symp/releases/2022-11-30/symp.owl	Translator: Alexander Largaespada; Reviewer: Salvador G. Ordorica	NA
symp	label	SYMP:0000177	rdfs:label	weakness	debilidad	The Spanish Group LLC (https://thespanishgroup.org/)	2024-05-21	en	es	MANUALLY TRANSLATED	NA	http://purl.obolibrary.org/obo/symp/releases/2022-11-30/symp.owl	Translator: Alexander Largaespada; Reviewer: Salvador G. Ordorica	NA
symp	label	SYMP:0000178	rdfs:label	weight loss	pérdida de peso	The Spanish Group LLC (https://thespanishgroup.org/)	2024-05-21	en	es	MANUALLY TRANSLATED	NA	http://purl.obolibrary.org/obo/symp/releases/2022-11-30/symp.owl	Translator: Alexander Largaespada; Reviewer: Salvador G. Ordorica	NA
symp	label	SYMP:0000180	rdfs:label	liver symptom	síntoma hepático	The Spanish Group LLC (https://thespanishgroup.org/)	2024-05-21	en	es	MANUALLY TRANSLATED	NA	http://purl.obolibrary.org/obo/symp/releases/2022-11-30/symp.owl	Translator: Alexander Largaespada; Reviewer: Salvador G. Ordorica	NA
symp	label	SYMP:0000182	rdfs:label	bubo	bubón	The Spanish Group LLC (https://thespanishgroup.org/)	2024-05-21	en	es	MANUALLY TRANSLATED	NA	http://purl.obolibrary.org/obo/symp/releases/2022-11-30/symp.owl	Translator: Alexander Largaespada; Reviewer: Salvador G. Ordorica	NA
symp	label	SYMP:0000183	rdfs:label	muscle symptom	síntoma muscular	The Spanish Group LLC (https://thespanishgroup.org/)	2024-05-21	en	es	MANUALLY TRANSLATED	NA	http://purl.obolibrary.org/obo/symp/releases/2022-11-30/symp.owl	Translator: Alexander Largaespada; Reviewer: Salvador G. Ordorica	NA
symp	label	SYMP:0000184	rdfs:label	change in skin color	cambio en el color de la piel	The Spanish Group LLC (https://thespanishgroup.org/)	2024-05-21	en	es	MANUALLY TRANSLATED	NA	http://purl.obolibrary.org/obo/symp/releases/2022-11-30/symp.owl	Translator: Alexander Largaespada; Reviewer: Salvador G. Ordorica	NA
symp	label	SYMP:0000185	rdfs:label	weariness	cansancio	The Spanish Group LLC (https://thespanishgroup.org/)	2024-05-21	en	es	MANUALLY TRANSLATED	NA	http://purl.obolibrary.org/obo/symp/releases/2022-11-30/symp.owl	Translator: Alexander Largaespada; Reviewer: Salvador G. Ordorica	NA
symp	label	SYMP:0000186	rdfs:label	exhaustion	agotamiento	The Spanish Group LLC (https://thespanishgroup.org/)	2024-05-21	en	es	MANUALLY TRANSLATED	NA	http://purl.obolibrary.org/obo/symp/releases/2022-11-30/symp.owl	Translator: Alexander Largaespada; Reviewer: Salvador G. Ordorica	NA
symp	label	SYMP:0000187	rdfs:label	tiredness	cansancio	The Spanish Group LLC (https://thespanishgroup.org/)	2024-05-21	en	es	MANUALLY TRANSLATED	NA	http://purl.obolibrary.org/obo/symp/releases/2022-11-30/symp.owl	Translator: Alexander Largaespada; Reviewer: Salvador G. Ordorica	NA
symp	label	SYMP:0000188	rdfs:label	abdominal discomfort	molestias abdominales	The Spanish Group LLC (https://thespanishgroup.org/)	2024-05-21	en	es	MANUALLY TRANSLATED	NA	http://purl.obolibrary.org/obo/symp/releases/2022-11-30/symp.owl	Translator: Alexander Largaespada; Reviewer: Salvador G. Ordorica	NA
symp	label	SYMP:0000189	rdfs:label	postural reaction	reacción postural	The Spanish Group LLC (https://thespanishgroup.org/)	2024-05-21	en	es	MANUALLY TRANSLATED	NA	http://purl.obolibrary.org/obo/symp/releases/2022-11-30/symp.owl	Translator: Alexander Largaespada; Reviewer: Salvador G. Ordorica	NA
symp	label	SYMP:0000190	rdfs:label	wheelbarrowing	carreteo	The Spanish Group LLC (https://thespanishgroup.org/)	2024-05-21	en	es	MANUALLY TRANSLATED	NA	http://purl.obolibrary.org/obo/symp/releases/2022-11-30/symp.owl	Translator: Alexander Largaespada; Reviewer: Salvador G. Ordorica	NA
symp	label	SYMP:0000193	rdfs:label	hopping	saltar	The Spanish Group LLC (https://thespanishgroup.org/)	2024-05-21	en	es	MANUALLY TRANSLATED	NA	http://purl.obolibrary.org/obo/symp/releases/2022-11-30/symp.owl	Translator: Alexander Largaespada; Reviewer: Salvador G. Ordorica	NA
symp	label	SYMP:0000194	rdfs:label	conscious proprioception	propiocepción consciente	The Spanish Group LLC (https://thespanishgroup.org/)	2024-05-21	en	es	MANUALLY TRANSLATED	NA	http://purl.obolibrary.org/obo/symp/releases/2022-11-30/symp.owl	Translator: Alexander Largaespada; Reviewer: Salvador G. Ordorica	NA
symp	label	SYMP:0000195	rdfs:label	abnormal hemiwalking hemistanding	hemi-caminata anormal hemistanding	The Spanish Group LLC (https://thespanishgroup.org/)	2024-05-21	en	es	MANUALLY TRANSLATED	NA	http://purl.obolibrary.org/obo/symp/releases/2022-11-30/symp.owl	Translator: Alexander Largaespada; Reviewer: Salvador G. Ordorica	NA
symp	label	SYMP:0000196	rdfs:label	reproductive system symptom	síntoma del aparato reproductor	The Spanish Group LLC (https://thespanishgroup.org/)	2024-05-21	en	es	MANUALLY TRANSLATED	NA	http://purl.obolibrary.org/obo/symp/releases/2022-11-30/symp.owl	Translator: Alexander Largaespada; Reviewer: Salvador G. Ordorica	NA
symp	label	SYMP:0000197	rdfs:label	abortion	aborto	The Spanish Group LLC (https://thespanishgroup.org/)	2024-05-21	en	es	MANUALLY TRANSLATED	NA	http://purl.obolibrary.org/obo/symp/releases/2022-11-30/symp.owl	Translator: Alexander Largaespada; Reviewer: Salvador G. Ordorica	NA
symp	label	SYMP:0000198	rdfs:label	miscarriage	aborto espontáneo	The Spanish Group LLC (https://thespanishgroup.org/)	2024-05-21	en	es	MANUALLY TRANSLATED	NA	http://purl.obolibrary.org/obo/symp/releases/2022-11-30/symp.owl	Translator: Alexander Largaespada; Reviewer: Salvador G. Ordorica	NA
symp	label	SYMP:0000199	rdfs:label	spontaneous abortion	aborto espontáneo	The Spanish Group LLC (https://thespanishgroup.org/)	2024-05-21	en	es	MANUALLY TRANSLATED	NA	http://purl.obolibrary.org/obo/symp/releases/2022-11-30/symp.owl	Translator: Alexander Largaespada; Reviewer: Salvador G. Ordorica	NA
symp	label	SYMP:0000200	rdfs:label	acute arthritis	artritis aguda	The Spanish Group LLC (https://thespanishgroup.org/)	2024-05-21	en	es	MANUALLY TRANSLATED	NA	http://purl.obolibrary.org/obo/symp/releases/2022-11-30/symp.owl	Translator: Alexander Largaespada; Reviewer: Salvador G. Ordorica	NA
symp	label	SYMP:0000201	rdfs:label	acute meningoencephalitis	meningoencefalitis aguda	The Spanish Group LLC (https://thespanishgroup.org/)	2024-05-21	en	es	MANUALLY TRANSLATED	NA	http://purl.obolibrary.org/obo/symp/releases/2022-11-30/symp.owl	Translator: Alexander Largaespada; Reviewer: Salvador G. Ordorica	NA
symp	label	SYMP:0000202	rdfs:label	acute painful vision loss	pérdida aguda y dolorosa de la visión	The Spanish Group LLC (https://thespanishgroup.org/)	2024-05-21	en	es	MANUALLY TRANSLATED	NA	http://purl.obolibrary.org/obo/symp/releases/2022-11-30/symp.owl	Translator: Alexander Largaespada; Reviewer: Salvador G. Ordorica	NA
symp	label	SYMP:0000205	rdfs:label	salivary gland symptom	síntoma de la glándula salival	The Spanish Group LLC (https://thespanishgroup.org/)	2024-05-21	en	es	MANUALLY TRANSLATED	NA	http://purl.obolibrary.org/obo/symp/releases/2022-11-30/symp.owl	Translator: Alexander Largaespada; Reviewer: Salvador G. Ordorica	NA
symp	label	SYMP:0000206	rdfs:label	acute suppurative parotiditis	parotiditis supurativa aguda	The Spanish Group LLC (https://thespanishgroup.org/)	2024-05-21	en	es	MANUALLY TRANSLATED	NA	http://purl.obolibrary.org/obo/symp/releases/2022-11-30/symp.owl	Translator: Alexander Largaespada; Reviewer: Salvador G. Ordorica	NA
symp	label	SYMP:0000207	rdfs:label	afebrile	afebril	The Spanish Group LLC (https://thespanishgroup.org/)	2024-05-21	en	es	MANUALLY TRANSLATED	NA	http://purl.obolibrary.org/obo/symp/releases/2022-11-30/symp.owl	Translator: Alexander Largaespada; Reviewer: Salvador G. Ordorica	NA
symp	label	SYMP:0000208	rdfs:label	anemia	anemia	The Spanish Group LLC (https://thespanishgroup.org/)	2024-05-21	en	es	MANUALLY TRANSLATED	NA	http://purl.obolibrary.org/obo/symp/releases/2022-11-30/symp.owl	Translator: Alexander Largaespada; Reviewer: Salvador G. Ordorica	NA
symp	label	SYMP:0000209	rdfs:label	ischemia	isquemia	The Spanish Group LLC (https://thespanishgroup.org/)	2024-05-21	en	es	MANUALLY TRANSLATED	NA	http://purl.obolibrary.org/obo/symp/releases/2022-11-30/symp.owl	Translator: Alexander Largaespada; Reviewer: Salvador G. Ordorica	NA
symp	label	SYMP:0000210	rdfs:label	photophobia	fotofobia	The Spanish Group LLC (https://thespanishgroup.org/)	2024-05-21	en	es	MANUALLY TRANSLATED	NA	http://purl.obolibrary.org/obo/symp/releases/2022-11-30/symp.owl	Translator: Alexander Largaespada; Reviewer: Salvador G. Ordorica	NA
symp	label	SYMP:0000211	rdfs:label	asthenopia	astenopía	The Spanish Group LLC (https://thespanishgroup.org/)	2024-05-21	en	es	MANUALLY TRANSLATED	NA	http://purl.obolibrary.org/obo/symp/releases/2022-11-30/symp.owl	Translator: Alexander Largaespada; Reviewer: Salvador G. Ordorica	NA
symp	label	SYMP:0000212	rdfs:label	eye strain	tensión ocular	The Spanish Group LLC (https://thespanishgroup.org/)	2024-05-21	en	es	MANUALLY TRANSLATED	NA	http://purl.obolibrary.org/obo/symp/releases/2022-11-30/symp.owl	Translator: Alexander Largaespada; Reviewer: Salvador G. Ordorica	NA
symp	label	SYMP:0000213	rdfs:label	agraphia	agrafia	The Spanish Group LLC (https://thespanishgroup.org/)	2024-05-21	en	es	MANUALLY TRANSLATED	NA	http://purl.obolibrary.org/obo/symp/releases/2022-11-30/symp.owl	Translator: Alexander Largaespada; Reviewer: Salvador G. Ordorica	NA
symp	label	SYMP:0000214	rdfs:label	anomia	anomia	The Spanish Group LLC (https://thespanishgroup.org/)	2024-05-21	en	es	MANUALLY TRANSLATED	NA	http://purl.obolibrary.org/obo/symp/releases/2022-11-30/symp.owl	Translator: Alexander Largaespada; Reviewer: Salvador G. Ordorica	NA
symp	label	SYMP:0000215	rdfs:label	inability to comprehend speech	incapacidad para comprender el habla	The Spanish Group LLC (https://thespanishgroup.org/)	2024-05-21	en	es	MANUALLY TRANSLATED	NA	http://purl.obolibrary.org/obo/symp/releases/2022-11-30/symp.owl	Translator: Alexander Largaespada; Reviewer: Salvador G. Ordorica	NA
symp	label	SYMP:0000216	rdfs:label	inability to speak	incapacidad para hablar	The Spanish Group LLC (https://thespanishgroup.org/)	2024-05-21	en	es	MANUALLY TRANSLATED	NA	http://purl.obolibrary.org/obo/symp/releases/2022-11-30/symp.owl	Translator: Alexander Largaespada; Reviewer: Salvador G. Ordorica	NA
symp	label	SYMP:0000217	rdfs:label	inability to form words	incapacidad para formar palabras	The Spanish Group LLC (https://thespanishgroup.org/)	2024-05-21	en	es	MANUALLY TRANSLATED	NA	http://purl.obolibrary.org/obo/symp/releases/2022-11-30/symp.owl	Translator: Alexander Largaespada; Reviewer: Salvador G. Ordorica	NA
symp	label	SYMP:0000218	rdfs:label	poor enunciation	mala enunciación	The Spanish Group LLC (https://thespanishgroup.org/)	2024-05-21	en	es	MANUALLY TRANSLATED	NA	http://purl.obolibrary.org/obo/symp/releases/2022-11-30/symp.owl	Translator: Alexander Largaespada; Reviewer: Salvador G. Ordorica	NA
symp	label	SYMP:0000219	rdfs:label	receptive aphasia	afasia receptiva	The Spanish Group LLC (https://thespanishgroup.org/)	2024-05-21	en	es	MANUALLY TRANSLATED	NA	http://purl.obolibrary.org/obo/symp/releases/2022-11-30/symp.owl	Translator: Alexander Largaespada; Reviewer: Salvador G. Ordorica	NA
symp	label	SYMP:0000220	rdfs:label	areflexia	arreflexia	The Spanish Group LLC (https://thespanishgroup.org/)	2024-05-21	en	es	MANUALLY TRANSLATED	NA	http://purl.obolibrary.org/obo/symp/releases/2022-11-30/symp.owl	Translator: Alexander Largaespada; Reviewer: Salvador G. Ordorica	NA
symp	label	SYMP:0000221	rdfs:label	absence of knee jerk reflex	ausencia de reflejo rotuliano	The Spanish Group LLC (https://thespanishgroup.org/)	2024-05-21	en	es	MANUALLY TRANSLATED	NA	http://purl.obolibrary.org/obo/symp/releases/2022-11-30/symp.owl	Translator: Alexander Largaespada; Reviewer: Salvador G. Ordorica	NA
symp	label	SYMP:0000222	rdfs:label	limb weakness	debilidad de las extremidades	The Spanish Group LLC (https://thespanishgroup.org/)	2024-05-21	en	es	MANUALLY TRANSLATED	NA	http://purl.obolibrary.org/obo/symp/releases/2022-11-30/symp.owl	Translator: Alexander Largaespada; Reviewer: Salvador G. Ordorica	NA
symp	label	SYMP:0000223	rdfs:label	arm weakness	debilidad en los brazos	The Spanish Group LLC (https://thespanishgroup.org/)	2024-05-21	en	es	MANUALLY TRANSLATED	NA	http://purl.obolibrary.org/obo/symp/releases/2022-11-30/symp.owl	Translator: Alexander Largaespada; Reviewer: Salvador G. Ordorica	NA
symp	label	SYMP:0000224	rdfs:label	leg weakness	debilidad en las piernas	The Spanish Group LLC (https://thespanishgroup.org/)	2024-05-21	en	es	MANUALLY TRANSLATED	NA	http://purl.obolibrary.org/obo/symp/releases/2022-11-30/symp.owl	Translator: Alexander Largaespada; Reviewer: Salvador G. Ordorica	NA
symp	label	SYMP:0000225	rdfs:label	asthenia	astenia	The Spanish Group LLC (https://thespanishgroup.org/)	2024-05-21	en	es	MANUALLY TRANSLATED	NA	http://purl.obolibrary.org/obo/symp/releases/2022-11-30/symp.owl	Translator: Alexander Largaespada; Reviewer: Salvador G. Ordorica	NA
symp	label	SYMP:0000226	rdfs:label	atrial fibrillation	fibrilación auricular	The Spanish Group LLC (https://thespanishgroup.org/)	2024-05-21	en	es	MANUALLY TRANSLATED	NA	http://purl.obolibrary.org/obo/symp/releases/2022-11-30/symp.owl	Translator: Alexander Largaespada; Reviewer: Salvador G. Ordorica	NA
symp	label	SYMP:0000227	rdfs:label	blood vessel infection	infección de los vasos sanguíneos	The Spanish Group LLC (https://thespanishgroup.org/)	2024-05-21	en	es	MANUALLY TRANSLATED	NA	http://purl.obolibrary.org/obo/symp/releases/2022-11-30/symp.owl	Translator: Alexander Largaespada; Reviewer: Salvador G. Ordorica	NA
symp	label	SYMP:0000228	rdfs:label	hemorrhagic diarrhea	diarrea hemorrágica	The Spanish Group LLC (https://thespanishgroup.org/)	2024-05-21	en	es	MANUALLY TRANSLATED	NA	http://purl.obolibrary.org/obo/symp/releases/2022-11-30/symp.owl	Translator: Alexander Largaespada; Reviewer: Salvador G. Ordorica	NA
symp	label	SYMP:0000229	rdfs:label	bloody stool	heces sanguinolentas	The Spanish Group LLC (https://thespanishgroup.org/)	2024-05-21	en	es	MANUALLY TRANSLATED	NA	http://purl.obolibrary.org/obo/symp/releases/2022-11-30/symp.owl	Translator: Alexander Largaespada; Reviewer: Salvador G. Ordorica	NA
symp	label	SYMP:0000230	rdfs:label	body ache	dolor de cuerpo	The Spanish Group LLC (https://thespanishgroup.org/)	2024-05-21	en	es	MANUALLY TRANSLATED	NA	http://purl.obolibrary.org/obo/symp/releases/2022-11-30/symp.owl	Translator: Alexander Largaespada; Reviewer: Salvador G. Ordorica	NA
symp	label	SYMP:0000231	rdfs:label	bradycardia	bradicardia	The Spanish Group LLC (https://thespanishgroup.org/)	2024-05-21	en	es	MANUALLY TRANSLATED	NA	http://purl.obolibrary.org/obo/symp/releases/2022-11-30/symp.owl	Translator: Alexander Largaespada; Reviewer: Salvador G. Ordorica	NA
symp	label	SYMP:0000232	rdfs:label	bronchiolitis	bronquiolitis	The Spanish Group LLC (https://thespanishgroup.org/)	2024-05-21	en	es	MANUALLY TRANSLATED	NA	http://purl.obolibrary.org/obo/symp/releases/2022-11-30/symp.owl	Translator: Alexander Largaespada; Reviewer: Salvador G. Ordorica	NA
symp	label	SYMP:0000233	rdfs:label	inability to think clearly	incapacidad para pensar con claridad	The Spanish Group LLC (https://thespanishgroup.org/)	2024-05-21	en	es	MANUALLY TRANSLATED	NA	http://purl.obolibrary.org/obo/symp/releases/2022-11-30/symp.owl	Translator: Alexander Largaespada; Reviewer: Salvador G. Ordorica	NA
symp	label	SYMP:0000234	rdfs:label	cloudy cornea	córnea nublada	The Spanish Group LLC (https://thespanishgroup.org/)	2024-05-21	en	es	MANUALLY TRANSLATED	NA	http://purl.obolibrary.org/obo/symp/releases/2022-11-30/symp.owl	Translator: Alexander Largaespada; Reviewer: Salvador G. Ordorica	NA
symp	label	SYMP:0000235	rdfs:label	colic	cólico	The Spanish Group LLC (https://thespanishgroup.org/)	2024-05-21	en	es	MANUALLY TRANSLATED	NA	http://purl.obolibrary.org/obo/symp/releases/2022-11-30/symp.owl	Translator: Alexander Largaespada; Reviewer: Salvador G. Ordorica	NA
symp	label	SYMP:0000236	rdfs:label	colicky pain	dolor cólico	The Spanish Group LLC (https://thespanishgroup.org/)	2024-05-21	en	es	MANUALLY TRANSLATED	NA	http://purl.obolibrary.org/obo/symp/releases/2022-11-30/symp.owl	Translator: Alexander Largaespada; Reviewer: Salvador G. Ordorica	NA
symp	label	SYMP:0000237	rdfs:label	congestion	congestión	The Spanish Group LLC (https://thespanishgroup.org/)	2024-05-21	en	es	MANUALLY TRANSLATED	NA	http://purl.obolibrary.org/obo/symp/releases/2022-11-30/symp.owl	Translator: Alexander Largaespada; Reviewer: Salvador G. Ordorica	NA
symp	label	SYMP:0000238	rdfs:label	continuous profuse salivation	salivación profusa y continua	The Spanish Group LLC (https://thespanishgroup.org/)	2024-05-21	en	es	MANUALLY TRANSLATED	NA	http://purl.obolibrary.org/obo/symp/releases/2022-11-30/symp.owl	Translator: Alexander Largaespada; Reviewer: Salvador G. Ordorica	NA
symp	label	SYMP:0000239	rdfs:label	cornea symptom	síntoma córnea	The Spanish Group LLC (https://thespanishgroup.org/)	2024-05-21	en	es	MANUALLY TRANSLATED	NA	http://purl.obolibrary.org/obo/symp/releases/2022-11-30/symp.owl	Translator: Alexander Largaespada; Reviewer: Salvador G. Ordorica	NA
symp	label	SYMP:0000240	rdfs:label	corneal opacity	opacidad corneal	The Spanish Group LLC (https://thespanishgroup.org/)	2024-05-21	en	es	MANUALLY TRANSLATED	NA	http://purl.obolibrary.org/obo/symp/releases/2022-11-30/symp.owl	Translator: Alexander Largaespada; Reviewer: Salvador G. Ordorica	NA
symp	label	SYMP:0000241	rdfs:label	corneal ulcers	úlceras corneales	The Spanish Group LLC (https://thespanishgroup.org/)	2024-05-21	en	es	MANUALLY TRANSLATED	NA	http://purl.obolibrary.org/obo/symp/releases/2022-11-30/symp.owl	Translator: Alexander Largaespada; Reviewer: Salvador G. Ordorica	NA
symp	label	SYMP:0000242	rdfs:label	cough with bloody sputum	tos con esputo sanguinolento	The Spanish Group LLC (https://thespanishgroup.org/)	2024-05-21	en	es	MANUALLY TRANSLATED	NA	http://purl.obolibrary.org/obo/symp/releases/2022-11-30/symp.owl	Translator: Alexander Largaespada; Reviewer: Salvador G. Ordorica	NA
symp	label	SYMP:0000243	rdfs:label	cyclic fever	fiebre cíclica	The Spanish Group LLC (https://thespanishgroup.org/)	2024-05-21	en	es	MANUALLY TRANSLATED	NA	http://purl.obolibrary.org/obo/symp/releases/2022-11-30/symp.owl	Translator: Alexander Largaespada; Reviewer: Salvador G. Ordorica	NA
symp	label	SYMP:0000244	rdfs:label	alteration of appetite	alteración del apetito	The Spanish Group LLC (https://thespanishgroup.org/)	2024-05-21	en	es	MANUALLY TRANSLATED	NA	http://purl.obolibrary.org/obo/symp/releases/2022-11-30/symp.owl	Translator: Alexander Largaespada; Reviewer: Salvador G. Ordorica	NA
symp	label	SYMP:0000245	rdfs:label	decreased appetite	disminución del apetito	The Spanish Group LLC (https://thespanishgroup.org/)	2024-05-21	en	es	MANUALLY TRANSLATED	NA	http://purl.obolibrary.org/obo/symp/releases/2022-11-30/symp.owl	Translator: Alexander Largaespada; Reviewer: Salvador G. Ordorica	NA
symp	label	SYMP:0000246	rdfs:label	increased appetite	aumento del apetito	The Spanish Group LLC (https://thespanishgroup.org/)	2024-05-21	en	es	MANUALLY TRANSLATED	NA	http://purl.obolibrary.org/obo/symp/releases/2022-11-30/symp.owl	Translator: Alexander Largaespada; Reviewer: Salvador G. Ordorica	NA
symp	label	SYMP:0000247	rdfs:label	proprioception symptom	síntoma de propiocepción	The Spanish Group LLC (https://thespanishgroup.org/)	2024-05-21	en	es	MANUALLY TRANSLATED	NA	http://purl.obolibrary.org/obo/symp/releases/2022-11-30/symp.owl	Translator: Alexander Largaespada; Reviewer: Salvador G. Ordorica	NA
symp	label	SYMP:0000248	rdfs:label	decreased conscious proprioception	disminución de la propiocepción consciente	The Spanish Group LLC (https://thespanishgroup.org/)	2024-05-21	en	es	MANUALLY TRANSLATED	NA	http://purl.obolibrary.org/obo/symp/releases/2022-11-30/symp.owl	Translator: Alexander Largaespada; Reviewer: Salvador G. Ordorica	NA
symp	label	SYMP:0000249	rdfs:label	reflex symptom	síntoma reflejo	The Spanish Group LLC (https://thespanishgroup.org/)	2024-05-21	en	es	MANUALLY TRANSLATED	NA	http://purl.obolibrary.org/obo/symp/releases/2022-11-30/symp.owl	Translator: Alexander Largaespada; Reviewer: Salvador G. Ordorica	NA
symp	label	SYMP:0000250	rdfs:label	decreased flexor withdrawal reflex	disminución del reflejo de retirada de los flexores	The Spanish Group LLC (https://thespanishgroup.org/)	2024-05-21	en	es	MANUALLY TRANSLATED	NA	http://purl.obolibrary.org/obo/symp/releases/2022-11-30/symp.owl	Translator: Alexander Largaespada; Reviewer: Salvador G. Ordorica	NA
symp	label	SYMP:0000251	rdfs:label	dermal abscess	absceso dérmico	The Spanish Group LLC (https://thespanishgroup.org/)	2024-05-21	en	es	MANUALLY TRANSLATED	NA	http://purl.obolibrary.org/obo/symp/releases/2022-11-30/symp.owl	Translator: Alexander Largaespada; Reviewer: Salvador G. Ordorica	NA
symp	label	SYMP:0000252	rdfs:label	diffuse rash	erupción difusa	The Spanish Group LLC (https://thespanishgroup.org/)	2024-05-21	en	es	MANUALLY TRANSLATED	NA	http://purl.obolibrary.org/obo/symp/releases/2022-11-30/symp.owl	Translator: Alexander Largaespada; Reviewer: Salvador G. Ordorica	NA
symp	label	SYMP:0000253	rdfs:label	anisocoria	anisocoria	The Spanish Group LLC (https://thespanishgroup.org/)	2024-05-21	en	es	MANUALLY TRANSLATED	NA	http://purl.obolibrary.org/obo/symp/releases/2022-11-30/symp.owl	Translator: Alexander Largaespada; Reviewer: Salvador G. Ordorica	NA
symp	label	SYMP:0000254	rdfs:label	dilated pupil	pupila dilatada	The Spanish Group LLC (https://thespanishgroup.org/)	2024-05-21	en	es	MANUALLY TRANSLATED	NA	http://purl.obolibrary.org/obo/symp/releases/2022-11-30/symp.owl	Translator: Alexander Largaespada; Reviewer: Salvador G. Ordorica	NA
symp	label	SYMP:0000255	rdfs:label	diminished gastro-intestinal motility	motilidad gastrointestinal disminuida	The Spanish Group LLC (https://thespanishgroup.org/)	2024-05-21	en	es	MANUALLY TRANSLATED	NA	http://purl.obolibrary.org/obo/symp/releases/2022-11-30/symp.owl	Translator: Alexander Largaespada; Reviewer: Salvador G. Ordorica	NA
symp	label	SYMP:0000256	rdfs:label	diminished gag reflex	reflejo nauseoso disminuido	The Spanish Group LLC (https://thespanishgroup.org/)	2024-05-21	en	es	MANUALLY TRANSLATED	NA	http://purl.obolibrary.org/obo/symp/releases/2022-11-30/symp.owl	Translator: Alexander Largaespada; Reviewer: Salvador G. Ordorica	NA
symp	label	SYMP:0000257	rdfs:label	absent gag reflex	reflejo nauseoso ausente	The Spanish Group LLC (https://thespanishgroup.org/)	2024-05-21	en	es	MANUALLY TRANSLATED	NA	http://purl.obolibrary.org/obo/symp/releases/2022-11-30/symp.owl	Translator: Alexander Largaespada; Reviewer: Salvador G. Ordorica	NA
symp	label	SYMP:0000258	rdfs:label	double vision	visión doble	The Spanish Group LLC (https://thespanishgroup.org/)	2024-05-21	en	es	MANUALLY TRANSLATED	NA	http://purl.obolibrary.org/obo/symp/releases/2022-11-30/symp.owl	Translator: Alexander Largaespada; Reviewer: Salvador G. Ordorica	NA
symp	label	SYMP:0000259	rdfs:label	dry hacking cough	tos seca y cortante	The Spanish Group LLC (https://thespanishgroup.org/)	2024-05-21	en	es	MANUALLY TRANSLATED	NA	http://purl.obolibrary.org/obo/symp/releases/2022-11-30/symp.owl	Translator: Alexander Largaespada; Reviewer: Salvador G. Ordorica	NA
symp	label	SYMP:0000260	rdfs:label	dry mouth	boca seca	The Spanish Group LLC (https://thespanishgroup.org/)	2024-05-21	en	es	MANUALLY TRANSLATED	NA	http://purl.obolibrary.org/obo/symp/releases/2022-11-30/symp.owl	Translator: Alexander Largaespada; Reviewer: Salvador G. Ordorica	NA
symp	label	SYMP:0000261	rdfs:label	dry mucous membrane	mucosa seca	The Spanish Group LLC (https://thespanishgroup.org/)	2024-05-21	en	es	MANUALLY TRANSLATED	NA	http://purl.obolibrary.org/obo/symp/releases/2022-11-30/symp.owl	Translator: Alexander Largaespada; Reviewer: Salvador G. Ordorica	NA
symp	label	SYMP:0000262	rdfs:label	endocarditis	endocarditis	The Spanish Group LLC (https://thespanishgroup.org/)	2024-05-21	en	es	MANUALLY TRANSLATED	NA	http://purl.obolibrary.org/obo/symp/releases/2022-11-30/symp.owl	Translator: Alexander Largaespada; Reviewer: Salvador G. Ordorica	NA
symp	label	SYMP:0000263	rdfs:label	epididymitis	epididimitis	The Spanish Group LLC (https://thespanishgroup.org/)	2024-05-21	en	es	MANUALLY TRANSLATED	NA	http://purl.obolibrary.org/obo/symp/releases/2022-11-30/symp.owl	Translator: Alexander Largaespada; Reviewer: Salvador G. Ordorica	NA
symp	label	SYMP:0000264	rdfs:label	epididymorchitis	epididimorquitis	The Spanish Group LLC (https://thespanishgroup.org/)	2024-05-21	en	es	MANUALLY TRANSLATED	NA	http://purl.obolibrary.org/obo/symp/releases/2022-11-30/symp.owl	Translator: Alexander Largaespada; Reviewer: Salvador G. Ordorica	NA
symp	label	SYMP:0000266	rdfs:label	focal seizure	convulsión focal	The Spanish Group LLC (https://thespanishgroup.org/)	2024-05-21	en	es	MANUALLY TRANSLATED	NA	http://purl.obolibrary.org/obo/symp/releases/2022-11-30/symp.owl	Translator: Alexander Largaespada; Reviewer: Salvador G. Ordorica	NA
symp	label	SYMP:0000267	rdfs:label	generalized seizure	convulsión generalizada	The Spanish Group LLC (https://thespanishgroup.org/)	2024-05-21	en	es	MANUALLY TRANSLATED	NA	http://purl.obolibrary.org/obo/symp/releases/2022-11-30/symp.owl	Translator: Alexander Largaespada; Reviewer: Salvador G. Ordorica	NA
symp	label	SYMP:0000268	rdfs:label	tonic-clonic seizure	convulsión tónico-clónica	The Spanish Group LLC (https://thespanishgroup.org/)	2024-05-21	en	es	MANUALLY TRANSLATED	NA	http://purl.obolibrary.org/obo/symp/releases/2022-11-30/symp.owl	Translator: Alexander Largaespada; Reviewer: Salvador G. Ordorica	NA
symp	label	SYMP:0000269	rdfs:label	epileptic seizure	crisis epiléptica	The Spanish Group LLC (https://thespanishgroup.org/)	2024-05-21	en	es	MANUALLY TRANSLATED	NA	http://purl.obolibrary.org/obo/symp/releases/2022-11-30/symp.owl	Translator: Alexander Largaespada; Reviewer: Salvador G. Ordorica	NA
symp	label	SYMP:0000270	rdfs:label	simple partial seizure	crisis parcial simple	The Spanish Group LLC (https://thespanishgroup.org/)	2024-05-21	en	es	MANUALLY TRANSLATED	NA	http://purl.obolibrary.org/obo/symp/releases/2022-11-30/symp.owl	Translator: Alexander Largaespada; Reviewer: Salvador G. Ordorica	NA
symp	label	SYMP:0000271	rdfs:label	complex partial seizure	crisis parcial compleja	The Spanish Group LLC (https://thespanishgroup.org/)	2024-05-21	en	es	MANUALLY TRANSLATED	NA	http://purl.obolibrary.org/obo/symp/releases/2022-11-30/symp.owl	Translator: Alexander Largaespada; Reviewer: Salvador G. Ordorica	NA
symp	label	SYMP:0000272	rdfs:label	myoclonic seizure	crisis mioclónica	The Spanish Group LLC (https://thespanishgroup.org/)	2024-05-21	en	es	MANUALLY TRANSLATED	NA	http://purl.obolibrary.org/obo/symp/releases/2022-11-30/symp.owl	Translator: Alexander Largaespada; Reviewer: Salvador G. Ordorica	NA
symp	label	SYMP:0000273	rdfs:label	clonic seizure	crisis clónica	The Spanish Group LLC (https://thespanishgroup.org/)	2024-05-21	en	es	MANUALLY TRANSLATED	NA	http://purl.obolibrary.org/obo/symp/releases/2022-11-30/symp.owl	Translator: Alexander Largaespada; Reviewer: Salvador G. Ordorica	NA
symp	label	SYMP:0000274	rdfs:label	tonic seizure	crisis tónica	The Spanish Group LLC (https://thespanishgroup.org/)	2024-05-21	en	es	MANUALLY TRANSLATED	NA	http://purl.obolibrary.org/obo/symp/releases/2022-11-30/symp.owl	Translator: Alexander Largaespada; Reviewer: Salvador G. Ordorica	NA
symp	label	SYMP:0000275	rdfs:label	atonic seizure	crisis atónica	The Spanish Group LLC (https://thespanishgroup.org/)	2024-05-21	en	es	MANUALLY TRANSLATED	NA	http://purl.obolibrary.org/obo/symp/releases/2022-11-30/symp.owl	Translator: Alexander Largaespada; Reviewer: Salvador G. Ordorica	NA
symp	label	SYMP:0000277	rdfs:label	excess salivation	exceso de salivación	The Spanish Group LLC (https://thespanishgroup.org/)	2024-05-21	en	es	MANUALLY TRANSLATED	NA	http://purl.obolibrary.org/obo/symp/releases/2022-11-30/symp.owl	Translator: Alexander Largaespada; Reviewer: Salvador G. Ordorica	NA
symp	label	SYMP:0000278	rdfs:label	extensive ulcer	úlcera extensa	The Spanish Group LLC (https://thespanishgroup.org/)	2024-05-21	en	es	MANUALLY TRANSLATED	NA	http://purl.obolibrary.org/obo/symp/releases/2022-11-30/symp.owl	Translator: Alexander Largaespada; Reviewer: Salvador G. Ordorica	NA
symp	label	SYMP:0000279	rdfs:label	extreme exhaustion	agotamiento extremo	The Spanish Group LLC (https://thespanishgroup.org/)	2024-05-21	en	es	MANUALLY TRANSLATED	NA	http://purl.obolibrary.org/obo/symp/releases/2022-11-30/symp.owl	Translator: Alexander Largaespada; Reviewer: Salvador G. Ordorica	NA
symp	label	SYMP:0000280	rdfs:label	extreme fatigue	fatiga extrema	The Spanish Group LLC (https://thespanishgroup.org/)	2024-05-21	en	es	MANUALLY TRANSLATED	NA	http://purl.obolibrary.org/obo/symp/releases/2022-11-30/symp.owl	Translator: Alexander Largaespada; Reviewer: Salvador G. Ordorica	NA
symp	label	SYMP:0000281	rdfs:label	eye discharge	secreción ocular	The Spanish Group LLC (https://thespanishgroup.org/)	2024-05-21	en	es	MANUALLY TRANSLATED	NA	http://purl.obolibrary.org/obo/symp/releases/2022-11-30/symp.owl	Translator: Alexander Largaespada; Reviewer: Salvador G. Ordorica	NA
symp	label	SYMP:0000282	rdfs:label	fixed dilated pupils	pupilas dilatadas fijas	The Spanish Group LLC (https://thespanishgroup.org/)	2024-05-21	en	es	MANUALLY TRANSLATED	NA	http://purl.obolibrary.org/obo/symp/releases/2022-11-30/symp.owl	Translator: Alexander Largaespada; Reviewer: Salvador G. Ordorica	NA
symp	label	SYMP:0000283	rdfs:label	facial paralysis	parálisis facial	The Spanish Group LLC (https://thespanishgroup.org/)	2024-05-21	en	es	MANUALLY TRANSLATED	NA	http://purl.obolibrary.org/obo/symp/releases/2022-11-30/symp.owl	Translator: Alexander Largaespada; Reviewer: Salvador G. Ordorica	NA
symp	label	SYMP:0000284	rdfs:label	fixed pupil	pupila fija	The Spanish Group LLC (https://thespanishgroup.org/)	2024-05-21	en	es	MANUALLY TRANSLATED	NA	http://purl.obolibrary.org/obo/symp/releases/2022-11-30/symp.owl	Translator: Alexander Largaespada; Reviewer: Salvador G. Ordorica	NA
symp	label	SYMP:0000285	rdfs:label	flaccid paralysis	parálisis flácida	The Spanish Group LLC (https://thespanishgroup.org/)	2024-05-21	en	es	MANUALLY TRANSLATED	NA	http://purl.obolibrary.org/obo/symp/releases/2022-11-30/symp.owl	Translator: Alexander Largaespada; Reviewer: Salvador G. Ordorica	NA
symp	label	SYMP:0000287	rdfs:label	arrhythmia	arritmia	The Spanish Group LLC (https://thespanishgroup.org/)	2024-05-21	en	es	MANUALLY TRANSLATED	NA	http://purl.obolibrary.org/obo/symp/releases/2022-11-30/symp.owl	Translator: Alexander Largaespada; Reviewer: Salvador G. Ordorica	NA
symp	label	SYMP:0000289	rdfs:label	eczema	eczema	The Spanish Group LLC (https://thespanishgroup.org/)	2024-05-21	en	es	MANUALLY TRANSLATED	NA	http://purl.obolibrary.org/obo/symp/releases/2022-11-30/symp.owl	Translator: Alexander Largaespada; Reviewer: Salvador G. Ordorica	NA
symp	label	SYMP:0000290	rdfs:label	belching	eructos	The Spanish Group LLC (https://thespanishgroup.org/)	2024-05-21	en	es	MANUALLY TRANSLATED	NA	http://purl.obolibrary.org/obo/symp/releases/2022-11-30/symp.owl	Translator: Alexander Largaespada; Reviewer: Salvador G. Ordorica	NA
symp	label	SYMP:0000291	rdfs:label	gas pain	dolor por gases	The Spanish Group LLC (https://thespanishgroup.org/)	2024-05-21	en	es	MANUALLY TRANSLATED	NA	http://purl.obolibrary.org/obo/symp/releases/2022-11-30/symp.owl	Translator: Alexander Largaespada; Reviewer: Salvador G. Ordorica	NA
symp	label	SYMP:0000292	rdfs:label	heart failure	insuficiencia cardiaca	The Spanish Group LLC (https://thespanishgroup.org/)	2024-05-21	en	es	MANUALLY TRANSLATED	NA	http://purl.obolibrary.org/obo/symp/releases/2022-11-30/symp.owl	Translator: Alexander Largaespada; Reviewer: Salvador G. Ordorica	NA
symp	label	SYMP:0000293	rdfs:label	hemiparesis	hemiparesia	The Spanish Group LLC (https://thespanishgroup.org/)	2024-05-21	en	es	MANUALLY TRANSLATED	NA	http://purl.obolibrary.org/obo/symp/releases/2022-11-30/symp.owl	Translator: Alexander Largaespada; Reviewer: Salvador G. Ordorica	NA
symp	label	SYMP:0000294	rdfs:label	hemolysis	hemólisis	The Spanish Group LLC (https://thespanishgroup.org/)	2024-05-21	en	es	MANUALLY TRANSLATED	NA	http://purl.obolibrary.org/obo/symp/releases/2022-11-30/symp.owl	Translator: Alexander Largaespada; Reviewer: Salvador G. Ordorica	NA
symp	label	SYMP:0000295	rdfs:label	hepatic abscess	absceso hepático	The Spanish Group LLC (https://thespanishgroup.org/)	2024-05-21	en	es	MANUALLY TRANSLATED	NA	http://purl.obolibrary.org/obo/symp/releases/2022-11-30/symp.owl	Translator: Alexander Largaespada; Reviewer: Salvador G. Ordorica	NA
symp	label	SYMP:0000296	rdfs:label	hepatic dysfunction	disfunción hepática	The Spanish Group LLC (https://thespanishgroup.org/)	2024-05-21	en	es	MANUALLY TRANSLATED	NA	http://purl.obolibrary.org/obo/symp/releases/2022-11-30/symp.owl	Translator: Alexander Largaespada; Reviewer: Salvador G. Ordorica	NA
symp	label	SYMP:0000297	rdfs:label	hilar lymphadenitis	linfadenitis hiliar	The Spanish Group LLC (https://thespanishgroup.org/)	2024-05-21	en	es	MANUALLY TRANSLATED	NA	http://purl.obolibrary.org/obo/symp/releases/2022-11-30/symp.owl	Translator: Alexander Largaespada; Reviewer: Salvador G. Ordorica	NA
symp	label	SYMP:0000298	rdfs:label	hoarse voice	voz ronca	The Spanish Group LLC (https://thespanishgroup.org/)	2024-05-21	en	es	MANUALLY TRANSLATED	NA	http://purl.obolibrary.org/obo/symp/releases/2022-11-30/symp.owl	Translator: Alexander Largaespada; Reviewer: Salvador G. Ordorica	NA
symp	label	SYMP:0000299	rdfs:label	hyperemia	hiperemia	The Spanish Group LLC (https://thespanishgroup.org/)	2024-05-21	en	es	MANUALLY TRANSLATED	NA	http://purl.obolibrary.org/obo/symp/releases/2022-11-30/symp.owl	Translator: Alexander Largaespada; Reviewer: Salvador G. Ordorica	NA
symp	label	SYMP:0000300	rdfs:label	hyperesthesia	hiperestesia	The Spanish Group LLC (https://thespanishgroup.org/)	2024-05-21	en	es	MANUALLY TRANSLATED	NA	http://purl.obolibrary.org/obo/symp/releases/2022-11-30/symp.owl	Translator: Alexander Largaespada; Reviewer: Salvador G. Ordorica	NA
symp	label	SYMP:0000301	rdfs:label	hypopyon	hipopion	The Spanish Group LLC (https://thespanishgroup.org/)	2024-05-21	en	es	MANUALLY TRANSLATED	NA	http://purl.obolibrary.org/obo/symp/releases/2022-11-30/symp.owl	Translator: Alexander Largaespada; Reviewer: Salvador G. Ordorica	NA
symp	label	SYMP:0000302	rdfs:label	hypothermia	hipotermia	The Spanish Group LLC (https://thespanishgroup.org/)	2024-05-21	en	es	MANUALLY TRANSLATED	NA	http://purl.obolibrary.org/obo/symp/releases/2022-11-30/symp.owl	Translator: Alexander Largaespada; Reviewer: Salvador G. Ordorica	NA
symp	label	SYMP:0000303	rdfs:label	hypoxemia	hipoxemia	The Spanish Group LLC (https://thespanishgroup.org/)	2024-05-21	en	es	MANUALLY TRANSLATED	NA	http://purl.obolibrary.org/obo/symp/releases/2022-11-30/symp.owl	Translator: Alexander Largaespada; Reviewer: Salvador G. Ordorica	NA
symp	label	SYMP:0000304	rdfs:label	impaired coordination	alteración de la coordinación	The Spanish Group LLC (https://thespanishgroup.org/)	2024-05-21	en	es	MANUALLY TRANSLATED	NA	http://purl.obolibrary.org/obo/symp/releases/2022-11-30/symp.owl	Translator: Alexander Largaespada; Reviewer: Salvador G. Ordorica	NA
symp	label	SYMP:0000305	rdfs:label	impaired gag reflex	reflejo nauseoso alterado	The Spanish Group LLC (https://thespanishgroup.org/)	2024-05-21	en	es	MANUALLY TRANSLATED	NA	http://purl.obolibrary.org/obo/symp/releases/2022-11-30/symp.owl	Translator: Alexander Largaespada; Reviewer: Salvador G. Ordorica	NA
symp	label	SYMP:0000306	rdfs:label	inability to feed	incapacidad para alimentarse	The Spanish Group LLC (https://thespanishgroup.org/)	2024-05-21	en	es	MANUALLY TRANSLATED	NA	http://purl.obolibrary.org/obo/symp/releases/2022-11-30/symp.owl	Translator: Alexander Largaespada; Reviewer: Salvador G. Ordorica	NA
symp	label	SYMP:0000307	rdfs:label	inibility to stand	incapacidad para mantenerse de pie	The Spanish Group LLC (https://thespanishgroup.org/)	2024-05-21	en	es	MANUALLY TRANSLATED	NA	http://purl.obolibrary.org/obo/symp/releases/2022-11-30/symp.owl	Translator: Alexander Largaespada; Reviewer: Salvador G. Ordorica	NA
symp	label	SYMP:0000308	rdfs:label	inability to swallow	incapacidad para tragar	The Spanish Group LLC (https://thespanishgroup.org/)	2024-05-21	en	es	MANUALLY TRANSLATED	NA	http://purl.obolibrary.org/obo/symp/releases/2022-11-30/symp.owl	Translator: Alexander Largaespada; Reviewer: Salvador G. Ordorica	NA
symp	label	SYMP:0000309	rdfs:label	loss of appetite	pérdida de apetito	The Spanish Group LLC (https://thespanishgroup.org/)	2024-05-21	en	es	MANUALLY TRANSLATED	NA	http://purl.obolibrary.org/obo/symp/releases/2022-11-30/symp.owl	Translator: Alexander Largaespada; Reviewer: Salvador G. Ordorica	NA
symp	label	SYMP:0000310	rdfs:label	inflamed eyes	ojos inflamados	The Spanish Group LLC (https://thespanishgroup.org/)	2024-05-21	en	es	MANUALLY TRANSLATED	NA	http://purl.obolibrary.org/obo/symp/releases/2022-11-30/symp.owl	Translator: Alexander Largaespada; Reviewer: Salvador G. Ordorica	NA
symp	label	SYMP:0000311	rdfs:label	intestinal hypermotility	hipermotilidad intestinal	The Spanish Group LLC (https://thespanishgroup.org/)	2024-05-21	en	es	MANUALLY TRANSLATED	NA	http://purl.obolibrary.org/obo/symp/releases/2022-11-30/symp.owl	Translator: Alexander Largaespada; Reviewer: Salvador G. Ordorica	NA
symp	label	SYMP:0000312	rdfs:label	joint symptom	síntoma articular	The Spanish Group LLC (https://thespanishgroup.org/)	2024-05-21	en	es	MANUALLY TRANSLATED	NA	http://purl.obolibrary.org/obo/symp/releases/2022-11-30/symp.owl	Translator: Alexander Largaespada; Reviewer: Salvador G. Ordorica	NA
symp	label	SYMP:0000313	rdfs:label	joint inflammation	inflamación articular	The Spanish Group LLC (https://thespanishgroup.org/)	2024-05-21	en	es	MANUALLY TRANSLATED	NA	http://purl.obolibrary.org/obo/symp/releases/2022-11-30/symp.owl	Translator: Alexander Largaespada; Reviewer: Salvador G. Ordorica	NA
symp	label	SYMP:0000314	rdfs:label	keratitis	queratitis	The Spanish Group LLC (https://thespanishgroup.org/)	2024-05-21	en	es	MANUALLY TRANSLATED	NA	http://purl.obolibrary.org/obo/symp/releases/2022-11-30/symp.owl	Translator: Alexander Largaespada; Reviewer: Salvador G. Ordorica	NA
symp	label	SYMP:0000315	rdfs:label	lateroventral deviation of the head	desviación lateroventral de la cabeza	The Spanish Group LLC (https://thespanishgroup.org/)	2024-05-21	en	es	MANUALLY TRANSLATED	NA	http://purl.obolibrary.org/obo/symp/releases/2022-11-30/symp.owl	Translator: Alexander Largaespada; Reviewer: Salvador G. Ordorica	NA
symp	label	SYMP:0000316	rdfs:label	leg cramp	calambre en la pierna	The Spanish Group LLC (https://thespanishgroup.org/)	2024-05-21	en	es	MANUALLY TRANSLATED	NA	http://purl.obolibrary.org/obo/symp/releases/2022-11-30/symp.owl	Translator: Alexander Largaespada; Reviewer: Salvador G. Ordorica	NA
symp	label	SYMP:0000318	rdfs:label	loss of balance	pérdida de equilibrio	The Spanish Group LLC (https://thespanishgroup.org/)	2024-05-21	en	es	MANUALLY TRANSLATED	NA	http://purl.obolibrary.org/obo/symp/releases/2022-11-30/symp.owl	Translator: Alexander Largaespada; Reviewer: Salvador G. Ordorica	NA
symp	label	SYMP:0000319	rdfs:label	loss of tendon reflex	pérdida del reflejo tendinoso	The Spanish Group LLC (https://thespanishgroup.org/)	2024-05-21	en	es	MANUALLY TRANSLATED	NA	http://purl.obolibrary.org/obo/symp/releases/2022-11-30/symp.owl	Translator: Alexander Largaespada; Reviewer: Salvador G. Ordorica	NA
symp	label	SYMP:0000320	rdfs:label	vision symptom	síntoma de visión	The Spanish Group LLC (https://thespanishgroup.org/)	2024-05-21	en	es	MANUALLY TRANSLATED	NA	http://purl.obolibrary.org/obo/symp/releases/2022-11-30/symp.owl	Translator: Alexander Largaespada; Reviewer: Salvador G. Ordorica	NA
symp	label	SYMP:0000321	rdfs:label	loss of vision	pérdida de visión	The Spanish Group LLC (https://thespanishgroup.org/)	2024-05-21	en	es	MANUALLY TRANSLATED	NA	http://purl.obolibrary.org/obo/symp/releases/2022-11-30/symp.owl	Translator: Alexander Largaespada; Reviewer: Salvador G. Ordorica	NA
symp	label	SYMP:0000322	rdfs:label	low birth weight	bajo peso al nacer	The Spanish Group LLC (https://thespanishgroup.org/)	2024-05-21	en	es	MANUALLY TRANSLATED	NA	http://purl.obolibrary.org/obo/symp/releases/2022-11-30/symp.owl	Translator: Alexander Largaespada; Reviewer: Salvador G. Ordorica	NA
symp	label	SYMP:0000323	rdfs:label	melena	melena	The Spanish Group LLC (https://thespanishgroup.org/)	2024-05-21	en	es	MANUALLY TRANSLATED	NA	http://purl.obolibrary.org/obo/symp/releases/2022-11-30/symp.owl	Translator: Alexander Largaespada; Reviewer: Salvador G. Ordorica	NA
symp	label	SYMP:0000324	rdfs:label	bronchitis	bronquitis	The Spanish Group LLC (https://thespanishgroup.org/)	2024-05-21	en	es	MANUALLY TRANSLATED	NA	http://purl.obolibrary.org/obo/symp/releases/2022-11-30/symp.owl	Translator: Alexander Largaespada; Reviewer: Salvador G. Ordorica	NA
symp	label	SYMP:0000325	rdfs:label	mild bronchitis	bronquitis leve	The Spanish Group LLC (https://thespanishgroup.org/)	2024-05-21	en	es	MANUALLY TRANSLATED	NA	http://purl.obolibrary.org/obo/symp/releases/2022-11-30/symp.owl	Translator: Alexander Largaespada; Reviewer: Salvador G. Ordorica	NA
symp	label	SYMP:0000326	rdfs:label	mild hypotension	hipotensión leve	The Spanish Group LLC (https://thespanishgroup.org/)	2024-05-21	en	es	MANUALLY TRANSLATED	NA	http://purl.obolibrary.org/obo/symp/releases/2022-11-30/symp.owl	Translator: Alexander Largaespada; Reviewer: Salvador G. Ordorica	NA
symp	label	SYMP:0000327	rdfs:label	tetanic convulsion	convulsión tetánica	The Spanish Group LLC (https://thespanishgroup.org/)	2024-05-21	en	es	MANUALLY TRANSLATED	NA	http://purl.obolibrary.org/obo/symp/releases/2022-11-30/symp.owl	Translator: Alexander Largaespada; Reviewer: Salvador G. Ordorica	NA
symp	label	SYMP:0000328	rdfs:label	mild tetanic convulsion	convulsión tetánica leve	The Spanish Group LLC (https://thespanishgroup.org/)	2024-05-21	en	es	MANUALLY TRANSLATED	NA	http://purl.obolibrary.org/obo/symp/releases/2022-11-30/symp.owl	Translator: Alexander Largaespada; Reviewer: Salvador G. Ordorica	NA
symp	label	SYMP:0000329	rdfs:label	motor weakness	debilidad motora	The Spanish Group LLC (https://thespanishgroup.org/)	2024-05-21	en	es	MANUALLY TRANSLATED	NA	http://purl.obolibrary.org/obo/symp/releases/2022-11-30/symp.owl	Translator: Alexander Largaespada; Reviewer: Salvador G. Ordorica	NA
symp	label	SYMP:0000330	rdfs:label	mouth sore	dolor de boca	The Spanish Group LLC (https://thespanishgroup.org/)	2024-05-21	en	es	MANUALLY TRANSLATED	NA	http://purl.obolibrary.org/obo/symp/releases/2022-11-30/symp.owl	Translator: Alexander Largaespada; Reviewer: Salvador G. Ordorica	NA
symp	label	SYMP:0000331	rdfs:label	muscle ache	dolor muscular	The Spanish Group LLC (https://thespanishgroup.org/)	2024-05-21	en	es	MANUALLY TRANSLATED	NA	http://purl.obolibrary.org/obo/symp/releases/2022-11-30/symp.owl	Translator: Alexander Largaespada; Reviewer: Salvador G. Ordorica	NA
symp	label	SYMP:0000332	rdfs:label	muscle soreness	dolor muscular	The Spanish Group LLC (https://thespanishgroup.org/)	2024-05-21	en	es	MANUALLY TRANSLATED	NA	http://purl.obolibrary.org/obo/symp/releases/2022-11-30/symp.owl	Translator: Alexander Largaespada; Reviewer: Salvador G. Ordorica	NA
symp	label	SYMP:0000333	rdfs:label	muscle tenderness	sensibilidad muscular	The Spanish Group LLC (https://thespanishgroup.org/)	2024-05-21	en	es	MANUALLY TRANSLATED	NA	http://purl.obolibrary.org/obo/symp/releases/2022-11-30/symp.owl	Translator: Alexander Largaespada; Reviewer: Salvador G. Ordorica	NA
symp	label	SYMP:0000334	rdfs:label	muscle necrosis	necrosis muscular	The Spanish Group LLC (https://thespanishgroup.org/)	2024-05-21	en	es	MANUALLY TRANSLATED	NA	http://purl.obolibrary.org/obo/symp/releases/2022-11-30/symp.owl	Translator: Alexander Largaespada; Reviewer: Salvador G. Ordorica	NA
symp	label	SYMP:0000335	rdfs:label	neck weakness	debilidad cervical	The Spanish Group LLC (https://thespanishgroup.org/)	2024-05-21	en	es	MANUALLY TRANSLATED	NA	http://purl.obolibrary.org/obo/symp/releases/2022-11-30/symp.owl	Translator: Alexander Largaespada; Reviewer: Salvador G. Ordorica	NA
symp	label	SYMP:0000336	rdfs:label	neurological dysfunction	disfunción neurológica	The Spanish Group LLC (https://thespanishgroup.org/)	2024-05-21	en	es	MANUALLY TRANSLATED	NA	http://purl.obolibrary.org/obo/symp/releases/2022-11-30/symp.owl	Translator: Alexander Largaespada; Reviewer: Salvador G. Ordorica	NA
symp	label	SYMP:0000337	rdfs:label	night sweats	sudores nocturnos	The Spanish Group LLC (https://thespanishgroup.org/)	2024-05-21	en	es	MANUALLY TRANSLATED	NA	http://purl.obolibrary.org/obo/symp/releases/2022-11-30/symp.owl	Translator: Alexander Largaespada; Reviewer: Salvador G. Ordorica	NA
symp	label	SYMP:0000338	rdfs:label	nystagmus	nistagmo	The Spanish Group LLC (https://thespanishgroup.org/)	2024-05-21	en	es	MANUALLY TRANSLATED	NA	http://purl.obolibrary.org/obo/symp/releases/2022-11-30/symp.owl	Translator: Alexander Largaespada; Reviewer: Salvador G. Ordorica	NA
symp	label	SYMP:0000339	rdfs:label	occasional diplopia	diplopía ocasional	The Spanish Group LLC (https://thespanishgroup.org/)	2024-05-21	en	es	MANUALLY TRANSLATED	NA	http://purl.obolibrary.org/obo/symp/releases/2022-11-30/symp.owl	Translator: Alexander Largaespada; Reviewer: Salvador G. Ordorica	NA
symp	label	SYMP:0000340	rdfs:label	limb edema	edema de las extremidades	The Spanish Group LLC (https://thespanishgroup.org/)	2024-05-21	en	es	MANUALLY TRANSLATED	NA	http://purl.obolibrary.org/obo/symp/releases/2022-11-30/symp.owl	Translator: Alexander Largaespada; Reviewer: Salvador G. Ordorica	NA
symp	label	SYMP:0000342	rdfs:label	slurred speech	dificultad para hablar	The Spanish Group LLC (https://thespanishgroup.org/)	2024-05-21	en	es	MANUALLY TRANSLATED	NA	http://purl.obolibrary.org/obo/symp/releases/2022-11-30/symp.owl	Translator: Alexander Largaespada; Reviewer: Salvador G. Ordorica	NA
symp	label	SYMP:0000343	rdfs:label	painful lymph glands	ganglios linfáticos dolorosos	The Spanish Group LLC (https://thespanishgroup.org/)	2024-05-21	en	es	MANUALLY TRANSLATED	NA	http://purl.obolibrary.org/obo/symp/releases/2022-11-30/symp.owl	Translator: Alexander Largaespada; Reviewer: Salvador G. Ordorica	NA
symp	label	SYMP:0000344	rdfs:label	palpebral edema	edema palpebral	The Spanish Group LLC (https://thespanishgroup.org/)	2024-05-21	en	es	MANUALLY TRANSLATED	NA	http://purl.obolibrary.org/obo/symp/releases/2022-11-30/symp.owl	Translator: Alexander Largaespada; Reviewer: Salvador G. Ordorica	NA
symp	label	SYMP:0000345	rdfs:label	panting respiration	respiración jadeante	The Spanish Group LLC (https://thespanishgroup.org/)	2024-05-21	en	es	MANUALLY TRANSLATED	NA	http://purl.obolibrary.org/obo/symp/releases/2022-11-30/symp.owl	Translator: Alexander Largaespada; Reviewer: Salvador G. Ordorica	NA
symp	label	SYMP:0000346	rdfs:label	papule	pápula	The Spanish Group LLC (https://thespanishgroup.org/)	2024-05-21	en	es	MANUALLY TRANSLATED	NA	http://purl.obolibrary.org/obo/symp/releases/2022-11-30/symp.owl	Translator: Alexander Largaespada; Reviewer: Salvador G. Ordorica	NA
symp	label	SYMP:0000347	rdfs:label	lip paralysis	parálisis labial	The Spanish Group LLC (https://thespanishgroup.org/)	2024-05-21	en	es	MANUALLY TRANSLATED	NA	http://purl.obolibrary.org/obo/symp/releases/2022-11-30/symp.owl	Translator: Alexander Largaespada; Reviewer: Salvador G. Ordorica	NA
symp	label	SYMP:0000348	rdfs:label	throat muscle paralysis	parálisis del músculo de la garganta	The Spanish Group LLC (https://thespanishgroup.org/)	2024-05-21	en	es	MANUALLY TRANSLATED	NA	http://purl.obolibrary.org/obo/symp/releases/2022-11-30/symp.owl	Translator: Alexander Largaespada; Reviewer: Salvador G. Ordorica	NA
symp	label	SYMP:0000349	rdfs:label	paraplegia	paraplejia	The Spanish Group LLC (https://thespanishgroup.org/)	2024-05-21	en	es	MANUALLY TRANSLATED	NA	http://purl.obolibrary.org/obo/symp/releases/2022-11-30/symp.owl	Translator: Alexander Largaespada; Reviewer: Salvador G. Ordorica	NA
symp	label	SYMP:0000350	rdfs:label	parotid abscess	absceso parotídeo	The Spanish Group LLC (https://thespanishgroup.org/)	2024-05-21	en	es	MANUALLY TRANSLATED	NA	http://purl.obolibrary.org/obo/symp/releases/2022-11-30/symp.owl	Translator: Alexander Largaespada; Reviewer: Salvador G. Ordorica	NA
symp	label	SYMP:0000352	rdfs:label	peripheral muscle weakness	debilidad muscular periférica	The Spanish Group LLC (https://thespanishgroup.org/)	2024-05-21	en	es	MANUALLY TRANSLATED	NA	http://purl.obolibrary.org/obo/symp/releases/2022-11-30/symp.owl	Translator: Alexander Largaespada; Reviewer: Salvador G. Ordorica	NA
symp	label	SYMP:0000353	rdfs:label	phlegm	flema	The Spanish Group LLC (https://thespanishgroup.org/)	2024-05-21	en	es	MANUALLY TRANSLATED	NA	http://purl.obolibrary.org/obo/symp/releases/2022-11-30/symp.owl	Translator: Alexander Largaespada; Reviewer: Salvador G. Ordorica	NA
symp	label	SYMP:0000354	rdfs:label	pneumonitis	neumonitis	The Spanish Group LLC (https://thespanishgroup.org/)	2024-05-21	en	es	MANUALLY TRANSLATED	NA	http://purl.obolibrary.org/obo/symp/releases/2022-11-30/symp.owl	Translator: Alexander Largaespada; Reviewer: Salvador G. Ordorica	NA
symp	label	SYMP:0000355	rdfs:label	poor feeding	mala alimentación	The Spanish Group LLC (https://thespanishgroup.org/)	2024-05-21	en	es	MANUALLY TRANSLATED	NA	http://purl.obolibrary.org/obo/symp/releases/2022-11-30/symp.owl	Translator: Alexander Largaespada; Reviewer: Salvador G. Ordorica	NA
symp	label	SYMP:0000356	rdfs:label	phlebitis	flebitis	The Spanish Group LLC (https://thespanishgroup.org/)	2024-05-21	en	es	MANUALLY TRANSLATED	NA	http://purl.obolibrary.org/obo/symp/releases/2022-11-30/symp.owl	Translator: Alexander Largaespada; Reviewer: Salvador G. Ordorica	NA
symp	label	SYMP:0000357	rdfs:label	postphlebitic ulcer	úlcera postflebítica	The Spanish Group LLC (https://thespanishgroup.org/)	2024-05-21	en	es	MANUALLY TRANSLATED	NA	http://purl.obolibrary.org/obo/symp/releases/2022-11-30/symp.owl	Translator: Alexander Largaespada; Reviewer: Salvador G. Ordorica	NA
symp	label	SYMP:0000358	rdfs:label	premature labor	parto prematuro	The Spanish Group LLC (https://thespanishgroup.org/)	2024-05-21	en	es	MANUALLY TRANSLATED	NA	http://purl.obolibrary.org/obo/symp/releases/2022-11-30/symp.owl	Translator: Alexander Largaespada; Reviewer: Salvador G. Ordorica	NA
symp	label	SYMP:0000359	rdfs:label	profound weakness	debilidad profunda	The Spanish Group LLC (https://thespanishgroup.org/)	2024-05-21	en	es	MANUALLY TRANSLATED	NA	http://purl.obolibrary.org/obo/symp/releases/2022-11-30/symp.owl	Translator: Alexander Largaespada; Reviewer: Salvador G. Ordorica	NA
symp	label	SYMP:0000360	rdfs:label	emaciation	emaciación	The Spanish Group LLC (https://thespanishgroup.org/)	2024-05-21	en	es	MANUALLY TRANSLATED	NA	http://purl.obolibrary.org/obo/symp/releases/2022-11-30/symp.owl	Translator: Alexander Largaespada; Reviewer: Salvador G. Ordorica	NA
symp	label	SYMP:0000361	rdfs:label	progressive emaciation	emaciación progresiva	The Spanish Group LLC (https://thespanishgroup.org/)	2024-05-21	en	es	MANUALLY TRANSLATED	NA	http://purl.obolibrary.org/obo/symp/releases/2022-11-30/symp.owl	Translator: Alexander Largaespada; Reviewer: Salvador G. Ordorica	NA
symp	label	SYMP:0000362	rdfs:label	progressive prostration	postración progresiva	The Spanish Group LLC (https://thespanishgroup.org/)	2024-05-21	en	es	MANUALLY TRANSLATED	NA	http://purl.obolibrary.org/obo/symp/releases/2022-11-30/symp.owl	Translator: Alexander Largaespada; Reviewer: Salvador G. Ordorica	NA
symp	label	SYMP:0000363	rdfs:label	progressive weakness	debilidad progresiva	The Spanish Group LLC (https://thespanishgroup.org/)	2024-05-21	en	es	MANUALLY TRANSLATED	NA	http://purl.obolibrary.org/obo/symp/releases/2022-11-30/symp.owl	Translator: Alexander Largaespada; Reviewer: Salvador G. Ordorica	NA
symp	label	SYMP:0000364	rdfs:label	prostate symptom	síntoma prostático	The Spanish Group LLC (https://thespanishgroup.org/)	2024-05-21	en	es	MANUALLY TRANSLATED	NA	http://purl.obolibrary.org/obo/symp/releases/2022-11-30/symp.owl	Translator: Alexander Largaespada; Reviewer: Salvador G. Ordorica	NA
symp	label	SYMP:0000365	rdfs:label	prostatic abscess	absceso prostático	The Spanish Group LLC (https://thespanishgroup.org/)	2024-05-21	en	es	MANUALLY TRANSLATED	NA	http://purl.obolibrary.org/obo/symp/releases/2022-11-30/symp.owl	Translator: Alexander Largaespada; Reviewer: Salvador G. Ordorica	NA
symp	label	SYMP:0000366	rdfs:label	prostatic infection	infección prostática	The Spanish Group LLC (https://thespanishgroup.org/)	2024-05-21	en	es	MANUALLY TRANSLATED	NA	http://purl.obolibrary.org/obo/symp/releases/2022-11-30/symp.owl	Translator: Alexander Largaespada; Reviewer: Salvador G. Ordorica	NA
symp	label	SYMP:0000367	rdfs:label	proteinuria	proteinuria	The Spanish Group LLC (https://thespanishgroup.org/)	2024-05-21	en	es	MANUALLY TRANSLATED	NA	http://purl.obolibrary.org/obo/symp/releases/2022-11-30/symp.owl	Translator: Alexander Largaespada; Reviewer: Salvador G. Ordorica	NA
symp	label	SYMP:0000368	rdfs:label	proximal paralysis of arm and leg	parálisis proximal de brazo y pierna	The Spanish Group LLC (https://thespanishgroup.org/)	2024-05-21	en	es	MANUALLY TRANSLATED	NA	http://purl.obolibrary.org/obo/symp/releases/2022-11-30/symp.owl	Translator: Alexander Largaespada; Reviewer: Salvador G. Ordorica	NA
symp	label	SYMP:0000369	rdfs:label	ptosis	ptosis	The Spanish Group LLC (https://thespanishgroup.org/)	2024-05-21	en	es	MANUALLY TRANSLATED	NA	http://purl.obolibrary.org/obo/symp/releases/2022-11-30/symp.owl	Translator: Alexander Largaespada; Reviewer: Salvador G. Ordorica	NA
symp	label	SYMP:0000370	rdfs:label	renal abscess	absceso renal	The Spanish Group LLC (https://thespanishgroup.org/)	2024-05-21	en	es	MANUALLY TRANSLATED	NA	http://purl.obolibrary.org/obo/symp/releases/2022-11-30/symp.owl	Translator: Alexander Largaespada; Reviewer: Salvador G. Ordorica	NA
symp	label	SYMP:0000371	rdfs:label	respiratory paralysis	parálisis respiratoria	The Spanish Group LLC (https://thespanishgroup.org/)	2024-05-21	en	es	MANUALLY TRANSLATED	NA	http://purl.obolibrary.org/obo/symp/releases/2022-11-30/symp.owl	Translator: Alexander Largaespada; Reviewer: Salvador G. Ordorica	NA
symp	label	SYMP:0000372	rdfs:label	rhinorrhea	rinorrea	The Spanish Group LLC (https://thespanishgroup.org/)	2024-05-21	en	es	MANUALLY TRANSLATED	NA	http://purl.obolibrary.org/obo/symp/releases/2022-11-30/symp.owl	Translator: Alexander Largaespada; Reviewer: Salvador G. Ordorica	NA
symp	label	SYMP:0000373	rdfs:label	salivation	salivación	The Spanish Group LLC (https://thespanishgroup.org/)	2024-05-21	en	es	MANUALLY TRANSLATED	NA	http://purl.obolibrary.org/obo/symp/releases/2022-11-30/symp.owl	Translator: Alexander Largaespada; Reviewer: Salvador G. Ordorica	NA
symp	label	SYMP:0000374	rdfs:label	scrotal abscess	absceso escrotal	The Spanish Group LLC (https://thespanishgroup.org/)	2024-05-21	en	es	MANUALLY TRANSLATED	NA	http://purl.obolibrary.org/obo/symp/releases/2022-11-30/symp.owl	Translator: Alexander Largaespada; Reviewer: Salvador G. Ordorica	NA
symp	label	SYMP:0000375	rdfs:label	severe abdominal cramp	calambres abdominales severos	The Spanish Group LLC (https://thespanishgroup.org/)	2024-05-21	en	es	MANUALLY TRANSLATED	NA	http://purl.obolibrary.org/obo/symp/releases/2022-11-30/symp.owl	Translator: Alexander Largaespada; Reviewer: Salvador G. Ordorica	NA
symp	label	SYMP:0000376	rdfs:label	severe diarrhea	diarrea severa	The Spanish Group LLC (https://thespanishgroup.org/)	2024-05-21	en	es	MANUALLY TRANSLATED	NA	http://purl.obolibrary.org/obo/symp/releases/2022-11-30/symp.owl	Translator: Alexander Largaespada; Reviewer: Salvador G. Ordorica	NA
symp	label	SYMP:0000379	rdfs:label	severe myalgia	mialgia severa	The Spanish Group LLC (https://thespanishgroup.org/)	2024-05-21	en	es	MANUALLY TRANSLATED	NA	http://purl.obolibrary.org/obo/symp/releases/2022-11-30/symp.owl	Translator: Alexander Largaespada; Reviewer: Salvador G. Ordorica	NA
symp	label	SYMP:0000381	rdfs:label	spleen abscess	absceso del bazo	The Spanish Group LLC (https://thespanishgroup.org/)	2024-05-21	en	es	MANUALLY TRANSLATED	NA	http://purl.obolibrary.org/obo/symp/releases/2022-11-30/symp.owl	Translator: Alexander Largaespada; Reviewer: Salvador G. Ordorica	NA
symp	label	SYMP:0000382	rdfs:label	staggering gait	marcha tambaleante	The Spanish Group LLC (https://thespanishgroup.org/)	2024-05-21	en	es	MANUALLY TRANSLATED	NA	http://purl.obolibrary.org/obo/symp/releases/2022-11-30/symp.owl	Translator: Alexander Largaespada; Reviewer: Salvador G. Ordorica	NA
symp	label	SYMP:0000383	rdfs:label	stiff neck	rigidez de cuello	The Spanish Group LLC (https://thespanishgroup.org/)	2024-05-21	en	es	MANUALLY TRANSLATED	NA	http://purl.obolibrary.org/obo/symp/releases/2022-11-30/symp.owl	Translator: Alexander Largaespada; Reviewer: Salvador G. Ordorica	NA
symp	label	SYMP:0000384	rdfs:label	neck symptom	síntoma del cuello	The Spanish Group LLC (https://thespanishgroup.org/)	2024-05-21	en	es	MANUALLY TRANSLATED	NA	http://purl.obolibrary.org/obo/symp/releases/2022-11-30/symp.owl	Translator: Alexander Largaespada; Reviewer: Salvador G. Ordorica	NA
symp	label	SYMP:0000385	rdfs:label	throat symptom	síntoma de la garganta	The Spanish Group LLC (https://thespanishgroup.org/)	2024-05-21	en	es	MANUALLY TRANSLATED	NA	http://purl.obolibrary.org/obo/symp/releases/2022-11-30/symp.owl	Translator: Alexander Largaespada; Reviewer: Salvador G. Ordorica	NA
symp	label	SYMP:0000386	rdfs:label	mouth symptom	síntoma de la boca	The Spanish Group LLC (https://thespanishgroup.org/)	2024-05-21	en	es	MANUALLY TRANSLATED	NA	http://purl.obolibrary.org/obo/symp/releases/2022-11-30/symp.owl	Translator: Alexander Largaespada; Reviewer: Salvador G. Ordorica	NA
symp	label	SYMP:0000387	rdfs:label	head symptom	síntoma de la cabeza	The Spanish Group LLC (https://thespanishgroup.org/)	2024-05-21	en	es	MANUALLY TRANSLATED	NA	http://purl.obolibrary.org/obo/symp/releases/2022-11-30/symp.owl	Translator: Alexander Largaespada; Reviewer: Salvador G. Ordorica	NA
symp	label	SYMP:0000388	rdfs:label	nose symptom	síntoma nariz	The Spanish Group LLC (https://thespanishgroup.org/)	2024-05-21	en	es	MANUALLY TRANSLATED	NA	http://purl.obolibrary.org/obo/symp/releases/2022-11-30/symp.owl	Translator: Alexander Largaespada; Reviewer: Salvador G. Ordorica	NA
symp	label	SYMP:0000389	rdfs:label	stupor	estupor	The Spanish Group LLC (https://thespanishgroup.org/)	2024-05-21	en	es	MANUALLY TRANSLATED	NA	http://purl.obolibrary.org/obo/symp/releases/2022-11-30/symp.owl	Translator: Alexander Largaespada; Reviewer: Salvador G. Ordorica	NA
symp	label	SYMP:0000390	rdfs:label	thyroid symptom	síntoma tiroideo	The Spanish Group LLC (https://thespanishgroup.org/)	2024-05-21	en	es	MANUALLY TRANSLATED	NA	http://purl.obolibrary.org/obo/symp/releases/2022-11-30/symp.owl	Translator: Alexander Largaespada; Reviewer: Salvador G. Ordorica	NA
symp	label	SYMP:0000391	rdfs:label	thyroid abscesses	abscesos tiroideos	The Spanish Group LLC (https://thespanishgroup.org/)	2024-05-21	en	es	MANUALLY TRANSLATED	NA	http://purl.obolibrary.org/obo/symp/releases/2022-11-30/symp.owl	Translator: Alexander Largaespada; Reviewer: Salvador G. Ordorica	NA
symp	label	SYMP:0000392	rdfs:label	ear symptom	síntoma del oído	The Spanish Group LLC (https://thespanishgroup.org/)	2024-05-21	en	es	MANUALLY TRANSLATED	NA	http://purl.obolibrary.org/obo/symp/releases/2022-11-30/symp.owl	Translator: Alexander Largaespada; Reviewer: Salvador G. Ordorica	NA
symp	label	SYMP:0000393	rdfs:label	tinnitus	acúfenos	The Spanish Group LLC (https://thespanishgroup.org/)	2024-05-21	en	es	MANUALLY TRANSLATED	NA	http://purl.obolibrary.org/obo/symp/releases/2022-11-30/symp.owl	Translator: Alexander Largaespada; Reviewer: Salvador G. Ordorica	NA
symp	label	SYMP:0000394	rdfs:label	muscle twitching	fasciculaciones musculares	The Spanish Group LLC (https://thespanishgroup.org/)	2024-05-21	en	es	MANUALLY TRANSLATED	NA	http://purl.obolibrary.org/obo/symp/releases/2022-11-30/symp.owl	Translator: Alexander Largaespada; Reviewer: Salvador G. Ordorica	NA
symp	label	SYMP:0000395	rdfs:label	facial muscle twitching	fasciculaciones musculares faciales	The Spanish Group LLC (https://thespanishgroup.org/)	2024-05-21	en	es	MANUALLY TRANSLATED	NA	http://purl.obolibrary.org/obo/symp/releases/2022-11-30/symp.owl	Translator: Alexander Largaespada; Reviewer: Salvador G. Ordorica	NA
symp	label	SYMP:0000396	rdfs:label	mydriasis	midriasis	The Spanish Group LLC (https://thespanishgroup.org/)	2024-05-21	en	es	MANUALLY TRANSLATED	NA	http://purl.obolibrary.org/obo/symp/releases/2022-11-30/symp.owl	Translator: Alexander Largaespada; Reviewer: Salvador G. Ordorica	NA
symp	label	SYMP:0000397	rdfs:label	unreactive mydriasis	midriasis no reactiva	The Spanish Group LLC (https://thespanishgroup.org/)	2024-05-21	en	es	MANUALLY TRANSLATED	NA	http://purl.obolibrary.org/obo/symp/releases/2022-11-30/symp.owl	Translator: Alexander Largaespada; Reviewer: Salvador G. Ordorica	NA
symp	label	SYMP:0000398	rdfs:label	vaginal discharge	flujo vaginal	The Spanish Group LLC (https://thespanishgroup.org/)	2024-05-21	en	es	MANUALLY TRANSLATED	NA	http://purl.obolibrary.org/obo/symp/releases/2022-11-30/symp.owl	Translator: Alexander Largaespada; Reviewer: Salvador G. Ordorica	NA
symp	label	SYMP:0000399	rdfs:label	vertigo	vértigo	The Spanish Group LLC (https://thespanishgroup.org/)	2024-05-21	en	es	MANUALLY TRANSLATED	NA	http://purl.obolibrary.org/obo/symp/releases/2022-11-30/symp.owl	Translator: Alexander Largaespada; Reviewer: Salvador G. Ordorica	NA
symp	label	SYMP:0000400	rdfs:label	weak cry	llanto débil	The Spanish Group LLC (https://thespanishgroup.org/)	2024-05-21	en	es	MANUALLY TRANSLATED	NA	http://purl.obolibrary.org/obo/symp/releases/2022-11-30/symp.owl	Translator: Alexander Largaespada; Reviewer: Salvador G. Ordorica	NA
symp	label	SYMP:0000401	rdfs:label	wobble	tambaleo	The Spanish Group LLC (https://thespanishgroup.org/)	2024-05-21	en	es	MANUALLY TRANSLATED	NA	http://purl.obolibrary.org/obo/symp/releases/2022-11-30/symp.owl	Translator: Alexander Largaespada; Reviewer: Salvador G. Ordorica	NA
symp	label	SYMP:0000402	rdfs:label	cachexia	caquexia	The Spanish Group LLC (https://thespanishgroup.org/)	2024-05-21	en	es	MANUALLY TRANSLATED	NA	http://purl.obolibrary.org/obo/symp/releases/2022-11-30/symp.owl	Translator: Alexander Largaespada; Reviewer: Salvador G. Ordorica	NA
symp	label	SYMP:0000403	rdfs:label	weight gain	aumento de peso	The Spanish Group LLC (https://thespanishgroup.org/)	2024-05-21	en	es	MANUALLY TRANSLATED	NA	http://purl.obolibrary.org/obo/symp/releases/2022-11-30/symp.owl	Translator: Alexander Largaespada; Reviewer: Salvador G. Ordorica	NA
symp	label	SYMP:0000404	rdfs:label	dyspareunia	dispareunia	The Spanish Group LLC (https://thespanishgroup.org/)	2024-05-21	en	es	MANUALLY TRANSLATED	NA	http://purl.obolibrary.org/obo/symp/releases/2022-11-30/symp.owl	Translator: Alexander Largaespada; Reviewer: Salvador G. Ordorica	NA
symp	label	SYMP:0000405	rdfs:label	vaginismus	vaginismo	The Spanish Group LLC (https://thespanishgroup.org/)	2024-05-21	en	es	MANUALLY TRANSLATED	NA	http://purl.obolibrary.org/obo/symp/releases/2022-11-30/symp.owl	Translator: Alexander Largaespada; Reviewer: Salvador G. Ordorica	NA
symp	label	SYMP:0000406	rdfs:label	bruise	hematoma	The Spanish Group LLC (https://thespanishgroup.org/)	2024-05-21	en	es	MANUALLY TRANSLATED	NA	http://purl.obolibrary.org/obo/symp/releases/2022-11-30/symp.owl	Translator: Alexander Largaespada; Reviewer: Salvador G. Ordorica	NA
symp	label	SYMP:0000407	rdfs:label	syncope	síncope	The Spanish Group LLC (https://thespanishgroup.org/)	2024-05-21	en	es	MANUALLY TRANSLATED	NA	http://purl.obolibrary.org/obo/symp/releases/2022-11-30/symp.owl	Translator: Alexander Largaespada; Reviewer: Salvador G. Ordorica	NA
symp	label	SYMP:0000408	rdfs:label	cataplexy	cataplejía	The Spanish Group LLC (https://thespanishgroup.org/)	2024-05-21	en	es	MANUALLY TRANSLATED	NA	http://purl.obolibrary.org/obo/symp/releases/2022-11-30/symp.owl	Translator: Alexander Largaespada; Reviewer: Salvador G. Ordorica	NA
symp	label	SYMP:0000409	rdfs:label	hyperthermia	hipertermia	The Spanish Group LLC (https://thespanishgroup.org/)	2024-05-21	en	es	MANUALLY TRANSLATED	NA	http://purl.obolibrary.org/obo/symp/releases/2022-11-30/symp.owl	Translator: Alexander Largaespada; Reviewer: Salvador G. Ordorica	NA
symp	label	SYMP:0000410	rdfs:label	neurological and physiological symptom	síntoma neurológico y fisiológico	The Spanish Group LLC (https://thespanishgroup.org/)	2024-05-21	en	es	MANUALLY TRANSLATED	NA	http://purl.obolibrary.org/obo/symp/releases/2022-11-30/symp.owl	Translator: Alexander Largaespada; Reviewer: Salvador G. Ordorica	NA
symp	label	SYMP:0000411	rdfs:label	infant symptom	síntoma infantil	The Spanish Group LLC (https://thespanishgroup.org/)	2024-05-21	en	es	MANUALLY TRANSLATED	NA	http://purl.obolibrary.org/obo/symp/releases/2022-11-30/symp.owl	Translator: Alexander Largaespada; Reviewer: Salvador G. Ordorica	NA
symp	label	SYMP:0000412	rdfs:label	anxiety	ansiedad	The Spanish Group LLC (https://thespanishgroup.org/)	2024-05-21	en	es	MANUALLY TRANSLATED	NA	http://purl.obolibrary.org/obo/symp/releases/2022-11-30/symp.owl	Translator: Alexander Largaespada; Reviewer: Salvador G. Ordorica	NA
symp	label	SYMP:0000413	rdfs:label	catatonia	catatonia	The Spanish Group LLC (https://thespanishgroup.org/)	2024-05-21	en	es	MANUALLY TRANSLATED	NA	http://purl.obolibrary.org/obo/symp/releases/2022-11-30/symp.owl	Translator: Alexander Largaespada; Reviewer: Salvador G. Ordorica	NA
symp	label	SYMP:0000414	rdfs:label	dysarthria	disartria	The Spanish Group LLC (https://thespanishgroup.org/)	2024-05-21	en	es	MANUALLY TRANSLATED	NA	http://purl.obolibrary.org/obo/symp/releases/2022-11-30/symp.owl	Translator: Alexander Largaespada; Reviewer: Salvador G. Ordorica	NA
symp	label	SYMP:0000415	rdfs:label	amaurosis fugax	amaurosis fugax	The Spanish Group LLC (https://thespanishgroup.org/)	2024-05-21	en	es	MANUALLY TRANSLATED	NA	http://purl.obolibrary.org/obo/symp/releases/2022-11-30/symp.owl	Translator: Alexander Largaespada; Reviewer: Salvador G. Ordorica	NA
symp	label	SYMP:0000416	rdfs:label	amaurosis	amaurosis	The Spanish Group LLC (https://thespanishgroup.org/)	2024-05-21	en	es	MANUALLY TRANSLATED	NA	http://purl.obolibrary.org/obo/symp/releases/2022-11-30/symp.owl	Translator: Alexander Largaespada; Reviewer: Salvador G. Ordorica	NA
symp	label	SYMP:0000417	rdfs:label	pupil symptom	síntoma pupilar	The Spanish Group LLC (https://thespanishgroup.org/)	2024-05-21	en	es	MANUALLY TRANSLATED	NA	http://purl.obolibrary.org/obo/symp/releases/2022-11-30/symp.owl	Translator: Alexander Largaespada; Reviewer: Salvador G. Ordorica	NA
symp	label	SYMP:0000418	rdfs:label	contracted pupil	pupila contraída	The Spanish Group LLC (https://thespanishgroup.org/)	2024-05-21	en	es	MANUALLY TRANSLATED	NA	http://purl.obolibrary.org/obo/symp/releases/2022-11-30/symp.owl	Translator: Alexander Largaespada; Reviewer: Salvador G. Ordorica	NA
symp	label	SYMP:0000419	rdfs:label	miosis	miosis	The Spanish Group LLC (https://thespanishgroup.org/)	2024-05-21	en	es	MANUALLY TRANSLATED	NA	http://purl.obolibrary.org/obo/symp/releases/2022-11-30/symp.owl	Translator: Alexander Largaespada; Reviewer: Salvador G. Ordorica	NA
symp	label	SYMP:0000420	rdfs:label	bloating	hinchazón	The Spanish Group LLC (https://thespanishgroup.org/)	2024-05-21	en	es	MANUALLY TRANSLATED	NA	http://purl.obolibrary.org/obo/symp/releases/2022-11-30/symp.owl	Translator: Alexander Largaespada; Reviewer: Salvador G. Ordorica	NA
symp	label	SYMP:0000421	rdfs:label	hematochezia	hematoquecia	The Spanish Group LLC (https://thespanishgroup.org/)	2024-05-21	en	es	MANUALLY TRANSLATED	NA	http://purl.obolibrary.org/obo/symp/releases/2022-11-30/symp.owl	Translator: Alexander Largaespada; Reviewer: Salvador G. Ordorica	NA
symp	label	SYMP:0000422	rdfs:label	dyspepsia	dispepsia	The Spanish Group LLC (https://thespanishgroup.org/)	2024-05-21	en	es	MANUALLY TRANSLATED	NA	http://purl.obolibrary.org/obo/symp/releases/2022-11-30/symp.owl	Translator: Alexander Largaespada; Reviewer: Salvador G. Ordorica	NA
symp	label	SYMP:0000423	rdfs:label	pyrosis	pirosis	The Spanish Group LLC (https://thespanishgroup.org/)	2024-05-21	en	es	MANUALLY TRANSLATED	NA	http://purl.obolibrary.org/obo/symp/releases/2022-11-30/symp.owl	Translator: Alexander Largaespada; Reviewer: Salvador G. Ordorica	NA
symp	label	SYMP:0000424	rdfs:label	claudication	claudicación	The Spanish Group LLC (https://thespanishgroup.org/)	2024-05-21	en	es	MANUALLY TRANSLATED	NA	http://purl.obolibrary.org/obo/symp/releases/2022-11-30/symp.owl	Translator: Alexander Largaespada; Reviewer: Salvador G. Ordorica	NA
symp	label	SYMP:0000425	rdfs:label	reticulocytosis	reticulocitosis	The Spanish Group LLC (https://thespanishgroup.org/)	2024-05-21	en	es	MANUALLY TRANSLATED	NA	http://purl.obolibrary.org/obo/symp/releases/2022-11-30/symp.owl	Translator: Alexander Largaespada; Reviewer: Salvador G. Ordorica	NA
symp	label	SYMP:0000426	rdfs:label	macrocytosis	macrocitosis	The Spanish Group LLC (https://thespanishgroup.org/)	2024-05-21	en	es	MANUALLY TRANSLATED	NA	http://purl.obolibrary.org/obo/symp/releases/2022-11-30/symp.owl	Translator: Alexander Largaespada; Reviewer: Salvador G. Ordorica	NA
symp	label	SYMP:0000428	rdfs:label	hypoventilation	hipoventilación	The Spanish Group LLC (https://thespanishgroup.org/)	2024-05-21	en	es	MANUALLY TRANSLATED	NA	http://purl.obolibrary.org/obo/symp/releases/2022-11-30/symp.owl	Translator: Alexander Largaespada; Reviewer: Salvador G. Ordorica	NA
symp	label	SYMP:0000429	rdfs:label	bradypnea	bradipnea	The Spanish Group LLC (https://thespanishgroup.org/)	2024-05-21	en	es	MANUALLY TRANSLATED	NA	http://purl.obolibrary.org/obo/symp/releases/2022-11-30/symp.owl	Translator: Alexander Largaespada; Reviewer: Salvador G. Ordorica	NA
symp	label	SYMP:0000430	rdfs:label	pleuritic chest pain	dolor torácico pleurítico	The Spanish Group LLC (https://thespanishgroup.org/)	2024-05-21	en	es	MANUALLY TRANSLATED	NA	http://purl.obolibrary.org/obo/symp/releases/2022-11-30/symp.owl	Translator: Alexander Largaespada; Reviewer: Salvador G. Ordorica	NA
symp	label	SYMP:0000431	rdfs:label	sputum	esputo	The Spanish Group LLC (https://thespanishgroup.org/)	2024-05-21	en	es	MANUALLY TRANSLATED	NA	http://purl.obolibrary.org/obo/symp/releases/2022-11-30/symp.owl	Translator: Alexander Largaespada; Reviewer: Salvador G. Ordorica	NA
symp	label	SYMP:0000432	rdfs:label	itching	picor	The Spanish Group LLC (https://thespanishgroup.org/)	2024-05-21	en	es	MANUALLY TRANSLATED	NA	http://purl.obolibrary.org/obo/symp/releases/2022-11-30/symp.owl	Translator: Alexander Largaespada; Reviewer: Salvador G. Ordorica	NA
symp	label	SYMP:0000433	rdfs:label	anasarca	anasarca	The Spanish Group LLC (https://thespanishgroup.org/)	2024-05-21	en	es	MANUALLY TRANSLATED	NA	http://purl.obolibrary.org/obo/symp/releases/2022-11-30/symp.owl	Translator: Alexander Largaespada; Reviewer: Salvador G. Ordorica	NA
symp	label	SYMP:0000434	rdfs:label	urticaria	urticaria	The Spanish Group LLC (https://thespanishgroup.org/)	2024-05-21	en	es	MANUALLY TRANSLATED	NA	http://purl.obolibrary.org/obo/symp/releases/2022-11-30/symp.owl	Translator: Alexander Largaespada; Reviewer: Salvador G. Ordorica	NA
symp	label	SYMP:0000435	rdfs:label	paresthesia	parestesia	The Spanish Group LLC (https://thespanishgroup.org/)	2024-05-21	en	es	MANUALLY TRANSLATED	NA	http://purl.obolibrary.org/obo/symp/releases/2022-11-30/symp.owl	Translator: Alexander Largaespada; Reviewer: Salvador G. Ordorica	NA
symp	label	SYMP:0000436	rdfs:label	abnormal vaginal bleeding	hemorragia vaginal anormal	The Spanish Group LLC (https://thespanishgroup.org/)	2024-05-21	en	es	MANUALLY TRANSLATED	NA	http://purl.obolibrary.org/obo/symp/releases/2022-11-30/symp.owl	Translator: Alexander Largaespada; Reviewer: Salvador G. Ordorica	NA
symp	label	SYMP:0000437	rdfs:label	earache	dolor de oídos	The Spanish Group LLC (https://thespanishgroup.org/)	2024-05-21	en	es	MANUALLY TRANSLATED	NA	http://purl.obolibrary.org/obo/symp/releases/2022-11-30/symp.owl	Translator: Alexander Largaespada; Reviewer: Salvador G. Ordorica	NA
symp	label	SYMP:0000438	rdfs:label	toothache	dolor de dientes	The Spanish Group LLC (https://thespanishgroup.org/)	2024-05-21	en	es	MANUALLY TRANSLATED	NA	http://purl.obolibrary.org/obo/symp/releases/2022-11-30/symp.owl	Translator: Alexander Largaespada; Reviewer: Salvador G. Ordorica	NA
symp	label	SYMP:0000440	rdfs:label	hair loss	caída del cabello	The Spanish Group LLC (https://thespanishgroup.org/)	2024-05-21	en	es	MANUALLY TRANSLATED	NA	http://purl.obolibrary.org/obo/symp/releases/2022-11-30/symp.owl	Translator: Alexander Largaespada; Reviewer: Salvador G. Ordorica	NA
symp	label	SYMP:0000441	rdfs:label	elbow pain	dolor de codo	The Spanish Group LLC (https://thespanishgroup.org/)	2024-05-21	en	es	MANUALLY TRANSLATED	NA	http://purl.obolibrary.org/obo/symp/releases/2022-11-30/symp.owl	Translator: Alexander Largaespada; Reviewer: Salvador G. Ordorica	NA
symp	label	SYMP:0000442	rdfs:label	knee pain	dolor de rodilla	The Spanish Group LLC (https://thespanishgroup.org/)	2024-05-21	en	es	MANUALLY TRANSLATED	NA	http://purl.obolibrary.org/obo/symp/releases/2022-11-30/symp.owl	Translator: Alexander Largaespada; Reviewer: Salvador G. Ordorica	NA
symp	label	SYMP:0000443	rdfs:label	shoulder pain	dolor de hombro	The Spanish Group LLC (https://thespanishgroup.org/)	2024-05-21	en	es	MANUALLY TRANSLATED	NA	http://purl.obolibrary.org/obo/symp/releases/2022-11-30/symp.owl	Translator: Alexander Largaespada; Reviewer: Salvador G. Ordorica	NA
symp	label	SYMP:0000444	rdfs:label	nail discoloration	decoloración de las uñas	The Spanish Group LLC (https://thespanishgroup.org/)	2024-05-21	en	es	MANUALLY TRANSLATED	NA	http://purl.obolibrary.org/obo/symp/releases/2022-11-30/symp.owl	Translator: Alexander Largaespada; Reviewer: Salvador G. Ordorica	NA
symp	label	SYMP:0000446	rdfs:label	bloodshot eye	ojo inyectado en sangre	The Spanish Group LLC (https://thespanishgroup.org/)	2024-05-21	en	es	MANUALLY TRANSLATED	NA	http://purl.obolibrary.org/obo/symp/releases/2022-11-30/symp.owl	Translator: Alexander Largaespada; Reviewer: Salvador G. Ordorica	NA
symp	label	SYMP:0000447	rdfs:label	bloody sputum	esputo sanguinolento	The Spanish Group LLC (https://thespanishgroup.org/)	2024-05-21	en	es	MANUALLY TRANSLATED	NA	http://purl.obolibrary.org/obo/symp/releases/2022-11-30/symp.owl	Translator: Alexander Largaespada; Reviewer: Salvador G. Ordorica	NA
symp	label	SYMP:0000448	rdfs:label	epistaxis	epistaxis	The Spanish Group LLC (https://thespanishgroup.org/)	2024-05-21	en	es	MANUALLY TRANSLATED	NA	http://purl.obolibrary.org/obo/symp/releases/2022-11-30/symp.owl	Translator: Alexander Largaespada; Reviewer: Salvador G. Ordorica	NA
symp	label	SYMP:0000449	rdfs:label	cardiogenic shock	shock cardiogénico	The Spanish Group LLC (https://thespanishgroup.org/)	2024-05-21	en	es	MANUALLY TRANSLATED	NA	http://purl.obolibrary.org/obo/symp/releases/2022-11-30/symp.owl	Translator: Alexander Largaespada; Reviewer: Salvador G. Ordorica	NA
symp	label	SYMP:0000450	rdfs:label	shock	shock	The Spanish Group LLC (https://thespanishgroup.org/)	2024-05-21	en	es	MANUALLY TRANSLATED	NA	http://purl.obolibrary.org/obo/symp/releases/2022-11-30/symp.owl	Translator: Alexander Largaespada; Reviewer: Salvador G. Ordorica	NA
symp	label	SYMP:0000451	rdfs:label	septic shock	shock séptico	The Spanish Group LLC (https://thespanishgroup.org/)	2024-05-21	en	es	MANUALLY TRANSLATED	NA	http://purl.obolibrary.org/obo/symp/releases/2022-11-30/symp.owl	Translator: Alexander Largaespada; Reviewer: Salvador G. Ordorica	NA
symp	label	SYMP:0000452	rdfs:label	abnormal sputum	esputo anormal	The Spanish Group LLC (https://thespanishgroup.org/)	2024-05-21	en	es	MANUALLY TRANSLATED	NA	http://purl.obolibrary.org/obo/symp/releases/2022-11-30/symp.owl	Translator: Alexander Largaespada; Reviewer: Salvador G. Ordorica	NA
symp	label	SYMP:0000453	rdfs:label	right upper quadrant abdominal rigidity	rigidez abdominal cuadrante superior derecho	The Spanish Group LLC (https://thespanishgroup.org/)	2024-05-21	en	es	MANUALLY TRANSLATED	NA	http://purl.obolibrary.org/obo/symp/releases/2022-11-30/symp.owl	Translator: Alexander Largaespada; Reviewer: Salvador G. Ordorica	NA
symp	label	SYMP:0000454	rdfs:label	abdominal rigidity	rigidez abdominal	The Spanish Group LLC (https://thespanishgroup.org/)	2024-05-21	en	es	MANUALLY TRANSLATED	NA	http://purl.obolibrary.org/obo/symp/releases/2022-11-30/symp.owl	Translator: Alexander Largaespada; Reviewer: Salvador G. Ordorica	NA
symp	label	SYMP:0000455	rdfs:label	abnormal weight gain	aumento de peso anormal	The Spanish Group LLC (https://thespanishgroup.org/)	2024-05-21	en	es	MANUALLY TRANSLATED	NA	http://purl.obolibrary.org/obo/symp/releases/2022-11-30/symp.owl	Translator: Alexander Largaespada; Reviewer: Salvador G. Ordorica	NA
symp	label	SYMP:0000456	rdfs:label	left upper quadrant abdominal pain	dolor abdominal en el cuadrante superior izquierdo	The Spanish Group LLC (https://thespanishgroup.org/)	2024-05-21	en	es	MANUALLY TRANSLATED	NA	http://purl.obolibrary.org/obo/symp/releases/2022-11-30/symp.owl	Translator: Alexander Largaespada; Reviewer: Salvador G. Ordorica	NA
symp	label	SYMP:0000457	rdfs:label	abdominal pain	dolor abdominal	The Spanish Group LLC (https://thespanishgroup.org/)	2024-05-21	en	es	MANUALLY TRANSLATED	NA	http://purl.obolibrary.org/obo/symp/releases/2022-11-30/symp.owl	Translator: Alexander Largaespada; Reviewer: Salvador G. Ordorica	NA
symp	label	SYMP:0000458	rdfs:label	nausea	náuseas	The Spanish Group LLC (https://thespanishgroup.org/)	2024-05-21	en	es	MANUALLY TRANSLATED	NA	http://purl.obolibrary.org/obo/symp/releases/2022-11-30/symp.owl	Translator: Alexander Largaespada; Reviewer: Salvador G. Ordorica	NA
symp	label	SYMP:0000459	rdfs:label	digestive system symptom	síntoma del aparato digestivo	The Spanish Group LLC (https://thespanishgroup.org/)	2024-05-21	en	es	MANUALLY TRANSLATED	NA	http://purl.obolibrary.org/obo/symp/releases/2022-11-30/symp.owl	Translator: Alexander Largaespada; Reviewer: Salvador G. Ordorica	NA
symp	label	SYMP:0000460	rdfs:label	hepatomegaly	hepatomegalia	The Spanish Group LLC (https://thespanishgroup.org/)	2024-05-21	en	es	MANUALLY TRANSLATED	NA	http://purl.obolibrary.org/obo/symp/releases/2022-11-30/symp.owl	Translator: Alexander Largaespada; Reviewer: Salvador G. Ordorica	NA
symp	label	SYMP:0000461	rdfs:label	abdominal symptom	síntoma abdominal	The Spanish Group LLC (https://thespanishgroup.org/)	2024-05-21	en	es	MANUALLY TRANSLATED	NA	http://purl.obolibrary.org/obo/symp/releases/2022-11-30/symp.owl	Translator: Alexander Largaespada; Reviewer: Salvador G. Ordorica	NA
symp	label	SYMP:0000462	rdfs:label	symptom	síntoma	The Spanish Group LLC (https://thespanishgroup.org/)	2024-05-21	en	es	MANUALLY TRANSLATED	NA	http://purl.obolibrary.org/obo/symp/releases/2022-11-30/symp.owl	Translator: Alexander Largaespada; Reviewer: Salvador G. Ordorica	NA
symp	label	SYMP:0000463	rdfs:label	lack of normal physiological development	falta de desarrollo fisiológico normal	The Spanish Group LLC (https://thespanishgroup.org/)	2024-05-21	en	es	MANUALLY TRANSLATED	NA	http://purl.obolibrary.org/obo/symp/releases/2022-11-30/symp.owl	Translator: Alexander Largaespada; Reviewer: Salvador G. Ordorica	NA
symp	label	SYMP:0000464	rdfs:label	lack of expected normal physiological development in childhood	falta del desarrollo fisiológico normal esperado en la infancia	The Spanish Group LLC (https://thespanishgroup.org/)	2024-05-21	en	es	MANUALLY TRANSLATED	NA	http://purl.obolibrary.org/obo/symp/releases/2022-11-30/symp.owl	Translator: Alexander Largaespada; Reviewer: Salvador G. Ordorica	NA
symp	label	SYMP:0000465	rdfs:label	failure to thrive	retraso en el desarrollo	The Spanish Group LLC (https://thespanishgroup.org/)	2024-05-21	en	es	MANUALLY TRANSLATED	NA	http://purl.obolibrary.org/obo/symp/releases/2022-11-30/symp.owl	Translator: Alexander Largaespada; Reviewer: Salvador G. Ordorica	NA
symp	label	SYMP:0000466	rdfs:label	delayed milestones	retraso en los hitos vitales	The Spanish Group LLC (https://thespanishgroup.org/)	2024-05-21	en	es	MANUALLY TRANSLATED	NA	http://purl.obolibrary.org/obo/symp/releases/2022-11-30/symp.owl	Translator: Alexander Largaespada; Reviewer: Salvador G. Ordorica	NA
symp	label	SYMP:0000467	rdfs:label	right lower quadrant abdominal rigidity	rigidez abdominal en el cuadrante inferior derecho	The Spanish Group LLC (https://thespanishgroup.org/)	2024-05-21	en	es	MANUALLY TRANSLATED	NA	http://purl.obolibrary.org/obo/symp/releases/2022-11-30/symp.owl	Translator: Alexander Largaespada; Reviewer: Salvador G. Ordorica	NA
symp	label	SYMP:0000468	rdfs:label	generalized abdominal rigidity	rigidez abdominal generalizada	The Spanish Group LLC (https://thespanishgroup.org/)	2024-05-21	en	es	MANUALLY TRANSLATED	NA	http://purl.obolibrary.org/obo/symp/releases/2022-11-30/symp.owl	Translator: Alexander Largaespada; Reviewer: Salvador G. Ordorica	NA
symp	label	SYMP:0000469	rdfs:label	epigastric abdominal rigidity	rigidez abdominal epigástrica	The Spanish Group LLC (https://thespanishgroup.org/)	2024-05-21	en	es	MANUALLY TRANSLATED	NA	http://purl.obolibrary.org/obo/symp/releases/2022-11-30/symp.owl	Translator: Alexander Largaespada; Reviewer: Salvador G. Ordorica	NA
symp	label	SYMP:0000470	rdfs:label	left upper quadrant abdominal rigidity	rigidez abdominal del cuadrante superior izquierdo	The Spanish Group LLC (https://thespanishgroup.org/)	2024-05-21	en	es	MANUALLY TRANSLATED	NA	http://purl.obolibrary.org/obo/symp/releases/2022-11-30/symp.owl	Translator: Alexander Largaespada; Reviewer: Salvador G. Ordorica	NA
symp	label	SYMP:0000471	rdfs:label	multiple sites abdominal rigidity	rigidez abdominal en múltiples sitios	The Spanish Group LLC (https://thespanishgroup.org/)	2024-05-21	en	es	MANUALLY TRANSLATED	NA	http://purl.obolibrary.org/obo/symp/releases/2022-11-30/symp.owl	Translator: Alexander Largaespada; Reviewer: Salvador G. Ordorica	NA
symp	label	SYMP:0000472	rdfs:label	early satiety	saciedad precoz	The Spanish Group LLC (https://thespanishgroup.org/)	2024-05-21	en	es	MANUALLY TRANSLATED	NA	http://purl.obolibrary.org/obo/symp/releases/2022-11-30/symp.owl	Translator: Alexander Largaespada; Reviewer: Salvador G. Ordorica	NA
symp	label	SYMP:0000473	rdfs:label	nutrition, metabolism, and development symptom	nutrición, metabolismo y desarrollo síntoma	The Spanish Group LLC (https://thespanishgroup.org/)	2024-05-21	en	es	MANUALLY TRANSLATED	NA	http://purl.obolibrary.org/obo/symp/releases/2022-11-30/symp.owl	Translator: Alexander Largaespada; Reviewer: Salvador G. Ordorica	NA
symp	label	SYMP:0000475	rdfs:label	underweight	bajo peso	The Spanish Group LLC (https://thespanishgroup.org/)	2024-05-21	en	es	MANUALLY TRANSLATED	NA	http://purl.obolibrary.org/obo/symp/releases/2022-11-30/symp.owl	Translator: Alexander Largaespada; Reviewer: Salvador G. Ordorica	NA
symp	label	SYMP:0000477	rdfs:label	epigastric abdominal swelling	hinchazón abdominal epigástrica	The Spanish Group LLC (https://thespanishgroup.org/)	2024-05-21	en	es	MANUALLY TRANSLATED	NA	http://purl.obolibrary.org/obo/symp/releases/2022-11-30/symp.owl	Translator: Alexander Largaespada; Reviewer: Salvador G. Ordorica	NA
symp	label	SYMP:0000478	rdfs:label	abdominal swelling	hinchazón abdominal	The Spanish Group LLC (https://thespanishgroup.org/)	2024-05-21	en	es	MANUALLY TRANSLATED	NA	http://purl.obolibrary.org/obo/symp/releases/2022-11-30/symp.owl	Translator: Alexander Largaespada; Reviewer: Salvador G. Ordorica	NA
symp	label	SYMP:0000479	rdfs:label	abnormality of gait	anormalidad de la marcha	The Spanish Group LLC (https://thespanishgroup.org/)	2024-05-21	en	es	MANUALLY TRANSLATED	NA	http://purl.obolibrary.org/obo/symp/releases/2022-11-30/symp.owl	Translator: Alexander Largaespada; Reviewer: Salvador G. Ordorica	NA
symp	label	SYMP:0000480	rdfs:label	nervous system symptom	síntoma del sistema nervioso	The Spanish Group LLC (https://thespanishgroup.org/)	2024-05-21	en	es	MANUALLY TRANSLATED	NA	http://purl.obolibrary.org/obo/symp/releases/2022-11-30/symp.owl	Translator: Alexander Largaespada; Reviewer: Salvador G. Ordorica	NA
symp	label	SYMP:0000481	rdfs:label	persistent vegetative state	estado vegetativo persistente	The Spanish Group LLC (https://thespanishgroup.org/)	2024-05-21	en	es	MANUALLY TRANSLATED	NA	http://purl.obolibrary.org/obo/symp/releases/2022-11-30/symp.owl	Translator: Alexander Largaespada; Reviewer: Salvador G. Ordorica	NA
symp	label	SYMP:0000482	rdfs:label	alteration of consciousness	alteración de la conciencia	The Spanish Group LLC (https://thespanishgroup.org/)	2024-05-21	en	es	MANUALLY TRANSLATED	NA	http://purl.obolibrary.org/obo/symp/releases/2022-11-30/symp.owl	Translator: Alexander Largaespada; Reviewer: Salvador G. Ordorica	NA
symp	label	SYMP:0000483	rdfs:label	left lower quadrant abdominal tenderness	sensibilidad abdominal en el cuadrante inferior izquierdo	The Spanish Group LLC (https://thespanishgroup.org/)	2024-05-21	en	es	MANUALLY TRANSLATED	NA	http://purl.obolibrary.org/obo/symp/releases/2022-11-30/symp.owl	Translator: Alexander Largaespada; Reviewer: Salvador G. Ordorica	NA
symp	label	SYMP:0000484	rdfs:label	abdominal tenderness	sensibilidad abdominal	The Spanish Group LLC (https://thespanishgroup.org/)	2024-05-21	en	es	MANUALLY TRANSLATED	NA	http://purl.obolibrary.org/obo/symp/releases/2022-11-30/symp.owl	Translator: Alexander Largaespada; Reviewer: Salvador G. Ordorica	NA
symp	label	SYMP:0000485	rdfs:label	dysuria	disuria	The Spanish Group LLC (https://thespanishgroup.org/)	2024-05-21	en	es	MANUALLY TRANSLATED	NA	http://purl.obolibrary.org/obo/symp/releases/2022-11-30/symp.owl	Translator: Alexander Largaespada; Reviewer: Salvador G. Ordorica	NA
symp	label	SYMP:0000486	rdfs:label	urinary system symptom	síntoma del sistema urinario	The Spanish Group LLC (https://thespanishgroup.org/)	2024-05-21	en	es	MANUALLY TRANSLATED	NA	http://purl.obolibrary.org/obo/symp/releases/2022-11-30/symp.owl	Translator: Alexander Largaespada; Reviewer: Salvador G. Ordorica	NA
symp	label	SYMP:0000487	rdfs:label	rash	erupción	The Spanish Group LLC (https://thespanishgroup.org/)	2024-05-21	en	es	MANUALLY TRANSLATED	NA	http://purl.obolibrary.org/obo/symp/releases/2022-11-30/symp.owl	Translator: Alexander Largaespada; Reviewer: Salvador G. Ordorica	NA
symp	label	SYMP:0000488	rdfs:label	skin and integumentary tissue symptom	síntoma piel y tejido integumentario	The Spanish Group LLC (https://thespanishgroup.org/)	2024-05-21	en	es	MANUALLY TRANSLATED	NA	http://purl.obolibrary.org/obo/symp/releases/2022-11-30/symp.owl	Translator: Alexander Largaespada; Reviewer: Salvador G. Ordorica	NA
symp	label	SYMP:0000489	rdfs:label	abnormal bowel sound	sonido intestinal anormal	The Spanish Group LLC (https://thespanishgroup.org/)	2024-05-21	en	es	MANUALLY TRANSLATED	NA	http://purl.obolibrary.org/obo/symp/releases/2022-11-30/symp.owl	Translator: Alexander Largaespada; Reviewer: Salvador G. Ordorica	NA
symp	label	SYMP:0000490	rdfs:label	multiple sites abdominal tenderness	sensibilidad abdominal en múltiples sitios	The Spanish Group LLC (https://thespanishgroup.org/)	2024-05-21	en	es	MANUALLY TRANSLATED	NA	http://purl.obolibrary.org/obo/symp/releases/2022-11-30/symp.owl	Translator: Alexander Largaespada; Reviewer: Salvador G. Ordorica	NA
symp	label	SYMP:0000491	rdfs:label	continuous leakage of urine	pérdida continua de orina	The Spanish Group LLC (https://thespanishgroup.org/)	2024-05-21	en	es	MANUALLY TRANSLATED	NA	http://purl.obolibrary.org/obo/symp/releases/2022-11-30/symp.owl	Translator: Alexander Largaespada; Reviewer: Salvador G. Ordorica	NA
symp	label	SYMP:0000492	rdfs:label	urinary incontinence	incontinencia urinaria	The Spanish Group LLC (https://thespanishgroup.org/)	2024-05-21	en	es	MANUALLY TRANSLATED	NA	http://purl.obolibrary.org/obo/symp/releases/2022-11-30/symp.owl	Translator: Alexander Largaespada; Reviewer: Salvador G. Ordorica	NA
symp	label	SYMP:0000493	rdfs:label	dysphagia	disfagia	The Spanish Group LLC (https://thespanishgroup.org/)	2024-05-21	en	es	MANUALLY TRANSLATED	NA	http://purl.obolibrary.org/obo/symp/releases/2022-11-30/symp.owl	Translator: Alexander Largaespada; Reviewer: Salvador G. Ordorica	NA
symp	label	SYMP:0000494	rdfs:label	renal colic	cólico renal	The Spanish Group LLC (https://thespanishgroup.org/)	2024-05-21	en	es	MANUALLY TRANSLATED	NA	http://purl.obolibrary.org/obo/symp/releases/2022-11-30/symp.owl	Translator: Alexander Largaespada; Reviewer: Salvador G. Ordorica	NA
symp	label	SYMP:0000495	rdfs:label	urethral discharge	secreción uretral	The Spanish Group LLC (https://thespanishgroup.org/)	2024-05-21	en	es	MANUALLY TRANSLATED	NA	http://purl.obolibrary.org/obo/symp/releases/2022-11-30/symp.owl	Translator: Alexander Largaespada; Reviewer: Salvador G. Ordorica	NA
symp	label	SYMP:0000496	rdfs:label	epigastric abdominal tenderness	sensibilidad abdominal epigástrica	The Spanish Group LLC (https://thespanishgroup.org/)	2024-05-21	en	es	MANUALLY TRANSLATED	NA	http://purl.obolibrary.org/obo/symp/releases/2022-11-30/symp.owl	Translator: Alexander Largaespada; Reviewer: Salvador G. Ordorica	NA
symp	label	SYMP:0000497	rdfs:label	periumbilic abdominal tenderness	sensibilidad abdominal periumbilical	The Spanish Group LLC (https://thespanishgroup.org/)	2024-05-21	en	es	MANUALLY TRANSLATED	NA	http://purl.obolibrary.org/obo/symp/releases/2022-11-30/symp.owl	Translator: Alexander Largaespada; Reviewer: Salvador G. Ordorica	NA
symp	label	SYMP:0000498	rdfs:label	generalized abdominal tenderness	sensibilidad abdominal generalizada	The Spanish Group LLC (https://thespanishgroup.org/)	2024-05-21	en	es	MANUALLY TRANSLATED	NA	http://purl.obolibrary.org/obo/symp/releases/2022-11-30/symp.owl	Translator: Alexander Largaespada; Reviewer: Salvador G. Ordorica	NA
symp	label	SYMP:0000499	rdfs:label	right upper quadrant abdominal tenderness	sensibilidad abdominal en el cuadrante superior derecho	The Spanish Group LLC (https://thespanishgroup.org/)	2024-05-21	en	es	MANUALLY TRANSLATED	NA	http://purl.obolibrary.org/obo/symp/releases/2022-11-30/symp.owl	Translator: Alexander Largaespada; Reviewer: Salvador G. Ordorica	NA
symp	label	SYMP:0000500	rdfs:label	right lower quadrant abdominal tenderness	sensibilidad abdominal en el cuadrante inferior derecho	The Spanish Group LLC (https://thespanishgroup.org/)	2024-05-21	en	es	MANUALLY TRANSLATED	NA	http://purl.obolibrary.org/obo/symp/releases/2022-11-30/symp.owl	Translator: Alexander Largaespada; Reviewer: Salvador G. Ordorica	NA
symp	label	SYMP:0000501	rdfs:label	left lower quadrant abdominal swelling	tumefacción abdominal cuadrante inferior izquierdo	The Spanish Group LLC (https://thespanishgroup.org/)	2024-05-21	en	es	MANUALLY TRANSLATED	NA	http://purl.obolibrary.org/obo/symp/releases/2022-11-30/symp.owl	Translator: Alexander Largaespada; Reviewer: Salvador G. Ordorica	NA
symp	label	SYMP:0000502	rdfs:label	mixed incontinence (female) (male)	incontinencia mixta (femenina) (masculina)	The Spanish Group LLC (https://thespanishgroup.org/)	2024-05-21	en	es	MANUALLY TRANSLATED	NA	http://purl.obolibrary.org/obo/symp/releases/2022-11-30/symp.owl	Translator: Alexander Largaespada; Reviewer: Salvador G. Ordorica	NA
symp	label	SYMP:0000503	rdfs:label	adult failure to thrive	retraso del crecimiento del adulto	The Spanish Group LLC (https://thespanishgroup.org/)	2024-05-21	en	es	MANUALLY TRANSLATED	NA	http://purl.obolibrary.org/obo/symp/releases/2022-11-30/symp.owl	Translator: Alexander Largaespada; Reviewer: Salvador G. Ordorica	NA
symp	label	SYMP:0000504	rdfs:label	headache	dolor de cabeza	The Spanish Group LLC (https://thespanishgroup.org/)	2024-05-21	en	es	MANUALLY TRANSLATED	NA	http://purl.obolibrary.org/obo/symp/releases/2022-11-30/symp.owl	Translator: Alexander Largaespada; Reviewer: Salvador G. Ordorica	NA
symp	label	SYMP:0000505	rdfs:label	throat pain	dolor de garganta	The Spanish Group LLC (https://thespanishgroup.org/)	2024-05-21	en	es	MANUALLY TRANSLATED	NA	http://purl.obolibrary.org/obo/symp/releases/2022-11-30/symp.owl	Translator: Alexander Largaespada; Reviewer: Salvador G. Ordorica	NA
symp	label	SYMP:0000506	rdfs:label	hemorrhage from throat	hemorragia de garganta	The Spanish Group LLC (https://thespanishgroup.org/)	2024-05-21	en	es	MANUALLY TRANSLATED	NA	http://purl.obolibrary.org/obo/symp/releases/2022-11-30/symp.owl	Translator: Alexander Largaespada; Reviewer: Salvador G. Ordorica	NA
symp	label	SYMP:0000507	rdfs:label	head swelling	hinchazón de la cabeza	The Spanish Group LLC (https://thespanishgroup.org/)	2024-05-21	en	es	MANUALLY TRANSLATED	NA	http://purl.obolibrary.org/obo/symp/releases/2022-11-30/symp.owl	Translator: Alexander Largaespada; Reviewer: Salvador G. Ordorica	NA
symp	label	SYMP:0000508	rdfs:label	aphasia	afasia	The Spanish Group LLC (https://thespanishgroup.org/)	2024-05-21	en	es	MANUALLY TRANSLATED	NA	http://purl.obolibrary.org/obo/symp/releases/2022-11-30/symp.owl	Translator: Alexander Largaespada; Reviewer: Salvador G. Ordorica	NA
symp	label	SYMP:0000509	rdfs:label	flatulence	flatulencia	The Spanish Group LLC (https://thespanishgroup.org/)	2024-05-21	en	es	MANUALLY TRANSLATED	NA	http://purl.obolibrary.org/obo/symp/releases/2022-11-30/symp.owl	Translator: Alexander Largaespada; Reviewer: Salvador G. Ordorica	NA
symp	label	SYMP:0000510	rdfs:label	pallor	palidez	The Spanish Group LLC (https://thespanishgroup.org/)	2024-05-21	en	es	MANUALLY TRANSLATED	NA	http://purl.obolibrary.org/obo/symp/releases/2022-11-30/symp.owl	Translator: Alexander Largaespada; Reviewer: Salvador G. Ordorica	NA
symp	label	SYMP:0000511	rdfs:label	flushing	enrojecimiento	The Spanish Group LLC (https://thespanishgroup.org/)	2024-05-21	en	es	MANUALLY TRANSLATED	NA	http://purl.obolibrary.org/obo/symp/releases/2022-11-30/symp.owl	Translator: Alexander Largaespada; Reviewer: Salvador G. Ordorica	NA
symp	label	SYMP:0000512	rdfs:label	male stress incontinence	incontinencia masculina de esfuerzo	The Spanish Group LLC (https://thespanishgroup.org/)	2024-05-21	en	es	MANUALLY TRANSLATED	NA	http://purl.obolibrary.org/obo/symp/releases/2022-11-30/symp.owl	Translator: Alexander Largaespada; Reviewer: Salvador G. Ordorica	NA
symp	label	SYMP:0000513	rdfs:label	stridor	estridor	The Spanish Group LLC (https://thespanishgroup.org/)	2024-05-21	en	es	MANUALLY TRANSLATED	NA	http://purl.obolibrary.org/obo/symp/releases/2022-11-30/symp.owl	Translator: Alexander Largaespada; Reviewer: Salvador G. Ordorica	NA
symp	label	SYMP:0000514	rdfs:label	respiratory system and chest symptom	sistema respiratorio y síntoma torácico	The Spanish Group LLC (https://thespanishgroup.org/)	2024-05-21	en	es	MANUALLY TRANSLATED	NA	http://purl.obolibrary.org/obo/symp/releases/2022-11-30/symp.owl	Translator: Alexander Largaespada; Reviewer: Salvador G. Ordorica	NA
symp	label	SYMP:0000515	rdfs:label	hiccough	hipo	The Spanish Group LLC (https://thespanishgroup.org/)	2024-05-21	en	es	MANUALLY TRANSLATED	NA	http://purl.obolibrary.org/obo/symp/releases/2022-11-30/symp.owl	Translator: Alexander Largaespada; Reviewer: Salvador G. Ordorica	NA
symp	label	SYMP:0000516	rdfs:label	lump in chest	bulto en el pecho	The Spanish Group LLC (https://thespanishgroup.org/)	2024-05-21	en	es	MANUALLY TRANSLATED	NA	http://purl.obolibrary.org/obo/symp/releases/2022-11-30/symp.owl	Translator: Alexander Largaespada; Reviewer: Salvador G. Ordorica	NA
symp	label	SYMP:0000517	rdfs:label	hemoptysis	hemoptisis	The Spanish Group LLC (https://thespanishgroup.org/)	2024-05-21	en	es	MANUALLY TRANSLATED	NA	http://purl.obolibrary.org/obo/symp/releases/2022-11-30/symp.owl	Translator: Alexander Largaespada; Reviewer: Salvador G. Ordorica	NA
symp	label	SYMP:0000518	rdfs:label	generalized abdominal pain	dolor abdominal generalizado	The Spanish Group LLC (https://thespanishgroup.org/)	2024-05-21	en	es	MANUALLY TRANSLATED	NA	http://purl.obolibrary.org/obo/symp/releases/2022-11-30/symp.owl	Translator: Alexander Largaespada; Reviewer: Salvador G. Ordorica	NA
symp	label	SYMP:0000519	rdfs:label	abnormal feces	heces anormales	The Spanish Group LLC (https://thespanishgroup.org/)	2024-05-21	en	es	MANUALLY TRANSLATED	NA	http://purl.obolibrary.org/obo/symp/releases/2022-11-30/symp.owl	Translator: Alexander Largaespada; Reviewer: Salvador G. Ordorica	NA
symp	label	SYMP:0000520	rdfs:label	visible peristalsis	peristaltismo visible	The Spanish Group LLC (https://thespanishgroup.org/)	2024-05-21	en	es	MANUALLY TRANSLATED	NA	http://purl.obolibrary.org/obo/symp/releases/2022-11-30/symp.owl	Translator: Alexander Largaespada; Reviewer: Salvador G. Ordorica	NA
symp	label	SYMP:0000521	rdfs:label	enlargement of lymph nodes	agrandamiento de los ganglios linfáticos	The Spanish Group LLC (https://thespanishgroup.org/)	2024-05-21	en	es	MANUALLY TRANSLATED	NA	http://purl.obolibrary.org/obo/symp/releases/2022-11-30/symp.owl	Translator: Alexander Largaespada; Reviewer: Salvador G. Ordorica	NA
symp	label	SYMP:0000522	rdfs:label	feeding difficulties and mismanagement	dificultades en la alimentación y mal manejo	The Spanish Group LLC (https://thespanishgroup.org/)	2024-05-21	en	es	MANUALLY TRANSLATED	NA	http://purl.obolibrary.org/obo/symp/releases/2022-11-30/symp.owl	Translator: Alexander Largaespada; Reviewer: Salvador G. Ordorica	NA
symp	label	SYMP:0000523	rdfs:label	anorexia	anorexia	The Spanish Group LLC (https://thespanishgroup.org/)	2024-05-21	en	es	MANUALLY TRANSLATED	NA	http://purl.obolibrary.org/obo/symp/releases/2022-11-30/symp.owl	Translator: Alexander Largaespada; Reviewer: Salvador G. Ordorica	NA
symp	label	SYMP:0000524	rdfs:label	polyphagia	polifagia	The Spanish Group LLC (https://thespanishgroup.org/)	2024-05-21	en	es	MANUALLY TRANSLATED	NA	http://purl.obolibrary.org/obo/symp/releases/2022-11-30/symp.owl	Translator: Alexander Largaespada; Reviewer: Salvador G. Ordorica	NA
symp	label	SYMP:0000525	rdfs:label	transient alteration of awareness	alteración transitoria de la conciencia	The Spanish Group LLC (https://thespanishgroup.org/)	2024-05-21	en	es	MANUALLY TRANSLATED	NA	http://purl.obolibrary.org/obo/symp/releases/2022-11-30/symp.owl	Translator: Alexander Largaespada; Reviewer: Salvador G. Ordorica	NA
symp	label	SYMP:0000526	rdfs:label	ascites	ascitis	The Spanish Group LLC (https://thespanishgroup.org/)	2024-05-21	en	es	MANUALLY TRANSLATED	NA	http://purl.obolibrary.org/obo/symp/releases/2022-11-30/symp.owl	Translator: Alexander Largaespada; Reviewer: Salvador G. Ordorica	NA
symp	label	SYMP:0000527	rdfs:label	undiagnosed cardiac murmur	soplo cardiaco no diagnosticado	The Spanish Group LLC (https://thespanishgroup.org/)	2024-05-21	en	es	MANUALLY TRANSLATED	NA	http://purl.obolibrary.org/obo/symp/releases/2022-11-30/symp.owl	Translator: Alexander Largaespada; Reviewer: Salvador G. Ordorica	NA
symp	label	SYMP:0000528	rdfs:label	cardiovascular system symptom	síntoma del sistema cardiovascular	The Spanish Group LLC (https://thespanishgroup.org/)	2024-05-21	en	es	MANUALLY TRANSLATED	NA	http://purl.obolibrary.org/obo/symp/releases/2022-11-30/symp.owl	Translator: Alexander Largaespada; Reviewer: Salvador G. Ordorica	NA
symp	label	SYMP:0000529	rdfs:label	tachycardia	taquicardia	The Spanish Group LLC (https://thespanishgroup.org/)	2024-05-21	en	es	MANUALLY TRANSLATED	NA	http://purl.obolibrary.org/obo/symp/releases/2022-11-30/symp.owl	Translator: Alexander Largaespada; Reviewer: Salvador G. Ordorica	NA
symp	label	SYMP:0000530	rdfs:label	palpitation	palpitaciones	The Spanish Group LLC (https://thespanishgroup.org/)	2024-05-21	en	es	MANUALLY TRANSLATED	NA	http://purl.obolibrary.org/obo/symp/releases/2022-11-30/symp.owl	Translator: Alexander Largaespada; Reviewer: Salvador G. Ordorica	NA
symp	label	SYMP:0000531	rdfs:label	splenomegaly	esplenomegalia	The Spanish Group LLC (https://thespanishgroup.org/)	2024-05-21	en	es	MANUALLY TRANSLATED	NA	http://purl.obolibrary.org/obo/symp/releases/2022-11-30/symp.owl	Translator: Alexander Largaespada; Reviewer: Salvador G. Ordorica	NA
symp	label	SYMP:0000532	rdfs:label	urge incontinence	incontinencia imperiosa	The Spanish Group LLC (https://thespanishgroup.org/)	2024-05-21	en	es	MANUALLY TRANSLATED	NA	http://purl.obolibrary.org/obo/symp/releases/2022-11-30/symp.owl	Translator: Alexander Largaespada; Reviewer: Salvador G. Ordorica	NA
symp	label	SYMP:0000533	rdfs:label	post-void dribbling	goteo postmiccional	The Spanish Group LLC (https://thespanishgroup.org/)	2024-05-21	en	es	MANUALLY TRANSLATED	NA	http://purl.obolibrary.org/obo/symp/releases/2022-11-30/symp.owl	Translator: Alexander Largaespada; Reviewer: Salvador G. Ordorica	NA
symp	label	SYMP:0000534	rdfs:label	spontaneous ecchymoses	equimosis espontáneas	The Spanish Group LLC (https://thespanishgroup.org/)	2024-05-21	en	es	MANUALLY TRANSLATED	NA	http://purl.obolibrary.org/obo/symp/releases/2022-11-30/symp.owl	Translator: Alexander Largaespada; Reviewer: Salvador G. Ordorica	NA
symp	label	SYMP:0000535	rdfs:label	change in skin texture	cambio en la textura de la piel	The Spanish Group LLC (https://thespanishgroup.org/)	2024-05-21	en	es	MANUALLY TRANSLATED	NA	http://purl.obolibrary.org/obo/symp/releases/2022-11-30/symp.owl	Translator: Alexander Largaespada; Reviewer: Salvador G. Ordorica	NA
symp	label	SYMP:0000536	rdfs:label	disturbance of skin sensation	alteración de la sensibilidad cutánea	The Spanish Group LLC (https://thespanishgroup.org/)	2024-05-21	en	es	MANUALLY TRANSLATED	NA	http://purl.obolibrary.org/obo/symp/releases/2022-11-30/symp.owl	Translator: Alexander Largaespada; Reviewer: Salvador G. Ordorica	NA
symp	label	SYMP:0000537	rdfs:label	cyanosis	cianosis	The Spanish Group LLC (https://thespanishgroup.org/)	2024-05-21	en	es	MANUALLY TRANSLATED	NA	http://purl.obolibrary.org/obo/symp/releases/2022-11-30/symp.owl	Translator: Alexander Largaespada; Reviewer: Salvador G. Ordorica	NA
symp	label	SYMP:0000538	rdfs:label	edema	edema	The Spanish Group LLC (https://thespanishgroup.org/)	2024-05-21	en	es	MANUALLY TRANSLATED	NA	http://purl.obolibrary.org/obo/symp/releases/2022-11-30/symp.owl	Translator: Alexander Largaespada; Reviewer: Salvador G. Ordorica	NA
symp	label	SYMP:0000539	rdfs:label	jaundice	ictericia	The Spanish Group LLC (https://thespanishgroup.org/)	2024-05-21	en	es	MANUALLY TRANSLATED	NA	http://purl.obolibrary.org/obo/symp/releases/2022-11-30/symp.owl	Translator: Alexander Largaespada; Reviewer: Salvador G. Ordorica	NA
symp	label	SYMP:0000540	rdfs:label	painful respiration	respiración dolorosa	The Spanish Group LLC (https://thespanishgroup.org/)	2024-05-21	en	es	MANUALLY TRANSLATED	NA	http://purl.obolibrary.org/obo/symp/releases/2022-11-30/symp.owl	Translator: Alexander Largaespada; Reviewer: Salvador G. Ordorica	NA
symp	label	SYMP:0000541	rdfs:label	periumbilic abdominal swelling	hinchazón abdominal periumbilical	The Spanish Group LLC (https://thespanishgroup.org/)	2024-05-21	en	es	MANUALLY TRANSLATED	NA	http://purl.obolibrary.org/obo/symp/releases/2022-11-30/symp.owl	Translator: Alexander Largaespada; Reviewer: Salvador G. Ordorica	NA
symp	label	SYMP:0000542	rdfs:label	epigastric abdominal pain	dolor abdominal epigástrico	The Spanish Group LLC (https://thespanishgroup.org/)	2024-05-21	en	es	MANUALLY TRANSLATED	NA	http://purl.obolibrary.org/obo/symp/releases/2022-11-30/symp.owl	Translator: Alexander Largaespada; Reviewer: Salvador G. Ordorica	NA
symp	label	SYMP:0000543	rdfs:label	memory loss	pérdida de memoria	The Spanish Group LLC (https://thespanishgroup.org/)	2024-05-21	en	es	MANUALLY TRANSLATED	NA	http://purl.obolibrary.org/obo/symp/releases/2022-11-30/symp.owl	Translator: Alexander Largaespada; Reviewer: Salvador G. Ordorica	NA
symp	label	SYMP:0000544	rdfs:label	transient paralysis of limb	parálisis transitoria de una extremidad	The Spanish Group LLC (https://thespanishgroup.org/)	2024-05-21	en	es	MANUALLY TRANSLATED	NA	http://purl.obolibrary.org/obo/symp/releases/2022-11-30/symp.owl	Translator: Alexander Largaespada; Reviewer: Salvador G. Ordorica	NA
symp	label	SYMP:0000545	rdfs:label	multiple sites abdominal swelling	hinchazón abdominal en múltiples sitios	The Spanish Group LLC (https://thespanishgroup.org/)	2024-05-21	en	es	MANUALLY TRANSLATED	NA	http://purl.obolibrary.org/obo/symp/releases/2022-11-30/symp.owl	Translator: Alexander Largaespada; Reviewer: Salvador G. Ordorica	NA
symp	label	SYMP:0000546	rdfs:label	right lower quadrant abdominal pain	dolor abdominal en el cuadrante inferior derecho	The Spanish Group LLC (https://thespanishgroup.org/)	2024-05-21	en	es	MANUALLY TRANSLATED	NA	http://purl.obolibrary.org/obo/symp/releases/2022-11-30/symp.owl	Translator: Alexander Largaespada; Reviewer: Salvador G. Ordorica	NA
symp	label	SYMP:0000547	rdfs:label	right upper quadrant abdominal pain	dolor abdominal cuadrante superior derecho	The Spanish Group LLC (https://thespanishgroup.org/)	2024-05-21	en	es	MANUALLY TRANSLATED	NA	http://purl.obolibrary.org/obo/symp/releases/2022-11-30/symp.owl	Translator: Alexander Largaespada; Reviewer: Salvador G. Ordorica	NA
symp	label	SYMP:0000548	rdfs:label	right lower quadrant abdominal swelling	hinchazón abdominal cuadrante inferior derecho	The Spanish Group LLC (https://thespanishgroup.org/)	2024-05-21	en	es	MANUALLY TRANSLATED	NA	http://purl.obolibrary.org/obo/symp/releases/2022-11-30/symp.owl	Translator: Alexander Largaespada; Reviewer: Salvador G. Ordorica	NA
symp	label	SYMP:0000549	rdfs:label	generalized abdominal swelling	hinchazón abdominal generalizada	The Spanish Group LLC (https://thespanishgroup.org/)	2024-05-21	en	es	MANUALLY TRANSLATED	NA	http://purl.obolibrary.org/obo/symp/releases/2022-11-30/symp.owl	Translator: Alexander Largaespada; Reviewer: Salvador G. Ordorica	NA
symp	label	SYMP:0000550	rdfs:label	clubbing of fingers	dedos en palillo de tambor	The Spanish Group LLC (https://thespanishgroup.org/)	2024-05-21	en	es	MANUALLY TRANSLATED	NA	http://purl.obolibrary.org/obo/symp/releases/2022-11-30/symp.owl	Translator: Alexander Largaespada; Reviewer: Salvador G. Ordorica	NA
symp	label	SYMP:0000551	rdfs:label	disturbances of sensation of smell and taste	trastornos de la sensibilidad olfativa y gustativa	The Spanish Group LLC (https://thespanishgroup.org/)	2024-05-21	en	es	MANUALLY TRANSLATED	NA	http://purl.obolibrary.org/obo/symp/releases/2022-11-30/symp.owl	Translator: Alexander Largaespada; Reviewer: Salvador G. Ordorica	NA
symp	label	SYMP:0000552	rdfs:label	meningismus	meningismo	The Spanish Group LLC (https://thespanishgroup.org/)	2024-05-21	en	es	MANUALLY TRANSLATED	NA	http://purl.obolibrary.org/obo/symp/releases/2022-11-30/symp.owl	Translator: Alexander Largaespada; Reviewer: Salvador G. Ordorica	NA
symp	label	SYMP:0000553	rdfs:label	neurologic neglect syndrome	síndrome de negligencia neurológica	The Spanish Group LLC (https://thespanishgroup.org/)	2024-05-21	en	es	MANUALLY TRANSLATED	NA	http://purl.obolibrary.org/obo/symp/releases/2022-11-30/symp.owl	Translator: Alexander Largaespada; Reviewer: Salvador G. Ordorica	NA
symp	label	SYMP:0000554	rdfs:label	left lower quadrant abdominal rigidity	rigidez abdominal del cuadrante inferior izquierdo	The Spanish Group LLC (https://thespanishgroup.org/)	2024-05-21	en	es	MANUALLY TRANSLATED	NA	http://purl.obolibrary.org/obo/symp/releases/2022-11-30/symp.owl	Translator: Alexander Largaespada; Reviewer: Salvador G. Ordorica	NA
symp	label	SYMP:0000555	rdfs:label	left upper quadrant abdominal swelling	hinchazón abdominal del cuadrante superior izquierdo	The Spanish Group LLC (https://thespanishgroup.org/)	2024-05-21	en	es	MANUALLY TRANSLATED	NA	http://purl.obolibrary.org/obo/symp/releases/2022-11-30/symp.owl	Translator: Alexander Largaespada; Reviewer: Salvador G. Ordorica	NA
symp	label	SYMP:0000556	rdfs:label	localized superficial lump	bulto superficial localizado	The Spanish Group LLC (https://thespanishgroup.org/)	2024-05-21	en	es	MANUALLY TRANSLATED	NA	http://purl.obolibrary.org/obo/symp/releases/2022-11-30/symp.owl	Translator: Alexander Largaespada; Reviewer: Salvador G. Ordorica	NA
symp	label	SYMP:0000557	rdfs:label	urinary retention	retención urinaria	The Spanish Group LLC (https://thespanishgroup.org/)	2024-05-21	en	es	MANUALLY TRANSLATED	NA	http://purl.obolibrary.org/obo/symp/releases/2022-11-30/symp.owl	Translator: Alexander Largaespada; Reviewer: Salvador G. Ordorica	NA
symp	label	SYMP:0000558	rdfs:label	incomplete bladder emptying	vaciado incompleto de la vejiga	The Spanish Group LLC (https://thespanishgroup.org/)	2024-05-21	en	es	MANUALLY TRANSLATED	NA	http://purl.obolibrary.org/obo/symp/releases/2022-11-30/symp.owl	Translator: Alexander Largaespada; Reviewer: Salvador G. Ordorica	NA
symp	label	SYMP:0000559	rdfs:label	voice disturbance	alteración de la voz	The Spanish Group LLC (https://thespanishgroup.org/)	2024-05-21	en	es	MANUALLY TRANSLATED	NA	http://purl.obolibrary.org/obo/symp/releases/2022-11-30/symp.owl	Translator: Alexander Largaespada; Reviewer: Salvador G. Ordorica	NA
symp	label	SYMP:0000560	rdfs:label	polydipsia	polidipsia	The Spanish Group LLC (https://thespanishgroup.org/)	2024-05-21	en	es	MANUALLY TRANSLATED	NA	http://purl.obolibrary.org/obo/symp/releases/2022-11-30/symp.owl	Translator: Alexander Largaespada; Reviewer: Salvador G. Ordorica	NA
symp	label	SYMP:0000561	rdfs:label	multiple sites abdominal pain	dolor abdominal en múltiples sitios	The Spanish Group LLC (https://thespanishgroup.org/)	2024-05-21	en	es	MANUALLY TRANSLATED	NA	http://purl.obolibrary.org/obo/symp/releases/2022-11-30/symp.owl	Translator: Alexander Largaespada; Reviewer: Salvador G. Ordorica	NA
symp	label	SYMP:0000562	rdfs:label	right upper quadrant abdominal swelling	hinchazón abdominal del cuadrante superior derecho	The Spanish Group LLC (https://thespanishgroup.org/)	2024-05-21	en	es	MANUALLY TRANSLATED	NA	http://purl.obolibrary.org/obo/symp/releases/2022-11-30/symp.owl	Translator: Alexander Largaespada; Reviewer: Salvador G. Ordorica	NA
symp	label	SYMP:0000563	rdfs:label	urinary frequency	frecuencia urinaria	The Spanish Group LLC (https://thespanishgroup.org/)	2024-05-21	en	es	MANUALLY TRANSLATED	NA	http://purl.obolibrary.org/obo/symp/releases/2022-11-30/symp.owl	Translator: Alexander Largaespada; Reviewer: Salvador G. Ordorica	NA
symp	label	SYMP:0000564	rdfs:label	nocturia	nicturia	The Spanish Group LLC (https://thespanishgroup.org/)	2024-05-21	en	es	MANUALLY TRANSLATED	NA	http://purl.obolibrary.org/obo/symp/releases/2022-11-30/symp.owl	Translator: Alexander Largaespada; Reviewer: Salvador G. Ordorica	NA
symp	label	SYMP:0000565	rdfs:label	polyuria	poliuria	The Spanish Group LLC (https://thespanishgroup.org/)	2024-05-21	en	es	MANUALLY TRANSLATED	NA	http://purl.obolibrary.org/obo/symp/releases/2022-11-30/symp.owl	Translator: Alexander Largaespada; Reviewer: Salvador G. Ordorica	NA
symp	label	SYMP:0000566	rdfs:label	sleep disturbance	trastornos del sueño	The Spanish Group LLC (https://thespanishgroup.org/)	2024-05-21	en	es	MANUALLY TRANSLATED	NA	http://purl.obolibrary.org/obo/symp/releases/2022-11-30/symp.owl	Translator: Alexander Largaespada; Reviewer: Salvador G. Ordorica	NA
symp	label	SYMP:0000567	rdfs:label	general symptom	síntoma general	The Spanish Group LLC (https://thespanishgroup.org/)	2024-05-21	en	es	MANUALLY TRANSLATED	NA	http://purl.obolibrary.org/obo/symp/releases/2022-11-30/symp.owl	Translator: Alexander Largaespada; Reviewer: Salvador G. Ordorica	NA
symp	label	SYMP:0000568	rdfs:label	short stature	baja estatura	The Spanish Group LLC (https://thespanishgroup.org/)	2024-05-21	en	es	MANUALLY TRANSLATED	NA	http://purl.obolibrary.org/obo/symp/releases/2022-11-30/symp.owl	Translator: Alexander Largaespada; Reviewer: Salvador G. Ordorica	NA
symp	label	SYMP:0000569	rdfs:label	oliguria	oliguria	The Spanish Group LLC (https://thespanishgroup.org/)	2024-05-21	en	es	MANUALLY TRANSLATED	NA	http://purl.obolibrary.org/obo/symp/releases/2022-11-30/symp.owl	Translator: Alexander Largaespada; Reviewer: Salvador G. Ordorica	NA
symp	label	SYMP:0000570	rdfs:label	diarrhea	diarrea	The Spanish Group LLC (https://thespanishgroup.org/)	2024-05-21	en	es	MANUALLY TRANSLATED	NA	http://purl.obolibrary.org/obo/symp/releases/2022-11-30/symp.owl	Translator: Alexander Largaespada; Reviewer: Salvador G. Ordorica	NA
symp	label	SYMP:0000571	rdfs:label	insomnia	insomnio	The Spanish Group LLC (https://thespanishgroup.org/)	2024-05-21	en	es	MANUALLY TRANSLATED	NA	http://purl.obolibrary.org/obo/symp/releases/2022-11-30/symp.owl	Translator: Alexander Largaespada; Reviewer: Salvador G. Ordorica	NA
symp	label	SYMP:0000572	rdfs:label	splitting of urinary stream	división del chorro urinario	The Spanish Group LLC (https://thespanishgroup.org/)	2024-05-21	en	es	MANUALLY TRANSLATED	NA	http://purl.obolibrary.org/obo/symp/releases/2022-11-30/symp.owl	Translator: Alexander Largaespada; Reviewer: Salvador G. Ordorica	NA
symp	label	SYMP:0000573	rdfs:label	urinary stream symptom	síntoma del chorro urinario	The Spanish Group LLC (https://thespanishgroup.org/)	2024-05-21	en	es	MANUALLY TRANSLATED	NA	http://purl.obolibrary.org/obo/symp/releases/2022-11-30/symp.owl	Translator: Alexander Largaespada; Reviewer: Salvador G. Ordorica	NA
symp	label	SYMP:0000574	rdfs:label	aphonia	afonía	The Spanish Group LLC (https://thespanishgroup.org/)	2024-05-21	en	es	MANUALLY TRANSLATED	NA	http://purl.obolibrary.org/obo/symp/releases/2022-11-30/symp.owl	Translator: Alexander Largaespada; Reviewer: Salvador G. Ordorica	NA
symp	label	SYMP:0000575	rdfs:label	precordial pain	dolor precordial	The Spanish Group LLC (https://thespanishgroup.org/)	2024-05-21	en	es	MANUALLY TRANSLATED	NA	http://purl.obolibrary.org/obo/symp/releases/2022-11-30/symp.owl	Translator: Alexander Largaespada; Reviewer: Salvador G. Ordorica	NA
symp	label	SYMP:0000576	rdfs:label	chest pain	dolor torácico	The Spanish Group LLC (https://thespanishgroup.org/)	2024-05-21	en	es	MANUALLY TRANSLATED	NA	http://purl.obolibrary.org/obo/symp/releases/2022-11-30/symp.owl	Translator: Alexander Largaespada; Reviewer: Salvador G. Ordorica	NA
symp	label	SYMP:0000577	rdfs:label	fussy infant	bebé inquieto	The Spanish Group LLC (https://thespanishgroup.org/)	2024-05-21	en	es	MANUALLY TRANSLATED	NA	http://purl.obolibrary.org/obo/symp/releases/2022-11-30/symp.owl	Translator: Alexander Largaespada; Reviewer: Salvador G. Ordorica	NA
symp	label	SYMP:0000578	rdfs:label	incontinence without sensory awareness	incontinencia sin conciencia sensorial	The Spanish Group LLC (https://thespanishgroup.org/)	2024-05-21	en	es	MANUALLY TRANSLATED	NA	http://purl.obolibrary.org/obo/symp/releases/2022-11-30/symp.owl	Translator: Alexander Largaespada; Reviewer: Salvador G. Ordorica	NA
symp	label	SYMP:0000579	rdfs:label	insomnia with sleep apnea	insomnio con apnea del sueño	The Spanish Group LLC (https://thespanishgroup.org/)	2024-05-21	en	es	MANUALLY TRANSLATED	NA	http://purl.obolibrary.org/obo/symp/releases/2022-11-30/symp.owl	Translator: Alexander Largaespada; Reviewer: Salvador G. Ordorica	NA
symp	label	SYMP:0000580	rdfs:label	dysfunctions associated with sleep stages	disfunciones asociadas a las fases del sueño	The Spanish Group LLC (https://thespanishgroup.org/)	2024-05-21	en	es	MANUALLY TRANSLATED	NA	http://purl.obolibrary.org/obo/symp/releases/2022-11-30/symp.owl	Translator: Alexander Largaespada; Reviewer: Salvador G. Ordorica	NA
symp	label	SYMP:0000581	rdfs:label	sleep apnea	apnea del sueño	The Spanish Group LLC (https://thespanishgroup.org/)	2024-05-21	en	es	MANUALLY TRANSLATED	NA	http://purl.obolibrary.org/obo/symp/releases/2022-11-30/symp.owl	Translator: Alexander Largaespada; Reviewer: Salvador G. Ordorica	NA
symp	label	SYMP:0000582	rdfs:label	hypersomnia	hipersomnia	The Spanish Group LLC (https://thespanishgroup.org/)	2024-05-21	en	es	MANUALLY TRANSLATED	NA	http://purl.obolibrary.org/obo/symp/releases/2022-11-30/symp.owl	Translator: Alexander Largaespada; Reviewer: Salvador G. Ordorica	NA
symp	label	SYMP:0000583	rdfs:label	hypersomnia with sleep apnea	hipersomnia con apnea del sueño	The Spanish Group LLC (https://thespanishgroup.org/)	2024-05-21	en	es	MANUALLY TRANSLATED	NA	http://purl.obolibrary.org/obo/symp/releases/2022-11-30/symp.owl	Translator: Alexander Largaespada; Reviewer: Salvador G. Ordorica	NA
symp	label	SYMP:0000584	rdfs:label	disruptions of 24-hour sleep-wake cycle	alteraciones del ciclo sueño-vigilia de 24 horas	The Spanish Group LLC (https://thespanishgroup.org/)	2024-05-21	en	es	MANUALLY TRANSLATED	NA	http://purl.obolibrary.org/obo/symp/releases/2022-11-30/symp.owl	Translator: Alexander Largaespada; Reviewer: Salvador G. Ordorica	NA
symp	label	SYMP:0000585	rdfs:label	sleep related movement disorder	trastorno del movimiento relacionado con el sueño	The Spanish Group LLC (https://thespanishgroup.org/)	2024-05-21	en	es	MANUALLY TRANSLATED	NA	http://purl.obolibrary.org/obo/symp/releases/2022-11-30/symp.owl	Translator: Alexander Largaespada; Reviewer: Salvador G. Ordorica	NA
symp	label	SYMP:0000586	rdfs:label	overflow incontinence	incontinencia por rebosamiento	The Spanish Group LLC (https://thespanishgroup.org/)	2024-05-21	en	es	MANUALLY TRANSLATED	NA	http://purl.obolibrary.org/obo/symp/releases/2022-11-30/symp.owl	Translator: Alexander Largaespada; Reviewer: Salvador G. Ordorica	NA
symp	label	SYMP:0000587	rdfs:label	abnormal chest sound	ruido torácico anormal	The Spanish Group LLC (https://thespanishgroup.org/)	2024-05-21	en	es	MANUALLY TRANSLATED	NA	http://purl.obolibrary.org/obo/symp/releases/2022-11-30/symp.owl	Translator: Alexander Largaespada; Reviewer: Salvador G. Ordorica	NA
symp	label	SYMP:0000588	rdfs:label	extravasation of urine	extravasación de orina	The Spanish Group LLC (https://thespanishgroup.org/)	2024-05-21	en	es	MANUALLY TRANSLATED	NA	http://purl.obolibrary.org/obo/symp/releases/2022-11-30/symp.owl	Translator: Alexander Largaespada; Reviewer: Salvador G. Ordorica	NA
symp	label	SYMP:0000589	rdfs:label	slowing of urinary stream	enlentecimiento del chorro urinario	The Spanish Group LLC (https://thespanishgroup.org/)	2024-05-21	en	es	MANUALLY TRANSLATED	NA	http://purl.obolibrary.org/obo/symp/releases/2022-11-30/symp.owl	Translator: Alexander Largaespada; Reviewer: Salvador G. Ordorica	NA
symp	label	SYMP:0000590	rdfs:label	urinary urgency	urgencia urinaria	The Spanish Group LLC (https://thespanishgroup.org/)	2024-05-21	en	es	MANUALLY TRANSLATED	NA	http://purl.obolibrary.org/obo/symp/releases/2022-11-30/symp.owl	Translator: Alexander Largaespada; Reviewer: Salvador G. Ordorica	NA
symp	label	SYMP:0000591	rdfs:label	left upper quadrant abdominal tenderness	sensibilidad abdominal en el cuadrante superior izquierdo	The Spanish Group LLC (https://thespanishgroup.org/)	2024-05-21	en	es	MANUALLY TRANSLATED	NA	http://purl.obolibrary.org/obo/symp/releases/2022-11-30/symp.owl	Translator: Alexander Largaespada; Reviewer: Salvador G. Ordorica	NA
symp	label	SYMP:0000592	rdfs:label	excessive crying of infant	llanto excesivo del lactante	The Spanish Group LLC (https://thespanishgroup.org/)	2024-05-21	en	es	MANUALLY TRANSLATED	NA	http://purl.obolibrary.org/obo/symp/releases/2022-11-30/symp.owl	Translator: Alexander Largaespada; Reviewer: Salvador G. Ordorica	NA
symp	label	SYMP:0000593	rdfs:label	gangrene	gangrena	The Spanish Group LLC (https://thespanishgroup.org/)	2024-05-21	en	es	MANUALLY TRANSLATED	NA	http://purl.obolibrary.org/obo/symp/releases/2022-11-30/symp.owl	Translator: Alexander Largaespada; Reviewer: Salvador G. Ordorica	NA
symp	label	SYMP:0000594	rdfs:label	abnormal involuntary movement	movimiento involuntario anormal	The Spanish Group LLC (https://thespanishgroup.org/)	2024-05-21	en	es	MANUALLY TRANSLATED	NA	http://purl.obolibrary.org/obo/symp/releases/2022-11-30/symp.owl	Translator: Alexander Largaespada; Reviewer: Salvador G. Ordorica	NA
symp	label	SYMP:0000595	rdfs:label	febrile convulsion	convulsión febril	The Spanish Group LLC (https://thespanishgroup.org/)	2024-05-21	en	es	MANUALLY TRANSLATED	NA	http://purl.obolibrary.org/obo/symp/releases/2022-11-30/symp.owl	Translator: Alexander Largaespada; Reviewer: Salvador G. Ordorica	NA
symp	label	SYMP:0000596	rdfs:label	convulsion	convulsión	The Spanish Group LLC (https://thespanishgroup.org/)	2024-05-21	en	es	MANUALLY TRANSLATED	NA	http://purl.obolibrary.org/obo/symp/releases/2022-11-30/symp.owl	Translator: Alexander Largaespada; Reviewer: Salvador G. Ordorica	NA
symp	label	SYMP:0000597	rdfs:label	head and neck symptom	síntoma de cabeza y cuello	The Spanish Group LLC (https://thespanishgroup.org/)	2024-05-21	en	es	MANUALLY TRANSLATED	NA	http://purl.obolibrary.org/obo/symp/releases/2022-11-30/symp.owl	Translator: Alexander Largaespada; Reviewer: Salvador G. Ordorica	NA
symp	label	SYMP:0000598	rdfs:label	respiratory abnormality	anomalía respiratoria	The Spanish Group LLC (https://thespanishgroup.org/)	2024-05-21	en	es	MANUALLY TRANSLATED	NA	http://purl.obolibrary.org/obo/symp/releases/2022-11-30/symp.owl	Translator: Alexander Largaespada; Reviewer: Salvador G. Ordorica	NA
symp	label	SYMP:0000599	rdfs:label	cheyne-stokes respiration	respiración cheyne-stokes	The Spanish Group LLC (https://thespanishgroup.org/)	2024-05-21	en	es	MANUALLY TRANSLATED	NA	http://purl.obolibrary.org/obo/symp/releases/2022-11-30/symp.owl	Translator: Alexander Largaespada; Reviewer: Salvador G. Ordorica	NA
symp	label	SYMP:0000600	rdfs:label	apnea	apnea	The Spanish Group LLC (https://thespanishgroup.org/)	2024-05-21	en	es	MANUALLY TRANSLATED	NA	http://purl.obolibrary.org/obo/symp/releases/2022-11-30/symp.owl	Translator: Alexander Largaespada; Reviewer: Salvador G. Ordorica	NA
symp	label	SYMP:0000601	rdfs:label	hyperventilation	hiperventilación	The Spanish Group LLC (https://thespanishgroup.org/)	2024-05-21	en	es	MANUALLY TRANSLATED	NA	http://purl.obolibrary.org/obo/symp/releases/2022-11-30/symp.owl	Translator: Alexander Largaespada; Reviewer: Salvador G. Ordorica	NA
symp	label	SYMP:0000602	rdfs:label	orthopnea	ortopnea	The Spanish Group LLC (https://thespanishgroup.org/)	2024-05-21	en	es	MANUALLY TRANSLATED	NA	http://purl.obolibrary.org/obo/symp/releases/2022-11-30/symp.owl	Translator: Alexander Largaespada; Reviewer: Salvador G. Ordorica	NA
symp	label	SYMP:0000603	rdfs:label	tachypnea	taquipnea	The Spanish Group LLC (https://thespanishgroup.org/)	2024-05-21	en	es	MANUALLY TRANSLATED	NA	http://purl.obolibrary.org/obo/symp/releases/2022-11-30/symp.owl	Translator: Alexander Largaespada; Reviewer: Salvador G. Ordorica	NA
symp	label	SYMP:0000604	rdfs:label	wheezing	sibilancias	The Spanish Group LLC (https://thespanishgroup.org/)	2024-05-21	en	es	MANUALLY TRANSLATED	NA	http://purl.obolibrary.org/obo/symp/releases/2022-11-30/symp.owl	Translator: Alexander Largaespada; Reviewer: Salvador G. Ordorica	NA
symp	label	SYMP:0000605	rdfs:label	coma	coma	The Spanish Group LLC (https://thespanishgroup.org/)	2024-05-21	en	es	MANUALLY TRANSLATED	NA	http://purl.obolibrary.org/obo/symp/releases/2022-11-30/symp.owl	Translator: Alexander Largaespada; Reviewer: Salvador G. Ordorica	NA
symp	label	SYMP:0000606	rdfs:label	nocturnal enuresis	enuresis nocturna	The Spanish Group LLC (https://thespanishgroup.org/)	2024-05-21	en	es	MANUALLY TRANSLATED	NA	http://purl.obolibrary.org/obo/symp/releases/2022-11-30/symp.owl	Translator: Alexander Largaespada; Reviewer: Salvador G. Ordorica	NA
symp	label	SYMP:0000607	rdfs:label	hallucination	alucinación	The Spanish Group LLC (https://thespanishgroup.org/)	2024-05-21	en	es	MANUALLY TRANSLATED	NA	http://purl.obolibrary.org/obo/symp/releases/2022-11-30/symp.owl	Translator: Alexander Largaespada; Reviewer: Salvador G. Ordorica	NA
symp	label	SYMP:0000608	rdfs:label	syncope and collapse	síncope y colapso	The Spanish Group LLC (https://thespanishgroup.org/)	2024-05-21	en	es	MANUALLY TRANSLATED	NA	http://purl.obolibrary.org/obo/symp/releases/2022-11-30/symp.owl	Translator: Alexander Largaespada; Reviewer: Salvador G. Ordorica	NA
symp	label	SYMP:0000609	rdfs:label	generalized hyperhidrosis	hiperhidrosis generalizada	The Spanish Group LLC (https://thespanishgroup.org/)	2024-05-21	en	es	MANUALLY TRANSLATED	NA	http://purl.obolibrary.org/obo/symp/releases/2022-11-30/symp.owl	Translator: Alexander Largaespada; Reviewer: Salvador G. Ordorica	NA
symp	label	SYMP:0000610	rdfs:label	dizziness	mareo	The Spanish Group LLC (https://thespanishgroup.org/)	2024-05-21	en	es	MANUALLY TRANSLATED	NA	http://purl.obolibrary.org/obo/symp/releases/2022-11-30/symp.owl	Translator: Alexander Largaespada; Reviewer: Salvador G. Ordorica	NA
symp	label	SYMP:0000611	rdfs:label	periumbilic abdominal pain	dolor abdominal periumbilico	The Spanish Group LLC (https://thespanishgroup.org/)	2024-05-21	en	es	MANUALLY TRANSLATED	NA	http://purl.obolibrary.org/obo/symp/releases/2022-11-30/symp.owl	Translator: Alexander Largaespada; Reviewer: Salvador G. Ordorica	NA
symp	label	SYMP:0000612	rdfs:label	periumbilic abdominal rigidity	rigidez abdominal periumbilica	The Spanish Group LLC (https://thespanishgroup.org/)	2024-05-21	en	es	MANUALLY TRANSLATED	NA	http://purl.obolibrary.org/obo/symp/releases/2022-11-30/symp.owl	Translator: Alexander Largaespada; Reviewer: Salvador G. Ordorica	NA
symp	label	SYMP:0000613	rdfs:label	fever	fiebre	The Spanish Group LLC (https://thespanishgroup.org/)	2024-05-21	en	es	MANUALLY TRANSLATED	NA	http://purl.obolibrary.org/obo/symp/releases/2022-11-30/symp.owl	Translator: Alexander Largaespada; Reviewer: Salvador G. Ordorica	NA
symp	label	SYMP:0000614	rdfs:label	cough	tos	The Spanish Group LLC (https://thespanishgroup.org/)	2024-05-21	en	es	MANUALLY TRANSLATED	NA	http://purl.obolibrary.org/obo/symp/releases/2022-11-30/symp.owl	Translator: Alexander Largaespada; Reviewer: Salvador G. Ordorica	NA
symp	label	SYMP:0000616	rdfs:label	loss of height	pérdida de altura	The Spanish Group LLC (https://thespanishgroup.org/)	2024-05-21	en	es	MANUALLY TRANSLATED	NA	http://purl.obolibrary.org/obo/symp/releases/2022-11-30/symp.owl	Translator: Alexander Largaespada; Reviewer: Salvador G. Ordorica	NA
symp	label	SYMP:0000617	rdfs:label	torticollis	tortícolis	The Spanish Group LLC (https://thespanishgroup.org/)	2024-05-21	en	es	MANUALLY TRANSLATED	NA	http://purl.obolibrary.org/obo/symp/releases/2022-11-30/symp.owl	Translator: Alexander Largaespada; Reviewer: Salvador G. Ordorica	NA
symp	label	SYMP:0000618	rdfs:label	abnormal posture	postura anormal	The Spanish Group LLC (https://thespanishgroup.org/)	2024-05-21	en	es	MANUALLY TRANSLATED	NA	http://purl.obolibrary.org/obo/symp/releases/2022-11-30/symp.owl	Translator: Alexander Largaespada; Reviewer: Salvador G. Ordorica	NA
symp	label	SYMP:0000619	rdfs:label	tetany	tetania	The Spanish Group LLC (https://thespanishgroup.org/)	2024-05-21	en	es	MANUALLY TRANSLATED	NA	http://purl.obolibrary.org/obo/symp/releases/2022-11-30/symp.owl	Translator: Alexander Largaespada; Reviewer: Salvador G. Ordorica	NA
symp	label	SYMP:0000620	rdfs:label	left lower quadrant abdominal pain	dolor abdominal en el cuadrante inferior izquierdo	The Spanish Group LLC (https://thespanishgroup.org/)	2024-05-21	en	es	MANUALLY TRANSLATED	NA	http://purl.obolibrary.org/obo/symp/releases/2022-11-30/symp.owl	Translator: Alexander Largaespada; Reviewer: Salvador G. Ordorica	NA
symp	label	SYMP:0000621	rdfs:label	alexia	alexia	The Spanish Group LLC (https://thespanishgroup.org/)	2024-05-21	en	es	MANUALLY TRANSLATED	NA	http://purl.obolibrary.org/obo/symp/releases/2022-11-30/symp.owl	Translator: Alexander Largaespada; Reviewer: Salvador G. Ordorica	NA
symp	label	SYMP:0000622	rdfs:label	acute mesenteric lymphadenitis	linfadenitis mesentérica aguda	The Spanish Group LLC (https://thespanishgroup.org/)	2024-05-21	en	es	MANUALLY TRANSLATED	NA	http://purl.obolibrary.org/obo/symp/releases/2022-11-30/symp.owl	Translator: Alexander Largaespada; Reviewer: Salvador G. Ordorica	NA
symp	label	SYMP:0000623	rdfs:label	acute renal failure	insuficiencia renal aguda	The Spanish Group LLC (https://thespanishgroup.org/)	2024-05-21	en	es	MANUALLY TRANSLATED	NA	http://purl.obolibrary.org/obo/symp/releases/2022-11-30/symp.owl	Translator: Alexander Largaespada; Reviewer: Salvador G. Ordorica	NA
symp	label	SYMP:0000625	rdfs:label	conscious disturbance	alteración de la conciencia	The Spanish Group LLC (https://thespanishgroup.org/)	2024-05-21	en	es	MANUALLY TRANSLATED	NA	http://purl.obolibrary.org/obo/symp/releases/2022-11-30/symp.owl	Translator: Alexander Largaespada; Reviewer: Salvador G. Ordorica	NA
symp	label	SYMP:0000627	rdfs:label	disturbed vision	alteración de la visión	The Spanish Group LLC (https://thespanishgroup.org/)	2024-05-21	en	es	MANUALLY TRANSLATED	NA	http://purl.obolibrary.org/obo/symp/releases/2022-11-30/symp.owl	Translator: Alexander Largaespada; Reviewer: Salvador G. Ordorica	NA
symp	label	SYMP:0000628	rdfs:label	vision distortion	distorsión de la visión	The Spanish Group LLC (https://thespanishgroup.org/)	2024-05-21	en	es	MANUALLY TRANSLATED	NA	http://purl.obolibrary.org/obo/symp/releases/2022-11-30/symp.owl	Translator: Alexander Largaespada; Reviewer: Salvador G. Ordorica	NA
symp	label	SYMP:0000629	rdfs:label	exanthema	exantema	The Spanish Group LLC (https://thespanishgroup.org/)	2024-05-21	en	es	MANUALLY TRANSLATED	NA	http://purl.obolibrary.org/obo/symp/releases/2022-11-30/symp.owl	Translator: Alexander Largaespada; Reviewer: Salvador G. Ordorica	NA
symp	label	SYMP:0000630	rdfs:label	frontal headache	cefalea frontal	The Spanish Group LLC (https://thespanishgroup.org/)	2024-05-21	en	es	MANUALLY TRANSLATED	NA	http://purl.obolibrary.org/obo/symp/releases/2022-11-30/symp.owl	Translator: Alexander Largaespada; Reviewer: Salvador G. Ordorica	NA
symp	label	SYMP:0000631	rdfs:label	hemolytic anemia	anemia hemolítica	The Spanish Group LLC (https://thespanishgroup.org/)	2024-05-21	en	es	MANUALLY TRANSLATED	NA	http://purl.obolibrary.org/obo/symp/releases/2022-11-30/symp.owl	Translator: Alexander Largaespada; Reviewer: Salvador G. Ordorica	NA
symp	label	SYMP:0000632	rdfs:label	hip pain	dolor de cadera	The Spanish Group LLC (https://thespanishgroup.org/)	2024-05-21	en	es	MANUALLY TRANSLATED	NA	http://purl.obolibrary.org/obo/symp/releases/2022-11-30/symp.owl	Translator: Alexander Largaespada; Reviewer: Salvador G. Ordorica	NA
symp	label	SYMP:0000633	rdfs:label	inflammatory low back pain	lumbalgia inflamatoria	The Spanish Group LLC (https://thespanishgroup.org/)	2024-05-21	en	es	MANUALLY TRANSLATED	NA	http://purl.obolibrary.org/obo/symp/releases/2022-11-30/symp.owl	Translator: Alexander Largaespada; Reviewer: Salvador G. Ordorica	NA
symp	label	SYMP:0000634	rdfs:label	leukocytosis	leucocitosis	The Spanish Group LLC (https://thespanishgroup.org/)	2024-05-21	en	es	MANUALLY TRANSLATED	NA	http://purl.obolibrary.org/obo/symp/releases/2022-11-30/symp.owl	Translator: Alexander Largaespada; Reviewer: Salvador G. Ordorica	NA
symp	label	SYMP:0000635	rdfs:label	low backache	lumbalgia	The Spanish Group LLC (https://thespanishgroup.org/)	2024-05-21	en	es	MANUALLY TRANSLATED	NA	http://purl.obolibrary.org/obo/symp/releases/2022-11-30/symp.owl	Translator: Alexander Largaespada; Reviewer: Salvador G. Ordorica	NA
symp	label	SYMP:0000636	rdfs:label	maculopapular rash	erupción maculopapular	The Spanish Group LLC (https://thespanishgroup.org/)	2024-05-21	en	es	MANUALLY TRANSLATED	NA	http://purl.obolibrary.org/obo/symp/releases/2022-11-30/symp.owl	Translator: Alexander Largaespada; Reviewer: Salvador G. Ordorica	NA
symp	label	SYMP:0000637	rdfs:label	opisthotonus	opistótono	The Spanish Group LLC (https://thespanishgroup.org/)	2024-05-21	en	es	MANUALLY TRANSLATED	NA	http://purl.obolibrary.org/obo/symp/releases/2022-11-30/symp.owl	Translator: Alexander Largaespada; Reviewer: Salvador G. Ordorica	NA
symp	label	SYMP:0000638	rdfs:label	papular rash	erupción papular	The Spanish Group LLC (https://thespanishgroup.org/)	2024-05-21	en	es	MANUALLY TRANSLATED	NA	http://purl.obolibrary.org/obo/symp/releases/2022-11-30/symp.owl	Translator: Alexander Largaespada; Reviewer: Salvador G. Ordorica	NA
symp	label	SYMP:0000639	rdfs:label	rectorrhagia	rectorragia	The Spanish Group LLC (https://thespanishgroup.org/)	2024-05-21	en	es	MANUALLY TRANSLATED	NA	http://purl.obolibrary.org/obo/symp/releases/2022-11-30/symp.owl	Translator: Alexander Largaespada; Reviewer: Salvador G. Ordorica	NA
symp	label	SYMP:0000640	rdfs:label	ankle rash	erupción en el tobillo	The Spanish Group LLC (https://thespanishgroup.org/)	2024-05-21	en	es	MANUALLY TRANSLATED	NA	http://purl.obolibrary.org/obo/symp/releases/2022-11-30/symp.owl	Translator: Alexander Largaespada; Reviewer: Salvador G. Ordorica	NA
symp	label	SYMP:0000641	rdfs:label	renal involvement	afectación renal	The Spanish Group LLC (https://thespanishgroup.org/)	2024-05-21	en	es	MANUALLY TRANSLATED	NA	http://purl.obolibrary.org/obo/symp/releases/2022-11-30/symp.owl	Translator: Alexander Largaespada; Reviewer: Salvador G. Ordorica	NA
symp	label	SYMP:0000643	rdfs:label	respiratory failure	insuficiencia respiratoria	The Spanish Group LLC (https://thespanishgroup.org/)	2024-05-21	en	es	MANUALLY TRANSLATED	NA	http://purl.obolibrary.org/obo/symp/releases/2022-11-30/symp.owl	Translator: Alexander Largaespada; Reviewer: Salvador G. Ordorica	NA
symp	label	SYMP:0000644	rdfs:label	ruffled feather	pluma erizada	The Spanish Group LLC (https://thespanishgroup.org/)	2024-05-21	en	es	MANUALLY TRANSLATED	NA	http://purl.obolibrary.org/obo/symp/releases/2022-11-30/symp.owl	Translator: Alexander Largaespada; Reviewer: Salvador G. Ordorica	NA
symp	label	SYMP:0000646	rdfs:label	synovitis	sinovitis	The Spanish Group LLC (https://thespanishgroup.org/)	2024-05-21	en	es	MANUALLY TRANSLATED	NA	http://purl.obolibrary.org/obo/symp/releases/2022-11-30/symp.owl	Translator: Alexander Largaespada; Reviewer: Salvador G. Ordorica	NA
symp	label	SYMP:0000647	rdfs:label	tache noire	tache noire	The Spanish Group LLC (https://thespanishgroup.org/)	2024-05-21	en	es	MANUALLY TRANSLATED	NA	http://purl.obolibrary.org/obo/symp/releases/2022-11-30/symp.owl	Translator: Alexander Largaespada; Reviewer: Salvador G. Ordorica	NA
symp	label	SYMP:0000648	rdfs:label	tenesmus	tenesmo	The Spanish Group LLC (https://thespanishgroup.org/)	2024-05-21	en	es	MANUALLY TRANSLATED	NA	http://purl.obolibrary.org/obo/symp/releases/2022-11-30/symp.owl	Translator: Alexander Largaespada; Reviewer: Salvador G. Ordorica	NA
symp	label	SYMP:0000649	rdfs:label	terminal ileitis	ileítis terminal	The Spanish Group LLC (https://thespanishgroup.org/)	2024-05-21	en	es	MANUALLY TRANSLATED	NA	http://purl.obolibrary.org/obo/symp/releases/2022-11-30/symp.owl	Translator: Alexander Largaespada; Reviewer: Salvador G. Ordorica	NA
symp	label	SYMP:0000650	rdfs:label	thick white exudate on tongue	exudado blanco espeso en la lengua	The Spanish Group LLC (https://thespanishgroup.org/)	2024-05-21	en	es	MANUALLY TRANSLATED	NA	http://purl.obolibrary.org/obo/symp/releases/2022-11-30/symp.owl	Translator: Alexander Largaespada; Reviewer: Salvador G. Ordorica	NA
symp	label	SYMP:0000651	rdfs:label	discharge	secreción	The Spanish Group LLC (https://thespanishgroup.org/)	2024-05-21	en	es	MANUALLY TRANSLATED	NA	http://purl.obolibrary.org/obo/symp/releases/2022-11-30/symp.owl	Translator: Alexander Largaespada; Reviewer: Salvador G. Ordorica	NA
symp	label	SYMP:0000652	rdfs:label	wound discharge	secreción de la herida	The Spanish Group LLC (https://thespanishgroup.org/)	2024-05-21	en	es	MANUALLY TRANSLATED	NA	http://purl.obolibrary.org/obo/symp/releases/2022-11-30/symp.owl	Translator: Alexander Largaespada; Reviewer: Salvador G. Ordorica	NA
symp	label	SYMP:0000653	rdfs:label	yellow dropping	goteo amarillo	The Spanish Group LLC (https://thespanishgroup.org/)	2024-05-21	en	es	MANUALLY TRANSLATED	NA	http://purl.obolibrary.org/obo/symp/releases/2022-11-30/symp.owl	Translator: Alexander Largaespada; Reviewer: Salvador G. Ordorica	NA
symp	label	SYMP:0000654	rdfs:label	irritability	irritabilidad	The Spanish Group LLC (https://thespanishgroup.org/)	2024-05-21	en	es	MANUALLY TRANSLATED	NA	http://purl.obolibrary.org/obo/symp/releases/2022-11-30/symp.owl	Translator: Alexander Largaespada; Reviewer: Salvador G. Ordorica	NA
symp	label	SYMP:0000655	rdfs:label	mouth bleeding	hemorragia bucal	The Spanish Group LLC (https://thespanishgroup.org/)	2024-05-21	en	es	MANUALLY TRANSLATED	NA	http://purl.obolibrary.org/obo/symp/releases/2022-11-30/symp.owl	Translator: Alexander Largaespada; Reviewer: Salvador G. Ordorica	NA
symp	label	SYMP:0000656	rdfs:label	pale mucous membrane	mucosa pálida	The Spanish Group LLC (https://thespanishgroup.org/)	2024-05-21	en	es	MANUALLY TRANSLATED	NA	http://purl.obolibrary.org/obo/symp/releases/2022-11-30/symp.owl	Translator: Alexander Largaespada; Reviewer: Salvador G. Ordorica	NA
symp	label	SYMP:0000657	rdfs:label	ischemic necrosis of jejunum	necrosis isquémica del yeyuno	The Spanish Group LLC (https://thespanishgroup.org/)	2024-05-21	en	es	MANUALLY TRANSLATED	NA	http://purl.obolibrary.org/obo/symp/releases/2022-11-30/symp.owl	Translator: Alexander Largaespada; Reviewer: Salvador G. Ordorica	NA
symp	label	SYMP:0000658	rdfs:label	extraocular muscles paralysis	parálisis de los músculos extraoculares	The Spanish Group LLC (https://thespanishgroup.org/)	2024-05-21	en	es	MANUALLY TRANSLATED	NA	http://purl.obolibrary.org/obo/symp/releases/2022-11-30/symp.owl	Translator: Alexander Largaespada; Reviewer: Salvador G. Ordorica	NA
symp	label	SYMP:0000659	rdfs:label	pareses	paresias	The Spanish Group LLC (https://thespanishgroup.org/)	2024-05-21	en	es	MANUALLY TRANSLATED	NA	http://purl.obolibrary.org/obo/symp/releases/2022-11-30/symp.owl	Translator: Alexander Largaespada; Reviewer: Salvador G. Ordorica	NA
symp	label	SYMP:0000660	rdfs:label	purpuric rash	erupción purpúrica	The Spanish Group LLC (https://thespanishgroup.org/)	2024-05-21	en	es	MANUALLY TRANSLATED	NA	http://purl.obolibrary.org/obo/symp/releases/2022-11-30/symp.owl	Translator: Alexander Largaespada; Reviewer: Salvador G. Ordorica	NA
symp	label	SYMP:0000661	rdfs:label	recumbency	decúbito	The Spanish Group LLC (https://thespanishgroup.org/)	2024-05-21	en	es	MANUALLY TRANSLATED	NA	http://purl.obolibrary.org/obo/symp/releases/2022-11-30/symp.owl	Translator: Alexander Largaespada; Reviewer: Salvador G. Ordorica	NA
symp	label	SYMP:0000662	rdfs:label	shakes	temblores	The Spanish Group LLC (https://thespanishgroup.org/)	2024-05-21	en	es	MANUALLY TRANSLATED	NA	http://purl.obolibrary.org/obo/symp/releases/2022-11-30/symp.owl	Translator: Alexander Largaespada; Reviewer: Salvador G. Ordorica	NA
symp	label	SYMP:0000663	rdfs:label	uncoordinated gait	marcha descoordinada	The Spanish Group LLC (https://thespanishgroup.org/)	2024-05-21	en	es	MANUALLY TRANSLATED	NA	http://purl.obolibrary.org/obo/symp/releases/2022-11-30/symp.owl	Translator: Alexander Largaespada; Reviewer: Salvador G. Ordorica	NA
symp	label	SYMP:0000664	rdfs:label	yellow exudate from nose	exudado amarillo de la nariz	The Spanish Group LLC (https://thespanishgroup.org/)	2024-05-21	en	es	MANUALLY TRANSLATED	NA	http://purl.obolibrary.org/obo/symp/releases/2022-11-30/symp.owl	Translator: Alexander Largaespada; Reviewer: Salvador G. Ordorica	NA
symp	label	SYMP:0000665	rdfs:label	yellow exudate from eyes	exudado amarillo de los ojos	The Spanish Group LLC (https://thespanishgroup.org/)	2024-05-21	en	es	MANUALLY TRANSLATED	NA	http://purl.obolibrary.org/obo/symp/releases/2022-11-30/symp.owl	Translator: Alexander Largaespada; Reviewer: Salvador G. Ordorica	NA
symp	label	SYMP:0000666	rdfs:label	abnormal behavior	comportamiento anormal	The Spanish Group LLC (https://thespanishgroup.org/)	2024-05-21	en	es	MANUALLY TRANSLATED	NA	http://purl.obolibrary.org/obo/symp/releases/2022-11-30/symp.owl	Translator: Alexander Largaespada; Reviewer: Salvador G. Ordorica	NA
symp	label	SYMP:0000669	rdfs:label	abnormal hemistanding	hemiandancia anormal	The Spanish Group LLC (https://thespanishgroup.org/)	2024-05-21	en	es	MANUALLY TRANSLATED	NA	http://purl.obolibrary.org/obo/symp/releases/2022-11-30/symp.owl	Translator: Alexander Largaespada; Reviewer: Salvador G. Ordorica	NA
symp	label	SYMP:0000670	rdfs:label	abnormal hemiwalking	hemi-caminata anormal	The Spanish Group LLC (https://thespanishgroup.org/)	2024-05-21	en	es	MANUALLY TRANSLATED	NA	http://purl.obolibrary.org/obo/symp/releases/2022-11-30/symp.owl	Translator: Alexander Largaespada; Reviewer: Salvador G. Ordorica	NA
symp	label	SYMP:0000671	rdfs:label	sudden onset of fever	aparición repentina de fiebre	The Spanish Group LLC (https://thespanishgroup.org/)	2024-05-21	en	es	MANUALLY TRANSLATED	NA	http://purl.obolibrary.org/obo/symp/releases/2022-11-30/symp.owl	Translator: Alexander Largaespada; Reviewer: Salvador G. Ordorica	NA
symp	label	SYMP:0000672	rdfs:label	abscess	absceso	The Spanish Group LLC (https://thespanishgroup.org/)	2024-05-21	en	es	MANUALLY TRANSLATED	NA	http://purl.obolibrary.org/obo/symp/releases/2022-11-30/symp.owl	Translator: Alexander Largaespada; Reviewer: Salvador G. Ordorica	NA
symp	label	SYMP:0000673	rdfs:label	bradykinesia	bradicinesia	The Spanish Group LLC (https://thespanishgroup.org/)	2024-05-21	en	es	MANUALLY TRANSLATED	NA	http://purl.obolibrary.org/obo/symp/releases/2022-11-30/symp.owl	Translator: Alexander Largaespada; Reviewer: Salvador G. Ordorica	NA
symp	label	SYMP:0000674	rdfs:label	acute cranial nerve dysfunction	disfunción aguda de los nervios craneales	The Spanish Group LLC (https://thespanishgroup.org/)	2024-05-21	en	es	MANUALLY TRANSLATED	NA	http://purl.obolibrary.org/obo/symp/releases/2022-11-30/symp.owl	Translator: Alexander Largaespada; Reviewer: Salvador G. Ordorica	NA
symp	label	SYMP:0000675	rdfs:label	acute diarrhea	Diarrea aguda	The Spanish Group LLC (https://thespanishgroup.org/)	2024-05-21	en	es	MANUALLY TRANSLATED	NA	http://purl.obolibrary.org/obo/symp/releases/2022-11-30/symp.owl	Translator: Alexander Largaespada; Reviewer: Salvador G. Ordorica	NA
symp	label	SYMP:0000676	rdfs:label	acute enteritis	enteritis aguda	The Spanish Group LLC (https://thespanishgroup.org/)	2024-05-21	en	es	MANUALLY TRANSLATED	NA	http://purl.obolibrary.org/obo/symp/releases/2022-11-30/symp.owl	Translator: Alexander Largaespada; Reviewer: Salvador G. Ordorica	NA
symp	label	SYMP:0000677	rdfs:label	acute gastroenteritis	gastroenteritis aguda	The Spanish Group LLC (https://thespanishgroup.org/)	2024-05-21	en	es	MANUALLY TRANSLATED	NA	http://purl.obolibrary.org/obo/symp/releases/2022-11-30/symp.owl	Translator: Alexander Largaespada; Reviewer: Salvador G. Ordorica	NA
symp	label	SYMP:0000678	rdfs:label	acute mental dysfunction	disfunción mental aguda	The Spanish Group LLC (https://thespanishgroup.org/)	2024-05-21	en	es	MANUALLY TRANSLATED	NA	http://purl.obolibrary.org/obo/symp/releases/2022-11-30/symp.owl	Translator: Alexander Largaespada; Reviewer: Salvador G. Ordorica	NA
symp	label	SYMP:0000679	rdfs:label	acute dyspnea	disnea aguda	The Spanish Group LLC (https://thespanishgroup.org/)	2024-05-21	en	es	MANUALLY TRANSLATED	NA	http://purl.obolibrary.org/obo/symp/releases/2022-11-30/symp.owl	Translator: Alexander Largaespada; Reviewer: Salvador G. Ordorica	NA
symp	label	SYMP:0000680	rdfs:label	acute weight loss	pérdida de peso aguda	The Spanish Group LLC (https://thespanishgroup.org/)	2024-05-21	en	es	MANUALLY TRANSLATED	NA	http://purl.obolibrary.org/obo/symp/releases/2022-11-30/symp.owl	Translator: Alexander Largaespada; Reviewer: Salvador G. Ordorica	NA
symp	label	SYMP:0000681	rdfs:label	aggressive behavior	comportamiento agresivo	The Spanish Group LLC (https://thespanishgroup.org/)	2024-05-21	en	es	MANUALLY TRANSLATED	NA	http://purl.obolibrary.org/obo/symp/releases/2022-11-30/symp.owl	Translator: Alexander Largaespada; Reviewer: Salvador G. Ordorica	NA
symp	label	SYMP:0000682	rdfs:label	altered mental status	alteración del estado mental	The Spanish Group LLC (https://thespanishgroup.org/)	2024-05-21	en	es	MANUALLY TRANSLATED	NA	http://purl.obolibrary.org/obo/symp/releases/2022-11-30/symp.owl	Translator: Alexander Largaespada; Reviewer: Salvador G. Ordorica	NA
symp	label	SYMP:0000684	rdfs:label	bifrontal headache	cefalea bifrontal	The Spanish Group LLC (https://thespanishgroup.org/)	2024-05-21	en	es	MANUALLY TRANSLATED	NA	http://purl.obolibrary.org/obo/symp/releases/2022-11-30/symp.owl	Translator: Alexander Largaespada; Reviewer: Salvador G. Ordorica	NA
symp	label	SYMP:0000685	rdfs:label	brain cyst	quiste cerebral	The Spanish Group LLC (https://thespanishgroup.org/)	2024-05-21	en	es	MANUALLY TRANSLATED	NA	http://purl.obolibrary.org/obo/symp/releases/2022-11-30/symp.owl	Translator: Alexander Largaespada; Reviewer: Salvador G. Ordorica	NA
symp	label	SYMP:0000686	rdfs:label	chronic cough	tos crónica	The Spanish Group LLC (https://thespanishgroup.org/)	2024-05-21	en	es	MANUALLY TRANSLATED	NA	http://purl.obolibrary.org/obo/symp/releases/2022-11-30/symp.owl	Translator: Alexander Largaespada; Reviewer: Salvador G. Ordorica	NA
symp	label	SYMP:0000688	rdfs:label	circling movement	movimiento en círculos	The Spanish Group LLC (https://thespanishgroup.org/)	2024-05-21	en	es	MANUALLY TRANSLATED	NA	http://purl.obolibrary.org/obo/symp/releases/2022-11-30/symp.owl	Translator: Alexander Largaespada; Reviewer: Salvador G. Ordorica	NA
symp	label	SYMP:0000689	rdfs:label	cramp	calambre	The Spanish Group LLC (https://thespanishgroup.org/)	2024-05-21	en	es	MANUALLY TRANSLATED	NA	http://purl.obolibrary.org/obo/symp/releases/2022-11-30/symp.owl	Translator: Alexander Largaespada; Reviewer: Salvador G. Ordorica	NA
symp	label	SYMP:0000690	rdfs:label	cranial nerve palsies	parálisis de los nervios craneales	The Spanish Group LLC (https://thespanishgroup.org/)	2024-05-21	en	es	MANUALLY TRANSLATED	NA	http://purl.obolibrary.org/obo/symp/releases/2022-11-30/symp.owl	Translator: Alexander Largaespada; Reviewer: Salvador G. Ordorica	NA
symp	label	SYMP:0000691	rdfs:label	cytopenia	citopenia	The Spanish Group LLC (https://thespanishgroup.org/)	2024-05-21	en	es	MANUALLY TRANSLATED	NA	http://purl.obolibrary.org/obo/symp/releases/2022-11-30/symp.owl	Translator: Alexander Largaespada; Reviewer: Salvador G. Ordorica	NA
symp	label	SYMP:0000692	rdfs:label	low blood pressure	presión arterial baja	The Spanish Group LLC (https://thespanishgroup.org/)	2024-05-21	en	es	MANUALLY TRANSLATED	NA	http://purl.obolibrary.org/obo/symp/releases/2022-11-30/symp.owl	Translator: Alexander Largaespada; Reviewer: Salvador G. Ordorica	NA
symp	label	SYMP:0000693	rdfs:label	decreased facial sensation	disminución de la sensibilidad facial	The Spanish Group LLC (https://thespanishgroup.org/)	2024-05-21	en	es	MANUALLY TRANSLATED	NA	http://purl.obolibrary.org/obo/symp/releases/2022-11-30/symp.owl	Translator: Alexander Largaespada; Reviewer: Salvador G. Ordorica	NA
symp	label	SYMP:0000694	rdfs:label	decreased jaw tone	disminución del tono mandibular	The Spanish Group LLC (https://thespanishgroup.org/)	2024-05-21	en	es	MANUALLY TRANSLATED	NA	http://purl.obolibrary.org/obo/symp/releases/2022-11-30/symp.owl	Translator: Alexander Largaespada; Reviewer: Salvador G. Ordorica	NA
symp	label	SYMP:0000695	rdfs:label	decreased milk production	disminución de la producción de leche	The Spanish Group LLC (https://thespanishgroup.org/)	2024-05-21	en	es	MANUALLY TRANSLATED	NA	http://purl.obolibrary.org/obo/symp/releases/2022-11-30/symp.owl	Translator: Alexander Largaespada; Reviewer: Salvador G. Ordorica	NA
symp	label	SYMP:0000696	rdfs:label	decreased motor response	disminución de la respuesta motora	The Spanish Group LLC (https://thespanishgroup.org/)	2024-05-21	en	es	MANUALLY TRANSLATED	NA	http://purl.obolibrary.org/obo/symp/releases/2022-11-30/symp.owl	Translator: Alexander Largaespada; Reviewer: Salvador G. Ordorica	NA
symp	label	SYMP:0000697	rdfs:label	decreased pharyngeal tone	disminución del tono faríngeo	The Spanish Group LLC (https://thespanishgroup.org/)	2024-05-21	en	es	MANUALLY TRANSLATED	NA	http://purl.obolibrary.org/obo/symp/releases/2022-11-30/symp.owl	Translator: Alexander Largaespada; Reviewer: Salvador G. Ordorica	NA
symp	label	SYMP:0000698	rdfs:label	decreased sucking	disminución de la succión	The Spanish Group LLC (https://thespanishgroup.org/)	2024-05-21	en	es	MANUALLY TRANSLATED	NA	http://purl.obolibrary.org/obo/symp/releases/2022-11-30/symp.owl	Translator: Alexander Largaespada; Reviewer: Salvador G. Ordorica	NA
symp	label	SYMP:0000699	rdfs:label	deltoid muscle weakness	debilidad del músculo deltoides	The Spanish Group LLC (https://thespanishgroup.org/)	2024-05-21	en	es	MANUALLY TRANSLATED	NA	http://purl.obolibrary.org/obo/symp/releases/2022-11-30/symp.owl	Translator: Alexander Largaespada; Reviewer: Salvador G. Ordorica	NA
symp	label	SYMP:0000700	rdfs:label	diminished spontaneous movement	disminución del movimiento espontáneo	The Spanish Group LLC (https://thespanishgroup.org/)	2024-05-21	en	es	MANUALLY TRANSLATED	NA	http://purl.obolibrary.org/obo/symp/releases/2022-11-30/symp.owl	Translator: Alexander Largaespada; Reviewer: Salvador G. Ordorica	NA
symp	label	SYMP:0000701	rdfs:label	nasal discharge	secreción nasal	The Spanish Group LLC (https://thespanishgroup.org/)	2024-05-21	en	es	MANUALLY TRANSLATED	NA	http://purl.obolibrary.org/obo/symp/releases/2022-11-30/symp.owl	Translator: Alexander Largaespada; Reviewer: Salvador G. Ordorica	NA
symp	label	SYMP:0000702	rdfs:label	distended loops of intestines on rectal	asas intestinales distendidas en el recto	The Spanish Group LLC (https://thespanishgroup.org/)	2024-05-21	en	es	MANUALLY TRANSLATED	NA	http://purl.obolibrary.org/obo/symp/releases/2022-11-30/symp.owl	Translator: Alexander Largaespada; Reviewer: Salvador G. Ordorica	NA
symp	label	SYMP:0000703	rdfs:label	droopy ears	orejas caídas	The Spanish Group LLC (https://thespanishgroup.org/)	2024-05-21	en	es	MANUALLY TRANSLATED	NA	http://purl.obolibrary.org/obo/symp/releases/2022-11-30/symp.owl	Translator: Alexander Largaespada; Reviewer: Salvador G. Ordorica	NA
symp	label	SYMP:0000704	rdfs:label	dysphonia	disfonía	The Spanish Group LLC (https://thespanishgroup.org/)	2024-05-21	en	es	MANUALLY TRANSLATED	NA	http://purl.obolibrary.org/obo/symp/releases/2022-11-30/symp.owl	Translator: Alexander Largaespada; Reviewer: Salvador G. Ordorica	NA
symp	label	SYMP:0000705	rdfs:label	expressive aphasia	afasia expresiva	The Spanish Group LLC (https://thespanishgroup.org/)	2024-05-21	en	es	MANUALLY TRANSLATED	NA	http://purl.obolibrary.org/obo/symp/releases/2022-11-30/symp.owl	Translator: Alexander Largaespada; Reviewer: Salvador G. Ordorica	NA
symp	label	SYMP:0000706	rdfs:label	facial weakness	debilidad facial	The Spanish Group LLC (https://thespanishgroup.org/)	2024-05-21	en	es	MANUALLY TRANSLATED	NA	http://purl.obolibrary.org/obo/symp/releases/2022-11-30/symp.owl	Translator: Alexander Largaespada; Reviewer: Salvador G. Ordorica	NA
symp	label	SYMP:0000707	rdfs:label	flaccid muscle tone	tono muscular flácido	The Spanish Group LLC (https://thespanishgroup.org/)	2024-05-21	en	es	MANUALLY TRANSLATED	NA	http://purl.obolibrary.org/obo/symp/releases/2022-11-30/symp.owl	Translator: Alexander Largaespada; Reviewer: Salvador G. Ordorica	NA
symp	label	SYMP:0000709	rdfs:label	granulomatous inflammation	inflamación granulomatosa	The Spanish Group LLC (https://thespanishgroup.org/)	2024-05-21	en	es	MANUALLY TRANSLATED	NA	http://purl.obolibrary.org/obo/symp/releases/2022-11-30/symp.owl	Translator: Alexander Largaespada; Reviewer: Salvador G. Ordorica	NA
symp	label	SYMP:0000710	rdfs:label	head pressing	presión en la cabeza	The Spanish Group LLC (https://thespanishgroup.org/)	2024-05-21	en	es	MANUALLY TRANSLATED	NA	http://purl.obolibrary.org/obo/symp/releases/2022-11-30/symp.owl	Translator: Alexander Largaespada; Reviewer: Salvador G. Ordorica	NA
symp	label	SYMP:0000711	rdfs:label	hind limb paralysis	parálisis de las extremidades posteriores	The Spanish Group LLC (https://thespanishgroup.org/)	2024-05-21	en	es	MANUALLY TRANSLATED	NA	http://purl.obolibrary.org/obo/symp/releases/2022-11-30/symp.owl	Translator: Alexander Largaespada; Reviewer: Salvador G. Ordorica	NA
symp	label	SYMP:0000712	rdfs:label	infertility	infertilidad	The Spanish Group LLC (https://thespanishgroup.org/)	2024-05-21	en	es	MANUALLY TRANSLATED	NA	http://purl.obolibrary.org/obo/symp/releases/2022-11-30/symp.owl	Translator: Alexander Largaespada; Reviewer: Salvador G. Ordorica	NA
symp	label	SYMP:0000713	rdfs:label	inability to lie flat	incapacidad para acostarse	The Spanish Group LLC (https://thespanishgroup.org/)	2024-05-21	en	es	MANUALLY TRANSLATED	NA	http://purl.obolibrary.org/obo/symp/releases/2022-11-30/symp.owl	Translator: Alexander Largaespada; Reviewer: Salvador G. Ordorica	NA
symp	label	SYMP:0000714	rdfs:label	intraretinal hemorrhage	hemorragia intrarretiniana	The Spanish Group LLC (https://thespanishgroup.org/)	2024-05-21	en	es	MANUALLY TRANSLATED	NA	http://purl.obolibrary.org/obo/symp/releases/2022-11-30/symp.owl	Translator: Alexander Largaespada; Reviewer: Salvador G. Ordorica	NA
symp	label	SYMP:0000715	rdfs:label	skin desquamation	descamación cutánea	The Spanish Group LLC (https://thespanishgroup.org/)	2024-05-21	en	es	MANUALLY TRANSLATED	NA	http://purl.obolibrary.org/obo/symp/releases/2022-11-30/symp.owl	Translator: Alexander Largaespada; Reviewer: Salvador G. Ordorica	NA
symp	label	SYMP:0000716	rdfs:label	swelling symptom	síntoma de hinchazón	The Spanish Group LLC (https://thespanishgroup.org/)	2024-05-21	en	es	MANUALLY TRANSLATED	NA	http://purl.obolibrary.org/obo/symp/releases/2022-11-30/symp.owl	Translator: Alexander Largaespada; Reviewer: Salvador G. Ordorica	NA
symp	label	SYMP:0000717	rdfs:label	leg swelling	hinchazón de las piernas	The Spanish Group LLC (https://thespanishgroup.org/)	2024-05-21	en	es	MANUALLY TRANSLATED	NA	http://purl.obolibrary.org/obo/symp/releases/2022-11-30/symp.owl	Translator: Alexander Largaespada; Reviewer: Salvador G. Ordorica	NA
symp	label	SYMP:0000718	rdfs:label	loss of consciousness	pérdida de conciencia	The Spanish Group LLC (https://thespanishgroup.org/)	2024-05-21	en	es	MANUALLY TRANSLATED	NA	http://purl.obolibrary.org/obo/symp/releases/2022-11-30/symp.owl	Translator: Alexander Largaespada; Reviewer: Salvador G. Ordorica	NA
symp	label	SYMP:0000719	rdfs:label	memory impairment	deterioro de la memoria	The Spanish Group LLC (https://thespanishgroup.org/)	2024-05-21	en	es	MANUALLY TRANSLATED	NA	http://purl.obolibrary.org/obo/symp/releases/2022-11-30/symp.owl	Translator: Alexander Largaespada; Reviewer: Salvador G. Ordorica	NA
symp	label	SYMP:0000720	rdfs:label	microangiopathic hemolytic anemia	anemia hemolítica microangiopática	The Spanish Group LLC (https://thespanishgroup.org/)	2024-05-21	en	es	MANUALLY TRANSLATED	NA	http://purl.obolibrary.org/obo/symp/releases/2022-11-30/symp.owl	Translator: Alexander Largaespada; Reviewer: Salvador G. Ordorica	NA
symp	label	SYMP:0000721	rdfs:label	moderate anemia	anemia moderada	The Spanish Group LLC (https://thespanishgroup.org/)	2024-05-21	en	es	MANUALLY TRANSLATED	NA	http://purl.obolibrary.org/obo/symp/releases/2022-11-30/symp.owl	Translator: Alexander Largaespada; Reviewer: Salvador G. Ordorica	NA
symp	label	SYMP:0000722	rdfs:label	moderate conjuctival injection	inyección conjuntival moderada	The Spanish Group LLC (https://thespanishgroup.org/)	2024-05-21	en	es	MANUALLY TRANSLATED	NA	http://purl.obolibrary.org/obo/symp/releases/2022-11-30/symp.owl	Translator: Alexander Largaespada; Reviewer: Salvador G. Ordorica	NA
symp	label	SYMP:0000723	rdfs:label	multiple abscesses	abscesos múltiples	The Spanish Group LLC (https://thespanishgroup.org/)	2024-05-21	en	es	MANUALLY TRANSLATED	NA	http://purl.obolibrary.org/obo/symp/releases/2022-11-30/symp.owl	Translator: Alexander Largaespada; Reviewer: Salvador G. Ordorica	NA
symp	label	SYMP:0000724	rdfs:label	multiple organ failure	insuficiencia orgánica múltiple	The Spanish Group LLC (https://thespanishgroup.org/)	2024-05-21	en	es	MANUALLY TRANSLATED	NA	http://purl.obolibrary.org/obo/symp/releases/2022-11-30/symp.owl	Translator: Alexander Largaespada; Reviewer: Salvador G. Ordorica	NA
symp	label	SYMP:0000725	rdfs:label	necrosis of jejunum	necrosis del yeyuno	The Spanish Group LLC (https://thespanishgroup.org/)	2024-05-21	en	es	MANUALLY TRANSLATED	NA	http://purl.obolibrary.org/obo/symp/releases/2022-11-30/symp.owl	Translator: Alexander Largaespada; Reviewer: Salvador G. Ordorica	NA
symp	label	SYMP:0000726	rdfs:label	painful reginal lymphadenopathy	linfadenopatía reginal dolorosa	The Spanish Group LLC (https://thespanishgroup.org/)	2024-05-21	en	es	MANUALLY TRANSLATED	NA	http://purl.obolibrary.org/obo/symp/releases/2022-11-30/symp.owl	Translator: Alexander Largaespada; Reviewer: Salvador G. Ordorica	NA
symp	label	SYMP:0000727	rdfs:label	palate weakness	debilidad del paladar	The Spanish Group LLC (https://thespanishgroup.org/)	2024-05-21	en	es	MANUALLY TRANSLATED	NA	http://purl.obolibrary.org/obo/symp/releases/2022-11-30/symp.owl	Translator: Alexander Largaespada; Reviewer: Salvador G. Ordorica	NA
symp	label	SYMP:0000728	rdfs:label	partial hind limb paralysis	parálisis parcial de las extremidades posteriores	The Spanish Group LLC (https://thespanishgroup.org/)	2024-05-21	en	es	MANUALLY TRANSLATED	NA	http://purl.obolibrary.org/obo/symp/releases/2022-11-30/symp.owl	Translator: Alexander Largaespada; Reviewer: Salvador G. Ordorica	NA
symp	label	SYMP:0000729	rdfs:label	pulmonary consolidation	consolidación pulmonar	The Spanish Group LLC (https://thespanishgroup.org/)	2024-05-21	en	es	MANUALLY TRANSLATED	NA	http://purl.obolibrary.org/obo/symp/releases/2022-11-30/symp.owl	Translator: Alexander Largaespada; Reviewer: Salvador G. Ordorica	NA
symp	label	SYMP:0000730	rdfs:label	rapid respiration	respiración rápida	The Spanish Group LLC (https://thespanishgroup.org/)	2024-05-21	en	es	MANUALLY TRANSLATED	NA	http://purl.obolibrary.org/obo/symp/releases/2022-11-30/symp.owl	Translator: Alexander Largaespada; Reviewer: Salvador G. Ordorica	NA
symp	label	SYMP:0000731	rdfs:label	renal failure	insuficiencia renal	The Spanish Group LLC (https://thespanishgroup.org/)	2024-05-21	en	es	MANUALLY TRANSLATED	NA	http://purl.obolibrary.org/obo/symp/releases/2022-11-30/symp.owl	Translator: Alexander Largaespada; Reviewer: Salvador G. Ordorica	NA
symp	label	SYMP:0000732	rdfs:label	sudden ataxis	ataxia súbita	The Spanish Group LLC (https://thespanishgroup.org/)	2024-05-21	en	es	MANUALLY TRANSLATED	NA	http://purl.obolibrary.org/obo/symp/releases/2022-11-30/symp.owl	Translator: Alexander Largaespada; Reviewer: Salvador G. Ordorica	NA
symp	label	SYMP:0000733	rdfs:label	sternocleidomastoid weakness	debilidad esternocleidomastoidea	The Spanish Group LLC (https://thespanishgroup.org/)	2024-05-21	en	es	MANUALLY TRANSLATED	NA	http://purl.obolibrary.org/obo/symp/releases/2022-11-30/symp.owl	Translator: Alexander Largaespada; Reviewer: Salvador G. Ordorica	NA
symp	label	SYMP:0000736	rdfs:label	lymph gland swelling	inflamación de los ganglios linfáticos	The Spanish Group LLC (https://thespanishgroup.org/)	2024-05-21	en	es	MANUALLY TRANSLATED	NA	http://purl.obolibrary.org/obo/symp/releases/2022-11-30/symp.owl	Translator: Alexander Largaespada; Reviewer: Salvador G. Ordorica	NA
symp	label	SYMP:0000737	rdfs:label	respiratory tract mucosa ulcer	úlcera de la mucosa de las vías respiratorias	The Spanish Group LLC (https://thespanishgroup.org/)	2024-05-21	en	es	MANUALLY TRANSLATED	NA	http://purl.obolibrary.org/obo/symp/releases/2022-11-30/symp.owl	Translator: Alexander Largaespada; Reviewer: Salvador G. Ordorica	NA
symp	label	SYMP:0000738	rdfs:label	yellowish green diarrhea	diarrea verde amarillenta	The Spanish Group LLC (https://thespanishgroup.org/)	2024-05-21	en	es	MANUALLY TRANSLATED	NA	http://purl.obolibrary.org/obo/symp/releases/2022-11-30/symp.owl	Translator: Alexander Largaespada; Reviewer: Salvador G. Ordorica	NA
symp	label	SYMP:0000739	rdfs:label	bronchopulmonary bleeding	hemorragia broncopulmonar	The Spanish Group LLC (https://thespanishgroup.org/)	2024-05-21	en	es	MANUALLY TRANSLATED	NA	http://purl.obolibrary.org/obo/symp/releases/2022-11-30/symp.owl	Translator: Alexander Largaespada; Reviewer: Salvador G. Ordorica	NA
symp	label	SYMP:0000740	rdfs:label	genitourinary hemorrhage	hemorragia genitourinaria	The Spanish Group LLC (https://thespanishgroup.org/)	2024-05-21	en	es	MANUALLY TRANSLATED	NA	http://purl.obolibrary.org/obo/symp/releases/2022-11-30/symp.owl	Translator: Alexander Largaespada; Reviewer: Salvador G. Ordorica	NA
symp	label	SYMP:0000741	rdfs:label	nasal bleeding	hemorragia nasal	The Spanish Group LLC (https://thespanishgroup.org/)	2024-05-21	en	es	MANUALLY TRANSLATED	NA	http://purl.obolibrary.org/obo/symp/releases/2022-11-30/symp.owl	Translator: Alexander Largaespada; Reviewer: Salvador G. Ordorica	NA
symp	label	SYMP:0000742	rdfs:label	gum bleeding	hemorragia gingival	The Spanish Group LLC (https://thespanishgroup.org/)	2024-05-21	en	es	MANUALLY TRANSLATED	NA	http://purl.obolibrary.org/obo/symp/releases/2022-11-30/symp.owl	Translator: Alexander Largaespada; Reviewer: Salvador G. Ordorica	NA
symp	label	SYMP:0000743	rdfs:label	blotchy red rash	erupción roja con manchas	The Spanish Group LLC (https://thespanishgroup.org/)	2024-05-21	en	es	MANUALLY TRANSLATED	NA	http://purl.obolibrary.org/obo/symp/releases/2022-11-30/symp.owl	Translator: Alexander Largaespada; Reviewer: Salvador G. Ordorica	NA
symp	label	SYMP:0000744	rdfs:label	cervical lymphadenopathy	linfadenopatía cervical	The Spanish Group LLC (https://thespanishgroup.org/)	2024-05-21	en	es	MANUALLY TRANSLATED	NA	http://purl.obolibrary.org/obo/symp/releases/2022-11-30/symp.owl	Translator: Alexander Largaespada; Reviewer: Salvador G. Ordorica	NA
symp	label	SYMP:0000745	rdfs:label	change in body sensation	cambio en la sensación corporal	The Spanish Group LLC (https://thespanishgroup.org/)	2024-05-21	en	es	MANUALLY TRANSLATED	NA	http://purl.obolibrary.org/obo/symp/releases/2022-11-30/symp.owl	Translator: Alexander Largaespada; Reviewer: Salvador G. Ordorica	NA
symp	label	SYMP:0000746	rdfs:label	enanthem	enantema	The Spanish Group LLC (https://thespanishgroup.org/)	2024-05-21	en	es	MANUALLY TRANSLATED	NA	http://purl.obolibrary.org/obo/symp/releases/2022-11-30/symp.owl	Translator: Alexander Largaespada; Reviewer: Salvador G. Ordorica	NA
symp	label	SYMP:0000747	rdfs:label	extreme prostration	postración extrema	The Spanish Group LLC (https://thespanishgroup.org/)	2024-05-21	en	es	MANUALLY TRANSLATED	NA	http://purl.obolibrary.org/obo/symp/releases/2022-11-30/symp.owl	Translator: Alexander Largaespada; Reviewer: Salvador G. Ordorica	NA
symp	label	SYMP:0000748	rdfs:label	facial edema	edema facial	The Spanish Group LLC (https://thespanishgroup.org/)	2024-05-21	en	es	MANUALLY TRANSLATED	NA	http://purl.obolibrary.org/obo/symp/releases/2022-11-30/symp.owl	Translator: Alexander Largaespada; Reviewer: Salvador G. Ordorica	NA
symp	label	SYMP:0000749	rdfs:label	hemodynamic instability	inestabilidad hemodinámica	The Spanish Group LLC (https://thespanishgroup.org/)	2024-05-21	en	es	MANUALLY TRANSLATED	NA	http://purl.obolibrary.org/obo/symp/releases/2022-11-30/symp.owl	Translator: Alexander Largaespada; Reviewer: Salvador G. Ordorica	NA
symp	label	SYMP:0000750	rdfs:label	hemorrhage into mucous membrane	hemorragia en las mucosas	The Spanish Group LLC (https://thespanishgroup.org/)	2024-05-21	en	es	MANUALLY TRANSLATED	NA	http://purl.obolibrary.org/obo/symp/releases/2022-11-30/symp.owl	Translator: Alexander Largaespada; Reviewer: Salvador G. Ordorica	NA
symp	label	SYMP:0000751	rdfs:label	hemorrhage into skin	hemorragia en la piel	The Spanish Group LLC (https://thespanishgroup.org/)	2024-05-21	en	es	MANUALLY TRANSLATED	NA	http://purl.obolibrary.org/obo/symp/releases/2022-11-30/symp.owl	Translator: Alexander Largaespada; Reviewer: Salvador G. Ordorica	NA
symp	label	SYMP:0000752	rdfs:label	herpetic lesion on upper lip	lesión herpética en el labio superior	The Spanish Group LLC (https://thespanishgroup.org/)	2024-05-21	en	es	MANUALLY TRANSLATED	NA	http://purl.obolibrary.org/obo/symp/releases/2022-11-30/symp.owl	Translator: Alexander Largaespada; Reviewer: Salvador G. Ordorica	NA
symp	label	SYMP:0000753	rdfs:label	intense anxiety	ansiedad intensa	The Spanish Group LLC (https://thespanishgroup.org/)	2024-05-21	en	es	MANUALLY TRANSLATED	NA	http://purl.obolibrary.org/obo/symp/releases/2022-11-30/symp.owl	Translator: Alexander Largaespada; Reviewer: Salvador G. Ordorica	NA
symp	label	SYMP:0000754	rdfs:label	severe chest pain	dolor torácico intenso	The Spanish Group LLC (https://thespanishgroup.org/)	2024-05-21	en	es	MANUALLY TRANSLATED	NA	http://purl.obolibrary.org/obo/symp/releases/2022-11-30/symp.owl	Translator: Alexander Largaespada; Reviewer: Salvador G. Ordorica	NA
symp	label	SYMP:0000755	rdfs:label	intense toxemia	toxemia intensa	The Spanish Group LLC (https://thespanishgroup.org/)	2024-05-21	en	es	MANUALLY TRANSLATED	NA	http://purl.obolibrary.org/obo/symp/releases/2022-11-30/symp.owl	Translator: Alexander Largaespada; Reviewer: Salvador G. Ordorica	NA
symp	label	SYMP:0000756	rdfs:label	menorrhagia	menorragia	The Spanish Group LLC (https://thespanishgroup.org/)	2024-05-21	en	es	MANUALLY TRANSLATED	NA	http://purl.obolibrary.org/obo/symp/releases/2022-11-30/symp.owl	Translator: Alexander Largaespada; Reviewer: Salvador G. Ordorica	NA
symp	label	SYMP:0000757	rdfs:label	mild conjunctivitis	conjuntivitis leve	The Spanish Group LLC (https://thespanishgroup.org/)	2024-05-21	en	es	MANUALLY TRANSLATED	NA	http://purl.obolibrary.org/obo/symp/releases/2022-11-30/symp.owl	Translator: Alexander Largaespada; Reviewer: Salvador G. Ordorica	NA
symp	label	SYMP:0000758	rdfs:label	neurological alteration	alteración neurológica	The Spanish Group LLC (https://thespanishgroup.org/)	2024-05-21	en	es	MANUALLY TRANSLATED	NA	http://purl.obolibrary.org/obo/symp/releases/2022-11-30/symp.owl	Translator: Alexander Largaespada; Reviewer: Salvador G. Ordorica	NA
symp	label	SYMP:0000759	rdfs:label	parotid pain	dolor parotídeo	The Spanish Group LLC (https://thespanishgroup.org/)	2024-05-21	en	es	MANUALLY TRANSLATED	NA	http://purl.obolibrary.org/obo/symp/releases/2022-11-30/symp.owl	Translator: Alexander Largaespada; Reviewer: Salvador G. Ordorica	NA
symp	label	SYMP:0000760	rdfs:label	petechiae	petequias	The Spanish Group LLC (https://thespanishgroup.org/)	2024-05-21	en	es	MANUALLY TRANSLATED	NA	http://purl.obolibrary.org/obo/symp/releases/2022-11-30/symp.owl	Translator: Alexander Largaespada; Reviewer: Salvador G. Ordorica	NA
symp	label	SYMP:0000761	rdfs:label	extracellular fluid alteration	alteración del líquido extracelular	The Spanish Group LLC (https://thespanishgroup.org/)	2024-05-21	en	es	MANUALLY TRANSLATED	NA	http://purl.obolibrary.org/obo/symp/releases/2022-11-30/symp.owl	Translator: Alexander Largaespada; Reviewer: Salvador G. Ordorica	NA
symp	label	SYMP:0000762	rdfs:label	excess lymphocytes in cerebrospinal fluid	exceso de linfocitos en el líquido cefalorraquídeo	The Spanish Group LLC (https://thespanishgroup.org/)	2024-05-21	en	es	MANUALLY TRANSLATED	NA	http://purl.obolibrary.org/obo/symp/releases/2022-11-30/symp.owl	Translator: Alexander Largaespada; Reviewer: Salvador G. Ordorica	NA
symp	label	SYMP:0000763	rdfs:label	renal alteration	alteración renal	The Spanish Group LLC (https://thespanishgroup.org/)	2024-05-21	en	es	MANUALLY TRANSLATED	NA	http://purl.obolibrary.org/obo/symp/releases/2022-11-30/symp.owl	Translator: Alexander Largaespada; Reviewer: Salvador G. Ordorica	NA
symp	label	SYMP:0000764	rdfs:label	retrobulbar pain	dolor retrobulbar	The Spanish Group LLC (https://thespanishgroup.org/)	2024-05-21	en	es	MANUALLY TRANSLATED	NA	http://purl.obolibrary.org/obo/symp/releases/2022-11-30/symp.owl	Translator: Alexander Largaespada; Reviewer: Salvador G. Ordorica	NA
symp	label	SYMP:0000765	rdfs:label	sensory disturbance	alteración sensorial	The Spanish Group LLC (https://thespanishgroup.org/)	2024-05-21	en	es	MANUALLY TRANSLATED	NA	http://purl.obolibrary.org/obo/symp/releases/2022-11-30/symp.owl	Translator: Alexander Largaespada; Reviewer: Salvador G. Ordorica	NA
symp	label	SYMP:0000766	rdfs:label	slow pulse	pulso lento	The Spanish Group LLC (https://thespanishgroup.org/)	2024-05-21	en	es	MANUALLY TRANSLATED	NA	http://purl.obolibrary.org/obo/symp/releases/2022-11-30/symp.owl	Translator: Alexander Largaespada; Reviewer: Salvador G. Ordorica	NA
symp	label	SYMP:0000767	rdfs:label	subconjunctival bleeding	hemorragia subconjuntival	The Spanish Group LLC (https://thespanishgroup.org/)	2024-05-21	en	es	MANUALLY TRANSLATED	NA	http://purl.obolibrary.org/obo/symp/releases/2022-11-30/symp.owl	Translator: Alexander Largaespada; Reviewer: Salvador G. Ordorica	NA
symp	label	SYMP:0000768	rdfs:label	testicular pain	dolor testicular	The Spanish Group LLC (https://thespanishgroup.org/)	2024-05-21	en	es	MANUALLY TRANSLATED	NA	http://purl.obolibrary.org/obo/symp/releases/2022-11-30/symp.owl	Translator: Alexander Largaespada; Reviewer: Salvador G. Ordorica	NA
symp	label	SYMP:0000769	rdfs:label	vascular alteration	alteración vascular	The Spanish Group LLC (https://thespanishgroup.org/)	2024-05-21	en	es	MANUALLY TRANSLATED	NA	http://purl.obolibrary.org/obo/symp/releases/2022-11-30/symp.owl	Translator: Alexander Largaespada; Reviewer: Salvador G. Ordorica	NA
symp	label	SYMP:0000770	rdfs:label	pelvic symptom	síntoma pélvico	The Spanish Group LLC (https://thespanishgroup.org/)	2024-05-21	en	es	MANUALLY TRANSLATED	NA	http://purl.obolibrary.org/obo/symp/releases/2022-11-30/symp.owl	Translator: Alexander Largaespada; Reviewer: Salvador G. Ordorica	NA
symp	label	SYMP:0000771	rdfs:label	pelvic swelling	hinchazón pélvica	The Spanish Group LLC (https://thespanishgroup.org/)	2024-05-21	en	es	MANUALLY TRANSLATED	NA	http://purl.obolibrary.org/obo/symp/releases/2022-11-30/symp.owl	Translator: Alexander Largaespada; Reviewer: Salvador G. Ordorica	NA
symp	label	SYMP:0000772	rdfs:label	pelvic mass	masa pélvica	The Spanish Group LLC (https://thespanishgroup.org/)	2024-05-21	en	es	MANUALLY TRANSLATED	NA	http://purl.obolibrary.org/obo/symp/releases/2022-11-30/symp.owl	Translator: Alexander Largaespada; Reviewer: Salvador G. Ordorica	NA
symp	label	SYMP:0000773	rdfs:label	pelvic lump	bulto pélvico	The Spanish Group LLC (https://thespanishgroup.org/)	2024-05-21	en	es	MANUALLY TRANSLATED	NA	http://purl.obolibrary.org/obo/symp/releases/2022-11-30/symp.owl	Translator: Alexander Largaespada; Reviewer: Salvador G. Ordorica	NA
symp	label	SYMP:0000774	rdfs:label	generalized pelvic lump	bulto pélvico generalizado	The Spanish Group LLC (https://thespanishgroup.org/)	2024-05-21	en	es	MANUALLY TRANSLATED	NA	http://purl.obolibrary.org/obo/symp/releases/2022-11-30/symp.owl	Translator: Alexander Largaespada; Reviewer: Salvador G. Ordorica	NA
symp	label	SYMP:0000775	rdfs:label	right lower quadrant pelvic lump	bulto pélvico cuadrante inferior derecho	The Spanish Group LLC (https://thespanishgroup.org/)	2024-05-21	en	es	MANUALLY TRANSLATED	NA	http://purl.obolibrary.org/obo/symp/releases/2022-11-30/symp.owl	Translator: Alexander Largaespada; Reviewer: Salvador G. Ordorica	NA
symp	label	SYMP:0000776	rdfs:label	epigastric pelvic lump	bulto pélvico epigástrico	The Spanish Group LLC (https://thespanishgroup.org/)	2024-05-21	en	es	MANUALLY TRANSLATED	NA	http://purl.obolibrary.org/obo/symp/releases/2022-11-30/symp.owl	Translator: Alexander Largaespada; Reviewer: Salvador G. Ordorica	NA
symp	label	SYMP:0000777	rdfs:label	left lower quadrant pelvic lump	bulto pélvico cuadrante inferior izquierdo	The Spanish Group LLC (https://thespanishgroup.org/)	2024-05-21	en	es	MANUALLY TRANSLATED	NA	http://purl.obolibrary.org/obo/symp/releases/2022-11-30/symp.owl	Translator: Alexander Largaespada; Reviewer: Salvador G. Ordorica	NA
symp	label	SYMP:0000778	rdfs:label	left upper quadrant pelvic lump	tumoración pélvica cuadrante superior izquierdo	The Spanish Group LLC (https://thespanishgroup.org/)	2024-05-21	en	es	MANUALLY TRANSLATED	NA	http://purl.obolibrary.org/obo/symp/releases/2022-11-30/symp.owl	Translator: Alexander Largaespada; Reviewer: Salvador G. Ordorica	NA
symp	label	SYMP:0000779	rdfs:label	right upper quadrant pelvic lump	tumoración pélvica cuadrante superior derecho	The Spanish Group LLC (https://thespanishgroup.org/)	2024-05-21	en	es	MANUALLY TRANSLATED	NA	http://purl.obolibrary.org/obo/symp/releases/2022-11-30/symp.owl	Translator: Alexander Largaespada; Reviewer: Salvador G. Ordorica	NA
symp	label	SYMP:0000780	rdfs:label	multiple sites pelvic lump	tumoración pélvica en múltiples sitios	The Spanish Group LLC (https://thespanishgroup.org/)	2024-05-21	en	es	MANUALLY TRANSLATED	NA	http://purl.obolibrary.org/obo/symp/releases/2022-11-30/symp.owl	Translator: Alexander Largaespada; Reviewer: Salvador G. Ordorica	NA
symp	label	SYMP:0000781	rdfs:label	periumbilic pelvic lump	masa pélvica periumbilical	The Spanish Group LLC (https://thespanishgroup.org/)	2024-05-21	en	es	MANUALLY TRANSLATED	NA	http://purl.obolibrary.org/obo/symp/releases/2022-11-30/symp.owl	Translator: Alexander Largaespada; Reviewer: Salvador G. Ordorica	NA
symp	label	SYMP:0000782	rdfs:label	right upper quadrant pelvic mass	masa pélvica cuadrante superior derecho	The Spanish Group LLC (https://thespanishgroup.org/)	2024-05-21	en	es	MANUALLY TRANSLATED	NA	http://purl.obolibrary.org/obo/symp/releases/2022-11-30/symp.owl	Translator: Alexander Largaespada; Reviewer: Salvador G. Ordorica	NA
symp	label	SYMP:0000783	rdfs:label	left lower quadrant pelvic mass	masa pélvica cuadrante inferior izquierdo	The Spanish Group LLC (https://thespanishgroup.org/)	2024-05-21	en	es	MANUALLY TRANSLATED	NA	http://purl.obolibrary.org/obo/symp/releases/2022-11-30/symp.owl	Translator: Alexander Largaespada; Reviewer: Salvador G. Ordorica	NA
symp	label	SYMP:0000784	rdfs:label	epigastric pelvic mass	masa pélvica epigástrica	The Spanish Group LLC (https://thespanishgroup.org/)	2024-05-21	en	es	MANUALLY TRANSLATED	NA	http://purl.obolibrary.org/obo/symp/releases/2022-11-30/symp.owl	Translator: Alexander Largaespada; Reviewer: Salvador G. Ordorica	NA
symp	label	SYMP:0000785	rdfs:label	left upper quadrant pelvic mass	masa pélvica cuadrante superior izquierdo	The Spanish Group LLC (https://thespanishgroup.org/)	2024-05-21	en	es	MANUALLY TRANSLATED	NA	http://purl.obolibrary.org/obo/symp/releases/2022-11-30/symp.owl	Translator: Alexander Largaespada; Reviewer: Salvador G. Ordorica	NA
symp	label	SYMP:0000786	rdfs:label	generalized pelvic mass	masa pélvica generalizada	The Spanish Group LLC (https://thespanishgroup.org/)	2024-05-21	en	es	MANUALLY TRANSLATED	NA	http://purl.obolibrary.org/obo/symp/releases/2022-11-30/symp.owl	Translator: Alexander Largaespada; Reviewer: Salvador G. Ordorica	NA
symp	label	SYMP:0000787	rdfs:label	periumbilic pelvic mass	masa pélvica periumbilical	The Spanish Group LLC (https://thespanishgroup.org/)	2024-05-21	en	es	MANUALLY TRANSLATED	NA	http://purl.obolibrary.org/obo/symp/releases/2022-11-30/symp.owl	Translator: Alexander Largaespada; Reviewer: Salvador G. Ordorica	NA
symp	label	SYMP:0000788	rdfs:label	multiple sites pelvic mass	masa pélvica en múltiples sitios	The Spanish Group LLC (https://thespanishgroup.org/)	2024-05-21	en	es	MANUALLY TRANSLATED	NA	http://purl.obolibrary.org/obo/symp/releases/2022-11-30/symp.owl	Translator: Alexander Largaespada; Reviewer: Salvador G. Ordorica	NA
symp	label	SYMP:0000789	rdfs:label	right lower quadrant pelvic mass	masa pélvica cuadrante inferior derecho	The Spanish Group LLC (https://thespanishgroup.org/)	2024-05-21	en	es	MANUALLY TRANSLATED	NA	http://purl.obolibrary.org/obo/symp/releases/2022-11-30/symp.owl	Translator: Alexander Largaespada; Reviewer: Salvador G. Ordorica	NA
symp	label	SYMP:0000790	rdfs:label	multiple sites pelvic swelling	hinchazón pélvica en múltiples sitios	The Spanish Group LLC (https://thespanishgroup.org/)	2024-05-21	en	es	MANUALLY TRANSLATED	NA	http://purl.obolibrary.org/obo/symp/releases/2022-11-30/symp.owl	Translator: Alexander Largaespada; Reviewer: Salvador G. Ordorica	NA
symp	label	SYMP:0000791	rdfs:label	generalized pelvic swelling	hinchazón pélvica generalizada	The Spanish Group LLC (https://thespanishgroup.org/)	2024-05-21	en	es	MANUALLY TRANSLATED	NA	http://purl.obolibrary.org/obo/symp/releases/2022-11-30/symp.owl	Translator: Alexander Largaespada; Reviewer: Salvador G. Ordorica	NA
symp	label	SYMP:0000792	rdfs:label	epigastric pelvic swelling	hinchazón pélvica epigástrica	The Spanish Group LLC (https://thespanishgroup.org/)	2024-05-21	en	es	MANUALLY TRANSLATED	NA	http://purl.obolibrary.org/obo/symp/releases/2022-11-30/symp.owl	Translator: Alexander Largaespada; Reviewer: Salvador G. Ordorica	NA
symp	label	SYMP:0000793	rdfs:label	left lower quadrant pelvic swelling	hinchazón pélvica cuadrante inferior izquierdo	The Spanish Group LLC (https://thespanishgroup.org/)	2024-05-21	en	es	MANUALLY TRANSLATED	NA	http://purl.obolibrary.org/obo/symp/releases/2022-11-30/symp.owl	Translator: Alexander Largaespada; Reviewer: Salvador G. Ordorica	NA
symp	label	SYMP:0000794	rdfs:label	left upper quadrant pelvic swelling	hinchazón pélvica cuadrante superior izquierdo	The Spanish Group LLC (https://thespanishgroup.org/)	2024-05-21	en	es	MANUALLY TRANSLATED	NA	http://purl.obolibrary.org/obo/symp/releases/2022-11-30/symp.owl	Translator: Alexander Largaespada; Reviewer: Salvador G. Ordorica	NA
symp	label	SYMP:0000795	rdfs:label	periumbilic pelvic swelling	inflamación pélvica periumbilical	The Spanish Group LLC (https://thespanishgroup.org/)	2024-05-21	en	es	MANUALLY TRANSLATED	NA	http://purl.obolibrary.org/obo/symp/releases/2022-11-30/symp.owl	Translator: Alexander Largaespada; Reviewer: Salvador G. Ordorica	NA
symp	label	SYMP:0000796	rdfs:label	right lower quadrant pelvic swelling	hinchazón pélvica cuadrante inferior derecho	The Spanish Group LLC (https://thespanishgroup.org/)	2024-05-21	en	es	MANUALLY TRANSLATED	NA	http://purl.obolibrary.org/obo/symp/releases/2022-11-30/symp.owl	Translator: Alexander Largaespada; Reviewer: Salvador G. Ordorica	NA
symp	label	SYMP:0000797	rdfs:label	right upper quadrant pelvic swelling	hinchazón pélvica cuadrante superior derecho	The Spanish Group LLC (https://thespanishgroup.org/)	2024-05-21	en	es	MANUALLY TRANSLATED	NA	http://purl.obolibrary.org/obo/symp/releases/2022-11-30/symp.owl	Translator: Alexander Largaespada; Reviewer: Salvador G. Ordorica	NA
symp	label	SYMP:0000798	rdfs:label	abdominal mass	masa abdominal	The Spanish Group LLC (https://thespanishgroup.org/)	2024-05-21	en	es	MANUALLY TRANSLATED	NA	http://purl.obolibrary.org/obo/symp/releases/2022-11-30/symp.owl	Translator: Alexander Largaespada; Reviewer: Salvador G. Ordorica	NA
symp	label	SYMP:0000799	rdfs:label	abdominal lump	bulto abdominal	The Spanish Group LLC (https://thespanishgroup.org/)	2024-05-21	en	es	MANUALLY TRANSLATED	NA	http://purl.obolibrary.org/obo/symp/releases/2022-11-30/symp.owl	Translator: Alexander Largaespada; Reviewer: Salvador G. Ordorica	NA
symp	label	SYMP:0000800	rdfs:label	left upper quadrant abdominal mass	masa abdominal cuadrante superior izquierdo	The Spanish Group LLC (https://thespanishgroup.org/)	2024-05-21	en	es	MANUALLY TRANSLATED	NA	http://purl.obolibrary.org/obo/symp/releases/2022-11-30/symp.owl	Translator: Alexander Largaespada; Reviewer: Salvador G. Ordorica	NA
symp	label	SYMP:0000801	rdfs:label	left lower quadrant abdominal mass	masa abdominal cuadrante inferior izquierdo	The Spanish Group LLC (https://thespanishgroup.org/)	2024-05-21	en	es	MANUALLY TRANSLATED	NA	http://purl.obolibrary.org/obo/symp/releases/2022-11-30/symp.owl	Translator: Alexander Largaespada; Reviewer: Salvador G. Ordorica	NA
symp	label	SYMP:0000802	rdfs:label	epigastric abdominal mass	masa abdominal epigástrica	The Spanish Group LLC (https://thespanishgroup.org/)	2024-05-21	en	es	MANUALLY TRANSLATED	NA	http://purl.obolibrary.org/obo/symp/releases/2022-11-30/symp.owl	Translator: Alexander Largaespada; Reviewer: Salvador G. Ordorica	NA
symp	label	SYMP:0000803	rdfs:label	multiple sites abdominal mass	masa abdominal en múltiples sitios	The Spanish Group LLC (https://thespanishgroup.org/)	2024-05-21	en	es	MANUALLY TRANSLATED	NA	http://purl.obolibrary.org/obo/symp/releases/2022-11-30/symp.owl	Translator: Alexander Largaespada; Reviewer: Salvador G. Ordorica	NA
symp	label	SYMP:0000804	rdfs:label	generalized abdominal mass	masa abdominal generalizada	The Spanish Group LLC (https://thespanishgroup.org/)	2024-05-21	en	es	MANUALLY TRANSLATED	NA	http://purl.obolibrary.org/obo/symp/releases/2022-11-30/symp.owl	Translator: Alexander Largaespada; Reviewer: Salvador G. Ordorica	NA
symp	label	SYMP:0000805	rdfs:label	periumbilic abdominal mass	masa abdominal periumbilical	The Spanish Group LLC (https://thespanishgroup.org/)	2024-05-21	en	es	MANUALLY TRANSLATED	NA	http://purl.obolibrary.org/obo/symp/releases/2022-11-30/symp.owl	Translator: Alexander Largaespada; Reviewer: Salvador G. Ordorica	NA
symp	label	SYMP:0000806	rdfs:label	right lower quadrant abdominal mass	masa abdominal cuadrante inferior derecho	The Spanish Group LLC (https://thespanishgroup.org/)	2024-05-21	en	es	MANUALLY TRANSLATED	NA	http://purl.obolibrary.org/obo/symp/releases/2022-11-30/symp.owl	Translator: Alexander Largaespada; Reviewer: Salvador G. Ordorica	NA
symp	label	SYMP:0000807	rdfs:label	right upper quadrant abdominal mass	masa abdominal cuadrante superior derecho	The Spanish Group LLC (https://thespanishgroup.org/)	2024-05-21	en	es	MANUALLY TRANSLATED	NA	http://purl.obolibrary.org/obo/symp/releases/2022-11-30/symp.owl	Translator: Alexander Largaespada; Reviewer: Salvador G. Ordorica	NA
symp	label	SYMP:0000808	rdfs:label	multiple sites abdominal lump	bulto abdominal en múltiples sitios	The Spanish Group LLC (https://thespanishgroup.org/)	2024-05-21	en	es	MANUALLY TRANSLATED	NA	http://purl.obolibrary.org/obo/symp/releases/2022-11-30/symp.owl	Translator: Alexander Largaespada; Reviewer: Salvador G. Ordorica	NA
symp	label	SYMP:0000809	rdfs:label	periumbilic abdominal lump	bulto abdominal periumbilic	The Spanish Group LLC (https://thespanishgroup.org/)	2024-05-21	en	es	MANUALLY TRANSLATED	NA	http://purl.obolibrary.org/obo/symp/releases/2022-11-30/symp.owl	Translator: Alexander Largaespada; Reviewer: Salvador G. Ordorica	NA
symp	label	SYMP:0000810	rdfs:label	epigastric abdominal lump	tumoración abdominal epigástrica	The Spanish Group LLC (https://thespanishgroup.org/)	2024-05-21	en	es	MANUALLY TRANSLATED	NA	http://purl.obolibrary.org/obo/symp/releases/2022-11-30/symp.owl	Translator: Alexander Largaespada; Reviewer: Salvador G. Ordorica	NA
symp	label	SYMP:0000811	rdfs:label	left upper quadrant abdominal lump	tumoración en cuadrante superior izquierdo	The Spanish Group LLC (https://thespanishgroup.org/)	2024-05-21	en	es	MANUALLY TRANSLATED	NA	http://purl.obolibrary.org/obo/symp/releases/2022-11-30/symp.owl	Translator: Alexander Largaespada; Reviewer: Salvador G. Ordorica	NA
symp	label	SYMP:0000812	rdfs:label	right lower quadrant abdominal lump	tumoración en el cuadrante abdominal inferior derecho	The Spanish Group LLC (https://thespanishgroup.org/)	2024-05-21	en	es	MANUALLY TRANSLATED	NA	http://purl.obolibrary.org/obo/symp/releases/2022-11-30/symp.owl	Translator: Alexander Largaespada; Reviewer: Salvador G. Ordorica	NA
symp	label	SYMP:0000813	rdfs:label	right upper quadrant abdominal lump	tumoración en el cuadrante superior derecho	The Spanish Group LLC (https://thespanishgroup.org/)	2024-05-21	en	es	MANUALLY TRANSLATED	NA	http://purl.obolibrary.org/obo/symp/releases/2022-11-30/symp.owl	Translator: Alexander Largaespada; Reviewer: Salvador G. Ordorica	NA
symp	label	SYMP:0000814	rdfs:label	generalized abdominal lump	tumoración abdominal generalizada	The Spanish Group LLC (https://thespanishgroup.org/)	2024-05-21	en	es	MANUALLY TRANSLATED	NA	http://purl.obolibrary.org/obo/symp/releases/2022-11-30/symp.owl	Translator: Alexander Largaespada; Reviewer: Salvador G. Ordorica	NA
symp	label	SYMP:0000815	rdfs:label	left lower quadrant abdominal lump	tumoración en el cuadrante abdominal inferior izquierdo	The Spanish Group LLC (https://thespanishgroup.org/)	2024-05-21	en	es	MANUALLY TRANSLATED	NA	http://purl.obolibrary.org/obo/symp/releases/2022-11-30/symp.owl	Translator: Alexander Largaespada; Reviewer: Salvador G. Ordorica	NA
symp	label	SYMP:0000816	rdfs:label	dysfunctions associated with arousal from sleep	disfunciones asociadas al despertar del sueño	The Spanish Group LLC (https://thespanishgroup.org/)	2024-05-21	en	es	MANUALLY TRANSLATED	NA	http://purl.obolibrary.org/obo/symp/releases/2022-11-30/symp.owl	Translator: Alexander Largaespada; Reviewer: Salvador G. Ordorica	NA
symp	label	SYMP:0000817	rdfs:label	inability to concentrate	incapacidad para concentrarse	The Spanish Group LLC (https://thespanishgroup.org/)	2024-05-21	en	es	MANUALLY TRANSLATED	NA	http://purl.obolibrary.org/obo/symp/releases/2022-11-30/symp.owl	Translator: Alexander Largaespada; Reviewer: Salvador G. Ordorica	NA
symp	label	SYMP:0000818	rdfs:label	localized superficial mass	masa superficial localizada	The Spanish Group LLC (https://thespanishgroup.org/)	2024-05-21	en	es	MANUALLY TRANSLATED	NA	http://purl.obolibrary.org/obo/symp/releases/2022-11-30/symp.owl	Translator: Alexander Largaespada; Reviewer: Salvador G. Ordorica	NA
symp	label	SYMP:0000819	rdfs:label	localized superficial swelling	hinchazón superficial localizada	The Spanish Group LLC (https://thespanishgroup.org/)	2024-05-21	en	es	MANUALLY TRANSLATED	NA	http://purl.obolibrary.org/obo/symp/releases/2022-11-30/symp.owl	Translator: Alexander Largaespada; Reviewer: Salvador G. Ordorica	NA
symp	label	SYMP:0000820	rdfs:label	mass in chest	masa en el tórax	The Spanish Group LLC (https://thespanishgroup.org/)	2024-05-21	en	es	MANUALLY TRANSLATED	NA	http://purl.obolibrary.org/obo/symp/releases/2022-11-30/symp.owl	Translator: Alexander Largaespada; Reviewer: Salvador G. Ordorica	NA
symp	label	SYMP:0000821	rdfs:label	swelling in chest	hinchazón en el pecho	The Spanish Group LLC (https://thespanishgroup.org/)	2024-05-21	en	es	MANUALLY TRANSLATED	NA	http://purl.obolibrary.org/obo/symp/releases/2022-11-30/symp.owl	Translator: Alexander Largaespada; Reviewer: Salvador G. Ordorica	NA
symp	label	SYMP:0000822	rdfs:label	chronic enteritis	enteritis crónica	The Spanish Group LLC (https://thespanishgroup.org/)	2024-05-21	en	es	MANUALLY TRANSLATED	NA	http://purl.obolibrary.org/obo/symp/releases/2022-11-30/symp.owl	Translator: Alexander Largaespada; Reviewer: Salvador G. Ordorica	NA
symp	label	SYMP:0000823	rdfs:label	sinus bradycardia	bradicardia sinusal	The Spanish Group LLC (https://thespanishgroup.org/)	2024-05-21	en	es	MANUALLY TRANSLATED	NA	http://purl.obolibrary.org/obo/symp/releases/2022-11-30/symp.owl	Translator: Alexander Largaespada; Reviewer: Salvador G. Ordorica	NA
symp	label	SYMP:0000824	rdfs:label	junctional tachycardia	taquicardia de las articulaciones	The Spanish Group LLC (https://thespanishgroup.org/)	2024-05-21	en	es	MANUALLY TRANSLATED	NA	http://purl.obolibrary.org/obo/symp/releases/2022-11-30/symp.owl	Translator: Alexander Largaespada; Reviewer: Salvador G. Ordorica	NA
symp	label	SYMP:0000825	rdfs:label	paroxysmal tachycardia	taquicardia paroxística	The Spanish Group LLC (https://thespanishgroup.org/)	2024-05-21	en	es	MANUALLY TRANSLATED	NA	http://purl.obolibrary.org/obo/symp/releases/2022-11-30/symp.owl	Translator: Alexander Largaespada; Reviewer: Salvador G. Ordorica	NA
symp	label	SYMP:0000826	rdfs:label	sinus tachycardia	taquicardia sinusal	The Spanish Group LLC (https://thespanishgroup.org/)	2024-05-21	en	es	MANUALLY TRANSLATED	NA	http://purl.obolibrary.org/obo/symp/releases/2022-11-30/symp.owl	Translator: Alexander Largaespada; Reviewer: Salvador G. Ordorica	NA
symp	label	SYMP:0000827	rdfs:label	ventricular tachycardia	taquicardia ventricular	The Spanish Group LLC (https://thespanishgroup.org/)	2024-05-21	en	es	MANUALLY TRANSLATED	NA	http://purl.obolibrary.org/obo/symp/releases/2022-11-30/symp.owl	Translator: Alexander Largaespada; Reviewer: Salvador G. Ordorica	NA
symp	label	SYMP:0000828	rdfs:label	sore eyes	dolor de ojos	The Spanish Group LLC (https://thespanishgroup.org/)	2024-05-21	en	es	MANUALLY TRANSLATED	NA	http://purl.obolibrary.org/obo/symp/releases/2022-11-30/symp.owl	Translator: Alexander Largaespada; Reviewer: Salvador G. Ordorica	NA
symp	label	SYMP:0000829	rdfs:label	neck pain	dolor de cuello	The Spanish Group LLC (https://thespanishgroup.org/)	2024-05-21	en	es	MANUALLY TRANSLATED	NA	http://purl.obolibrary.org/obo/symp/releases/2022-11-30/symp.owl	Translator: Alexander Largaespada; Reviewer: Salvador G. Ordorica	NA
symp	label	SYMP:0000830	rdfs:label	phantom pain	dolor fantasma	The Spanish Group LLC (https://thespanishgroup.org/)	2024-05-21	en	es	MANUALLY TRANSLATED	NA	http://purl.obolibrary.org/obo/symp/releases/2022-11-30/symp.owl	Translator: Alexander Largaespada; Reviewer: Salvador G. Ordorica	NA
symp	label	SYMP:0000831	rdfs:label	nociceptive pain	dolor nociceptivo	The Spanish Group LLC (https://thespanishgroup.org/)	2024-05-21	en	es	MANUALLY TRANSLATED	NA	http://purl.obolibrary.org/obo/symp/releases/2022-11-30/symp.owl	Translator: Alexander Largaespada; Reviewer: Salvador G. Ordorica	NA
symp	label	SYMP:0000832	rdfs:label	neuropathic pain	dolor neuropático	The Spanish Group LLC (https://thespanishgroup.org/)	2024-05-21	en	es	MANUALLY TRANSLATED	NA	http://purl.obolibrary.org/obo/symp/releases/2022-11-30/symp.owl	Translator: Alexander Largaespada; Reviewer: Salvador G. Ordorica	NA
symp	label	SYMP:0000833	rdfs:label	visceral pain	dolor visceral	The Spanish Group LLC (https://thespanishgroup.org/)	2024-05-21	en	es	MANUALLY TRANSLATED	NA	http://purl.obolibrary.org/obo/symp/releases/2022-11-30/symp.owl	Translator: Alexander Largaespada; Reviewer: Salvador G. Ordorica	NA
symp	label	SYMP:0000834	rdfs:label	hypoesthesia	hipoestesia	The Spanish Group LLC (https://thespanishgroup.org/)	2024-05-21	en	es	MANUALLY TRANSLATED	NA	http://purl.obolibrary.org/obo/symp/releases/2022-11-30/symp.owl	Translator: Alexander Largaespada; Reviewer: Salvador G. Ordorica	NA
symp	label	SYMP:0000835	rdfs:label	hypoalgesia	hipoalgesia	The Spanish Group LLC (https://thespanishgroup.org/)	2024-05-21	en	es	MANUALLY TRANSLATED	NA	http://purl.obolibrary.org/obo/symp/releases/2022-11-30/symp.owl	Translator: Alexander Largaespada; Reviewer: Salvador G. Ordorica	NA
symp	label	SYMP:0000836	rdfs:label	hyperalgesia	hiperalgesia	The Spanish Group LLC (https://thespanishgroup.org/)	2024-05-21	en	es	MANUALLY TRANSLATED	NA	http://purl.obolibrary.org/obo/symp/releases/2022-11-30/symp.owl	Translator: Alexander Largaespada; Reviewer: Salvador G. Ordorica	NA
symp	label	SYMP:0000837	rdfs:label	chronic pain	dolor crónico	The Spanish Group LLC (https://thespanishgroup.org/)	2024-05-21	en	es	MANUALLY TRANSLATED	NA	http://purl.obolibrary.org/obo/symp/releases/2022-11-30/symp.owl	Translator: Alexander Largaespada; Reviewer: Salvador G. Ordorica	NA
symp	label	SYMP:0000838	rdfs:label	breakthrough pain	dolor irruptivo	The Spanish Group LLC (https://thespanishgroup.org/)	2024-05-21	en	es	MANUALLY TRANSLATED	NA	http://purl.obolibrary.org/obo/symp/releases/2022-11-30/symp.owl	Translator: Alexander Largaespada; Reviewer: Salvador G. Ordorica	NA
symp	label	SYMP:0000839	rdfs:label	acute pain	dolor agudo	The Spanish Group LLC (https://thespanishgroup.org/)	2024-05-21	en	es	MANUALLY TRANSLATED	NA	http://purl.obolibrary.org/obo/symp/releases/2022-11-30/symp.owl	Translator: Alexander Largaespada; Reviewer: Salvador G. Ordorica	NA
symp	label	SYMP:0000840	rdfs:label	allodynia	alodinia	The Spanish Group LLC (https://thespanishgroup.org/)	2024-05-21	en	es	MANUALLY TRANSLATED	NA	http://purl.obolibrary.org/obo/symp/releases/2022-11-30/symp.owl	Translator: Alexander Largaespada; Reviewer: Salvador G. Ordorica	NA
symp	label	SYMP:0000841	rdfs:label	reactive hyperemia	hiperemia reactiva	The Spanish Group LLC (https://thespanishgroup.org/)	2024-05-21	en	es	MANUALLY TRANSLATED	NA	http://purl.obolibrary.org/obo/symp/releases/2022-11-30/symp.owl	Translator: Alexander Largaespada; Reviewer: Salvador G. Ordorica	NA
symp	label	SYMP:0000842	rdfs:label	active hyperemia	hiperemia activa	The Spanish Group LLC (https://thespanishgroup.org/)	2024-05-21	en	es	MANUALLY TRANSLATED	NA	http://purl.obolibrary.org/obo/symp/releases/2022-11-30/symp.owl	Translator: Alexander Largaespada; Reviewer: Salvador G. Ordorica	NA
symp	label	SYMP:0000843	rdfs:label	functional hyperemia	hiperemia funcional	The Spanish Group LLC (https://thespanishgroup.org/)	2024-05-21	en	es	MANUALLY TRANSLATED	NA	http://purl.obolibrary.org/obo/symp/releases/2022-11-30/symp.owl	Translator: Alexander Largaespada; Reviewer: Salvador G. Ordorica	NA
symp	label	SYMP:0000844	rdfs:label	face hyperemia	hiperemia facial	The Spanish Group LLC (https://thespanishgroup.org/)	2024-05-21	en	es	MANUALLY TRANSLATED	NA	http://purl.obolibrary.org/obo/symp/releases/2022-11-30/symp.owl	Translator: Alexander Largaespada; Reviewer: Salvador G. Ordorica	NA
symp	label	SYMP:0000845	rdfs:label	hyperemia of the neck	hiperemia del cuello	The Spanish Group LLC (https://thespanishgroup.org/)	2024-05-21	en	es	MANUALLY TRANSLATED	NA	http://purl.obolibrary.org/obo/symp/releases/2022-11-30/symp.owl	Translator: Alexander Largaespada; Reviewer: Salvador G. Ordorica	NA
symp	label	SYMP:0000846	rdfs:label	chest hyperemia	hiperemia torácica	The Spanish Group LLC (https://thespanishgroup.org/)	2024-05-21	en	es	MANUALLY TRANSLATED	NA	http://purl.obolibrary.org/obo/symp/releases/2022-11-30/symp.owl	Translator: Alexander Largaespada; Reviewer: Salvador G. Ordorica	NA
symp	label	SYMP:0000847	rdfs:label	spastic paralysis	parálisis espástica	The Spanish Group LLC (https://thespanishgroup.org/)	2024-05-21	en	es	MANUALLY TRANSLATED	NA	http://purl.obolibrary.org/obo/symp/releases/2022-11-30/symp.owl	Translator: Alexander Largaespada; Reviewer: Salvador G. Ordorica	NA
symp	label	SYMP:0000848	rdfs:label	motor paralysis	parálisis motora	The Spanish Group LLC (https://thespanishgroup.org/)	2024-05-21	en	es	MANUALLY TRANSLATED	NA	http://purl.obolibrary.org/obo/symp/releases/2022-11-30/symp.owl	Translator: Alexander Largaespada; Reviewer: Salvador G. Ordorica	NA
symp	label	SYMP:0000849	rdfs:label	stillbirth	muerte fetal	The Spanish Group LLC (https://thespanishgroup.org/)	2024-05-21	en	es	MANUALLY TRANSLATED	NA	http://purl.obolibrary.org/obo/symp/releases/2022-11-30/symp.owl	Translator: Alexander Largaespada; Reviewer: Salvador G. Ordorica	NA
symp	label	SYMP:0000850	rdfs:label	congested sclera	esclerótica congestiva	The Spanish Group LLC (https://thespanishgroup.org/)	2024-05-21	en	es	MANUALLY TRANSLATED	NA	http://purl.obolibrary.org/obo/symp/releases/2022-11-30/symp.owl	Translator: Alexander Largaespada; Reviewer: Salvador G. Ordorica	NA
symp	label	SYMP:0000851	rdfs:label	gross hematuria	hematuria macroscópica	The Spanish Group LLC (https://thespanishgroup.org/)	2024-05-21	en	es	MANUALLY TRANSLATED	NA	http://purl.obolibrary.org/obo/symp/releases/2022-11-30/symp.owl	Translator: Alexander Largaespada; Reviewer: Salvador G. Ordorica	NA
symp	label	SYMP:0000852	rdfs:label	anuria	anuria	The Spanish Group LLC (https://thespanishgroup.org/)	2024-05-21	en	es	MANUALLY TRANSLATED	NA	http://purl.obolibrary.org/obo/symp/releases/2022-11-30/symp.owl	Translator: Alexander Largaespada; Reviewer: Salvador G. Ordorica	NA
symp	label	SYMP:0000853	rdfs:label	stress incontinence	incontinencia de esfuerzo	The Spanish Group LLC (https://thespanishgroup.org/)	2024-05-21	en	es	MANUALLY TRANSLATED	NA	http://purl.obolibrary.org/obo/symp/releases/2022-11-30/symp.owl	Translator: Alexander Largaespada; Reviewer: Salvador G. Ordorica	NA
symp	label	SYMP:0000854	rdfs:label	hypermenorrhea	hipermenorrea	The Spanish Group LLC (https://thespanishgroup.org/)	2024-05-21	en	es	MANUALLY TRANSLATED	NA	http://purl.obolibrary.org/obo/symp/releases/2022-11-30/symp.owl	Translator: Alexander Largaespada; Reviewer: Salvador G. Ordorica	NA
symp	label	SYMP:0000855	rdfs:label	metrorrhagia	metrorragia	The Spanish Group LLC (https://thespanishgroup.org/)	2024-05-21	en	es	MANUALLY TRANSLATED	NA	http://purl.obolibrary.org/obo/symp/releases/2022-11-30/symp.owl	Translator: Alexander Largaespada; Reviewer: Salvador G. Ordorica	NA
symp	label	SYMP:0000856	rdfs:label	subjective vertigo	vértigo subjetivo	The Spanish Group LLC (https://thespanishgroup.org/)	2024-05-21	en	es	MANUALLY TRANSLATED	NA	http://purl.obolibrary.org/obo/symp/releases/2022-11-30/symp.owl	Translator: Alexander Largaespada; Reviewer: Salvador G. Ordorica	NA
symp	label	SYMP:0000857	rdfs:label	objective vertigo	vértigo objetivo	The Spanish Group LLC (https://thespanishgroup.org/)	2024-05-21	en	es	MANUALLY TRANSLATED	NA	http://purl.obolibrary.org/obo/symp/releases/2022-11-30/symp.owl	Translator: Alexander Largaespada; Reviewer: Salvador G. Ordorica	NA
symp	label	SYMP:0000858	rdfs:label	hypokinesia	hipocinesia	The Spanish Group LLC (https://thespanishgroup.org/)	2024-05-21	en	es	MANUALLY TRANSLATED	NA	http://purl.obolibrary.org/obo/symp/releases/2022-11-30/symp.owl	Translator: Alexander Largaespada; Reviewer: Salvador G. Ordorica	NA
symp	label	SYMP:0000859	rdfs:label	rigidity hypokinesia	rigidez hipocinesia	The Spanish Group LLC (https://thespanishgroup.org/)	2024-05-21	en	es	MANUALLY TRANSLATED	NA	http://purl.obolibrary.org/obo/symp/releases/2022-11-30/symp.owl	Translator: Alexander Largaespada; Reviewer: Salvador G. Ordorica	NA
symp	label	SYMP:0000860	rdfs:label	postural instability hypokinesia	inestabilidad postural hipocinesia	The Spanish Group LLC (https://thespanishgroup.org/)	2024-05-21	en	es	MANUALLY TRANSLATED	NA	http://purl.obolibrary.org/obo/symp/releases/2022-11-30/symp.owl	Translator: Alexander Largaespada; Reviewer: Salvador G. Ordorica	NA
symp	label	SYMP:0000861	rdfs:label	freezing hypokinesia	congelación hipocinesia	The Spanish Group LLC (https://thespanishgroup.org/)	2024-05-21	en	es	MANUALLY TRANSLATED	NA	http://purl.obolibrary.org/obo/symp/releases/2022-11-30/symp.owl	Translator: Alexander Largaespada; Reviewer: Salvador G. Ordorica	NA
symp	label	SYMP:0000862	rdfs:label	referred pain	dolor referido	The Spanish Group LLC (https://thespanishgroup.org/)	2024-05-21	en	es	MANUALLY TRANSLATED	NA	http://purl.obolibrary.org/obo/symp/releases/2022-11-30/symp.owl	Translator: Alexander Largaespada; Reviewer: Salvador G. Ordorica	NA
symp	label	SYMP:0000863	rdfs:label	facial tremor	temblor facial	The Spanish Group LLC (https://thespanishgroup.org/)	2024-05-21	en	es	MANUALLY TRANSLATED	NA	http://purl.obolibrary.org/obo/symp/releases/2022-11-30/symp.owl	Translator: Alexander Largaespada; Reviewer: Salvador G. Ordorica	NA
symp	label	SYMP:0000864	rdfs:label	lesions in oropharynx	lesiones en orofaringe	The Spanish Group LLC (https://thespanishgroup.org/)	2024-05-21	en	es	MANUALLY TRANSLATED	NA	http://purl.obolibrary.org/obo/symp/releases/2022-11-30/symp.owl	Translator: Alexander Largaespada; Reviewer: Salvador G. Ordorica	NA
symp	label	SYMP:0000865	rdfs:label	lesions in mouth	lesiones en boca	The Spanish Group LLC (https://thespanishgroup.org/)	2024-05-21	en	es	MANUALLY TRANSLATED	NA	http://purl.obolibrary.org/obo/symp/releases/2022-11-30/symp.owl	Translator: Alexander Largaespada; Reviewer: Salvador G. Ordorica	NA
symp	label	SYMP:0000866	rdfs:label	cervical edema	edema cervical	The Spanish Group LLC (https://thespanishgroup.org/)	2024-05-21	en	es	MANUALLY TRANSLATED	NA	http://purl.obolibrary.org/obo/symp/releases/2022-11-30/symp.owl	Translator: Alexander Largaespada; Reviewer: Salvador G. Ordorica	NA
symp	label	SYMP:0000867	rdfs:label	gastrointestinal bleeding	hemorragia gastrointestinal	The Spanish Group LLC (https://thespanishgroup.org/)	2024-05-21	en	es	MANUALLY TRANSLATED	NA	http://purl.obolibrary.org/obo/symp/releases/2022-11-30/symp.owl	Translator: Alexander Largaespada; Reviewer: Salvador G. Ordorica	NA
symp	label	SYMP:0000868	rdfs:label	breathing problems	problemas respiratorios	The Spanish Group LLC (https://thespanishgroup.org/)	2024-05-21	en	es	MANUALLY TRANSLATED	NA	http://purl.obolibrary.org/obo/symp/releases/2022-11-30/symp.owl	Translator: Alexander Largaespada; Reviewer: Salvador G. Ordorica	NA
symp	label	SYMP:0000869	rdfs:label	nasal congestion	congestión nasal	The Spanish Group LLC (https://thespanishgroup.org/)	2024-05-21	en	es	MANUALLY TRANSLATED	NA	http://purl.obolibrary.org/obo/symp/releases/2022-11-30/symp.owl	Translator: Alexander Largaespada; Reviewer: Salvador G. Ordorica	NA
symp	label	SYMP:0000870	rdfs:label	icteric eyes	ojos ictéricos	The Spanish Group LLC (https://thespanishgroup.org/)	2024-05-21	en	es	MANUALLY TRANSLATED	NA	http://purl.obolibrary.org/obo/symp/releases/2022-11-30/symp.owl	Translator: Alexander Largaespada; Reviewer: Salvador G. Ordorica	NA
symp	label	SYMP:0000871	rdfs:label	icteric mucous membrane	mucosa ictérica	The Spanish Group LLC (https://thespanishgroup.org/)	2024-05-21	en	es	MANUALLY TRANSLATED	NA	http://purl.obolibrary.org/obo/symp/releases/2022-11-30/symp.owl	Translator: Alexander Largaespada; Reviewer: Salvador G. Ordorica	NA
symp	label	SYMP:0000872	rdfs:label	icteric skin	piel ictérica	The Spanish Group LLC (https://thespanishgroup.org/)	2024-05-21	en	es	MANUALLY TRANSLATED	NA	http://purl.obolibrary.org/obo/symp/releases/2022-11-30/symp.owl	Translator: Alexander Largaespada; Reviewer: Salvador G. Ordorica	NA
symp	label	SYMP:0000873	rdfs:label	otitis	otitis	The Spanish Group LLC (https://thespanishgroup.org/)	2024-05-21	en	es	MANUALLY TRANSLATED	NA	http://purl.obolibrary.org/obo/symp/releases/2022-11-30/symp.owl	Translator: Alexander Largaespada; Reviewer: Salvador G. Ordorica	NA
symp	label	SYMP:0000874	rdfs:label	hematoma	hematoma	The Spanish Group LLC (https://thespanishgroup.org/)	2024-05-21	en	es	MANUALLY TRANSLATED	NA	http://purl.obolibrary.org/obo/symp/releases/2022-11-30/symp.owl	Translator: Alexander Largaespada; Reviewer: Salvador G. Ordorica	NA
symp	label	SYMP:0000875	rdfs:label	lameness	cojera	The Spanish Group LLC (https://thespanishgroup.org/)	2024-05-21	en	es	MANUALLY TRANSLATED	NA	http://purl.obolibrary.org/obo/symp/releases/2022-11-30/symp.owl	Translator: Alexander Largaespada; Reviewer: Salvador G. Ordorica	NA
symp	label	SYMP:0000876	rdfs:label	pericardial effusion	efusión pericárdica	The Spanish Group LLC (https://thespanishgroup.org/)	2024-05-21	en	es	MANUALLY TRANSLATED	NA	http://purl.obolibrary.org/obo/symp/releases/2022-11-30/symp.owl	Translator: Alexander Largaespada; Reviewer: Salvador G. Ordorica	NA
symp	label	SYMP:0000877	rdfs:label	decreased tongue tone	disminución del tono lingual	The Spanish Group LLC (https://thespanishgroup.org/)	2024-05-21	en	es	MANUALLY TRANSLATED	NA	http://purl.obolibrary.org/obo/symp/releases/2022-11-30/symp.owl	Translator: Alexander Largaespada; Reviewer: Salvador G. Ordorica	NA
symp	label	SYMP:0000878	rdfs:label	transient fever	fiebre transitoria	The Spanish Group LLC (https://thespanishgroup.org/)	2024-05-21	en	es	MANUALLY TRANSLATED	NA	http://purl.obolibrary.org/obo/symp/releases/2022-11-30/symp.owl	Translator: Alexander Largaespada; Reviewer: Salvador G. Ordorica	NA
symp	label	SYMP:0000879	rdfs:label	low-grade fever	fiebre baja	The Spanish Group LLC (https://thespanishgroup.org/)	2024-05-21	en	es	MANUALLY TRANSLATED	NA	http://purl.obolibrary.org/obo/symp/releases/2022-11-30/symp.owl	Translator: Alexander Largaespada; Reviewer: Salvador G. Ordorica	NA
symp	label	SYMP:0000880	rdfs:label	prolonged fever	fiebre prolongada	The Spanish Group LLC (https://thespanishgroup.org/)	2024-05-21	en	es	MANUALLY TRANSLATED	NA	http://purl.obolibrary.org/obo/symp/releases/2022-11-30/symp.owl	Translator: Alexander Largaespada; Reviewer: Salvador G. Ordorica	NA
symp	label	SYMP:0000881	rdfs:label	mild fever	fiebre leve	The Spanish Group LLC (https://thespanishgroup.org/)	2024-05-21	en	es	MANUALLY TRANSLATED	NA	http://purl.obolibrary.org/obo/symp/releases/2022-11-30/symp.owl	Translator: Alexander Largaespada; Reviewer: Salvador G. Ordorica	NA
symp	label	SYMP:0000882	rdfs:label	high fever	fiebre alta	The Spanish Group LLC (https://thespanishgroup.org/)	2024-05-21	en	es	MANUALLY TRANSLATED	NA	http://purl.obolibrary.org/obo/symp/releases/2022-11-30/symp.owl	Translator: Alexander Largaespada; Reviewer: Salvador G. Ordorica	NA
symp	label	SYMP:0000883	rdfs:label	very high fever	fiebre muy alta	The Spanish Group LLC (https://thespanishgroup.org/)	2024-05-21	en	es	MANUALLY TRANSLATED	NA	http://purl.obolibrary.org/obo/symp/releases/2022-11-30/symp.owl	Translator: Alexander Largaespada; Reviewer: Salvador G. Ordorica	NA
symp	label	SYMP:0000886	rdfs:label	hyperpyrexia	hiperpirexia	The Spanish Group LLC (https://thespanishgroup.org/)	2024-05-21	en	es	MANUALLY TRANSLATED	NA	http://purl.obolibrary.org/obo/symp/releases/2022-11-30/symp.owl	Translator: Alexander Largaespada; Reviewer: Salvador G. Ordorica	NA
symp	label	SYMP:0000887	rdfs:label	Pel-Epstein fever	fiebre Pel-Epstein	The Spanish Group LLC (https://thespanishgroup.org/)	2024-05-21	en	es	MANUALLY TRANSLATED	NA	http://purl.obolibrary.org/obo/symp/releases/2022-11-30/symp.owl	Translator: Alexander Largaespada; Reviewer: Salvador G. Ordorica	NA
symp	label	SYMP:0000888	rdfs:label	continuous fever	fiebre continua	The Spanish Group LLC (https://thespanishgroup.org/)	2024-05-21	en	es	MANUALLY TRANSLATED	NA	http://purl.obolibrary.org/obo/symp/releases/2022-11-30/symp.owl	Translator: Alexander Largaespada; Reviewer: Salvador G. Ordorica	NA
symp	label	SYMP:0000889	rdfs:label	remittent fever	fiebre remitente	The Spanish Group LLC (https://thespanishgroup.org/)	2024-05-21	en	es	MANUALLY TRANSLATED	NA	http://purl.obolibrary.org/obo/symp/releases/2022-11-30/symp.owl	Translator: Alexander Largaespada; Reviewer: Salvador G. Ordorica	NA
symp	label	SYMP:0000890	rdfs:label	relapsing fever	fiebre recurrente	The Spanish Group LLC (https://thespanishgroup.org/)	2024-05-21	en	es	MANUALLY TRANSLATED	NA	http://purl.obolibrary.org/obo/symp/releases/2022-11-30/symp.owl	Translator: Alexander Largaespada; Reviewer: Salvador G. Ordorica	NA
symp	label	SYMP:0000891	rdfs:label	musculoskeletal system symptom	síntoma del sistema musculoesquelético	The Spanish Group LLC (https://thespanishgroup.org/)	2024-05-21	en	es	MANUALLY TRANSLATED	NA	http://purl.obolibrary.org/obo/symp/releases/2022-11-30/symp.owl	Translator: Alexander Largaespada; Reviewer: Salvador G. Ordorica	NA
symp	label	SYMP:0000892	rdfs:label	sensation perception	sensación percepción	The Spanish Group LLC (https://thespanishgroup.org/)	2024-05-21	en	es	MANUALLY TRANSLATED	NA	http://purl.obolibrary.org/obo/symp/releases/2022-11-30/symp.owl	Translator: Alexander Largaespada; Reviewer: Salvador G. Ordorica	NA
symp	label	SYMP:0000893	rdfs:label	hypotensive	hipotensión	The Spanish Group LLC (https://thespanishgroup.org/)	2024-05-21	en	es	MANUALLY TRANSLATED	NA	http://purl.obolibrary.org/obo/symp/releases/2022-11-30/symp.owl	Translator: Alexander Largaespada; Reviewer: Salvador G. Ordorica	NA
symp	label	SYMP:0000894	rdfs:label	cold clammy skin	piel fría y húmeda	The Spanish Group LLC (https://thespanishgroup.org/)	2024-05-21	en	es	MANUALLY TRANSLATED	NA	http://purl.obolibrary.org/obo/symp/releases/2022-11-30/symp.owl	Translator: Alexander Largaespada; Reviewer: Salvador G. Ordorica	NA
symp	label	SYMP:0000895	rdfs:label	anaphylactic shock	shock anafiláctico	The Spanish Group LLC (https://thespanishgroup.org/)	2024-05-21	en	es	MANUALLY TRANSLATED	NA	http://purl.obolibrary.org/obo/symp/releases/2022-11-30/symp.owl	Translator: Alexander Largaespada; Reviewer: Salvador G. Ordorica	NA
symp	label	SYMP:0000896	rdfs:label	exophthalmos	exoftalmos	The Spanish Group LLC (https://thespanishgroup.org/)	2024-05-21	en	es	MANUALLY TRANSLATED	NA	http://purl.obolibrary.org/obo/symp/releases/2022-11-30/symp.owl	Translator: Alexander Largaespada; Reviewer: Salvador G. Ordorica	NA
symp	label	SYMP:0000897	rdfs:label	ventricular bradycardia	bradicardia ventricular	The Spanish Group LLC (https://thespanishgroup.org/)	2024-05-21	en	es	MANUALLY TRANSLATED	NA	http://purl.obolibrary.org/obo/symp/releases/2022-11-30/symp.owl	Translator: Alexander Largaespada; Reviewer: Salvador G. Ordorica	NA
symp	label	SYMP:0000898	rdfs:label	cardiac fibrillation	fibrilación cardiaca	The Spanish Group LLC (https://thespanishgroup.org/)	2024-05-21	en	es	MANUALLY TRANSLATED	NA	http://purl.obolibrary.org/obo/symp/releases/2022-11-30/symp.owl	Translator: Alexander Largaespada; Reviewer: Salvador G. Ordorica	NA
symp	label	SYMP:0000899	rdfs:label	ventricular fibrillation	fibrilación ventricular	The Spanish Group LLC (https://thespanishgroup.org/)	2024-05-21	en	es	MANUALLY TRANSLATED	NA	http://purl.obolibrary.org/obo/symp/releases/2022-11-30/symp.owl	Translator: Alexander Largaespada; Reviewer: Salvador G. Ordorica	NA
symp	label	SYMP:0000900	rdfs:label	allergic reaction	reacción alérgica	The Spanish Group LLC (https://thespanishgroup.org/)	2024-05-21	en	es	MANUALLY TRANSLATED	NA	http://purl.obolibrary.org/obo/symp/releases/2022-11-30/symp.owl	Translator: Alexander Largaespada; Reviewer: Salvador G. Ordorica	NA
symp	label	SYMP:0017795	rdfs:label	hemic and immune system symptom	síntoma del sistema hemático e inmunitario	The Spanish Group LLC (https://thespanishgroup.org/)	2024-05-21	en	es	MANUALLY TRANSLATED	NA	http://purl.obolibrary.org/obo/symp/releases/2022-11-30/symp.owl	Translator: Alexander Largaespada; Reviewer: Salvador G. Ordorica	NA
symp	label	SYMP:0019138	rdfs:label	immune system symptom	síntoma del sistema inmunitario	The Spanish Group LLC (https://thespanishgroup.org/)	2024-05-21	en	es	MANUALLY TRANSLATED	NA	http://purl.obolibrary.org/obo/symp/releases/2022-11-30/symp.owl	Translator: Alexander Largaespada; Reviewer: Salvador G. Ordorica	NA
symp	label	SYMP:0019139	rdfs:label	hemic system symptom	síntoma del sistema hemático	The Spanish Group LLC (https://thespanishgroup.org/)	2024-05-21	en	es	MANUALLY TRANSLATED	NA	http://purl.obolibrary.org/obo/symp/releases/2022-11-30/symp.owl	Translator: Alexander Largaespada; Reviewer: Salvador G. Ordorica	NA
symp	label	SYMP:0019140	rdfs:label	hematopoietic system symptom	síntoma del sistema hematopoyético	The Spanish Group LLC (https://thespanishgroup.org/)	2024-05-21	en	es	MANUALLY TRANSLATED	NA	http://purl.obolibrary.org/obo/symp/releases/2022-11-30/symp.owl	Translator: Alexander Largaespada; Reviewer: Salvador G. Ordorica	NA
symp	label	SYMP:0019141	rdfs:label	lymphatic system symptom	síntoma del sistema linfático	The Spanish Group LLC (https://thespanishgroup.org/)	2024-05-21	en	es	MANUALLY TRANSLATED	NA	http://purl.obolibrary.org/obo/symp/releases/2022-11-30/symp.owl	Translator: Alexander Largaespada; Reviewer: Salvador G. Ordorica	NA
symp	label	SYMP:0019142	rdfs:label	lymphadenopathy	linfadenopatía	The Spanish Group LLC (https://thespanishgroup.org/)	2024-05-21	en	es	MANUALLY TRANSLATED	NA	http://purl.obolibrary.org/obo/symp/releases/2022-11-30/symp.owl	Translator: Alexander Largaespada; Reviewer: Salvador G. Ordorica	NA
symp	label	SYMP:0019143	rdfs:label	coagulopathy	coagulopatía	The Spanish Group LLC (https://thespanishgroup.org/)	2024-05-21	en	es	MANUALLY TRANSLATED	NA	http://purl.obolibrary.org/obo/symp/releases/2022-11-30/symp.owl	Translator: Alexander Largaespada; Reviewer: Salvador G. Ordorica	NA
symp	label	SYMP:0019144	rdfs:label	microangiopathy	microangiopatía	The Spanish Group LLC (https://thespanishgroup.org/)	2024-05-21	en	es	MANUALLY TRANSLATED	NA	http://purl.obolibrary.org/obo/symp/releases/2022-11-30/symp.owl	Translator: Alexander Largaespada; Reviewer: Salvador G. Ordorica	NA
symp	label	SYMP:0019145	rdfs:label	vomiting	vómitos	The Spanish Group LLC (https://thespanishgroup.org/)	2024-05-21	en	es	MANUALLY TRANSLATED	NA	http://purl.obolibrary.org/obo/symp/releases/2022-11-30/symp.owl	Translator: Alexander Largaespada; Reviewer: Salvador G. Ordorica	NA
symp	label	SYMP:0019146	rdfs:label	hyponatremia	hiponatremia	The Spanish Group LLC (https://thespanishgroup.org/)	2024-05-21	en	es	MANUALLY TRANSLATED	NA	http://purl.obolibrary.org/obo/symp/releases/2022-11-30/symp.owl	Translator: Alexander Largaespada; Reviewer: Salvador G. Ordorica	NA
symp	label	SYMP:0019147	rdfs:label	hematemesis	hematemesis	The Spanish Group LLC (https://thespanishgroup.org/)	2024-05-21	en	es	MANUALLY TRANSLATED	NA	http://purl.obolibrary.org/obo/symp/releases/2022-11-30/symp.owl	Translator: Alexander Largaespada; Reviewer: Salvador G. Ordorica	NA
symp	label	SYMP:0019148	rdfs:label	septicemia	septicemia	The Spanish Group LLC (https://thespanishgroup.org/)	2024-05-21	en	es	MANUALLY TRANSLATED	NA	http://purl.obolibrary.org/obo/symp/releases/2022-11-30/symp.owl	Translator: Alexander Largaespada; Reviewer: Salvador G. Ordorica	NA
symp	label	SYMP:0019149	rdfs:label	toxemia	toxemia	The Spanish Group LLC (https://thespanishgroup.org/)	2024-05-21	en	es	MANUALLY TRANSLATED	NA	http://purl.obolibrary.org/obo/symp/releases/2022-11-30/symp.owl	Translator: Alexander Largaespada; Reviewer: Salvador G. Ordorica	NA
symp	label	SYMP:0019151	rdfs:label	pulmonary edema	edema pulmonar	The Spanish Group LLC (https://thespanishgroup.org/)	2024-05-21	en	es	MANUALLY TRANSLATED	NA	http://purl.obolibrary.org/obo/symp/releases/2022-11-30/symp.owl	Translator: Alexander Largaespada; Reviewer: Salvador G. Ordorica	NA
symp	label	SYMP:0019152	rdfs:label	diaphoresis	diaforesis	The Spanish Group LLC (https://thespanishgroup.org/)	2024-05-21	en	es	MANUALLY TRANSLATED	NA	http://purl.obolibrary.org/obo/symp/releases/2022-11-30/symp.owl	Translator: Alexander Largaespada; Reviewer: Salvador G. Ordorica	NA
symp	label	SYMP:0019153	rdfs:label	dyspnea	disnea	The Spanish Group LLC (https://thespanishgroup.org/)	2024-05-21	en	es	MANUALLY TRANSLATED	NA	http://purl.obolibrary.org/obo/symp/releases/2022-11-30/symp.owl	Translator: Alexander Largaespada; Reviewer: Salvador G. Ordorica	NA
symp	label	SYMP:0019154	rdfs:label	hemorrhagic mediastinitis	mediastinitis hemorrágica	The Spanish Group LLC (https://thespanishgroup.org/)	2024-05-21	en	es	MANUALLY TRANSLATED	NA	http://purl.obolibrary.org/obo/symp/releases/2022-11-30/symp.owl	Translator: Alexander Largaespada; Reviewer: Salvador G. Ordorica	NA
symp	label	SYMP:0019155	rdfs:label	lymphadenitis	linfadenitis	The Spanish Group LLC (https://thespanishgroup.org/)	2024-05-21	en	es	MANUALLY TRANSLATED	NA	http://purl.obolibrary.org/obo/symp/releases/2022-11-30/symp.owl	Translator: Alexander Largaespada; Reviewer: Salvador G. Ordorica	NA
symp	label	SYMP:0019156	rdfs:label	hematogenous	hematógena	The Spanish Group LLC (https://thespanishgroup.org/)	2024-05-21	en	es	MANUALLY TRANSLATED	NA	http://purl.obolibrary.org/obo/symp/releases/2022-11-30/symp.owl	Translator: Alexander Largaespada; Reviewer: Salvador G. Ordorica	NA
symp	label	SYMP:0019158	rdfs:label	eschar	escara	The Spanish Group LLC (https://thespanishgroup.org/)	2024-05-21	en	es	MANUALLY TRANSLATED	NA	http://purl.obolibrary.org/obo/symp/releases/2022-11-30/symp.owl	Translator: Alexander Largaespada; Reviewer: Salvador G. Ordorica	NA
symp	label	SYMP:0019159	rdfs:label	gastroenteritis	gastroenteritis	The Spanish Group LLC (https://thespanishgroup.org/)	2024-05-21	en	es	MANUALLY TRANSLATED	NA	http://purl.obolibrary.org/obo/symp/releases/2022-11-30/symp.owl	Translator: Alexander Largaespada; Reviewer: Salvador G. Ordorica	NA
symp	label	SYMP:0019160	rdfs:label	boil	forúnculo	The Spanish Group LLC (https://thespanishgroup.org/)	2024-05-21	en	es	MANUALLY TRANSLATED	NA	http://purl.obolibrary.org/obo/symp/releases/2022-11-30/symp.owl	Translator: Alexander Largaespada; Reviewer: Salvador G. Ordorica	NA
symp	label	SYMP:0019161	rdfs:label	muscle pain	dolor muscular	The Spanish Group LLC (https://thespanishgroup.org/)	2024-05-21	en	es	MANUALLY TRANSLATED	NA	http://purl.obolibrary.org/obo/symp/releases/2022-11-30/symp.owl	Translator: Alexander Largaespada; Reviewer: Salvador G. Ordorica	NA
symp	label	SYMP:0019162	rdfs:label	muscle tightness	tensión muscular	The Spanish Group LLC (https://thespanishgroup.org/)	2024-05-21	en	es	MANUALLY TRANSLATED	NA	http://purl.obolibrary.org/obo/symp/releases/2022-11-30/symp.owl	Translator: Alexander Largaespada; Reviewer: Salvador G. Ordorica	NA
symp	label	SYMP:0019163	rdfs:label	eye symptom	síntoma ocular	The Spanish Group LLC (https://thespanishgroup.org/)	2024-05-21	en	es	MANUALLY TRANSLATED	NA	http://purl.obolibrary.org/obo/symp/releases/2022-11-30/symp.owl	Translator: Alexander Largaespada; Reviewer: Salvador G. Ordorica	NA
symp	label	SYMP:0019164	rdfs:label	excessive tearing	lagrimeo excesivo	The Spanish Group LLC (https://thespanishgroup.org/)	2024-05-21	en	es	MANUALLY TRANSLATED	NA	http://purl.obolibrary.org/obo/symp/releases/2022-11-30/symp.owl	Translator: Alexander Largaespada; Reviewer: Salvador G. Ordorica	NA
symp	label	SYMP:0019165	rdfs:label	light sensitivity	sensibilidad a la luz	The Spanish Group LLC (https://thespanishgroup.org/)	2024-05-21	en	es	MANUALLY TRANSLATED	NA	http://purl.obolibrary.org/obo/symp/releases/2022-11-30/symp.owl	Translator: Alexander Largaespada; Reviewer: Salvador G. Ordorica	NA
symp	label	SYMP:0019167	rdfs:label	pustule	pústula	The Spanish Group LLC (https://thespanishgroup.org/)	2024-05-21	en	es	MANUALLY TRANSLATED	NA	http://purl.obolibrary.org/obo/symp/releases/2022-11-30/symp.owl	Translator: Alexander Largaespada; Reviewer: Salvador G. Ordorica	NA
symp	label	SYMP:0019169	rdfs:label	arthritis	artritis	The Spanish Group LLC (https://thespanishgroup.org/)	2024-05-21	en	es	MANUALLY TRANSLATED	NA	http://purl.obolibrary.org/obo/symp/releases/2022-11-30/symp.owl	Translator: Alexander Largaespada; Reviewer: Salvador G. Ordorica	NA
symp	label	SYMP:0019171	rdfs:label	spondylitis	espondilitis	The Spanish Group LLC (https://thespanishgroup.org/)	2024-05-21	en	es	MANUALLY TRANSLATED	NA	http://purl.obolibrary.org/obo/symp/releases/2022-11-30/symp.owl	Translator: Alexander Largaespada; Reviewer: Salvador G. Ordorica	NA
symp	label	SYMP:0019172	rdfs:label	ocular lesion	lesión ocular	The Spanish Group LLC (https://thespanishgroup.org/)	2024-05-21	en	es	MANUALLY TRANSLATED	NA	http://purl.obolibrary.org/obo/symp/releases/2022-11-30/symp.owl	Translator: Alexander Largaespada; Reviewer: Salvador G. Ordorica	NA
symp	label	SYMP:0019173	rdfs:label	meningitis	meningitis	The Spanish Group LLC (https://thespanishgroup.org/)	2024-05-21	en	es	MANUALLY TRANSLATED	NA	http://purl.obolibrary.org/obo/symp/releases/2022-11-30/symp.owl	Translator: Alexander Largaespada; Reviewer: Salvador G. Ordorica	NA
symp	label	SYMP:0019174	rdfs:label	chills	escalofríos	The Spanish Group LLC (https://thespanishgroup.org/)	2024-05-21	en	es	MANUALLY TRANSLATED	NA	http://purl.obolibrary.org/obo/symp/releases/2022-11-30/symp.owl	Translator: Alexander Largaespada; Reviewer: Salvador G. Ordorica	NA
symp	label	SYMP:0019175	rdfs:label	sweaty	sudoración	The Spanish Group LLC (https://thespanishgroup.org/)	2024-05-21	en	es	MANUALLY TRANSLATED	NA	http://purl.obolibrary.org/obo/symp/releases/2022-11-30/symp.owl	Translator: Alexander Largaespada; Reviewer: Salvador G. Ordorica	NA
symp	label	SYMP:0019176	rdfs:label	malaise	malestar	The Spanish Group LLC (https://thespanishgroup.org/)	2024-05-21	en	es	MANUALLY TRANSLATED	NA	http://purl.obolibrary.org/obo/symp/releases/2022-11-30/symp.owl	Translator: Alexander Largaespada; Reviewer: Salvador G. Ordorica	NA
symp	label	SYMP:0019177	rdfs:label	fatigue	fatiga	The Spanish Group LLC (https://thespanishgroup.org/)	2024-05-21	en	es	MANUALLY TRANSLATED	NA	http://purl.obolibrary.org/obo/symp/releases/2022-11-30/symp.owl	Translator: Alexander Largaespada; Reviewer: Salvador G. Ordorica	NA
symp	label	SYMP:0019178	rdfs:label	necrotic lesion	lesión necrótica	The Spanish Group LLC (https://thespanishgroup.org/)	2024-05-21	en	es	MANUALLY TRANSLATED	NA	http://purl.obolibrary.org/obo/symp/releases/2022-11-30/symp.owl	Translator: Alexander Largaespada; Reviewer: Salvador G. Ordorica	NA
symp	label	SYMP:0019179	rdfs:label	lightheadedness	mareo	The Spanish Group LLC (https://thespanishgroup.org/)	2024-05-21	en	es	MANUALLY TRANSLATED	NA	http://purl.obolibrary.org/obo/symp/releases/2022-11-30/symp.owl	Translator: Alexander Largaespada; Reviewer: Salvador G. Ordorica	NA
symp	label	SYMP:0019180	rdfs:label	constipation	estreñimiento	The Spanish Group LLC (https://thespanishgroup.org/)	2024-05-21	en	es	MANUALLY TRANSLATED	NA	http://purl.obolibrary.org/obo/symp/releases/2022-11-30/symp.owl	Translator: Alexander Largaespada; Reviewer: Salvador G. Ordorica	NA
symp	label	SYMP:0019181	rdfs:label	hoarseness	ronquera	The Spanish Group LLC (https://thespanishgroup.org/)	2024-05-21	en	es	MANUALLY TRANSLATED	NA	http://purl.obolibrary.org/obo/symp/releases/2022-11-30/symp.owl	Translator: Alexander Largaespada; Reviewer: Salvador G. Ordorica	NA
symp	label	SYMP:0019182	rdfs:label	behavioral symptom	síntoma de comportamiento	The Spanish Group LLC (https://thespanishgroup.org/)	2024-05-21	en	es	MANUALLY TRANSLATED	NA	http://purl.obolibrary.org/obo/symp/releases/2022-11-30/symp.owl	Translator: Alexander Largaespada; Reviewer: Salvador G. Ordorica	NA
symp	label	SYMP:0019183	rdfs:label	hyperactivity	hiperactividad	The Spanish Group LLC (https://thespanishgroup.org/)	2024-05-21	en	es	MANUALLY TRANSLATED	NA	http://purl.obolibrary.org/obo/symp/releases/2022-11-30/symp.owl	Translator: Alexander Largaespada; Reviewer: Salvador G. Ordorica	NA
symp	label	SYMP:0019184	rdfs:label	limited attention	atención limitada	The Spanish Group LLC (https://thespanishgroup.org/)	2024-05-21	en	es	MANUALLY TRANSLATED	NA	http://purl.obolibrary.org/obo/symp/releases/2022-11-30/symp.owl	Translator: Alexander Largaespada; Reviewer: Salvador G. Ordorica	NA
symp	label	SYMP:0019185	rdfs:label	communication difficulty	dificultad de comunicación	The Spanish Group LLC (https://thespanishgroup.org/)	2024-05-21	en	es	MANUALLY TRANSLATED	NA	http://purl.obolibrary.org/obo/symp/releases/2022-11-30/symp.owl	Translator: Alexander Largaespada; Reviewer: Salvador G. Ordorica	NA
symp	label	SYMP:0019186	rdfs:label	obsessive interests	intereses obsesivos	The Spanish Group LLC (https://thespanishgroup.org/)	2024-05-21	en	es	MANUALLY TRANSLATED	NA	http://purl.obolibrary.org/obo/symp/releases/2022-11-30/symp.owl	Translator: Alexander Largaespada; Reviewer: Salvador G. Ordorica	NA
symp	label	SYMP:0019187	rdfs:label	repetitive behavior	comportamiento repetitivo	The Spanish Group LLC (https://thespanishgroup.org/)	2024-05-21	en	es	MANUALLY TRANSLATED	NA	http://purl.obolibrary.org/obo/symp/releases/2022-11-30/symp.owl	Translator: Alexander Largaespada; Reviewer: Salvador G. Ordorica	NA
symp	label	SYMP:0019188	rdfs:label	intracranial hemorrhage	hemorragia intracraneal	The Spanish Group LLC (https://thespanishgroup.org/)	2024-05-21	en	es	MANUALLY TRANSLATED	NA	http://purl.obolibrary.org/obo/symp/releases/2022-11-30/symp.owl	Translator: Alexander Largaespada; Reviewer: Salvador G. Ordorica	NA
symp	label	SYMP:0019189	rdfs:label	intracerebral hemorrhage	hemorragia intracerebral	The Spanish Group LLC (https://thespanishgroup.org/)	2024-05-21	en	es	MANUALLY TRANSLATED	NA	http://purl.obolibrary.org/obo/symp/releases/2022-11-30/symp.owl	Translator: Alexander Largaespada; Reviewer: Salvador G. Ordorica	NA
symp	label	SYMP:0019190	rdfs:label	subdural hemorrhage	hemorragia subdural	The Spanish Group LLC (https://thespanishgroup.org/)	2024-05-21	en	es	MANUALLY TRANSLATED	NA	http://purl.obolibrary.org/obo/symp/releases/2022-11-30/symp.owl	Translator: Alexander Largaespada; Reviewer: Salvador G. Ordorica	NA
symp	label	SYMP:0020000	rdfs:label	airway stenosis	estenosis de las vías respiratorias	The Spanish Group LLC (https://thespanishgroup.org/)	2024-05-21	en	es	MANUALLY TRANSLATED	NA	http://purl.obolibrary.org/obo/symp/releases/2022-11-30/symp.owl	Translator: Alexander Largaespada; Reviewer: Salvador G. Ordorica	NA
symp	label	SYMP:0020001	rdfs:label	apthous ulcer	úlcera aftosa	The Spanish Group LLC (https://thespanishgroup.org/)	2024-05-21	en	es	MANUALLY TRANSLATED	NA	http://purl.obolibrary.org/obo/symp/releases/2022-11-30/symp.owl	Translator: Alexander Largaespada; Reviewer: Salvador G. Ordorica	NA
symp	label	SYMP:0020002	rdfs:label	anal abscess	absceso anal	The Spanish Group LLC (https://thespanishgroup.org/)	2024-05-21	en	es	MANUALLY TRANSLATED	NA	http://purl.obolibrary.org/obo/symp/releases/2022-11-30/symp.owl	Translator: Alexander Largaespada; Reviewer: Salvador G. Ordorica	NA
symp	label	SYMP:0020003	rdfs:label	acholic stool	heces acólicas	The Spanish Group LLC (https://thespanishgroup.org/)	2024-05-21	en	es	MANUALLY TRANSLATED	NA	http://purl.obolibrary.org/obo/symp/releases/2022-11-30/symp.owl	Translator: Alexander Largaespada; Reviewer: Salvador G. Ordorica	NA
symp	label	SYMP:0020004	rdfs:label	ageusia	ageusia	The Spanish Group LLC (https://thespanishgroup.org/)	2024-05-21	en	es	MANUALLY TRANSLATED	NA	http://purl.obolibrary.org/obo/symp/releases/2022-11-30/symp.owl	Translator: Alexander Largaespada; Reviewer: Salvador G. Ordorica	NA
symp	label	SYMP:0020005	rdfs:label	acquired color vision deficiency	deficiencia adquirida de la visión de los colores	The Spanish Group LLC (https://thespanishgroup.org/)	2024-05-21	en	es	MANUALLY TRANSLATED	NA	http://purl.obolibrary.org/obo/symp/releases/2022-11-30/symp.owl	Translator: Alexander Largaespada; Reviewer: Salvador G. Ordorica	NA
symp	label	SYMP:0020006	rdfs:label	agitation	agitación	The Spanish Group LLC (https://thespanishgroup.org/)	2024-05-21	en	es	MANUALLY TRANSLATED	NA	http://purl.obolibrary.org/obo/symp/releases/2022-11-30/symp.owl	Translator: Alexander Largaespada; Reviewer: Salvador G. Ordorica	NA
symp	label	SYMP:0020007	rdfs:label	anterior scleral inflammation	inflamación escleral anterior	The Spanish Group LLC (https://thespanishgroup.org/)	2024-05-21	en	es	MANUALLY TRANSLATED	NA	http://purl.obolibrary.org/obo/symp/releases/2022-11-30/symp.owl	Translator: Alexander Largaespada; Reviewer: Salvador G. Ordorica	NA
symp	label	SYMP:0020008	rdfs:label	barking croup cough	tos perruna de crup	The Spanish Group LLC (https://thespanishgroup.org/)	2024-05-21	en	es	MANUALLY TRANSLATED	NA	http://purl.obolibrary.org/obo/symp/releases/2022-11-30/symp.owl	Translator: Alexander Largaespada; Reviewer: Salvador G. Ordorica	NA
symp	label	SYMP:0020009	rdfs:label	blind spot	punto ciego	The Spanish Group LLC (https://thespanishgroup.org/)	2024-05-21	en	es	MANUALLY TRANSLATED	NA	http://purl.obolibrary.org/obo/symp/releases/2022-11-30/symp.owl	Translator: Alexander Largaespada; Reviewer: Salvador G. Ordorica	NA
symp	label	SYMP:0020010	rdfs:label	blurred vision with haloes	visión borrosa con halos	The Spanish Group LLC (https://thespanishgroup.org/)	2024-05-21	en	es	MANUALLY TRANSLATED	NA	http://purl.obolibrary.org/obo/symp/releases/2022-11-30/symp.owl	Translator: Alexander Largaespada; Reviewer: Salvador G. Ordorica	NA
symp	label	SYMP:0020011	rdfs:label	bloody diarrhea	diarrea sanguinolenta	The Spanish Group LLC (https://thespanishgroup.org/)	2024-05-21	en	es	MANUALLY TRANSLATED	NA	http://purl.obolibrary.org/obo/symp/releases/2022-11-30/symp.owl	Translator: Alexander Largaespada; Reviewer: Salvador G. Ordorica	NA
symp	label	SYMP:0020012	rdfs:label	weight symptom	síntoma de peso	The Spanish Group LLC (https://thespanishgroup.org/)	2024-05-21	en	es	MANUALLY TRANSLATED	NA	http://purl.obolibrary.org/obo/symp/releases/2022-11-30/symp.owl	Translator: Alexander Largaespada; Reviewer: Salvador G. Ordorica	NA
symp	label	SYMP:0020013	rdfs:label	abnormal weight loss	pérdida anormal de peso	The Spanish Group LLC (https://thespanishgroup.org/)	2024-05-21	en	es	MANUALLY TRANSLATED	NA	http://purl.obolibrary.org/obo/symp/releases/2022-11-30/symp.owl	Translator: Alexander Largaespada; Reviewer: Salvador G. Ordorica	NA
symp	label	SYMP:0020014	rdfs:label	chronic weight loss	pérdida de peso crónica	The Spanish Group LLC (https://thespanishgroup.org/)	2024-05-21	en	es	MANUALLY TRANSLATED	NA	http://purl.obolibrary.org/obo/symp/releases/2022-11-30/symp.owl	Translator: Alexander Largaespada; Reviewer: Salvador G. Ordorica	NA
symp	label	SYMP:0020016	rdfs:label	acute weight gain	aumento de peso agudo	The Spanish Group LLC (https://thespanishgroup.org/)	2024-05-21	en	es	MANUALLY TRANSLATED	NA	http://purl.obolibrary.org/obo/symp/releases/2022-11-30/symp.owl	Translator: Alexander Largaespada; Reviewer: Salvador G. Ordorica	NA
symp	label	SYMP:0020017	rdfs:label	chronic weight gain	aumento de peso crónico	The Spanish Group LLC (https://thespanishgroup.org/)	2024-05-21	en	es	MANUALLY TRANSLATED	NA	http://purl.obolibrary.org/obo/symp/releases/2022-11-30/symp.owl	Translator: Alexander Largaespada; Reviewer: Salvador G. Ordorica	NA
symp	label	SYMP:0020018	rdfs:label	overweight	sobrepeso	The Spanish Group LLC (https://thespanishgroup.org/)	2024-05-21	en	es	MANUALLY TRANSLATED	NA	http://purl.obolibrary.org/obo/symp/releases/2022-11-30/symp.owl	Translator: Alexander Largaespada; Reviewer: Salvador G. Ordorica	NA
symp	label	SYMP:0020019	rdfs:label	postnasal drainage	drenaje postnasal	The Spanish Group LLC (https://thespanishgroup.org/)	2024-05-21	en	es	MANUALLY TRANSLATED	NA	http://purl.obolibrary.org/obo/symp/releases/2022-11-30/symp.owl	Translator: Alexander Largaespada; Reviewer: Salvador G. Ordorica	NA
symp	label	SYMP:0020020	rdfs:label	abnormal scar formation	formación anormal de cicatrices	The Spanish Group LLC (https://thespanishgroup.org/)	2024-05-21	en	es	MANUALLY TRANSLATED	NA	http://purl.obolibrary.org/obo/symp/releases/2022-11-30/symp.owl	Translator: Alexander Largaespada; Reviewer: Salvador G. Ordorica	NA
symp	label	SYMP:0020021	rdfs:label	abnormal wound healing	cicatrización anormal de heridas	The Spanish Group LLC (https://thespanishgroup.org/)	2024-05-21	en	es	MANUALLY TRANSLATED	NA	http://purl.obolibrary.org/obo/symp/releases/2022-11-30/symp.owl	Translator: Alexander Largaespada; Reviewer: Salvador G. Ordorica	NA
symp	label	SYMP:0020022	rdfs:label	bone conduction hyperacusis	hiperacusia de conducción ósea	The Spanish Group LLC (https://thespanishgroup.org/)	2024-05-21	en	es	MANUALLY TRANSLATED	NA	http://purl.obolibrary.org/obo/symp/releases/2022-11-30/symp.owl	Translator: Alexander Largaespada; Reviewer: Salvador G. Ordorica	NA
symp	label	SYMP:0020023	rdfs:label	bone pain	dolor óseo	The Spanish Group LLC (https://thespanishgroup.org/)	2024-05-21	en	es	MANUALLY TRANSLATED	NA	http://purl.obolibrary.org/obo/symp/releases/2022-11-30/symp.owl	Translator: Alexander Largaespada; Reviewer: Salvador G. Ordorica	NA
symp	label	SYMP:0020024	rdfs:label	bronchospasm	broncoespasmo	The Spanish Group LLC (https://thespanishgroup.org/)	2024-05-21	en	es	MANUALLY TRANSLATED	NA	http://purl.obolibrary.org/obo/symp/releases/2022-11-30/symp.owl	Translator: Alexander Largaespada; Reviewer: Salvador G. Ordorica	NA
symp	label	SYMP:0020025	rdfs:label	caseation	caseificación	The Spanish Group LLC (https://thespanishgroup.org/)	2024-05-21	en	es	MANUALLY TRANSLATED	NA	http://purl.obolibrary.org/obo/symp/releases/2022-11-30/symp.owl	Translator: Alexander Largaespada; Reviewer: Salvador G. Ordorica	NA
symp	label	SYMP:0020026	rdfs:label	chronic inflammation	inflamación crónica	The Spanish Group LLC (https://thespanishgroup.org/)	2024-05-21	en	es	MANUALLY TRANSLATED	NA	http://purl.obolibrary.org/obo/symp/releases/2022-11-30/symp.owl	Translator: Alexander Largaespada; Reviewer: Salvador G. Ordorica	NA
symp	label	SYMP:0020027	rdfs:label	wet cough	tos húmeda	The Spanish Group LLC (https://thespanishgroup.org/)	2024-05-21	en	es	MANUALLY TRANSLATED	NA	http://purl.obolibrary.org/obo/symp/releases/2022-11-30/symp.owl	Translator: Alexander Largaespada; Reviewer: Salvador G. Ordorica	NA
symp	label	SYMP:0020028	rdfs:label	poor wound healing	mala cicatrización de las heridas	The Spanish Group LLC (https://thespanishgroup.org/)	2024-05-21	en	es	MANUALLY TRANSLATED	NA	http://purl.obolibrary.org/obo/symp/releases/2022-11-30/symp.owl	Translator: Alexander Largaespada; Reviewer: Salvador G. Ordorica	NA
symp	label	SYMP:0020029	rdfs:label	concentration difficulty	dificultad de concentración	The Spanish Group LLC (https://thespanishgroup.org/)	2024-05-21	en	es	MANUALLY TRANSLATED	NA	http://purl.obolibrary.org/obo/symp/releases/2022-11-30/symp.owl	Translator: Alexander Largaespada; Reviewer: Salvador G. Ordorica	NA
symp	label	SYMP:0020030	rdfs:label	patches of hair loss with a black dot pattern	parches de pérdida de cabello con un patrón de puntos negros	The Spanish Group LLC (https://thespanishgroup.org/)	2024-05-21	en	es	MANUALLY TRANSLATED	NA	http://purl.obolibrary.org/obo/symp/releases/2022-11-30/symp.owl	Translator: Alexander Largaespada; Reviewer: Salvador G. Ordorica	NA
symp	label	SYMP:0020031	rdfs:label	chest discomfort	molestias en el pecho	The Spanish Group LLC (https://thespanishgroup.org/)	2024-05-21	en	es	MANUALLY TRANSLATED	NA	http://purl.obolibrary.org/obo/symp/releases/2022-11-30/symp.owl	Translator: Alexander Largaespada; Reviewer: Salvador G. Ordorica	NA
symp	label	SYMP:0020032	rdfs:label	chest tightness	opresión en el pecho	The Spanish Group LLC (https://thespanishgroup.org/)	2024-05-21	en	es	MANUALLY TRANSLATED	NA	http://purl.obolibrary.org/obo/symp/releases/2022-11-30/symp.owl	Translator: Alexander Largaespada; Reviewer: Salvador G. Ordorica	NA
symp	label	SYMP:0020033	rdfs:label	paroxysmal cough	tos paroxística	The Spanish Group LLC (https://thespanishgroup.org/)	2024-05-21	en	es	MANUALLY TRANSLATED	NA	http://purl.obolibrary.org/obo/symp/releases/2022-11-30/symp.owl	Translator: Alexander Largaespada; Reviewer: Salvador G. Ordorica	NA
symp	label	SYMP:0020034	rdfs:label	conjunctiva symptom	síntoma conjuntival	The Spanish Group LLC (https://thespanishgroup.org/)	2024-05-21	en	es	MANUALLY TRANSLATED	NA	http://purl.obolibrary.org/obo/symp/releases/2022-11-30/symp.owl	Translator: Alexander Largaespada; Reviewer: Salvador G. Ordorica	NA
symp	label	SYMP:0020035	rdfs:label	conjunctival congestion	congestión conjuntival	The Spanish Group LLC (https://thespanishgroup.org/)	2024-05-21	en	es	MANUALLY TRANSLATED	NA	http://purl.obolibrary.org/obo/symp/releases/2022-11-30/symp.owl	Translator: Alexander Largaespada; Reviewer: Salvador G. Ordorica	NA
symp	label	SYMP:0020036	rdfs:label	conjunctival degeneration	degeneración conjuntival	The Spanish Group LLC (https://thespanishgroup.org/)	2024-05-21	en	es	MANUALLY TRANSLATED	NA	http://purl.obolibrary.org/obo/symp/releases/2022-11-30/symp.owl	Translator: Alexander Largaespada; Reviewer: Salvador G. Ordorica	NA
symp	label	SYMP:0020037	rdfs:label	conjunctival suffusion	sufusión conjuntival	The Spanish Group LLC (https://thespanishgroup.org/)	2024-05-21	en	es	MANUALLY TRANSLATED	NA	http://purl.obolibrary.org/obo/symp/releases/2022-11-30/symp.owl	Translator: Alexander Largaespada; Reviewer: Salvador G. Ordorica	NA
symp	label	SYMP:0020038	rdfs:label	conjunctival swelling	hinchazón conjuntival	The Spanish Group LLC (https://thespanishgroup.org/)	2024-05-21	en	es	MANUALLY TRANSLATED	NA	http://purl.obolibrary.org/obo/symp/releases/2022-11-30/symp.owl	Translator: Alexander Largaespada; Reviewer: Salvador G. Ordorica	NA
symp	label	SYMP:0020039	rdfs:label	contracture	contractura	The Spanish Group LLC (https://thespanishgroup.org/)	2024-05-21	en	es	MANUALLY TRANSLATED	NA	http://purl.obolibrary.org/obo/symp/releases/2022-11-30/symp.owl	Translator: Alexander Largaespada; Reviewer: Salvador G. Ordorica	NA
symp	label	SYMP:0020040	rdfs:label	hair symptom	síntoma capilar	The Spanish Group LLC (https://thespanishgroup.org/)	2024-05-21	en	es	MANUALLY TRANSLATED	NA	http://purl.obolibrary.org/obo/symp/releases/2022-11-30/symp.owl	Translator: Alexander Largaespada; Reviewer: Salvador G. Ordorica	NA
symp	label	SYMP:0020041	rdfs:label	corkscrew hair	pelo en tirabuzón	The Spanish Group LLC (https://thespanishgroup.org/)	2024-05-21	en	es	MANUALLY TRANSLATED	NA	http://purl.obolibrary.org/obo/symp/releases/2022-11-30/symp.owl	Translator: Alexander Largaespada; Reviewer: Salvador G. Ordorica	NA
symp	label	SYMP:0020042	rdfs:label	corneal scarring	cicatrización corneal	The Spanish Group LLC (https://thespanishgroup.org/)	2024-05-21	en	es	MANUALLY TRANSLATED	NA	http://purl.obolibrary.org/obo/symp/releases/2022-11-30/symp.owl	Translator: Alexander Largaespada; Reviewer: Salvador G. Ordorica	NA
symp	label	SYMP:0020043	rdfs:label	dark urine	orina oscura	The Spanish Group LLC (https://thespanishgroup.org/)	2024-05-21	en	es	MANUALLY TRANSLATED	NA	http://purl.obolibrary.org/obo/symp/releases/2022-11-30/symp.owl	Translator: Alexander Largaespada; Reviewer: Salvador G. Ordorica	NA
symp	label	SYMP:0020044	rdfs:label	hair shedding	caída del cabello	The Spanish Group LLC (https://thespanishgroup.org/)	2024-05-21	en	es	MANUALLY TRANSLATED	NA	http://purl.obolibrary.org/obo/symp/releases/2022-11-30/symp.owl	Translator: Alexander Largaespada; Reviewer: Salvador G. Ordorica	NA
symp	label	SYMP:0020045	rdfs:label	balance symptom	síntoma de equilibrio	The Spanish Group LLC (https://thespanishgroup.org/)	2024-05-21	en	es	MANUALLY TRANSLATED	NA	http://purl.obolibrary.org/obo/symp/releases/2022-11-30/symp.owl	Translator: Alexander Largaespada; Reviewer: Salvador G. Ordorica	NA
symp	label	SYMP:0020046	rdfs:label	feeding problem	problema de alimentación	The Spanish Group LLC (https://thespanishgroup.org/)	2024-05-21	en	es	MANUALLY TRANSLATED	NA	http://purl.obolibrary.org/obo/symp/releases/2022-11-30/symp.owl	Translator: Alexander Largaespada; Reviewer: Salvador G. Ordorica	NA
symp	label	SYMP:0020047	rdfs:label	descending muscle paralysis	parálisis muscular descendente	The Spanish Group LLC (https://thespanishgroup.org/)	2024-05-21	en	es	MANUALLY TRANSLATED	NA	http://purl.obolibrary.org/obo/symp/releases/2022-11-30/symp.owl	Translator: Alexander Largaespada; Reviewer: Salvador G. Ordorica	NA
symp	label	SYMP:0020048	rdfs:label	skin peeling	descamación de la piel	The Spanish Group LLC (https://thespanishgroup.org/)	2024-05-21	en	es	MANUALLY TRANSLATED	NA	http://purl.obolibrary.org/obo/symp/releases/2022-11-30/symp.owl	Translator: Alexander Largaespada; Reviewer: Salvador G. Ordorica	NA
symp	label	SYMP:0020049	rdfs:label	delayed psychomotor development	retraso en el desarrollo psicomotor	The Spanish Group LLC (https://thespanishgroup.org/)	2024-05-21	en	es	MANUALLY TRANSLATED	NA	http://purl.obolibrary.org/obo/symp/releases/2022-11-30/symp.owl	Translator: Alexander Largaespada; Reviewer: Salvador G. Ordorica	NA
symp	label	SYMP:0020050	rdfs:label	decreased tearing	disminución del lagrimeo	The Spanish Group LLC (https://thespanishgroup.org/)	2024-05-21	en	es	MANUALLY TRANSLATED	NA	http://purl.obolibrary.org/obo/symp/releases/2022-11-30/symp.owl	Translator: Alexander Largaespada; Reviewer: Salvador G. Ordorica	NA
symp	label	SYMP:0020051	rdfs:label	decreased metabolism	metabolismo disminuido	The Spanish Group LLC (https://thespanishgroup.org/)	2024-05-21	en	es	MANUALLY TRANSLATED	NA	http://purl.obolibrary.org/obo/symp/releases/2022-11-30/symp.owl	Translator: Alexander Largaespada; Reviewer: Salvador G. Ordorica	NA
symp	label	SYMP:0020052	rdfs:label	hand weakness	debilidad de las manos	The Spanish Group LLC (https://thespanishgroup.org/)	2024-05-21	en	es	MANUALLY TRANSLATED	NA	http://purl.obolibrary.org/obo/symp/releases/2022-11-30/symp.owl	Translator: Alexander Largaespada; Reviewer: Salvador G. Ordorica	NA
symp	label	SYMP:0020053	rdfs:label	mammary gland inflammation	inflamación de la glándula mamaria	The Spanish Group LLC (https://thespanishgroup.org/)	2024-05-21	en	es	MANUALLY TRANSLATED	NA	http://purl.obolibrary.org/obo/symp/releases/2022-11-30/symp.owl	Translator: Alexander Largaespada; Reviewer: Salvador G. Ordorica	NA
symp	label	SYMP:0020054	rdfs:label	severe mammary gland inflammation	inflamación grave de las glándulas mamarias	The Spanish Group LLC (https://thespanishgroup.org/)	2024-05-21	en	es	MANUALLY TRANSLATED	NA	http://purl.obolibrary.org/obo/symp/releases/2022-11-30/symp.owl	Translator: Alexander Largaespada; Reviewer: Salvador G. Ordorica	NA
symp	label	SYMP:0020055	rdfs:label	pharynx inflammation	inflamación de la faringe	The Spanish Group LLC (https://thespanishgroup.org/)	2024-05-21	en	es	MANUALLY TRANSLATED	NA	http://purl.obolibrary.org/obo/symp/releases/2022-11-30/symp.owl	Translator: Alexander Largaespada; Reviewer: Salvador G. Ordorica	NA
symp	label	SYMP:0020056	rdfs:label	cerebrovascular accident	accidente cerebrovascular	The Spanish Group LLC (https://thespanishgroup.org/)	2024-05-21	en	es	MANUALLY TRANSLATED	NA	http://purl.obolibrary.org/obo/symp/releases/2022-11-30/symp.owl	Translator: Alexander Largaespada; Reviewer: Salvador G. Ordorica	NA
symp	label	SYMP:0020057	rdfs:label	bronchiole inflammation	inflamación bronquiolar	The Spanish Group LLC (https://thespanishgroup.org/)	2024-05-21	en	es	MANUALLY TRANSLATED	NA	http://purl.obolibrary.org/obo/symp/releases/2022-11-30/symp.owl	Translator: Alexander Largaespada; Reviewer: Salvador G. Ordorica	NA
symp	label	SYMP:0020058	rdfs:label	severe bronchiole inflammation	inflamación bronquiolar grave	The Spanish Group LLC (https://thespanishgroup.org/)	2024-05-21	en	es	MANUALLY TRANSLATED	NA	http://purl.obolibrary.org/obo/symp/releases/2022-11-30/symp.owl	Translator: Alexander Largaespada; Reviewer: Salvador G. Ordorica	NA
symp	label	SYMP:0020059	rdfs:label	suppurative bronchiole inflammation	inflamación supurativa de los bronquiolos	The Spanish Group LLC (https://thespanishgroup.org/)	2024-05-21	en	es	MANUALLY TRANSLATED	NA	http://purl.obolibrary.org/obo/symp/releases/2022-11-30/symp.owl	Translator: Alexander Largaespada; Reviewer: Salvador G. Ordorica	NA
symp	label	SYMP:0020060	rdfs:label	low white blood cell count	recuento bajo de glóbulos blancos	The Spanish Group LLC (https://thespanishgroup.org/)	2024-05-21	en	es	MANUALLY TRANSLATED	NA	http://purl.obolibrary.org/obo/symp/releases/2022-11-30/symp.owl	Translator: Alexander Largaespada; Reviewer: Salvador G. Ordorica	NA
symp	label	SYMP:0020061	rdfs:label	outlet dysfunction constipation	disfunción de salida estreñimiento	The Spanish Group LLC (https://thespanishgroup.org/)	2024-05-21	en	es	MANUALLY TRANSLATED	NA	http://purl.obolibrary.org/obo/symp/releases/2022-11-30/symp.owl	Translator: Alexander Largaespada; Reviewer: Salvador G. Ordorica	NA
symp	label	SYMP:0020062	rdfs:label	soft tissue necrosis	necrosis de tejidos blandos	The Spanish Group LLC (https://thespanishgroup.org/)	2024-05-21	en	es	MANUALLY TRANSLATED	NA	http://purl.obolibrary.org/obo/symp/releases/2022-11-30/symp.owl	Translator: Alexander Largaespada; Reviewer: Salvador G. Ordorica	NA
symp	label	SYMP:0020063	rdfs:label	blood pressure	tensión arterial	The Spanish Group LLC (https://thespanishgroup.org/)	2024-05-21	en	es	MANUALLY TRANSLATED	NA	http://purl.obolibrary.org/obo/symp/releases/2022-11-30/symp.owl	Translator: Alexander Largaespada; Reviewer: Salvador G. Ordorica	NA
symp	label	SYMP:0020064	rdfs:label	high blood pressure	hipertensión arterial	The Spanish Group LLC (https://thespanishgroup.org/)	2024-05-21	en	es	MANUALLY TRANSLATED	NA	http://purl.obolibrary.org/obo/symp/releases/2022-11-30/symp.owl	Translator: Alexander Largaespada; Reviewer: Salvador G. Ordorica	NA
symp	syn	SYMP:0000001	oboInOwl:hasExactSynonym	stomach cramp	calambres estomacales	The Spanish Group LLC (https://thespanishgroup.org/)	2024-05-21	en	es	MANUALLY TRANSLATED	NA	http://purl.obolibrary.org/obo/symp/releases/2022-11-30/symp.owl	Translator: Alexander Largaespada; Reviewer: Salvador G. Ordorica	NA
symp	syn	SYMP:0000005	oboInOwl:hasExactSynonym	uncoordination	descoordinación	The Spanish Group LLC (https://thespanishgroup.org/)	2024-05-21	en	es	MANUALLY TRANSLATED	NA	http://purl.obolibrary.org/obo/symp/releases/2022-11-30/symp.owl	Translator: Alexander Largaespada; Reviewer: Salvador G. Ordorica	NA
symp	syn	SYMP:0000006	oboInOwl:hasExactSynonym	back pain	dolor de espalda	The Spanish Group LLC (https://thespanishgroup.org/)	2024-05-21	en	es	MANUALLY TRANSLATED	NA	http://purl.obolibrary.org/obo/symp/releases/2022-11-30/symp.owl	Translator: Alexander Largaespada; Reviewer: Salvador G. Ordorica	NA
symp	syn	SYMP:0000024	oboInOwl:hasExactSynonym	drowsy	somnolencia	The Spanish Group LLC (https://thespanishgroup.org/)	2024-05-21	en	es	MANUALLY TRANSLATED	NA	http://purl.obolibrary.org/obo/symp/releases/2022-11-30/symp.owl	Translator: Alexander Largaespada; Reviewer: Salvador G. Ordorica	NA
symp	syn	SYMP:0000024	oboInOwl:hasExactSynonym	somnolence	somnolencia	The Spanish Group LLC (https://thespanishgroup.org/)	2024-05-21	en	es	MANUALLY TRANSLATED	NA	http://purl.obolibrary.org/obo/symp/releases/2022-11-30/symp.owl	Translator: Alexander Largaespada; Reviewer: Salvador G. Ordorica	NA
symp	syn	SYMP:0000025	oboInOwl:hasExactSynonym	nonproductive cough	tos no productiva	The Spanish Group LLC (https://thespanishgroup.org/)	2024-05-21	en	es	MANUALLY TRANSLATED	NA	http://purl.obolibrary.org/obo/symp/releases/2022-11-30/symp.owl	Translator: Alexander Largaespada; Reviewer: Salvador G. Ordorica	NA
symp	syn	SYMP:0000036	oboInOwl:hasExactSynonym	haemorrhagic gastroenteritis	gastroenteritis hemorrágica	The Spanish Group LLC (https://thespanishgroup.org/)	2024-05-21	en	es	MANUALLY TRANSLATED	NA	http://purl.obolibrary.org/obo/symp/releases/2022-11-30/symp.owl	Translator: Alexander Largaespada; Reviewer: Salvador G. Ordorica	NA
symp	syn	SYMP:0000064	oboInOwl:hasExactSynonym	arthralgia	artralgia	The Spanish Group LLC (https://thespanishgroup.org/)	2024-05-21	en	es	MANUALLY TRANSLATED	NA	http://purl.obolibrary.org/obo/symp/releases/2022-11-30/symp.owl	Translator: Alexander Largaespada; Reviewer: Salvador G. Ordorica	NA
symp	syn	SYMP:0000064	oboInOwl:hasExactSynonym	arthromyalgia	artromialgia	The Spanish Group LLC (https://thespanishgroup.org/)	2024-05-21	en	es	MANUALLY TRANSLATED	NA	http://purl.obolibrary.org/obo/symp/releases/2022-11-30/symp.owl	Translator: Alexander Largaespada; Reviewer: Salvador G. Ordorica	NA
symp	syn	SYMP:0000069	oboInOwl:hasExactSynonym	larynx and trachea inflammation	inflamación de la laringe y la tráquea	The Spanish Group LLC (https://thespanishgroup.org/)	2024-05-21	en	es	MANUALLY TRANSLATED	NA	http://purl.obolibrary.org/obo/symp/releases/2022-11-30/symp.owl	Translator: Alexander Largaespada; Reviewer: Salvador G. Ordorica	NA
symp	syn	SYMP:0000076	oboInOwl:hasExactSynonym	languid	languidez	The Spanish Group LLC (https://thespanishgroup.org/)	2024-05-21	en	es	MANUALLY TRANSLATED	NA	http://purl.obolibrary.org/obo/symp/releases/2022-11-30/symp.owl	Translator: Alexander Largaespada; Reviewer: Salvador G. Ordorica	NA
symp	syn	SYMP:0000118	oboInOwl:hasExactSynonym	crackles	crujidos	The Spanish Group LLC (https://thespanishgroup.org/)	2024-05-21	en	es	MANUALLY TRANSLATED	NA	http://purl.obolibrary.org/obo/symp/releases/2022-11-30/symp.owl	Translator: Alexander Largaespada; Reviewer: Salvador G. Ordorica	NA
symp	syn	SYMP:0000118	oboInOwl:hasExactSynonym	crepitations	crepitaciones	The Spanish Group LLC (https://thespanishgroup.org/)	2024-05-21	en	es	MANUALLY TRANSLATED	NA	http://purl.obolibrary.org/obo/symp/releases/2022-11-30/symp.owl	Translator: Alexander Largaespada; Reviewer: Salvador G. Ordorica	NA
symp	syn	SYMP:0000127	oboInOwl:hasExactSynonym	intense back pain	dolor de espalda intenso	The Spanish Group LLC (https://thespanishgroup.org/)	2024-05-21	en	es	MANUALLY TRANSLATED	NA	http://purl.obolibrary.org/obo/symp/releases/2022-11-30/symp.owl	Translator: Alexander Largaespada; Reviewer: Salvador G. Ordorica	NA
symp	syn	SYMP:0000131	oboInOwl:hasExactSynonym	intense join pain	dolor intenso en las articulaciones	The Spanish Group LLC (https://thespanishgroup.org/)	2024-05-21	en	es	MANUALLY TRANSLATED	NA	http://purl.obolibrary.org/obo/symp/releases/2022-11-30/symp.owl	Translator: Alexander Largaespada; Reviewer: Salvador G. Ordorica	NA
symp	syn	SYMP:0000146	oboInOwl:hasExactSynonym	fecal	fecal	The Spanish Group LLC (https://thespanishgroup.org/)	2024-05-21	en	es	MANUALLY TRANSLATED	NA	http://purl.obolibrary.org/obo/symp/releases/2022-11-30/symp.owl	Translator: Alexander Largaespada; Reviewer: Salvador G. Ordorica	NA
symp	syn	SYMP:0000164	oboInOwl:hasExactSynonym	lack of coordination	falta de coordinación	The Spanish Group LLC (https://thespanishgroup.org/)	2024-05-21	en	es	MANUALLY TRANSLATED	NA	http://purl.obolibrary.org/obo/symp/releases/2022-11-30/symp.owl	Translator: Alexander Largaespada; Reviewer: Salvador G. Ordorica	NA
symp	syn	SYMP:0000178	oboInOwl:hasExactSynonym	loss of weight	pérdida de peso	The Spanish Group LLC (https://thespanishgroup.org/)	2024-05-21	en	es	MANUALLY TRANSLATED	NA	http://purl.obolibrary.org/obo/symp/releases/2022-11-30/symp.owl	Translator: Alexander Largaespada; Reviewer: Salvador G. Ordorica	NA
symp	syn	SYMP:0000182	oboInOwl:hasExactSynonym	buboes	bubones	The Spanish Group LLC (https://thespanishgroup.org/)	2024-05-21	en	es	MANUALLY TRANSLATED	NA	http://purl.obolibrary.org/obo/symp/releases/2022-11-30/symp.owl	Translator: Alexander Largaespada; Reviewer: Salvador G. Ordorica	NA
symp	syn	SYMP:0000197	oboInOwl:hasExactSynonym	infectious abortion	aborto infeccioso	The Spanish Group LLC (https://thespanishgroup.org/)	2024-05-21	en	es	MANUALLY TRANSLATED	NA	http://purl.obolibrary.org/obo/symp/releases/2022-11-30/symp.owl	Translator: Alexander Largaespada; Reviewer: Salvador G. Ordorica	NA
symp	syn	SYMP:0000208	oboInOwl:hasExactSynonym	anaemia	anemia	The Spanish Group LLC (https://thespanishgroup.org/)	2024-05-21	en	es	MANUALLY TRANSLATED	NA	http://purl.obolibrary.org/obo/symp/releases/2022-11-30/symp.owl	Translator: Alexander Largaespada; Reviewer: Salvador G. Ordorica	NA
symp	syn	SYMP:0000210	oboInOwl:hasExactSynonym	light intolerance	intolerancia a la luz	The Spanish Group LLC (https://thespanishgroup.org/)	2024-05-21	en	es	MANUALLY TRANSLATED	NA	http://purl.obolibrary.org/obo/symp/releases/2022-11-30/symp.owl	Translator: Alexander Largaespada; Reviewer: Salvador G. Ordorica	NA
symp	syn	SYMP:0000211	oboInOwl:hasExactSynonym	eye weakness	debilidad ocular	The Spanish Group LLC (https://thespanishgroup.org/)	2024-05-21	en	es	MANUALLY TRANSLATED	NA	http://purl.obolibrary.org/obo/symp/releases/2022-11-30/symp.owl	Translator: Alexander Largaespada; Reviewer: Salvador G. Ordorica	NA
symp	syn	SYMP:0000211	oboInOwl:hasExactSynonym	rapid eye fatigue	fatiga ocular rápida	The Spanish Group LLC (https://thespanishgroup.org/)	2024-05-21	en	es	MANUALLY TRANSLATED	NA	http://purl.obolibrary.org/obo/symp/releases/2022-11-30/symp.owl	Translator: Alexander Largaespada; Reviewer: Salvador G. Ordorica	NA
symp	syn	SYMP:0000213	oboInOwl:hasExactSynonym	inability to write	incapacidad para escribir	The Spanish Group LLC (https://thespanishgroup.org/)	2024-05-21	en	es	MANUALLY TRANSLATED	NA	http://purl.obolibrary.org/obo/symp/releases/2022-11-30/symp.owl	Translator: Alexander Largaespada; Reviewer: Salvador G. Ordorica	NA
symp	syn	SYMP:0000214	oboInOwl:hasExactSynonym	amnesic aphasia	afasia amnésica	The Spanish Group LLC (https://thespanishgroup.org/)	2024-05-21	en	es	MANUALLY TRANSLATED	NA	http://purl.obolibrary.org/obo/symp/releases/2022-11-30/symp.owl	Translator: Alexander Largaespada; Reviewer: Salvador G. Ordorica	NA
symp	syn	SYMP:0000214	oboInOwl:hasExactSynonym	amnestic aphasia	afasia amnésica	The Spanish Group LLC (https://thespanishgroup.org/)	2024-05-21	en	es	MANUALLY TRANSLATED	NA	http://purl.obolibrary.org/obo/symp/releases/2022-11-30/symp.owl	Translator: Alexander Largaespada; Reviewer: Salvador G. Ordorica	NA
symp	syn	SYMP:0000214	oboInOwl:hasExactSynonym	anomic aphasia	afasia anómica	The Spanish Group LLC (https://thespanishgroup.org/)	2024-05-21	en	es	MANUALLY TRANSLATED	NA	http://purl.obolibrary.org/obo/symp/releases/2022-11-30/symp.owl	Translator: Alexander Largaespada; Reviewer: Salvador G. Ordorica	NA
symp	syn	SYMP:0000214	oboInOwl:hasExactSynonym	inability to name objects	incapacidad para nombrar objetos	The Spanish Group LLC (https://thespanishgroup.org/)	2024-05-21	en	es	MANUALLY TRANSLATED	NA	http://purl.obolibrary.org/obo/symp/releases/2022-11-30/symp.owl	Translator: Alexander Largaespada; Reviewer: Salvador G. Ordorica	NA
symp	syn	SYMP:0000214	oboInOwl:hasExactSynonym	nominal aphasia	afasia nominal	The Spanish Group LLC (https://thespanishgroup.org/)	2024-05-21	en	es	MANUALLY TRANSLATED	NA	http://purl.obolibrary.org/obo/symp/releases/2022-11-30/symp.owl	Translator: Alexander Largaespada; Reviewer: Salvador G. Ordorica	NA
symp	syn	SYMP:0000219	oboInOwl:hasExactSynonym	Wernicke's aphasia	afasia de Wernicke	The Spanish Group LLC (https://thespanishgroup.org/)	2024-05-21	en	es	MANUALLY TRANSLATED	NA	http://purl.obolibrary.org/obo/symp/releases/2022-11-30/symp.owl	Translator: Alexander Largaespada; Reviewer: Salvador G. Ordorica	NA
symp	syn	SYMP:0000219	oboInOwl:hasExactSynonym	fluent aphasia	afasia fluente	The Spanish Group LLC (https://thespanishgroup.org/)	2024-05-21	en	es	MANUALLY TRANSLATED	NA	http://purl.obolibrary.org/obo/symp/releases/2022-11-30/symp.owl	Translator: Alexander Largaespada; Reviewer: Salvador G. Ordorica	NA
symp	syn	SYMP:0000219	oboInOwl:hasExactSynonym	inability to perceive pitch, rhythm, and emotional tone of speech	incapacidad para percibir el tono, el ritmo y el tono emocional del habla	The Spanish Group LLC (https://thespanishgroup.org/)	2024-05-21	en	es	MANUALLY TRANSLATED	NA	http://purl.obolibrary.org/obo/symp/releases/2022-11-30/symp.owl	Translator: Alexander Largaespada; Reviewer: Salvador G. Ordorica	NA
symp	syn	SYMP:0000219	oboInOwl:hasExactSynonym	sensory aphasia	afasia sensorial	The Spanish Group LLC (https://thespanishgroup.org/)	2024-05-21	en	es	MANUALLY TRANSLATED	NA	http://purl.obolibrary.org/obo/symp/releases/2022-11-30/symp.owl	Translator: Alexander Largaespada; Reviewer: Salvador G. Ordorica	NA
symp	syn	SYMP:0000220	oboInOwl:hasExactSynonym	absence of neurological reflexes	ausencia de reflejos neurológicos	The Spanish Group LLC (https://thespanishgroup.org/)	2024-05-21	en	es	MANUALLY TRANSLATED	NA	http://purl.obolibrary.org/obo/symp/releases/2022-11-30/symp.owl	Translator: Alexander Largaespada; Reviewer: Salvador G. Ordorica	NA
symp	syn	SYMP:0000222	oboInOwl:hasExactSynonym	extremities weakness	debilidad en las extremidades	The Spanish Group LLC (https://thespanishgroup.org/)	2024-05-21	en	es	MANUALLY TRANSLATED	NA	http://purl.obolibrary.org/obo/symp/releases/2022-11-30/symp.owl	Translator: Alexander Largaespada; Reviewer: Salvador G. Ordorica	NA
symp	syn	SYMP:0000225	oboInOwl:hasExactSynonym	loss of strength	pérdida de fuerza	The Spanish Group LLC (https://thespanishgroup.org/)	2024-05-21	en	es	MANUALLY TRANSLATED	NA	http://purl.obolibrary.org/obo/symp/releases/2022-11-30/symp.owl	Translator: Alexander Largaespada; Reviewer: Salvador G. Ordorica	NA
symp	syn	SYMP:0000226	oboInOwl:hasExactSynonym	AF	FA	The Spanish Group LLC (https://thespanishgroup.org/)	2024-05-21	en	es	MANUALLY TRANSLATED	NA	http://purl.obolibrary.org/obo/symp/releases/2022-11-30/symp.owl	Translator: Alexander Largaespada; Reviewer: Salvador G. Ordorica	NA
symp	syn	SYMP:0000226	oboInOwl:hasExactSynonym	AFib	AFib	The Spanish Group LLC (https://thespanishgroup.org/)	2024-05-21	en	es	MANUALLY TRANSLATED	NA	http://purl.obolibrary.org/obo/symp/releases/2022-11-30/symp.owl	Translator: Alexander Largaespada; Reviewer: Salvador G. Ordorica	NA
symp	syn	SYMP:0000226	oboInOwl:hasExactSynonym	a-fib	a-fib	The Spanish Group LLC (https://thespanishgroup.org/)	2024-05-21	en	es	MANUALLY TRANSLATED	NA	http://purl.obolibrary.org/obo/symp/releases/2022-11-30/symp.owl	Translator: Alexander Largaespada; Reviewer: Salvador G. Ordorica	NA
symp	syn	SYMP:0000226	oboInOwl:hasExactSynonym	auricular fibrillation	fibrilación auricular	The Spanish Group LLC (https://thespanishgroup.org/)	2024-05-21	en	es	MANUALLY TRANSLATED	NA	http://purl.obolibrary.org/obo/symp/releases/2022-11-30/symp.owl	Translator: Alexander Largaespada; Reviewer: Salvador G. Ordorica	NA
symp	syn	SYMP:0000229	oboInOwl:hasExactSynonym	blood in stool	sangre en las heces	The Spanish Group LLC (https://thespanishgroup.org/)	2024-05-21	en	es	MANUALLY TRANSLATED	NA	http://purl.obolibrary.org/obo/symp/releases/2022-11-30/symp.owl	Translator: Alexander Largaespada; Reviewer: Salvador G. Ordorica	NA
symp	syn	SYMP:0000232	oboInOwl:hasExactSynonym	bronchioles inflammation	inflamación de los bronquiolos	The Spanish Group LLC (https://thespanishgroup.org/)	2024-05-21	en	es	MANUALLY TRANSLATED	NA	http://purl.obolibrary.org/obo/symp/releases/2022-11-30/symp.owl	Translator: Alexander Largaespada; Reviewer: Salvador G. Ordorica	NA
symp	syn	SYMP:0000233	oboInOwl:hasExactSynonym	clouded sensorium	sensorium nublado	The Spanish Group LLC (https://thespanishgroup.org/)	2024-05-21	en	es	MANUALLY TRANSLATED	NA	http://purl.obolibrary.org/obo/symp/releases/2022-11-30/symp.owl	Translator: Alexander Largaespada; Reviewer: Salvador G. Ordorica	NA
symp	syn	SYMP:0000233	oboInOwl:hasExactSynonym	decreased sensorium	disminución del sensorio	The Spanish Group LLC (https://thespanishgroup.org/)	2024-05-21	en	es	MANUALLY TRANSLATED	NA	http://purl.obolibrary.org/obo/symp/releases/2022-11-30/symp.owl	Translator: Alexander Largaespada; Reviewer: Salvador G. Ordorica	NA
symp	syn	SYMP:0000237	oboInOwl:hasExactSynonym	blocked nose	nariz bloqueada	The Spanish Group LLC (https://thespanishgroup.org/)	2024-05-21	en	es	MANUALLY TRANSLATED	NA	http://purl.obolibrary.org/obo/symp/releases/2022-11-30/symp.owl	Translator: Alexander Largaespada; Reviewer: Salvador G. Ordorica	NA
symp	syn	SYMP:0000237	oboInOwl:hasExactSynonym	nasal blockage	bloqueo nasal	The Spanish Group LLC (https://thespanishgroup.org/)	2024-05-21	en	es	MANUALLY TRANSLATED	NA	http://purl.obolibrary.org/obo/symp/releases/2022-11-30/symp.owl	Translator: Alexander Largaespada; Reviewer: Salvador G. Ordorica	NA
symp	syn	SYMP:0000237	oboInOwl:hasExactSynonym	nasal obstruction	obstrucción nasal	The Spanish Group LLC (https://thespanishgroup.org/)	2024-05-21	en	es	MANUALLY TRANSLATED	NA	http://purl.obolibrary.org/obo/symp/releases/2022-11-30/symp.owl	Translator: Alexander Largaespada; Reviewer: Salvador G. Ordorica	NA
symp	syn	SYMP:0000237	oboInOwl:hasExactSynonym	stuffed up nose	nariz tapada	The Spanish Group LLC (https://thespanishgroup.org/)	2024-05-21	en	es	MANUALLY TRANSLATED	NA	http://purl.obolibrary.org/obo/symp/releases/2022-11-30/symp.owl	Translator: Alexander Largaespada; Reviewer: Salvador G. Ordorica	NA
symp	syn	SYMP:0000237	oboInOwl:hasExactSynonym	stuffy nose	nariz taponada	The Spanish Group LLC (https://thespanishgroup.org/)	2024-05-21	en	es	MANUALLY TRANSLATED	NA	http://purl.obolibrary.org/obo/symp/releases/2022-11-30/symp.owl	Translator: Alexander Largaespada; Reviewer: Salvador G. Ordorica	NA
symp	syn	SYMP:0000243	oboInOwl:hasExactSynonym	recurrent fever	fiebre recurrente	The Spanish Group LLC (https://thespanishgroup.org/)	2024-05-21	en	es	MANUALLY TRANSLATED	NA	http://purl.obolibrary.org/obo/symp/releases/2022-11-30/symp.owl	Translator: Alexander Largaespada; Reviewer: Salvador G. Ordorica	NA
symp	syn	SYMP:0000243	oboInOwl:hasRelatedSynonym	intermittent fever	fiebre intermitente	The Spanish Group LLC (https://thespanishgroup.org/)	2024-05-21	en	es	MANUALLY TRANSLATED	NA	http://purl.obolibrary.org/obo/symp/releases/2022-11-30/symp.owl	Translator: Alexander Largaespada; Reviewer: Salvador G. Ordorica	NA
symp	syn	SYMP:0000245	oboInOwl:hasExactSynonym	poor appetite	inapetencia	The Spanish Group LLC (https://thespanishgroup.org/)	2024-05-21	en	es	MANUALLY TRANSLATED	NA	http://purl.obolibrary.org/obo/symp/releases/2022-11-30/symp.owl	Translator: Alexander Largaespada; Reviewer: Salvador G. Ordorica	NA
symp	syn	SYMP:0000251	oboInOwl:hasExactSynonym	cutaneous abscess	absceso cutáneo	The Spanish Group LLC (https://thespanishgroup.org/)	2024-05-21	en	es	MANUALLY TRANSLATED	NA	http://purl.obolibrary.org/obo/symp/releases/2022-11-30/symp.owl	Translator: Alexander Largaespada; Reviewer: Salvador G. Ordorica	NA
symp	syn	SYMP:0000251	oboInOwl:hasExactSynonym	dermal abscesses	abscesos dérmicos	The Spanish Group LLC (https://thespanishgroup.org/)	2024-05-21	en	es	MANUALLY TRANSLATED	NA	http://purl.obolibrary.org/obo/symp/releases/2022-11-30/symp.owl	Translator: Alexander Largaespada; Reviewer: Salvador G. Ordorica	NA
symp	syn	SYMP:0000251	oboInOwl:hasExactSynonym	skin abscess	absceso en la piel	The Spanish Group LLC (https://thespanishgroup.org/)	2024-05-21	en	es	MANUALLY TRANSLATED	NA	http://purl.obolibrary.org/obo/symp/releases/2022-11-30/symp.owl	Translator: Alexander Largaespada; Reviewer: Salvador G. Ordorica	NA
symp	syn	SYMP:0000251	oboInOwl:hasExactSynonym	subcutaneous abscess	absceso subcutáneo	The Spanish Group LLC (https://thespanishgroup.org/)	2024-05-21	en	es	MANUALLY TRANSLATED	NA	http://purl.obolibrary.org/obo/symp/releases/2022-11-30/symp.owl	Translator: Alexander Largaespada; Reviewer: Salvador G. Ordorica	NA
symp	syn	SYMP:0000252	oboInOwl:hasExactSynonym	diffuse erythema	eritema difuso	The Spanish Group LLC (https://thespanishgroup.org/)	2024-05-21	en	es	MANUALLY TRANSLATED	NA	http://purl.obolibrary.org/obo/symp/releases/2022-11-30/symp.owl	Translator: Alexander Largaespada; Reviewer: Salvador G. Ordorica	NA
symp	syn	SYMP:0000253	oboInOwl:hasExactSynonym	enlargement of one pupil	agrandamiento de una pupila	The Spanish Group LLC (https://thespanishgroup.org/)	2024-05-21	en	es	MANUALLY TRANSLATED	NA	http://purl.obolibrary.org/obo/symp/releases/2022-11-30/symp.owl	Translator: Alexander Largaespada; Reviewer: Salvador G. Ordorica	NA
symp	syn	SYMP:0000253	oboInOwl:hasExactSynonym	pupils of different size	pupilas de diferente tamaño	The Spanish Group LLC (https://thespanishgroup.org/)	2024-05-21	en	es	MANUALLY TRANSLATED	NA	http://purl.obolibrary.org/obo/symp/releases/2022-11-30/symp.owl	Translator: Alexander Largaespada; Reviewer: Salvador G. Ordorica	NA
symp	syn	SYMP:0000258	oboInOwl:hasExactSynonym	diplopia	diplopía	The Spanish Group LLC (https://thespanishgroup.org/)	2024-05-21	en	es	MANUALLY TRANSLATED	NA	http://purl.obolibrary.org/obo/symp/releases/2022-11-30/symp.owl	Translator: Alexander Largaespada; Reviewer: Salvador G. Ordorica	NA
symp	syn	SYMP:0000261	oboInOwl:hasExactSynonym	dry mucous membranes	sequedad de las mucosas	The Spanish Group LLC (https://thespanishgroup.org/)	2024-05-21	en	es	MANUALLY TRANSLATED	NA	http://purl.obolibrary.org/obo/symp/releases/2022-11-30/symp.owl	Translator: Alexander Largaespada; Reviewer: Salvador G. Ordorica	NA
symp	syn	SYMP:0000263	oboInOwl:hasExactSynonym	inflammation of the epididymis	inflamación del epidídimo	The Spanish Group LLC (https://thespanishgroup.org/)	2024-05-21	en	es	MANUALLY TRANSLATED	NA	http://purl.obolibrary.org/obo/symp/releases/2022-11-30/symp.owl	Translator: Alexander Largaespada; Reviewer: Salvador G. Ordorica	NA
symp	syn	SYMP:0000264	oboInOwl:hasExactSynonym	epididymo-orchitis	epididimo-orquitis	The Spanish Group LLC (https://thespanishgroup.org/)	2024-05-21	en	es	MANUALLY TRANSLATED	NA	http://purl.obolibrary.org/obo/symp/releases/2022-11-30/symp.owl	Translator: Alexander Largaespada; Reviewer: Salvador G. Ordorica	NA
symp	syn	SYMP:0000266	oboInOwl:hasExactSynonym	partial seizure	convulsión parcial	The Spanish Group LLC (https://thespanishgroup.org/)	2024-05-21	en	es	MANUALLY TRANSLATED	NA	http://purl.obolibrary.org/obo/symp/releases/2022-11-30/symp.owl	Translator: Alexander Largaespada; Reviewer: Salvador G. Ordorica	NA
symp	syn	SYMP:0000268	oboInOwl:hasExactSynonym	grand mal seizure	convulsión de gran mal	The Spanish Group LLC (https://thespanishgroup.org/)	2024-05-21	en	es	MANUALLY TRANSLATED	NA	http://purl.obolibrary.org/obo/symp/releases/2022-11-30/symp.owl	Translator: Alexander Largaespada; Reviewer: Salvador G. Ordorica	NA
symp	syn	SYMP:0000277	oboInOwl:hasExactSynonym	profuse salivation	salivación profusa	The Spanish Group LLC (https://thespanishgroup.org/)	2024-05-21	en	es	MANUALLY TRANSLATED	NA	http://purl.obolibrary.org/obo/symp/releases/2022-11-30/symp.owl	Translator: Alexander Largaespada; Reviewer: Salvador G. Ordorica	NA
symp	syn	SYMP:0000281	oboInOwl:hasExactSynonym	ocular discharge	secreción ocular	The Spanish Group LLC (https://thespanishgroup.org/)	2024-05-21	en	es	MANUALLY TRANSLATED	NA	http://purl.obolibrary.org/obo/symp/releases/2022-11-30/symp.owl	Translator: Alexander Largaespada; Reviewer: Salvador G. Ordorica	NA
symp	syn	SYMP:0000284	oboInOwl:hasExactSynonym	fixed pupils	pupilas fijas	The Spanish Group LLC (https://thespanishgroup.org/)	2024-05-21	en	es	MANUALLY TRANSLATED	NA	http://purl.obolibrary.org/obo/symp/releases/2022-11-30/symp.owl	Translator: Alexander Largaespada; Reviewer: Salvador G. Ordorica	NA
symp	syn	SYMP:0000287	oboInOwl:hasExactSynonym	abnormal heart beat	latidos cardíacos anormales	The Spanish Group LLC (https://thespanishgroup.org/)	2024-05-21	en	es	MANUALLY TRANSLATED	NA	http://purl.obolibrary.org/obo/symp/releases/2022-11-30/symp.owl	Translator: Alexander Largaespada; Reviewer: Salvador G. Ordorica	NA
symp	syn	SYMP:0000287	oboInOwl:hasExactSynonym	abnormal heart rhythm	ritmo cardiaco anormal	The Spanish Group LLC (https://thespanishgroup.org/)	2024-05-21	en	es	MANUALLY TRANSLATED	NA	http://purl.obolibrary.org/obo/symp/releases/2022-11-30/symp.owl	Translator: Alexander Largaespada; Reviewer: Salvador G. Ordorica	NA
symp	syn	SYMP:0000287	oboInOwl:hasExactSynonym	dysrhythmia	disritmia	The Spanish Group LLC (https://thespanishgroup.org/)	2024-05-21	en	es	MANUALLY TRANSLATED	NA	http://purl.obolibrary.org/obo/symp/releases/2022-11-30/symp.owl	Translator: Alexander Largaespada; Reviewer: Salvador G. Ordorica	NA
symp	syn	SYMP:0000287	oboInOwl:hasExactSynonym	heart rhythm symptom	síntoma de ritmo cardiaco	The Spanish Group LLC (https://thespanishgroup.org/)	2024-05-21	en	es	MANUALLY TRANSLATED	NA	http://purl.obolibrary.org/obo/symp/releases/2022-11-30/symp.owl	Translator: Alexander Largaespada; Reviewer: Salvador G. Ordorica	NA
symp	syn	SYMP:0000287	oboInOwl:hasExactSynonym	irregular heartbeat	latido irregular	The Spanish Group LLC (https://thespanishgroup.org/)	2024-05-21	en	es	MANUALLY TRANSLATED	NA	http://purl.obolibrary.org/obo/symp/releases/2022-11-30/symp.owl	Translator: Alexander Largaespada; Reviewer: Salvador G. Ordorica	NA
symp	syn	SYMP:0000287	oboInOwl:hasRelatedSynonym	fluctuation of heart rate	fluctuación del ritmo cardiaco	The Spanish Group LLC (https://thespanishgroup.org/)	2024-05-21	en	es	MANUALLY TRANSLATED	NA	http://purl.obolibrary.org/obo/symp/releases/2022-11-30/symp.owl	Translator: Alexander Largaespada; Reviewer: Salvador G. Ordorica	NA
symp	syn	SYMP:0000290	oboInOwl:hasExactSynonym	eructation	eructación	The Spanish Group LLC (https://thespanishgroup.org/)	2024-05-21	en	es	MANUALLY TRANSLATED	NA	http://purl.obolibrary.org/obo/symp/releases/2022-11-30/symp.owl	Translator: Alexander Largaespada; Reviewer: Salvador G. Ordorica	NA
symp	syn	SYMP:0000294	oboInOwl:hasExactSynonym	haemolysis	hemólisis	The Spanish Group LLC (https://thespanishgroup.org/)	2024-05-21	en	es	MANUALLY TRANSLATED	NA	http://purl.obolibrary.org/obo/symp/releases/2022-11-30/symp.owl	Translator: Alexander Largaespada; Reviewer: Salvador G. Ordorica	NA
symp	syn	SYMP:0000295	oboInOwl:hasExactSynonym	hepatic abscesses	abscesos hepáticos	The Spanish Group LLC (https://thespanishgroup.org/)	2024-05-21	en	es	MANUALLY TRANSLATED	NA	http://purl.obolibrary.org/obo/symp/releases/2022-11-30/symp.owl	Translator: Alexander Largaespada; Reviewer: Salvador G. Ordorica	NA
symp	syn	SYMP:0000299	oboInOwl:hasExactSynonym	hyperaemia	hiperemia	The Spanish Group LLC (https://thespanishgroup.org/)	2024-05-21	en	es	MANUALLY TRANSLATED	NA	http://purl.obolibrary.org/obo/symp/releases/2022-11-30/symp.owl	Translator: Alexander Largaespada; Reviewer: Salvador G. Ordorica	NA
symp	syn	SYMP:0000299	oboInOwl:hasExactSynonym	hyperemic	hiperemia	The Spanish Group LLC (https://thespanishgroup.org/)	2024-05-21	en	es	MANUALLY TRANSLATED	NA	http://purl.obolibrary.org/obo/symp/releases/2022-11-30/symp.owl	Translator: Alexander Largaespada; Reviewer: Salvador G. Ordorica	NA
symp	syn	SYMP:0000300	oboInOwl:hasExactSynonym	hyperaesthesia	hiperestesia	The Spanish Group LLC (https://thespanishgroup.org/)	2024-05-21	en	es	MANUALLY TRANSLATED	NA	http://purl.obolibrary.org/obo/symp/releases/2022-11-30/symp.owl	Translator: Alexander Largaespada; Reviewer: Salvador G. Ordorica	NA
symp	syn	SYMP:0000303	oboInOwl:hasExactSynonym	hypoxaemia	hipoxemia	The Spanish Group LLC (https://thespanishgroup.org/)	2024-05-21	en	es	MANUALLY TRANSLATED	NA	http://purl.obolibrary.org/obo/symp/releases/2022-11-30/symp.owl	Translator: Alexander Largaespada; Reviewer: Salvador G. Ordorica	NA
symp	syn	SYMP:0000309	oboInOwl:hasExactSynonym	inappetence	inapetencia	The Spanish Group LLC (https://thespanishgroup.org/)	2024-05-21	en	es	MANUALLY TRANSLATED	NA	http://purl.obolibrary.org/obo/symp/releases/2022-11-30/symp.owl	Translator: Alexander Largaespada; Reviewer: Salvador G. Ordorica	NA
symp	syn	SYMP:0000309	oboInOwl:hasExactSynonym	lack of appetite	falta de apetito	The Spanish Group LLC (https://thespanishgroup.org/)	2024-05-21	en	es	MANUALLY TRANSLATED	NA	http://purl.obolibrary.org/obo/symp/releases/2022-11-30/symp.owl	Translator: Alexander Largaespada; Reviewer: Salvador G. Ordorica	NA
symp	syn	SYMP:0000314	oboInOwl:hasExactSynonym	corneitis	corneítis	The Spanish Group LLC (https://thespanishgroup.org/)	2024-05-21	en	es	MANUALLY TRANSLATED	NA	http://purl.obolibrary.org/obo/symp/releases/2022-11-30/symp.owl	Translator: Alexander Largaespada; Reviewer: Salvador G. Ordorica	NA
symp	syn	SYMP:0000314	oboInOwl:hasExactSynonym	inflammation of the cornea of the eye	inflamación de la córnea del ojo	The Spanish Group LLC (https://thespanishgroup.org/)	2024-05-21	en	es	MANUALLY TRANSLATED	NA	http://purl.obolibrary.org/obo/symp/releases/2022-11-30/symp.owl	Translator: Alexander Largaespada; Reviewer: Salvador G. Ordorica	NA
symp	syn	SYMP:0000323	oboInOwl:hasExactSynonym	melaena	melaena	The Spanish Group LLC (https://thespanishgroup.org/)	2024-05-21	en	es	MANUALLY TRANSLATED	NA	http://purl.obolibrary.org/obo/symp/releases/2022-11-30/symp.owl	Translator: Alexander Largaespada; Reviewer: Salvador G. Ordorica	NA
symp	syn	SYMP:0000327	oboInOwl:hasExactSynonym	tetanic convulsions	convulsiones tetánicas	The Spanish Group LLC (https://thespanishgroup.org/)	2024-05-21	en	es	MANUALLY TRANSLATED	NA	http://purl.obolibrary.org/obo/symp/releases/2022-11-30/symp.owl	Translator: Alexander Largaespada; Reviewer: Salvador G. Ordorica	NA
symp	syn	SYMP:0000337	oboInOwl:hasExactSynonym	sleep hyperhidrosis	hiperhidrosis del sueño	The Spanish Group LLC (https://thespanishgroup.org/)	2024-05-21	en	es	MANUALLY TRANSLATED	NA	http://purl.obolibrary.org/obo/symp/releases/2022-11-30/symp.owl	Translator: Alexander Largaespada; Reviewer: Salvador G. Ordorica	NA
symp	syn	SYMP:0000338	oboInOwl:hasExactSynonym	rapid involuntary rhythmic eye movement	movimiento rítmico involuntario y rápido de los ojos	The Spanish Group LLC (https://thespanishgroup.org/)	2024-05-21	en	es	MANUALLY TRANSLATED	NA	http://purl.obolibrary.org/obo/symp/releases/2022-11-30/symp.owl	Translator: Alexander Largaespada; Reviewer: Salvador G. Ordorica	NA
symp	syn	SYMP:0000340	oboInOwl:hasExactSynonym	limb oedema	edema de las extremidades	The Spanish Group LLC (https://thespanishgroup.org/)	2024-05-21	en	es	MANUALLY TRANSLATED	NA	http://purl.obolibrary.org/obo/symp/releases/2022-11-30/symp.owl	Translator: Alexander Largaespada; Reviewer: Salvador G. Ordorica	NA
symp	syn	SYMP:0000340	oboInOwl:hasExactSynonym	oedema of the limbs	edema de los miembros	The Spanish Group LLC (https://thespanishgroup.org/)	2024-05-21	en	es	MANUALLY TRANSLATED	NA	http://purl.obolibrary.org/obo/symp/releases/2022-11-30/symp.owl	Translator: Alexander Largaespada; Reviewer: Salvador G. Ordorica	NA
symp	syn	SYMP:0000343	oboInOwl:hasExactSynonym	painful lymph nodes	ganglios linfáticos dolorosos	The Spanish Group LLC (https://thespanishgroup.org/)	2024-05-21	en	es	MANUALLY TRANSLATED	NA	http://purl.obolibrary.org/obo/symp/releases/2022-11-30/symp.owl	Translator: Alexander Largaespada; Reviewer: Salvador G. Ordorica	NA
symp	syn	SYMP:0000344	oboInOwl:hasExactSynonym	edema of the eyelid	edema del párpado	The Spanish Group LLC (https://thespanishgroup.org/)	2024-05-21	en	es	MANUALLY TRANSLATED	NA	http://purl.obolibrary.org/obo/symp/releases/2022-11-30/symp.owl	Translator: Alexander Largaespada; Reviewer: Salvador G. Ordorica	NA
symp	syn	SYMP:0000347	oboInOwl:hasExactSynonym	paralysed lips	labios paralizados	The Spanish Group LLC (https://thespanishgroup.org/)	2024-05-21	en	es	MANUALLY TRANSLATED	NA	http://purl.obolibrary.org/obo/symp/releases/2022-11-30/symp.owl	Translator: Alexander Largaespada; Reviewer: Salvador G. Ordorica	NA
symp	syn	SYMP:0000354	oboInOwl:hasExactSynonym	inflammation of lung tissue	inflamación del tejido pulmonar	The Spanish Group LLC (https://thespanishgroup.org/)	2024-05-21	en	es	MANUALLY TRANSLATED	NA	http://purl.obolibrary.org/obo/symp/releases/2022-11-30/symp.owl	Translator: Alexander Largaespada; Reviewer: Salvador G. Ordorica	NA
symp	syn	SYMP:0000356	oboInOwl:hasExactSynonym	inflammation of a vein	inflamación de una vena	The Spanish Group LLC (https://thespanishgroup.org/)	2024-05-21	en	es	MANUALLY TRANSLATED	NA	http://purl.obolibrary.org/obo/symp/releases/2022-11-30/symp.owl	Translator: Alexander Largaespada; Reviewer: Salvador G. Ordorica	NA
symp	syn	SYMP:0000369	oboInOwl:hasExactSynonym	droopiness	somnolencia	The Spanish Group LLC (https://thespanishgroup.org/)	2024-05-21	en	es	MANUALLY TRANSLATED	NA	http://purl.obolibrary.org/obo/symp/releases/2022-11-30/symp.owl	Translator: Alexander Largaespada; Reviewer: Salvador G. Ordorica	NA
symp	syn	SYMP:0000370	oboInOwl:hasExactSynonym	kidney abscess	absceso renal	The Spanish Group LLC (https://thespanishgroup.org/)	2024-05-21	en	es	MANUALLY TRANSLATED	NA	http://purl.obolibrary.org/obo/symp/releases/2022-11-30/symp.owl	Translator: Alexander Largaespada; Reviewer: Salvador G. Ordorica	NA
symp	syn	SYMP:0000370	oboInOwl:hasExactSynonym	perirenal abscess	absceso perirrenal	The Spanish Group LLC (https://thespanishgroup.org/)	2024-05-21	en	es	MANUALLY TRANSLATED	NA	http://purl.obolibrary.org/obo/symp/releases/2022-11-30/symp.owl	Translator: Alexander Largaespada; Reviewer: Salvador G. Ordorica	NA
symp	syn	SYMP:0000372	oboInOwl:hasExactSynonym	runny nose	goteo nasal	The Spanish Group LLC (https://thespanishgroup.org/)	2024-05-21	en	es	MANUALLY TRANSLATED	NA	http://purl.obolibrary.org/obo/symp/releases/2022-11-30/symp.owl	Translator: Alexander Largaespada; Reviewer: Salvador G. Ordorica	NA
symp	syn	SYMP:0000384	oboInOwl:hasExactSynonym	cervicalgia	cervicalgia	The Spanish Group LLC (https://thespanishgroup.org/)	2024-05-21	en	es	MANUALLY TRANSLATED	NA	http://purl.obolibrary.org/obo/symp/releases/2022-11-30/symp.owl	Translator: Alexander Largaespada; Reviewer: Salvador G. Ordorica	NA
symp	syn	SYMP:0000393	oboInOwl:hasExactSynonym	sensation of noise	sensación de ruido	The Spanish Group LLC (https://thespanishgroup.org/)	2024-05-21	en	es	MANUALLY TRANSLATED	NA	http://purl.obolibrary.org/obo/symp/releases/2022-11-30/symp.owl	Translator: Alexander Largaespada; Reviewer: Salvador G. Ordorica	NA
symp	syn	SYMP:0000396	oboInOwl:hasExactSynonym	excessive pupil dilation	dilatación excesiva de la pupila	The Spanish Group LLC (https://thespanishgroup.org/)	2024-05-21	en	es	MANUALLY TRANSLATED	NA	http://purl.obolibrary.org/obo/symp/releases/2022-11-30/symp.owl	Translator: Alexander Largaespada; Reviewer: Salvador G. Ordorica	NA
symp	syn	SYMP:0000396	oboInOwl:hasExactSynonym	prolonged pupil dilation	dilatación prolongada de la pupila	The Spanish Group LLC (https://thespanishgroup.org/)	2024-05-21	en	es	MANUALLY TRANSLATED	NA	http://purl.obolibrary.org/obo/symp/releases/2022-11-30/symp.owl	Translator: Alexander Largaespada; Reviewer: Salvador G. Ordorica	NA
symp	syn	SYMP:0000402	oboInOwl:hasExactSynonym	general physical wasting and malnutrition	desgaste físico general y desnutrición	The Spanish Group LLC (https://thespanishgroup.org/)	2024-05-21	en	es	MANUALLY TRANSLATED	NA	http://purl.obolibrary.org/obo/symp/releases/2022-11-30/symp.owl	Translator: Alexander Largaespada; Reviewer: Salvador G. Ordorica	NA
symp	syn	SYMP:0000403	oboInOwl:hasExactSynonym	gain of weight	aumento de peso	The Spanish Group LLC (https://thespanishgroup.org/)	2024-05-21	en	es	MANUALLY TRANSLATED	NA	http://purl.obolibrary.org/obo/symp/releases/2022-11-30/symp.owl	Translator: Alexander Largaespada; Reviewer: Salvador G. Ordorica	NA
symp	syn	SYMP:0000404	oboInOwl:hasExactSynonym	difficult sexual intercourse	relaciones sexuales difíciles	The Spanish Group LLC (https://thespanishgroup.org/)	2024-05-21	en	es	MANUALLY TRANSLATED	NA	http://purl.obolibrary.org/obo/symp/releases/2022-11-30/symp.owl	Translator: Alexander Largaespada; Reviewer: Salvador G. Ordorica	NA
symp	syn	SYMP:0000404	oboInOwl:hasExactSynonym	painful sexual intercourse	relaciones sexuales dolorosas	The Spanish Group LLC (https://thespanishgroup.org/)	2024-05-21	en	es	MANUALLY TRANSLATED	NA	http://purl.obolibrary.org/obo/symp/releases/2022-11-30/symp.owl	Translator: Alexander Largaespada; Reviewer: Salvador G. Ordorica	NA
symp	syn	SYMP:0000405	oboInOwl:hasExactSynonym	painful spasmodic vagina contractions	contracciones espasmódicas dolorosas de la vagina	The Spanish Group LLC (https://thespanishgroup.org/)	2024-05-21	en	es	MANUALLY TRANSLATED	NA	http://purl.obolibrary.org/obo/symp/releases/2022-11-30/symp.owl	Translator: Alexander Largaespada; Reviewer: Salvador G. Ordorica	NA
symp	syn	SYMP:0000406	oboInOwl:hasExactSynonym	bruises	hematomas	The Spanish Group LLC (https://thespanishgroup.org/)	2024-05-21	en	es	MANUALLY TRANSLATED	NA	http://purl.obolibrary.org/obo/symp/releases/2022-11-30/symp.owl	Translator: Alexander Largaespada; Reviewer: Salvador G. Ordorica	NA
symp	syn	SYMP:0000406	oboInOwl:hasExactSynonym	bruising	hematomas	The Spanish Group LLC (https://thespanishgroup.org/)	2024-05-21	en	es	MANUALLY TRANSLATED	NA	http://purl.obolibrary.org/obo/symp/releases/2022-11-30/symp.owl	Translator: Alexander Largaespada; Reviewer: Salvador G. Ordorica	NA
symp	syn	SYMP:0000406	oboInOwl:hasExactSynonym	contusion	contusión	The Spanish Group LLC (https://thespanishgroup.org/)	2024-05-21	en	es	MANUALLY TRANSLATED	NA	http://purl.obolibrary.org/obo/symp/releases/2022-11-30/symp.owl	Translator: Alexander Largaespada; Reviewer: Salvador G. Ordorica	NA
symp	syn	SYMP:0000406	oboInOwl:hasExactSynonym	ecchymosis	equimosis	The Spanish Group LLC (https://thespanishgroup.org/)	2024-05-21	en	es	MANUALLY TRANSLATED	NA	http://purl.obolibrary.org/obo/symp/releases/2022-11-30/symp.owl	Translator: Alexander Largaespada; Reviewer: Salvador G. Ordorica	NA
symp	syn	SYMP:0000407	oboInOwl:hasExactSynonym	faint	desmayo	The Spanish Group LLC (https://thespanishgroup.org/)	2024-05-21	en	es	MANUALLY TRANSLATED	NA	http://purl.obolibrary.org/obo/symp/releases/2022-11-30/symp.owl	Translator: Alexander Largaespada; Reviewer: Salvador G. Ordorica	NA
symp	syn	SYMP:0000407	oboInOwl:hasExactSynonym	fainting	desmayarse	The Spanish Group LLC (https://thespanishgroup.org/)	2024-05-21	en	es	MANUALLY TRANSLATED	NA	http://purl.obolibrary.org/obo/symp/releases/2022-11-30/symp.owl	Translator: Alexander Largaespada; Reviewer: Salvador G. Ordorica	NA
symp	syn	SYMP:0000407	oboInOwl:hasExactSynonym	loss of consciousness due to insuffiecient blood flow to the brain	pérdida de conciencia debida a un flujo sanguíneo insuficiente al cerebro	The Spanish Group LLC (https://thespanishgroup.org/)	2024-05-21	en	es	MANUALLY TRANSLATED	NA	http://purl.obolibrary.org/obo/symp/releases/2022-11-30/symp.owl	Translator: Alexander Largaespada; Reviewer: Salvador G. Ordorica	NA
symp	syn	SYMP:0000422	oboInOwl:hasExactSynonym	indigestion	indigestión	The Spanish Group LLC (https://thespanishgroup.org/)	2024-05-21	en	es	MANUALLY TRANSLATED	NA	http://purl.obolibrary.org/obo/symp/releases/2022-11-30/symp.owl	Translator: Alexander Largaespada; Reviewer: Salvador G. Ordorica	NA
symp	syn	SYMP:0000423	oboInOwl:hasExactSynonym	acid indigestion	indigestión ácida	The Spanish Group LLC (https://thespanishgroup.org/)	2024-05-21	en	es	MANUALLY TRANSLATED	NA	http://purl.obolibrary.org/obo/symp/releases/2022-11-30/symp.owl	Translator: Alexander Largaespada; Reviewer: Salvador G. Ordorica	NA
symp	syn	SYMP:0000423	oboInOwl:hasExactSynonym	heartburn	acidez	The Spanish Group LLC (https://thespanishgroup.org/)	2024-05-21	en	es	MANUALLY TRANSLATED	NA	http://purl.obolibrary.org/obo/symp/releases/2022-11-30/symp.owl	Translator: Alexander Largaespada; Reviewer: Salvador G. Ordorica	NA
symp	syn	SYMP:0000424	oboInOwl:hasExactSynonym	blockage of leg arteries	obstrucción de las arterias de las piernas	The Spanish Group LLC (https://thespanishgroup.org/)	2024-05-21	en	es	MANUALLY TRANSLATED	NA	http://purl.obolibrary.org/obo/symp/releases/2022-11-30/symp.owl	Translator: Alexander Largaespada; Reviewer: Salvador G. Ordorica	NA
symp	syn	SYMP:0000429	oboInOwl:hasExactSynonym	abnormally slow breathing	respiración anormalmente lenta	The Spanish Group LLC (https://thespanishgroup.org/)	2024-05-21	en	es	MANUALLY TRANSLATED	NA	http://purl.obolibrary.org/obo/symp/releases/2022-11-30/symp.owl	Translator: Alexander Largaespada; Reviewer: Salvador G. Ordorica	NA
symp	syn	SYMP:0000431	oboInOwl:hasExactSynonym	sputum production	producción de esputo	The Spanish Group LLC (https://thespanishgroup.org/)	2024-05-21	en	es	MANUALLY TRANSLATED	NA	http://purl.obolibrary.org/obo/symp/releases/2022-11-30/symp.owl	Translator: Alexander Largaespada; Reviewer: Salvador G. Ordorica	NA
symp	syn	SYMP:0000432	oboInOwl:hasExactSynonym	pruritus	prurito	The Spanish Group LLC (https://thespanishgroup.org/)	2024-05-21	en	es	MANUALLY TRANSLATED	NA	http://purl.obolibrary.org/obo/symp/releases/2022-11-30/symp.owl	Translator: Alexander Largaespada; Reviewer: Salvador G. Ordorica	NA
symp	syn	SYMP:0000433	oboInOwl:hasExactSynonym	generalized edema	edema generalizado	The Spanish Group LLC (https://thespanishgroup.org/)	2024-05-21	en	es	MANUALLY TRANSLATED	NA	http://purl.obolibrary.org/obo/symp/releases/2022-11-30/symp.owl	Translator: Alexander Largaespada; Reviewer: Salvador G. Ordorica	NA
symp	syn	SYMP:0000434	oboInOwl:hasExactSynonym	hives	ronchas	The Spanish Group LLC (https://thespanishgroup.org/)	2024-05-21	en	es	MANUALLY TRANSLATED	NA	http://purl.obolibrary.org/obo/symp/releases/2022-11-30/symp.owl	Translator: Alexander Largaespada; Reviewer: Salvador G. Ordorica	NA
symp	syn	SYMP:0000434	oboInOwl:hasExactSynonym	nettle rash	erupción de ortiga	The Spanish Group LLC (https://thespanishgroup.org/)	2024-05-21	en	es	MANUALLY TRANSLATED	NA	http://purl.obolibrary.org/obo/symp/releases/2022-11-30/symp.owl	Translator: Alexander Largaespada; Reviewer: Salvador G. Ordorica	NA
symp	syn	SYMP:0000434	oboInOwl:hasExactSynonym	uredo	uredo	The Spanish Group LLC (https://thespanishgroup.org/)	2024-05-21	en	es	MANUALLY TRANSLATED	NA	http://purl.obolibrary.org/obo/symp/releases/2022-11-30/symp.owl	Translator: Alexander Largaespada; Reviewer: Salvador G. Ordorica	NA
symp	syn	SYMP:0000436	oboInOwl:hasExactSynonym	abnormal menstruation	menstruación anormal	The Spanish Group LLC (https://thespanishgroup.org/)	2024-05-21	en	es	MANUALLY TRANSLATED	NA	http://purl.obolibrary.org/obo/symp/releases/2022-11-30/symp.owl	Translator: Alexander Largaespada; Reviewer: Salvador G. Ordorica	NA
symp	syn	SYMP:0000446	oboInOwl:hasExactSynonym	red eye	ojo rojo	The Spanish Group LLC (https://thespanishgroup.org/)	2024-05-21	en	es	MANUALLY TRANSLATED	NA	http://purl.obolibrary.org/obo/symp/releases/2022-11-30/symp.owl	Translator: Alexander Largaespada; Reviewer: Salvador G. Ordorica	NA
symp	syn	SYMP:0000446	oboInOwl:hasExactSynonym	redness of eye	enrojecimiento del ojo	The Spanish Group LLC (https://thespanishgroup.org/)	2024-05-21	en	es	MANUALLY TRANSLATED	NA	http://purl.obolibrary.org/obo/symp/releases/2022-11-30/symp.owl	Translator: Alexander Largaespada; Reviewer: Salvador G. Ordorica	NA
symp	syn	SYMP:0000448	oboInOwl:hasExactSynonym	nosebleed	hemorragia nasal	The Spanish Group LLC (https://thespanishgroup.org/)	2024-05-21	en	es	MANUALLY TRANSLATED	NA	http://purl.obolibrary.org/obo/symp/releases/2022-11-30/symp.owl	Translator: Alexander Largaespada; Reviewer: Salvador G. Ordorica	NA
symp	syn	SYMP:0000460	oboInOwl:hasExactSynonym	enlargement of the liver	agrandamiento del hígado	The Spanish Group LLC (https://thespanishgroup.org/)	2024-05-21	en	es	MANUALLY TRANSLATED	NA	http://purl.obolibrary.org/obo/symp/releases/2022-11-30/symp.owl	Translator: Alexander Largaespada; Reviewer: Salvador G. Ordorica	NA
symp	syn	SYMP:0000466	oboInOwl:hasExactSynonym	developmental delay	retraso en el desarrollo	The Spanish Group LLC (https://thespanishgroup.org/)	2024-05-21	en	es	MANUALLY TRANSLATED	NA	http://purl.obolibrary.org/obo/symp/releases/2022-11-30/symp.owl	Translator: Alexander Largaespada; Reviewer: Salvador G. Ordorica	NA
symp	syn	SYMP:0000485	oboInOwl:hasExactSynonym	difficult urine discharge	secreción urinaria difícil	The Spanish Group LLC (https://thespanishgroup.org/)	2024-05-21	en	es	MANUALLY TRANSLATED	NA	http://purl.obolibrary.org/obo/symp/releases/2022-11-30/symp.owl	Translator: Alexander Largaespada; Reviewer: Salvador G. Ordorica	NA
symp	syn	SYMP:0000485	oboInOwl:hasExactSynonym	painful urine discharge	secreción urinaria dolorosa	The Spanish Group LLC (https://thespanishgroup.org/)	2024-05-21	en	es	MANUALLY TRANSLATED	NA	http://purl.obolibrary.org/obo/symp/releases/2022-11-30/symp.owl	Translator: Alexander Largaespada; Reviewer: Salvador G. Ordorica	NA
symp	syn	SYMP:0000487	oboInOwl:hasExactSynonym	erythema	eritema	The Spanish Group LLC (https://thespanishgroup.org/)	2024-05-21	en	es	MANUALLY TRANSLATED	NA	http://purl.obolibrary.org/obo/symp/releases/2022-11-30/symp.owl	Translator: Alexander Largaespada; Reviewer: Salvador G. Ordorica	NA
symp	syn	SYMP:0000487	oboInOwl:hasExactSynonym	rubor	rubor	The Spanish Group LLC (https://thespanishgroup.org/)	2024-05-21	en	es	MANUALLY TRANSLATED	NA	http://purl.obolibrary.org/obo/symp/releases/2022-11-30/symp.owl	Translator: Alexander Largaespada; Reviewer: Salvador G. Ordorica	NA
symp	syn	SYMP:0000487	oboInOwl:hasExactSynonym	skin eruption	erupción cutánea	The Spanish Group LLC (https://thespanishgroup.org/)	2024-05-21	en	es	MANUALLY TRANSLATED	NA	http://purl.obolibrary.org/obo/symp/releases/2022-11-30/symp.owl	Translator: Alexander Largaespada; Reviewer: Salvador G. Ordorica	NA
symp	syn	SYMP:0000487	oboInOwl:hasExactSynonym	skin rash	sarpullido cutáneo	The Spanish Group LLC (https://thespanishgroup.org/)	2024-05-21	en	es	MANUALLY TRANSLATED	NA	http://purl.obolibrary.org/obo/symp/releases/2022-11-30/symp.owl	Translator: Alexander Largaespada; Reviewer: Salvador G. Ordorica	NA
symp	syn	SYMP:0000487	oboInOwl:hasExactSynonym	skin redness	enrojecimiento cutáneo	The Spanish Group LLC (https://thespanishgroup.org/)	2024-05-21	en	es	MANUALLY TRANSLATED	NA	http://purl.obolibrary.org/obo/symp/releases/2022-11-30/symp.owl	Translator: Alexander Largaespada; Reviewer: Salvador G. Ordorica	NA
symp	syn	SYMP:0000492	oboInOwl:hasExactSynonym	incontinence	incontinencia	The Spanish Group LLC (https://thespanishgroup.org/)	2024-05-21	en	es	MANUALLY TRANSLATED	NA	http://purl.obolibrary.org/obo/symp/releases/2022-11-30/symp.owl	Translator: Alexander Largaespada; Reviewer: Salvador G. Ordorica	NA
symp	syn	SYMP:0000493	oboInOwl:hasExactSynonym	difficulty in swallowing	dificultad al tragar	The Spanish Group LLC (https://thespanishgroup.org/)	2024-05-21	en	es	MANUALLY TRANSLATED	NA	http://purl.obolibrary.org/obo/symp/releases/2022-11-30/symp.owl	Translator: Alexander Largaespada; Reviewer: Salvador G. Ordorica	NA
symp	syn	SYMP:0000493	oboInOwl:hasExactSynonym	difficulty swallowing	dificultad para tragar	The Spanish Group LLC (https://thespanishgroup.org/)	2024-05-21	en	es	MANUALLY TRANSLATED	NA	http://purl.obolibrary.org/obo/symp/releases/2022-11-30/symp.owl	Translator: Alexander Largaespada; Reviewer: Salvador G. Ordorica	NA
symp	syn	SYMP:0000493	oboInOwl:hasExactSynonym	impaired swallowing	deglución deficiente	The Spanish Group LLC (https://thespanishgroup.org/)	2024-05-21	en	es	MANUALLY TRANSLATED	NA	http://purl.obolibrary.org/obo/symp/releases/2022-11-30/symp.owl	Translator: Alexander Largaespada; Reviewer: Salvador G. Ordorica	NA
symp	syn	SYMP:0000504	oboInOwl:hasExactSynonym	cephalalgia	cefalalgia	The Spanish Group LLC (https://thespanishgroup.org/)	2024-05-21	en	es	MANUALLY TRANSLATED	NA	http://purl.obolibrary.org/obo/symp/releases/2022-11-30/symp.owl	Translator: Alexander Largaespada; Reviewer: Salvador G. Ordorica	NA
symp	syn	SYMP:0000505	oboInOwl:hasExactSynonym	sore throat	dolor de garganta	The Spanish Group LLC (https://thespanishgroup.org/)	2024-05-21	en	es	MANUALLY TRANSLATED	NA	http://purl.obolibrary.org/obo/symp/releases/2022-11-30/symp.owl	Translator: Alexander Largaespada; Reviewer: Salvador G. Ordorica	NA
symp	syn	SYMP:0000508	oboInOwl:hasExactSynonym	inability to comprehend language	incapacidad para comprender el lenguaje	The Spanish Group LLC (https://thespanishgroup.org/)	2024-05-21	en	es	MANUALLY TRANSLATED	NA	http://purl.obolibrary.org/obo/symp/releases/2022-11-30/symp.owl	Translator: Alexander Largaespada; Reviewer: Salvador G. Ordorica	NA
symp	syn	SYMP:0000509	oboInOwl:hasExactSynonym	gas	gas	The Spanish Group LLC (https://thespanishgroup.org/)	2024-05-21	en	es	MANUALLY TRANSLATED	NA	http://purl.obolibrary.org/obo/symp/releases/2022-11-30/symp.owl	Translator: Alexander Largaespada; Reviewer: Salvador G. Ordorica	NA
symp	syn	SYMP:0000509	oboInOwl:hasExactSynonym	gas production	producción de gas	The Spanish Group LLC (https://thespanishgroup.org/)	2024-05-21	en	es	MANUALLY TRANSLATED	NA	http://purl.obolibrary.org/obo/symp/releases/2022-11-30/symp.owl	Translator: Alexander Largaespada; Reviewer: Salvador G. Ordorica	NA
symp	syn	SYMP:0000510	oboInOwl:hasExactSynonym	paleness	palidez	The Spanish Group LLC (https://thespanishgroup.org/)	2024-05-21	en	es	MANUALLY TRANSLATED	NA	http://purl.obolibrary.org/obo/symp/releases/2022-11-30/symp.owl	Translator: Alexander Largaespada; Reviewer: Salvador G. Ordorica	NA
symp	syn	SYMP:0000517	oboInOwl:hasExactSynonym	coughing up of blood	toser sangre	The Spanish Group LLC (https://thespanishgroup.org/)	2024-05-21	en	es	MANUALLY TRANSLATED	NA	http://purl.obolibrary.org/obo/symp/releases/2022-11-30/symp.owl	Translator: Alexander Largaespada; Reviewer: Salvador G. Ordorica	NA
symp	syn	SYMP:0000517	oboInOwl:hasExactSynonym	expectoration of blood	expectoración de sangre	The Spanish Group LLC (https://thespanishgroup.org/)	2024-05-21	en	es	MANUALLY TRANSLATED	NA	http://purl.obolibrary.org/obo/symp/releases/2022-11-30/symp.owl	Translator: Alexander Largaespada; Reviewer: Salvador G. Ordorica	NA
symp	syn	SYMP:0000517	oboInOwl:hasExactSynonym	expectoration of blood-stained sputum	expectoración de esputo teñido de sangre	The Spanish Group LLC (https://thespanishgroup.org/)	2024-05-21	en	es	MANUALLY TRANSLATED	NA	http://purl.obolibrary.org/obo/symp/releases/2022-11-30/symp.owl	Translator: Alexander Largaespada; Reviewer: Salvador G. Ordorica	NA
symp	syn	SYMP:0000517	oboInOwl:hasExactSynonym	haemoptysis	hemoptisis	The Spanish Group LLC (https://thespanishgroup.org/)	2024-05-21	en	es	MANUALLY TRANSLATED	NA	http://purl.obolibrary.org/obo/symp/releases/2022-11-30/symp.owl	Translator: Alexander Largaespada; Reviewer: Salvador G. Ordorica	NA
symp	syn	SYMP:0000521	oboInOwl:hasExactSynonym	swelling of lymph nodes	inflamación de los ganglios linfáticos	The Spanish Group LLC (https://thespanishgroup.org/)	2024-05-21	en	es	MANUALLY TRANSLATED	NA	http://purl.obolibrary.org/obo/symp/releases/2022-11-30/symp.owl	Translator: Alexander Largaespada; Reviewer: Salvador G. Ordorica	NA
symp	syn	SYMP:0000521	oboInOwl:hasExactSynonym	swollen lymph glands	ganglios linfáticos inflamados	The Spanish Group LLC (https://thespanishgroup.org/)	2024-05-21	en	es	MANUALLY TRANSLATED	NA	http://purl.obolibrary.org/obo/symp/releases/2022-11-30/symp.owl	Translator: Alexander Largaespada; Reviewer: Salvador G. Ordorica	NA
symp	syn	SYMP:0000526	oboInOwl:hasExactSynonym	hydroperitoneum	hidroperitoneo	The Spanish Group LLC (https://thespanishgroup.org/)	2024-05-21	en	es	MANUALLY TRANSLATED	NA	http://purl.obolibrary.org/obo/symp/releases/2022-11-30/symp.owl	Translator: Alexander Largaespada; Reviewer: Salvador G. Ordorica	NA
symp	syn	SYMP:0000530	oboInOwl:hasExactSynonym	abnormal heart beats	latidos anormales del corazón	The Spanish Group LLC (https://thespanishgroup.org/)	2024-05-21	en	es	MANUALLY TRANSLATED	NA	http://purl.obolibrary.org/obo/symp/releases/2022-11-30/symp.owl	Translator: Alexander Largaespada; Reviewer: Salvador G. Ordorica	NA
symp	syn	SYMP:0000531	oboInOwl:hasExactSynonym	esplenomegaly	esplenomegalia	The Spanish Group LLC (https://thespanishgroup.org/)	2024-05-21	en	es	MANUALLY TRANSLATED	NA	http://purl.obolibrary.org/obo/symp/releases/2022-11-30/symp.owl	Translator: Alexander Largaespada; Reviewer: Salvador G. Ordorica	NA
symp	syn	SYMP:0000538	oboInOwl:hasExactSynonym	dropsy	hidropesía	The Spanish Group LLC (https://thespanishgroup.org/)	2024-05-21	en	es	MANUALLY TRANSLATED	NA	http://purl.obolibrary.org/obo/symp/releases/2022-11-30/symp.owl	Translator: Alexander Largaespada; Reviewer: Salvador G. Ordorica	NA
symp	syn	SYMP:0000539	oboInOwl:hasExactSynonym	icteric	ictérico	The Spanish Group LLC (https://thespanishgroup.org/)	2024-05-21	en	es	MANUALLY TRANSLATED	NA	http://purl.obolibrary.org/obo/symp/releases/2022-11-30/symp.owl	Translator: Alexander Largaespada; Reviewer: Salvador G. Ordorica	NA
symp	syn	SYMP:0000539	oboInOwl:hasExactSynonym	icterus	ictericia	The Spanish Group LLC (https://thespanishgroup.org/)	2024-05-21	en	es	MANUALLY TRANSLATED	NA	http://purl.obolibrary.org/obo/symp/releases/2022-11-30/symp.owl	Translator: Alexander Largaespada; Reviewer: Salvador G. Ordorica	NA
symp	syn	SYMP:0000551	oboInOwl:hasExactSynonym	taste alteration	alteración del gusto	The Spanish Group LLC (https://thespanishgroup.org/)	2024-05-21	en	es	MANUALLY TRANSLATED	NA	http://purl.obolibrary.org/obo/symp/releases/2022-11-30/symp.owl	Translator: Alexander Largaespada; Reviewer: Salvador G. Ordorica	NA
symp	syn	SYMP:0000557	oboInOwl:hasExactSynonym	inability to urinate	incapacidad para orinar	The Spanish Group LLC (https://thespanishgroup.org/)	2024-05-21	en	es	MANUALLY TRANSLATED	NA	http://purl.obolibrary.org/obo/symp/releases/2022-11-30/symp.owl	Translator: Alexander Largaespada; Reviewer: Salvador G. Ordorica	NA
symp	syn	SYMP:0000557	oboInOwl:hasExactSynonym	ischuria	ischuria	The Spanish Group LLC (https://thespanishgroup.org/)	2024-05-21	en	es	MANUALLY TRANSLATED	NA	http://purl.obolibrary.org/obo/symp/releases/2022-11-30/symp.owl	Translator: Alexander Largaespada; Reviewer: Salvador G. Ordorica	NA
symp	syn	SYMP:0000557	oboInOwl:hasExactSynonym	retention of urine	retención de orina	The Spanish Group LLC (https://thespanishgroup.org/)	2024-05-21	en	es	MANUALLY TRANSLATED	NA	http://purl.obolibrary.org/obo/symp/releases/2022-11-30/symp.owl	Translator: Alexander Largaespada; Reviewer: Salvador G. Ordorica	NA
symp	syn	SYMP:0000563	oboInOwl:hasExactSynonym	frequent urination	micción frecuente	The Spanish Group LLC (https://thespanishgroup.org/)	2024-05-21	en	es	MANUALLY TRANSLATED	NA	http://purl.obolibrary.org/obo/symp/releases/2022-11-30/symp.owl	Translator: Alexander Largaespada; Reviewer: Salvador G. Ordorica	NA
symp	syn	SYMP:0000563	oboInOwl:hasRelatedSynonym	nocturia	nicturia	The Spanish Group LLC (https://thespanishgroup.org/)	2024-05-21	en	es	MANUALLY TRANSLATED	NA	http://purl.obolibrary.org/obo/symp/releases/2022-11-30/symp.owl	Translator: Alexander Largaespada; Reviewer: Salvador G. Ordorica	NA
symp	syn	SYMP:0000564	oboInOwl:hasExactSynonym	nycturia	nicturia	The Spanish Group LLC (https://thespanishgroup.org/)	2024-05-21	en	es	MANUALLY TRANSLATED	NA	http://purl.obolibrary.org/obo/symp/releases/2022-11-30/symp.owl	Translator: Alexander Largaespada; Reviewer: Salvador G. Ordorica	NA
symp	syn	SYMP:0000565	oboInOwl:hasExactSynonym	excessive secretion of urine	secreción excesiva de orina	The Spanish Group LLC (https://thespanishgroup.org/)	2024-05-21	en	es	MANUALLY TRANSLATED	NA	http://purl.obolibrary.org/obo/symp/releases/2022-11-30/symp.owl	Translator: Alexander Largaespada; Reviewer: Salvador G. Ordorica	NA
symp	syn	SYMP:0000570	oboInOwl:hasExactSynonym	bacterial gastroenteritis	gastroenteritis bacteriana	The Spanish Group LLC (https://thespanishgroup.org/)	2024-05-21	en	es	MANUALLY TRANSLATED	NA	http://purl.obolibrary.org/obo/symp/releases/2022-11-30/symp.owl	Translator: Alexander Largaespada; Reviewer: Salvador G. Ordorica	NA
symp	syn	SYMP:0000570	oboInOwl:hasExactSynonym	diarrhoea	diarrea	The Spanish Group LLC (https://thespanishgroup.org/)	2024-05-21	en	es	MANUALLY TRANSLATED	NA	http://purl.obolibrary.org/obo/symp/releases/2022-11-30/symp.owl	Translator: Alexander Largaespada; Reviewer: Salvador G. Ordorica	NA
symp	syn	SYMP:0000570	oboInOwl:hasExactSynonym	fecal incontinence	incontinencia fecal	The Spanish Group LLC (https://thespanishgroup.org/)	2024-05-21	en	es	MANUALLY TRANSLATED	NA	http://purl.obolibrary.org/obo/symp/releases/2022-11-30/symp.owl	Translator: Alexander Largaespada; Reviewer: Salvador G. Ordorica	NA
symp	syn	SYMP:0000570	oboInOwl:hasExactSynonym	incontinence of feces	incontinencia de heces	The Spanish Group LLC (https://thespanishgroup.org/)	2024-05-21	en	es	MANUALLY TRANSLATED	NA	http://purl.obolibrary.org/obo/symp/releases/2022-11-30/symp.owl	Translator: Alexander Largaespada; Reviewer: Salvador G. Ordorica	NA
symp	syn	SYMP:0000570	oboInOwl:hasExactSynonym	loose bowel	intestino suelto	The Spanish Group LLC (https://thespanishgroup.org/)	2024-05-21	en	es	MANUALLY TRANSLATED	NA	http://purl.obolibrary.org/obo/symp/releases/2022-11-30/symp.owl	Translator: Alexander Largaespada; Reviewer: Salvador G. Ordorica	NA
symp	syn	SYMP:0000570	oboInOwl:hasExactSynonym	loose bowels	intestinos sueltos	The Spanish Group LLC (https://thespanishgroup.org/)	2024-05-21	en	es	MANUALLY TRANSLATED	NA	http://purl.obolibrary.org/obo/symp/releases/2022-11-30/symp.owl	Translator: Alexander Largaespada; Reviewer: Salvador G. Ordorica	NA
symp	syn	SYMP:0000570	oboInOwl:hasExactSynonym	the runs	diarrea	The Spanish Group LLC (https://thespanishgroup.org/)	2024-05-21	en	es	MANUALLY TRANSLATED	NA	http://purl.obolibrary.org/obo/symp/releases/2022-11-30/symp.owl	Translator: Alexander Largaespada; Reviewer: Salvador G. Ordorica	NA
symp	syn	SYMP:0000571	oboInOwl:hasExactSynonym	agrypnia	agripnia	The Spanish Group LLC (https://thespanishgroup.org/)	2024-05-21	en	es	MANUALLY TRANSLATED	NA	http://purl.obolibrary.org/obo/symp/releases/2022-11-30/symp.owl	Translator: Alexander Largaespada; Reviewer: Salvador G. Ordorica	NA
symp	syn	SYMP:0000590	oboInOwl:hasExactSynonym	urgency of urination	urgencia miccional	The Spanish Group LLC (https://thespanishgroup.org/)	2024-05-21	en	es	MANUALLY TRANSLATED	NA	http://purl.obolibrary.org/obo/symp/releases/2022-11-30/symp.owl	Translator: Alexander Largaespada; Reviewer: Salvador G. Ordorica	NA
symp	syn	SYMP:0000595	oboInOwl:hasExactSynonym	febrile seizure	convulsión febril	The Spanish Group LLC (https://thespanishgroup.org/)	2024-05-21	en	es	MANUALLY TRANSLATED	NA	http://purl.obolibrary.org/obo/symp/releases/2022-11-30/symp.owl	Translator: Alexander Largaespada; Reviewer: Salvador G. Ordorica	NA
symp	syn	SYMP:0000603	oboInOwl:hasExactSynonym	rapid breathing	respiración rápida	The Spanish Group LLC (https://thespanishgroup.org/)	2024-05-21	en	es	MANUALLY TRANSLATED	NA	http://purl.obolibrary.org/obo/symp/releases/2022-11-30/symp.owl	Translator: Alexander Largaespada; Reviewer: Salvador G. Ordorica	NA
symp	syn	SYMP:0000606	oboInOwl:hasExactSynonym	bed wetting	orinarse en la cama	The Spanish Group LLC (https://thespanishgroup.org/)	2024-05-21	en	es	MANUALLY TRANSLATED	NA	http://purl.obolibrary.org/obo/symp/releases/2022-11-30/symp.owl	Translator: Alexander Largaespada; Reviewer: Salvador G. Ordorica	NA
symp	syn	SYMP:0000606	oboInOwl:hasExactSynonym	nighttime incontinence	incontinencia nocturna	The Spanish Group LLC (https://thespanishgroup.org/)	2024-05-21	en	es	MANUALLY TRANSLATED	NA	http://purl.obolibrary.org/obo/symp/releases/2022-11-30/symp.owl	Translator: Alexander Largaespada; Reviewer: Salvador G. Ordorica	NA
symp	syn	SYMP:0000609	oboInOwl:hasExactSynonym	secondary hyperhidrosis	hiperhidrosis secundaria	The Spanish Group LLC (https://thespanishgroup.org/)	2024-05-21	en	es	MANUALLY TRANSLATED	NA	http://purl.obolibrary.org/obo/symp/releases/2022-11-30/symp.owl	Translator: Alexander Largaespada; Reviewer: Salvador G. Ordorica	NA
symp	syn	SYMP:0000610	oboInOwl:hasExactSynonym	dizzy	mareo	The Spanish Group LLC (https://thespanishgroup.org/)	2024-05-21	en	es	MANUALLY TRANSLATED	NA	http://purl.obolibrary.org/obo/symp/releases/2022-11-30/symp.owl	Translator: Alexander Largaespada; Reviewer: Salvador G. Ordorica	NA
symp	syn	SYMP:0000613	oboInOwl:hasExactSynonym	pyrexia	pirexia	The Spanish Group LLC (https://thespanishgroup.org/)	2024-05-21	en	es	MANUALLY TRANSLATED	NA	http://purl.obolibrary.org/obo/symp/releases/2022-11-30/symp.owl	Translator: Alexander Largaespada; Reviewer: Salvador G. Ordorica	NA
symp	syn	SYMP:0000617	oboInOwl:hasExactSynonym	twisted neck	cuello torcido	The Spanish Group LLC (https://thespanishgroup.org/)	2024-05-21	en	es	MANUALLY TRANSLATED	NA	http://purl.obolibrary.org/obo/symp/releases/2022-11-30/symp.owl	Translator: Alexander Largaespada; Reviewer: Salvador G. Ordorica	NA
symp	syn	SYMP:0000617	oboInOwl:hasExactSynonym	wry neck	cuello torcido	The Spanish Group LLC (https://thespanishgroup.org/)	2024-05-21	en	es	MANUALLY TRANSLATED	NA	http://purl.obolibrary.org/obo/symp/releases/2022-11-30/symp.owl	Translator: Alexander Largaespada; Reviewer: Salvador G. Ordorica	NA
symp	syn	SYMP:0000627	oboInOwl:hasExactSynonym	disturbance of vision	alteración de la visión	The Spanish Group LLC (https://thespanishgroup.org/)	2024-05-21	en	es	MANUALLY TRANSLATED	NA	http://purl.obolibrary.org/obo/symp/releases/2022-11-30/symp.owl	Translator: Alexander Largaespada; Reviewer: Salvador G. Ordorica	NA
symp	syn	SYMP:0000635	oboInOwl:hasExactSynonym	low back pain	dolor lumbar	The Spanish Group LLC (https://thespanishgroup.org/)	2024-05-21	en	es	MANUALLY TRANSLATED	NA	http://purl.obolibrary.org/obo/symp/releases/2022-11-30/symp.owl	Translator: Alexander Largaespada; Reviewer: Salvador G. Ordorica	NA
symp	syn	SYMP:0000639	oboInOwl:hasExactSynonym	rectal bleeding	hemorragia rectal	The Spanish Group LLC (https://thespanishgroup.org/)	2024-05-21	en	es	MANUALLY TRANSLATED	NA	http://purl.obolibrary.org/obo/symp/releases/2022-11-30/symp.owl	Translator: Alexander Largaespada; Reviewer: Salvador G. Ordorica	NA
symp	syn	SYMP:0000640	oboInOwl:hasExactSynonym	redness of ankle	enrojecimiento del tobillo	The Spanish Group LLC (https://thespanishgroup.org/)	2024-05-21	en	es	MANUALLY TRANSLATED	NA	http://purl.obolibrary.org/obo/symp/releases/2022-11-30/symp.owl	Translator: Alexander Largaespada; Reviewer: Salvador G. Ordorica	NA
symp	syn	SYMP:0000643	oboInOwl:hasExactSynonym	respiratory dysfunction	disfunción respiratoria	The Spanish Group LLC (https://thespanishgroup.org/)	2024-05-21	en	es	MANUALLY TRANSLATED	NA	http://purl.obolibrary.org/obo/symp/releases/2022-11-30/symp.owl	Translator: Alexander Largaespada; Reviewer: Salvador G. Ordorica	NA
symp	syn	SYMP:0000654	oboInOwl:hasExactSynonym	Inconsolability	inconsolabilidad	The Spanish Group LLC (https://thespanishgroup.org/)	2024-05-21	en	es	MANUALLY TRANSLATED	NA	http://purl.obolibrary.org/obo/symp/releases/2022-11-30/symp.owl	Translator: Alexander Largaespada; Reviewer: Salvador G. Ordorica	NA
symp	syn	SYMP:0000659	oboInOwl:hasExactSynonym	partial paralysis	parálisis parcial	The Spanish Group LLC (https://thespanishgroup.org/)	2024-05-21	en	es	MANUALLY TRANSLATED	NA	http://purl.obolibrary.org/obo/symp/releases/2022-11-30/symp.owl	Translator: Alexander Largaespada; Reviewer: Salvador G. Ordorica	NA
symp	syn	SYMP:0000662	oboInOwl:hasExactSynonym	trembling	temblor	The Spanish Group LLC (https://thespanishgroup.org/)	2024-05-21	en	es	MANUALLY TRANSLATED	NA	http://purl.obolibrary.org/obo/symp/releases/2022-11-30/symp.owl	Translator: Alexander Largaespada; Reviewer: Salvador G. Ordorica	NA
symp	syn	SYMP:0000705	oboInOwl:hasExactSynonym	Broca's aphasia	afasia de Broca	The Spanish Group LLC (https://thespanishgroup.org/)	2024-05-21	en	es	MANUALLY TRANSLATED	NA	http://purl.obolibrary.org/obo/symp/releases/2022-11-30/symp.owl	Translator: Alexander Largaespada; Reviewer: Salvador G. Ordorica	NA
symp	syn	SYMP:0000705	oboInOwl:hasExactSynonym	agrammatic aphasia	afasia agramática	The Spanish Group LLC (https://thespanishgroup.org/)	2024-05-21	en	es	MANUALLY TRANSLATED	NA	http://purl.obolibrary.org/obo/symp/releases/2022-11-30/symp.owl	Translator: Alexander Largaespada; Reviewer: Salvador G. Ordorica	NA
symp	syn	SYMP:0000742	oboInOwl:hasExactSynonym	gingival hemorrhage	hemorragia gingival	The Spanish Group LLC (https://thespanishgroup.org/)	2024-05-21	en	es	MANUALLY TRANSLATED	NA	http://purl.obolibrary.org/obo/symp/releases/2022-11-30/symp.owl	Translator: Alexander Largaespada; Reviewer: Salvador G. Ordorica	NA
symp	syn	SYMP:0000748	oboInOwl:hasExactSynonym	facial swelling	hinchazón facial	The Spanish Group LLC (https://thespanishgroup.org/)	2024-05-21	en	es	MANUALLY TRANSLATED	NA	http://purl.obolibrary.org/obo/symp/releases/2022-11-30/symp.owl	Translator: Alexander Largaespada; Reviewer: Salvador G. Ordorica	NA
symp	syn	SYMP:0000754	oboInOwl:hasExactSynonym	intense chest pain	dolor torácico intenso	The Spanish Group LLC (https://thespanishgroup.org/)	2024-05-21	en	es	MANUALLY TRANSLATED	NA	http://purl.obolibrary.org/obo/symp/releases/2022-11-30/symp.owl	Translator: Alexander Largaespada; Reviewer: Salvador G. Ordorica	NA
symp	syn	SYMP:0000759	oboInOwl:hasExactSynonym	salivary gland pain	dolor de las glándulas salivales	The Spanish Group LLC (https://thespanishgroup.org/)	2024-05-21	en	es	MANUALLY TRANSLATED	NA	http://purl.obolibrary.org/obo/symp/releases/2022-11-30/symp.owl	Translator: Alexander Largaespada; Reviewer: Salvador G. Ordorica	NA
symp	syn	SYMP:0000760	oboInOwl:hasExactSynonym	petechial rash	erupción petequial	The Spanish Group LLC (https://thespanishgroup.org/)	2024-05-21	en	es	MANUALLY TRANSLATED	NA	http://purl.obolibrary.org/obo/symp/releases/2022-11-30/symp.owl	Translator: Alexander Largaespada; Reviewer: Salvador G. Ordorica	NA
symp	syn	SYMP:0000827	oboInOwl:hasExactSynonym	V-tach	taquicardia ventricular	The Spanish Group LLC (https://thespanishgroup.org/)	2024-05-21	en	es	MANUALLY TRANSLATED	NA	http://purl.obolibrary.org/obo/symp/releases/2022-11-30/symp.owl	Translator: Alexander Largaespada; Reviewer: Salvador G. Ordorica	NA
symp	syn	SYMP:0000827	oboInOwl:hasExactSynonym	VT	TV	The Spanish Group LLC (https://thespanishgroup.org/)	2024-05-21	en	es	MANUALLY TRANSLATED	NA	http://purl.obolibrary.org/obo/symp/releases/2022-11-30/symp.owl	Translator: Alexander Largaespada; Reviewer: Salvador G. Ordorica	NA
symp	syn	SYMP:0000834	oboInOwl:hasExactSynonym	numbness	entumecimiento	The Spanish Group LLC (https://thespanishgroup.org/)	2024-05-21	en	es	MANUALLY TRANSLATED	NA	http://purl.obolibrary.org/obo/symp/releases/2022-11-30/symp.owl	Translator: Alexander Largaespada; Reviewer: Salvador G. Ordorica	NA
symp	syn	SYMP:0000839	oboInOwl:hasExactSynonym	sudden pain	dolor repentino	The Spanish Group LLC (https://thespanishgroup.org/)	2024-05-21	en	es	MANUALLY TRANSLATED	NA	http://purl.obolibrary.org/obo/symp/releases/2022-11-30/symp.owl	Translator: Alexander Largaespada; Reviewer: Salvador G. Ordorica	NA
symp	syn	SYMP:0000879	oboInOwl:hasExactSynonym	low grade fever	fiebre baja	The Spanish Group LLC (https://thespanishgroup.org/)	2024-05-21	en	es	MANUALLY TRANSLATED	NA	http://purl.obolibrary.org/obo/symp/releases/2022-11-30/symp.owl	Translator: Alexander Largaespada; Reviewer: Salvador G. Ordorica	NA
symp	syn	SYMP:0000888	oboInOwl:hasRelatedSynonym	continued fever	fiebre continua	The Spanish Group LLC (https://thespanishgroup.org/)	2024-05-21	en	es	MANUALLY TRANSLATED	NA	http://purl.obolibrary.org/obo/symp/releases/2022-11-30/symp.owl	Translator: Alexander Largaespada; Reviewer: Salvador G. Ordorica	NA
symp	syn	SYMP:0000895	oboInOwl:hasExactSynonym	anaphylaxis	anafilaxia	The Spanish Group LLC (https://thespanishgroup.org/)	2024-05-21	en	es	MANUALLY TRANSLATED	NA	http://purl.obolibrary.org/obo/symp/releases/2022-11-30/symp.owl	Translator: Alexander Largaespada; Reviewer: Salvador G. Ordorica	NA
symp	syn	SYMP:0000896	oboInOwl:hasExactSynonym	exophthalmia	exoftalmia	The Spanish Group LLC (https://thespanishgroup.org/)	2024-05-21	en	es	MANUALLY TRANSLATED	NA	http://purl.obolibrary.org/obo/symp/releases/2022-11-30/symp.owl	Translator: Alexander Largaespada; Reviewer: Salvador G. Ordorica	NA
symp	syn	SYMP:0000896	oboInOwl:hasExactSynonym	exophthalmus	exoftalmia	The Spanish Group LLC (https://thespanishgroup.org/)	2024-05-21	en	es	MANUALLY TRANSLATED	NA	http://purl.obolibrary.org/obo/symp/releases/2022-11-30/symp.owl	Translator: Alexander Largaespada; Reviewer: Salvador G. Ordorica	NA
symp	syn	SYMP:0000896	oboInOwl:hasExactSynonym	proptosis	proptosis	The Spanish Group LLC (https://thespanishgroup.org/)	2024-05-21	en	es	MANUALLY TRANSLATED	NA	http://purl.obolibrary.org/obo/symp/releases/2022-11-30/symp.owl	Translator: Alexander Largaespada; Reviewer: Salvador G. Ordorica	NA
symp	syn	SYMP:0000897	oboInOwl:hasExactSynonym	idioventricular rhythm	ritmo idioventricular	The Spanish Group LLC (https://thespanishgroup.org/)	2024-05-21	en	es	MANUALLY TRANSLATED	NA	http://purl.obolibrary.org/obo/symp/releases/2022-11-30/symp.owl	Translator: Alexander Largaespada; Reviewer: Salvador G. Ordorica	NA
symp	syn	SYMP:0000897	oboInOwl:hasExactSynonym	ventricular escape rhythm	ritmo ventricular de escape	The Spanish Group LLC (https://thespanishgroup.org/)	2024-05-21	en	es	MANUALLY TRANSLATED	NA	http://purl.obolibrary.org/obo/symp/releases/2022-11-30/symp.owl	Translator: Alexander Largaespada; Reviewer: Salvador G. Ordorica	NA
symp	syn	SYMP:0000899	oboInOwl:hasExactSynonym	v-fib	fibrilación ventricular	The Spanish Group LLC (https://thespanishgroup.org/)	2024-05-21	en	es	MANUALLY TRANSLATED	NA	http://purl.obolibrary.org/obo/symp/releases/2022-11-30/symp.owl	Translator: Alexander Largaespada; Reviewer: Salvador G. Ordorica	NA
symp	syn	SYMP:0019142	oboInOwl:hasExactSynonym	adenopathy	adenopatía	The Spanish Group LLC (https://thespanishgroup.org/)	2024-05-21	en	es	MANUALLY TRANSLATED	NA	http://purl.obolibrary.org/obo/symp/releases/2022-11-30/symp.owl	Translator: Alexander Largaespada; Reviewer: Salvador G. Ordorica	NA
symp	syn	SYMP:0019145	oboInOwl:hasExactSynonym	emesis	emesis	The Spanish Group LLC (https://thespanishgroup.org/)	2024-05-21	en	es	MANUALLY TRANSLATED	NA	http://purl.obolibrary.org/obo/symp/releases/2022-11-30/symp.owl	Translator: Alexander Largaespada; Reviewer: Salvador G. Ordorica	NA
symp	syn	SYMP:0019147	oboInOwl:hasExactSynonym	bloody vomit	vómito sanguinolento	The Spanish Group LLC (https://thespanishgroup.org/)	2024-05-21	en	es	MANUALLY TRANSLATED	NA	http://purl.obolibrary.org/obo/symp/releases/2022-11-30/symp.owl	Translator: Alexander Largaespada; Reviewer: Salvador G. Ordorica	NA
symp	syn	SYMP:0019147	oboInOwl:hasExactSynonym	haematemesis	hematemesis	The Spanish Group LLC (https://thespanishgroup.org/)	2024-05-21	en	es	MANUALLY TRANSLATED	NA	http://purl.obolibrary.org/obo/symp/releases/2022-11-30/symp.owl	Translator: Alexander Largaespada; Reviewer: Salvador G. Ordorica	NA
symp	syn	SYMP:0019147	oboInOwl:hasExactSynonym	vomiting blood	vómitos con sangre	The Spanish Group LLC (https://thespanishgroup.org/)	2024-05-21	en	es	MANUALLY TRANSLATED	NA	http://purl.obolibrary.org/obo/symp/releases/2022-11-30/symp.owl	Translator: Alexander Largaespada; Reviewer: Salvador G. Ordorica	NA
symp	syn	SYMP:0019151	oboInOwl:hasExactSynonym	oedematous lungs	pulmones edematosos	The Spanish Group LLC (https://thespanishgroup.org/)	2024-05-21	en	es	MANUALLY TRANSLATED	NA	http://purl.obolibrary.org/obo/symp/releases/2022-11-30/symp.owl	Translator: Alexander Largaespada; Reviewer: Salvador G. Ordorica	NA
symp	syn	SYMP:0019152	oboInOwl:hasExactSynonym	profuse perspiration	sudoración profusa	The Spanish Group LLC (https://thespanishgroup.org/)	2024-05-21	en	es	MANUALLY TRANSLATED	NA	http://purl.obolibrary.org/obo/symp/releases/2022-11-30/symp.owl	Translator: Alexander Largaespada; Reviewer: Salvador G. Ordorica	NA
symp	syn	SYMP:0019153	oboInOwl:hasExactSynonym	breathing difficulty	dificultad respiratoria	The Spanish Group LLC (https://thespanishgroup.org/)	2024-05-21	en	es	MANUALLY TRANSLATED	NA	http://purl.obolibrary.org/obo/symp/releases/2022-11-30/symp.owl	Translator: Alexander Largaespada; Reviewer: Salvador G. Ordorica	NA
symp	syn	SYMP:0019153	oboInOwl:hasExactSynonym	breathlessness	disnea	The Spanish Group LLC (https://thespanishgroup.org/)	2024-05-21	en	es	MANUALLY TRANSLATED	NA	http://purl.obolibrary.org/obo/symp/releases/2022-11-30/symp.owl	Translator: Alexander Largaespada; Reviewer: Salvador G. Ordorica	NA
symp	syn	SYMP:0019153	oboInOwl:hasExactSynonym	difficulty breathing	dificultad para respirar	The Spanish Group LLC (https://thespanishgroup.org/)	2024-05-21	en	es	MANUALLY TRANSLATED	NA	http://purl.obolibrary.org/obo/symp/releases/2022-11-30/symp.owl	Translator: Alexander Largaespada; Reviewer: Salvador G. Ordorica	NA
symp	syn	SYMP:0019153	oboInOwl:hasExactSynonym	labored respiration	respiración dificultosa	The Spanish Group LLC (https://thespanishgroup.org/)	2024-05-21	en	es	MANUALLY TRANSLATED	NA	http://purl.obolibrary.org/obo/symp/releases/2022-11-30/symp.owl	Translator: Alexander Largaespada; Reviewer: Salvador G. Ordorica	NA
symp	syn	SYMP:0019153	oboInOwl:hasExactSynonym	shortness of breath	respiración entrecortada	The Spanish Group LLC (https://thespanishgroup.org/)	2024-05-21	en	es	MANUALLY TRANSLATED	NA	http://purl.obolibrary.org/obo/symp/releases/2022-11-30/symp.owl	Translator: Alexander Largaespada; Reviewer: Salvador G. Ordorica	NA
symp	syn	SYMP:0019160	oboInOwl:hasExactSynonym	furuncle	forúnculo	The Spanish Group LLC (https://thespanishgroup.org/)	2024-05-21	en	es	MANUALLY TRANSLATED	NA	http://purl.obolibrary.org/obo/symp/releases/2022-11-30/symp.owl	Translator: Alexander Largaespada; Reviewer: Salvador G. Ordorica	NA
symp	syn	SYMP:0019161	oboInOwl:hasExactSynonym	myalgia	mialgia	The Spanish Group LLC (https://thespanishgroup.org/)	2024-05-21	en	es	MANUALLY TRANSLATED	NA	http://purl.obolibrary.org/obo/symp/releases/2022-11-30/symp.owl	Translator: Alexander Largaespada; Reviewer: Salvador G. Ordorica	NA
symp	syn	SYMP:0019174	oboInOwl:hasExactSynonym	rigors	rigores	The Spanish Group LLC (https://thespanishgroup.org/)	2024-05-21	en	es	MANUALLY TRANSLATED	NA	http://purl.obolibrary.org/obo/symp/releases/2022-11-30/symp.owl	Translator: Alexander Largaespada; Reviewer: Salvador G. Ordorica	NA
symp	syn	SYMP:0019175	oboInOwl:hasExactSynonym	perspire	transpirar	The Spanish Group LLC (https://thespanishgroup.org/)	2024-05-21	en	es	MANUALLY TRANSLATED	NA	http://purl.obolibrary.org/obo/symp/releases/2022-11-30/symp.owl	Translator: Alexander Largaespada; Reviewer: Salvador G. Ordorica	NA
symp	syn	SYMP:0019179	oboInOwl:hasExactSynonym	light-headedness	mareo	The Spanish Group LLC (https://thespanishgroup.org/)	2024-05-21	en	es	MANUALLY TRANSLATED	NA	http://purl.obolibrary.org/obo/symp/releases/2022-11-30/symp.owl	Translator: Alexander Largaespada; Reviewer: Salvador G. Ordorica	NA
symp	syn	SYMP:0019187	oboInOwl:hasExactSynonym	stimming	estimulación	The Spanish Group LLC (https://thespanishgroup.org/)	2024-05-21	en	es	MANUALLY TRANSLATED	NA	http://purl.obolibrary.org/obo/symp/releases/2022-11-30/symp.owl	Translator: Alexander Largaespada; Reviewer: Salvador G. Ordorica	NA
symp	syn	SYMP:0019190	oboInOwl:hasExactSynonym	subdural hematoma	hematoma subdural	The Spanish Group LLC (https://thespanishgroup.org/)	2024-05-21	en	es	MANUALLY TRANSLATED	NA	http://purl.obolibrary.org/obo/symp/releases/2022-11-30/symp.owl	Translator: Alexander Largaespada; Reviewer: Salvador G. Ordorica	NA
symp	syn	SYMP:0020001	oboInOwl:hasExactSynonym	aphthous stomatitis	estomatitis aftosa	The Spanish Group LLC (https://thespanishgroup.org/)	2024-05-21	en	es	MANUALLY TRANSLATED	NA	http://purl.obolibrary.org/obo/symp/releases/2022-11-30/symp.owl	Translator: Alexander Largaespada; Reviewer: Salvador G. Ordorica	NA
symp	syn	SYMP:0020001	oboInOwl:hasExactSynonym	canker sore	llaga aftosa	The Spanish Group LLC (https://thespanishgroup.org/)	2024-05-21	en	es	MANUALLY TRANSLATED	NA	http://purl.obolibrary.org/obo/symp/releases/2022-11-30/symp.owl	Translator: Alexander Largaespada; Reviewer: Salvador G. Ordorica	NA
symp	syn	SYMP:0020003	oboInOwl:hasExactSynonym	clay-colored bowel movement	deposiciones de color arcilla	The Spanish Group LLC (https://thespanishgroup.org/)	2024-05-21	en	es	MANUALLY TRANSLATED	NA	http://purl.obolibrary.org/obo/symp/releases/2022-11-30/symp.owl	Translator: Alexander Largaespada; Reviewer: Salvador G. Ordorica	NA
symp	syn	SYMP:0020004	oboInOwl:hasExactSynonym	loss of taste	pérdida del gusto	The Spanish Group LLC (https://thespanishgroup.org/)	2024-05-21	en	es	MANUALLY TRANSLATED	NA	http://purl.obolibrary.org/obo/symp/releases/2022-11-30/symp.owl	Translator: Alexander Largaespada; Reviewer: Salvador G. Ordorica	NA
symp	syn	SYMP:0020018	oboInOwl:hasExactSynonym	obesity	obesidad	The Spanish Group LLC (https://thespanishgroup.org/)	2024-05-21	en	es	MANUALLY TRANSLATED	NA	http://purl.obolibrary.org/obo/symp/releases/2022-11-30/symp.owl	Translator: Alexander Largaespada; Reviewer: Salvador G. Ordorica	NA
symp	syn	SYMP:0020027	oboInOwl:hasExactSynonym	productive cough	tos productiva	The Spanish Group LLC (https://thespanishgroup.org/)	2024-05-21	en	es	MANUALLY TRANSLATED	NA	http://purl.obolibrary.org/obo/symp/releases/2022-11-30/symp.owl	Translator: Alexander Largaespada; Reviewer: Salvador G. Ordorica	NA
symp	syn	SYMP:0020053	oboInOwl:hasExactSynonym	inflammation of mammary breast	inflamación mamaria	The Spanish Group LLC (https://thespanishgroup.org/)	2024-05-21	en	es	MANUALLY TRANSLATED	NA	http://purl.obolibrary.org/obo/symp/releases/2022-11-30/symp.owl	Translator: Alexander Largaespada; Reviewer: Salvador G. Ordorica	NA
symp	syn	SYMP:0020053	oboInOwl:hasExactSynonym	mammitis	mamitis	The Spanish Group LLC (https://thespanishgroup.org/)	2024-05-21	en	es	MANUALLY TRANSLATED	NA	http://purl.obolibrary.org/obo/symp/releases/2022-11-30/symp.owl	Translator: Alexander Largaespada; Reviewer: Salvador G. Ordorica	NA
symp	syn	SYMP:0020056	oboInOwl:hasExactSynonym	apoplexy	apoplejía	The Spanish Group LLC (https://thespanishgroup.org/)	2024-05-21	en	es	MANUALLY TRANSLATED	NA	http://purl.obolibrary.org/obo/symp/releases/2022-11-30/symp.owl	Translator: Alexander Largaespada; Reviewer: Salvador G. Ordorica	NA
symp	syn	SYMP:0020056	oboInOwl:hasExactSynonym	cerebral accident	accidente cerebral	The Spanish Group LLC (https://thespanishgroup.org/)	2024-05-21	en	es	MANUALLY TRANSLATED	NA	http://purl.obolibrary.org/obo/symp/releases/2022-11-30/symp.owl	Translator: Alexander Largaespada; Reviewer: Salvador G. Ordorica	NA
symp	syn	SYMP:0020056	oboInOwl:hasExactSynonym	cerebral hemorrhage	hemorragia cerebral	The Spanish Group LLC (https://thespanishgroup.org/)	2024-05-21	en	es	MANUALLY TRANSLATED	NA	http://purl.obolibrary.org/obo/symp/releases/2022-11-30/symp.owl	Translator: Alexander Largaespada; Reviewer: Salvador G. Ordorica	NA
trans	definition	TRANS:0000000	IAO:0000115	A process that is the means during which the pathogen is transmitted directly or indirectly from its natural reservoir, a susceptible host or source to a new host.	Proceso que es el medio durante el cual el agente patógeno se transmite directa o indirectamente desde su reservorio natural, un huésped susceptible o una fuente a un nuevo huésped.	The Spanish Group LLC (https://thespanishgroup.org/)	2024-05-21	en	es	MANUALLY TRANSLATED	NA	http://purl.obolibrary.org/obo/trans/releases/2022-10-10/trans.owl	Translator: Alexander Largaespada; Reviewer: Salvador G. Ordorica	NA
trans	definition	TRANS:0000001	IAO:0000115	Direct transmission is a transmission process that is the means during which the pathogen is transmitted immediately from a reservoir, source or host to another host.	La transmisión directa es un proceso de transmisión que es el medio durante el cual el patógeno se transmite inmediatamente de un reservorio, fuente o huésped a otro huésped.	The Spanish Group LLC (https://thespanishgroup.org/)	2024-05-21	en	es	MANUALLY TRANSLATED	NA	http://purl.obolibrary.org/obo/trans/releases/2022-10-10/trans.owl	Translator: Alexander Largaespada; Reviewer: Salvador G. Ordorica	NA
trans	definition	TRANS:0000002	IAO:0000115	Indirect transmission is a transmission process during which the pathogen is indirectly transferred from a reservoir, source or host to another host by intermediary vehicles, vectors or as airborne dust particles.	La transmisión indirecta es un proceso de transmisión durante el cual el patógeno se transfiere indirectamente de un reservorio, fuente o huésped a otro huésped mediante vehículos intermediarios, vectores o como partículas de polvo en el aire.	The Spanish Group LLC (https://thespanishgroup.org/)	2024-05-21	en	es	MANUALLY TRANSLATED	NA	http://purl.obolibrary.org/obo/trans/releases/2022-10-10/trans.owl	Translator: Alexander Largaespada; Reviewer: Salvador G. Ordorica	NA
trans	definition	TRANS:0000003	IAO:0000115	Mechanical transmission is an indirect vector-borne transmission process during which the pathogen is indirectly transferred from a reservoir, source or host to another host by being transported on the external surface of the vector.	La transmisión mecánica es un proceso de transmisión vectorial indirecta durante el cual el patógeno se transfiere indirectamente de un reservorio, fuente o huésped a otro huésped al ser transportado en la superficie externa del vector.	The Spanish Group LLC (https://thespanishgroup.org/)	2024-05-21	en	es	MANUALLY TRANSLATED	NA	http://purl.obolibrary.org/obo/trans/releases/2022-10-10/trans.owl	Translator: Alexander Largaespada; Reviewer: Salvador G. Ordorica	NA
trans	definition	TRANS:0000005	IAO:0000115	Vector-borne transmission is an indirect transmission process during which the pathogen is indirectly transferred from a reservoir, source or host via an animate intermediary vector to another host. Most vectors are arthropods such as mosquitoes, fleas, and ticks.	La transmisión vectorial es un proceso de transmisión indirecta durante el cual el patógeno se transfiere indirectamente desde un reservorio, fuente o huésped a través de un vector intermediario animado a otro huésped. La mayoría de los vectores son artrópodos como mosquitos, pulgas y garrapatas.	The Spanish Group LLC (https://thespanishgroup.org/)	2024-05-21	en	es	MANUALLY TRANSLATED	NA	http://purl.obolibrary.org/obo/trans/releases/2022-10-10/trans.owl	Translator: Alexander Largaespada; Reviewer: Salvador G. Ordorica	NA
trans	definition	TRANS:0000006	IAO:0000115	Congenital transmission is a direct transmission process during which the pathogen is transmitted directly from mother to child at or around the time of birth.	La transmisión congénita es un proceso de transmisión directa durante el cual el patógeno se transmite directamente de la madre al niño en el momento del nacimiento o en torno a él.	The Spanish Group LLC (https://thespanishgroup.org/)	2024-05-21	en	es	MANUALLY TRANSLATED	NA	http://purl.obolibrary.org/obo/trans/releases/2022-10-10/trans.owl	Translator: Alexander Largaespada; Reviewer: Salvador G. Ordorica	NA
trans	definition	TRANS:0000007	IAO:0000115	Contact transmission is a direct transmission process during which the pathogen is transmitted   from a reservoir, source or host to another host by kissing, skin-to-skin contact, sexual intercourse, or by contact with soil or vegetation containing the pathogen.	La transmisión por contacto es un proceso de transmisión directa durante el cual el patógeno se transmite de un reservorio, fuente o huésped a otro huésped mediante besos, contacto piel con piel, relaciones sexuales o por contacto con tierra o vegetación que contenga el patógeno.	The Spanish Group LLC (https://thespanishgroup.org/)	2024-05-21	en	es	MANUALLY TRANSLATED	NA	http://purl.obolibrary.org/obo/trans/releases/2022-10-10/trans.owl	Translator: Alexander Largaespada; Reviewer: Salvador G. Ordorica	NA
trans	definition	TRANS:0000008	IAO:0000115	Droplet spread transmission is a direct transmission process during which the pathogen is transmitted from a reservoir, source or host to another host by spray of aerosols over a short distance, spray from sneezing, coughing or talking.	La transmisión por gotitas es un proceso de transmisión directa durante el cual el patógeno se transmite de un reservorio, fuente o huésped a otro huésped mediante la pulverización de aerosoles a corta distancia, la pulverización al estornudar, toser o hablar.	The Spanish Group LLC (https://thespanishgroup.org/)	2024-05-21	en	es	MANUALLY TRANSLATED	NA	http://purl.obolibrary.org/obo/trans/releases/2022-10-10/trans.owl	Translator: Alexander Largaespada; Reviewer: Salvador G. Ordorica	NA
trans	definition	TRANS:0000009	IAO:0000115	Airborne transmission is an indirect transmission process during which the pathogen is indirectly transferred from a reservoir, source or host to another host while suspended in the air as dust.	La transmisión aérea es un proceso de transmisión indirecta durante el cual el agente patógeno se transmite indirectamente de un reservorio, fuente o huésped a otro huésped mientras está suspendido en el aire en forma de polvo.	The Spanish Group LLC (https://thespanishgroup.org/)	2024-05-21	en	es	MANUALLY TRANSLATED	NA	http://purl.obolibrary.org/obo/trans/releases/2022-10-10/trans.owl	Translator: Alexander Largaespada; Reviewer: Salvador G. Ordorica	NA
trans	definition	TRANS:0000010	IAO:0000115	Vehicle-borne transmission is an indirect transmission process during which the pathogen is indirectly transferred from a reservoir, source or host to another host by inanimate intermediary vehicle objects.	La transmisión vehicular es un proceso de transmisión indirecta durante el cual el patógeno se transfiere indirectamente de un reservorio, fuente o huésped a otro huésped mediante objetos vehiculares intermediarios inanimados.	The Spanish Group LLC (https://thespanishgroup.org/)	2024-05-21	en	es	MANUALLY TRANSLATED	NA	http://purl.obolibrary.org/obo/trans/releases/2022-10-10/trans.owl	Translator: Alexander Largaespada; Reviewer: Salvador G. Ordorica	NA
trans	definition	TRANS:0000011	IAO:0000115	Vehicle-borne fomite transmission is an indirect vehicle-borne transmission process during which the pathogen is indirectly transferred from a reservoir, source or host to another host by inanimate objects including: medical instruments, cloth, fur, metal or plastic utensils.	La transmisión por vehículos es un proceso de transmisión indirecta vehicular durante el cual el agente patógeno se transfiere indirectamente desde un reservorio, fuente o huésped a otro huésped mediante objetos inanimados entre los que se incluyen: instrumentos médicos, telas, pieles, utensilios de metal o plástico.	The Spanish Group LLC (https://thespanishgroup.org/)	2024-05-21	en	es	MANUALLY TRANSLATED	NA	http://purl.obolibrary.org/obo/trans/releases/2022-10-10/trans.owl	Translator: Alexander Largaespada; Reviewer: Salvador G. Ordorica	NA
trans	definition	TRANS:0000012	IAO:0000115	Vehicle-borne ingestion transmission is an indirect vehicle-borne transmission process during which the pathogen is indirectly transferred from a reservoir, source or host to another host by ingestion of fluids or foods or food products including: food, water, milk, or meat products.	La transmisión vehicular por ingestión es un proceso de transmisión vehicular indirecta durante el cual el patógeno se transfiere indirectamente desde un reservorio, fuente o huésped a otro huésped por ingestión de fluidos o alimentos o productos alimenticios, incluyendo: alimentos, agua, leche o productos cárnicos.	The Spanish Group LLC (https://thespanishgroup.org/)	2024-05-21	en	es	MANUALLY TRANSLATED	NA	http://purl.obolibrary.org/obo/trans/releases/2022-10-10/trans.owl	Translator: Alexander Largaespada; Reviewer: Salvador G. Ordorica	NA
trans	definition	TRANS:0000013	IAO:0000115	Vehicle-borne medical transmission is an indirect vehicle-borne transmission process during which the pathogen is indirectly transferred from a reservoir, source or host to another host by biological products including: blood, serum, plasma, tissue, or organs.	La transmisión por vehículo médico es un proceso de transmisión indirecta por vehículo durante el cual el patógeno se transfiere indirectamente de un reservorio, fuente o huésped a otro huésped mediante productos biológicos que incluyen: sangre, suero, plasma, tejidos u órganos.	The Spanish Group LLC (https://thespanishgroup.org/)	2024-05-21	en	es	MANUALLY TRANSLATED	NA	http://purl.obolibrary.org/obo/trans/releases/2022-10-10/trans.owl	Translator: Alexander Largaespada; Reviewer: Salvador G. Ordorica	NA
trans	definition	TRANS:0000014	IAO:0000115	Vector-borne bite transmission is an indirect vector-borne transmission during which the pathogen is indirectly transferred by insect bites from a reservoir, source or host via a vector to another host.	La transmisión por mordedura vectorial es un proceso de transmisión indirecta por vector durante el cual el patógeno se transfiere indirectamente por picadura de insecto desde un reservorio, fuente o huésped a través de un vector a otro huésped.	The Spanish Group LLC (https://thespanishgroup.org/)	2024-05-21	en	es	MANUALLY TRANSLATED	NA	http://purl.obolibrary.org/obo/trans/releases/2022-10-10/trans.owl	Translator: Alexander Largaespada; Reviewer: Salvador G. Ordorica	NA
trans	definition	TRANS:0000015	IAO:0000115	Biological transmission is an indirect vector-borne transmission process during which the pathogen is transported, from a reservoir, source or host to another host, within the vector and undergoes part of it's lifecycle in the vector.	La transmisión biológica es un proceso de transmisión indirecta por vector durante el cual el patógeno es transportado, desde un reservorio, fuente o huésped a otro huésped, dentro del vector y sufre parte de su ciclo vital en el vector.	The Spanish Group LLC (https://thespanishgroup.org/)	2024-05-21	en	es	MANUALLY TRANSLATED	NA	http://purl.obolibrary.org/obo/trans/releases/2022-10-10/trans.owl	Translator: Alexander Largaespada; Reviewer: Salvador G. Ordorica	NA
trans	definition	TRANS:0000018	IAO:0000115	Placental transmission is a congenital transmission process during which the pathogen is transmitted directly from mother to child across the placental barrier.	La transmisión placentaria es un proceso de transmisión congénita durante el cual el patógeno se transmite directamente de la madre al niño a través de la barrera placentaria.	The Spanish Group LLC (https://thespanishgroup.org/)	2024-05-21	en	es	MANUALLY TRANSLATED	NA	http://purl.obolibrary.org/obo/trans/releases/2022-10-10/trans.owl	Translator: Alexander Largaespada; Reviewer: Salvador G. Ordorica	NA
trans	definition	TRANS:0000019	IAO:0000115	Arthropod borne transmission is a vector-borne transmission process during which the pathogen is indirectly transferred from a reservoir, source or host via an animate intermediary arthropod vector to another host.	La transmisión por artrópodos es un proceso de transmisión vectorial durante el cual el patógeno se transfiere indirectamente desde un reservorio, fuente o huésped a través de un artrópodo vector intermediario animado a otro huésped.	The Spanish Group LLC (https://thespanishgroup.org/)	2024-05-21	en	es	MANUALLY TRANSLATED	NA	http://purl.obolibrary.org/obo/trans/releases/2022-10-10/trans.owl	Translator: Alexander Largaespada; Reviewer: Salvador G. Ordorica	NA
trans	definition	TRANS:0000020	IAO:0000115	Insect borne transmission is an arthropod vector-borne transmission process during which the pathogen is indirectly transferred from a reservoir, source or host via an intermediary insect vector such as a flea or mosquito to another host.	La transmisión por insectos es un proceso de transmisión por vectores artrópodos durante el cual el patógeno se transfiere indirectamente desde un reservorio, fuente o huésped a través de un insecto vector intermediario como una pulga o un mosquito a otro huésped.	The Spanish Group LLC (https://thespanishgroup.org/)	2024-05-21	en	es	MANUALLY TRANSLATED	NA	http://purl.obolibrary.org/obo/trans/releases/2022-10-10/trans.owl	Translator: Alexander Largaespada; Reviewer: Salvador G. Ordorica	NA
trans	definition	TRANS:0000021	IAO:0000115	Mosquito borne transmission is an insect borne transmission process during which the pathogen is indirectly transferred from a reservoir, source or host via an intermediary mosquito vector to another host.	La transmisión por mosquitos es un proceso de transmisión por insectos durante el cual el patógeno se transfiere indirectamente desde un reservorio, fuente o huésped a través de un mosquito vector intermediario a otro huésped.	The Spanish Group LLC (https://thespanishgroup.org/)	2024-05-21	en	es	MANUALLY TRANSLATED	NA	http://purl.obolibrary.org/obo/trans/releases/2022-10-10/trans.owl	Translator: Alexander Largaespada; Reviewer: Salvador G. Ordorica	NA
trans	definition	TRANS:0000022	IAO:0000115	Anopheles gambiae borne transmission is a mosquito borne transmission process during which the pathogen is indirectly transferred from a reservoir, source or host via an intermediary mosquito vector of the species Anopheles gambiae to another host.	La transmisión por Anopheles gambiae es un proceso de transmisión por mosquitos durante el cual el patógeno se transfiere indirectamente desde un reservorio, fuente o huésped a través de un mosquito vector intermediario de la especie Anopheles gambiae a otro huésped.	The Spanish Group LLC (https://thespanishgroup.org/)	2024-05-21	en	es	MANUALLY TRANSLATED	NA	http://purl.obolibrary.org/obo/trans/releases/2022-10-10/trans.owl	Translator: Alexander Largaespada; Reviewer: Salvador G. Ordorica	NA
trans	definition	TRANS:0000023	IAO:0000115	Flea borne transmission is an insect borne transmission process during which the pathogen is indirectly transferred from a reservoir, source or host via an intermediary flea vector to another host.	La transmisión por pulgas es un proceso de transmisión por insectos durante el cual el patógeno se transfiere indirectamente desde un reservorio, fuente o huésped a través de una pulga vectora intermediaria a otro huésped.	The Spanish Group LLC (https://thespanishgroup.org/)	2024-05-21	en	es	MANUALLY TRANSLATED	NA	http://purl.obolibrary.org/obo/trans/releases/2022-10-10/trans.owl	Translator: Alexander Largaespada; Reviewer: Salvador G. Ordorica	NA
trans	definition	TRANS:0000024	IAO:0000115	Tick borne transmission is an arachnid borne transmission process during which the pathogen is indirectly transferred from a reservoir, source or host via an intermediary tick vector to another host.	La transmisión por garrapatas es un proceso de transmisión por arácnidos durante el cual el patógeno se transfiere indirectamente desde un reservorio, fuente o huésped a través de un vector garrapata intermediario a otro huésped.	The Spanish Group LLC (https://thespanishgroup.org/)	2024-05-21	en	es	MANUALLY TRANSLATED	NA	http://purl.obolibrary.org/obo/trans/releases/2022-10-10/trans.owl	Translator: Alexander Largaespada; Reviewer: Salvador G. Ordorica	NA
trans	definition	TRANS:0000025	IAO:0000115	Copepod borne transmission is a vector-borne transmission process during which the pathogen is indirectly transferred from a reservoir, source or host via an animate intermediary copepod vector to another host.	La transmisión por copépodos es un proceso de transmisión por vectores durante el cual el patógeno se transfiere indirectamente desde un reservorio, fuente o huésped a través de un vector copépodo intermediario animado a otro huésped.	The Spanish Group LLC (https://thespanishgroup.org/)	2024-05-21	en	es	MANUALLY TRANSLATED	NA	http://purl.obolibrary.org/obo/trans/releases/2022-10-10/trans.owl	Translator: Alexander Largaespada; Reviewer: Salvador G. Ordorica	NA
trans	definition	TRANS:0000026	IAO:0000115	Dracunculus medinensis borne transmission is a copepod borne transmission process during which the pathogen is indirectly transferred from a reservoir, source or host via an animate intermediary copepod vector of the species Dracunculus medinensis to another host.	La transmisión transmitida por Dracunculus medinensis es un proceso de transmisión transmitida por copépodos durante el cual el patógeno se transfiere indirectamente desde un reservorio, fuente o huésped a través de un vector copépodo intermediario animado de la especie Dracunculus medinensis a otro huésped.	The Spanish Group LLC (https://thespanishgroup.org/)	2024-05-21	en	es	MANUALLY TRANSLATED	NA	http://purl.obolibrary.org/obo/trans/releases/2022-10-10/trans.owl	Translator: Alexander Largaespada; Reviewer: Salvador G. Ordorica	NA
trans	definition	TRANS:0000027	IAO:0000115	Arachnid borne transmission is an arthropod vector-borne transmission process during which the pathogen is indirectly transferred from a reservoir, source or host via an intermediary arthropod vector such as a tick to another host.	La transmisión transmitida por arácnidos es un proceso de transmisión vectorial por artrópodos durante el cual el patógeno se transfiere indirectamente desde un reservorio, fuente o huésped a través de un artrópodo vector intermediario como una garrapata a otro huésped.	The Spanish Group LLC (https://thespanishgroup.org/)	2024-05-21	en	es	MANUALLY TRANSLATED	NA	http://purl.obolibrary.org/obo/trans/releases/2022-10-10/trans.owl	Translator: Alexander Largaespada; Reviewer: Salvador G. Ordorica	NA
trans	definition	TRANS:0000028	IAO:0000115	Propagative transmission is an indirect vector-borne biological transmission process during which the pathogen that is ingested with the blood meal undergoes simple multiplication in the body of the vector.	La transmisión propagativa es un proceso de transmisión biológica indirecta por vector durante el cual el patógeno que se ingiere con la comida de sangre experimenta una multiplicación simple en el cuerpo del vector.	The Spanish Group LLC (https://thespanishgroup.org/)	2024-05-21	en	es	MANUALLY TRANSLATED	NA	http://purl.obolibrary.org/obo/trans/releases/2022-10-10/trans.owl	Translator: Alexander Largaespada; Reviewer: Salvador G. Ordorica	NA
trans	definition	TRANS:0000029	IAO:0000115	Cyclopropagative transmission is an indirect vector-borne biological transmission process during which the pathogen undergoes a developmental cycle (changes from one stage to another) as well as multiplication in the body of the vector.	La transmisión ciclopropagativa es un proceso de transmisión biológica indirecta transmitida por vectores durante el cual el patógeno experimenta un ciclo de desarrollo (cambios de un estadio a otro) así como una multiplicación en el cuerpo del vector.	The Spanish Group LLC (https://thespanishgroup.org/)	2024-05-21	en	es	MANUALLY TRANSLATED	NA	http://purl.obolibrary.org/obo/trans/releases/2022-10-10/trans.owl	Translator: Alexander Largaespada; Reviewer: Salvador G. Ordorica	NA
trans	definition	TRANS:0000030	IAO:0000115	Cyclodevelopmental transmission is an indirect vector-borne biological transmission process during which the pathogen undergoes developmental changes from one stage to another, but does not multiply.	La transmisión ciclodesarrollada es un proceso de transmisión biológica indirecta transmitida por vectores durante el cual el patógeno experimenta cambios de desarrollo de un estadio a otro, pero no se multiplica.	The Spanish Group LLC (https://thespanishgroup.org/)	2024-05-21	en	es	MANUALLY TRANSLATED	NA	http://purl.obolibrary.org/obo/trans/releases/2022-10-10/trans.owl	Translator: Alexander Largaespada; Reviewer: Salvador G. Ordorica	NA
trans	definition	TRANS:0000031	IAO:0000115	Transovarial transmission is an indirect vector-borne biological transmission process during which the pathogen is transmitted from the female parent through the eggs to the offspring and the developing egg is infected.	La transmisión transovárica es un proceso de transmisión biológica indirecta transmitida por vectores durante el cual el patógeno se transmite del progenitor hembra a través de los huevos a la descendencia y el huevo en desarrollo está infectado.	The Spanish Group LLC (https://thespanishgroup.org/)	2024-05-21	en	es	MANUALLY TRANSLATED	NA	http://purl.obolibrary.org/obo/trans/releases/2022-10-10/trans.owl	Translator: Alexander Largaespada; Reviewer: Salvador G. Ordorica	NA
trans	definition	TRANS:0000032	IAO:0000115	Vertical transmission is an indirect vector-borne biological transmission process during which the pathogen is transmitted from the female parent through the eggs to the offspring. Only the ovarial sheath and oviduct are infected.  The egg becomes infected as it passes down the oviduct and is inseminated.	La transmisión vertical es un proceso de transmisión biológica indirecta transmitida por vectores durante el cual el patógeno se transmite del progenitor hembra a través de los huevos a la descendencia. Sólo se infectan la vaina ovárica y el oviducto.  El huevo se infecta al pasar por el oviducto y ser inseminado.	The Spanish Group LLC (https://thespanishgroup.org/)	2024-05-21	en	es	MANUALLY TRANSLATED	NA	http://purl.obolibrary.org/obo/trans/releases/2022-10-10/trans.owl	Translator: Alexander Largaespada; Reviewer: Salvador G. Ordorica	NA
trans	definition	TRANS:0000033	IAO:0000115	Trans-stadial transmission is an indirect vector-borne biological transmission process during which the newly hatched larval stages are infected with the pathogen, which is then transmitted to subsequent development stages of the vector.	La transmisión transestadial es un proceso de transmisión biológica indirecta por vector durante el cual las fases larvarias recién eclosionadas se infectan con el patógeno, que se transmite a las fases de desarrollo posteriores del vector.	The Spanish Group LLC (https://thespanishgroup.org/)	2024-05-21	en	es	MANUALLY TRANSLATED	NA	http://purl.obolibrary.org/obo/trans/releases/2022-10-10/trans.owl	Translator: Alexander Largaespada; Reviewer: Salvador G. Ordorica	NA
trans	definition	TRANS:0000034	IAO:0000115	Veneral transmission is an indirect vector-borne biological transmission process during which the pathogen is transferred to uninfected female vectors in the seminal fluid during copulation.	La transmisión venérea es un proceso de transmisión biológica indirecta transmitida por vectores durante el cual el patógeno se transfiere a las hembras vectoras no infectadas en el fluido seminal durante la cópula.	The Spanish Group LLC (https://thespanishgroup.org/)	2024-05-21	en	es	MANUALLY TRANSLATED	NA	http://purl.obolibrary.org/obo/trans/releases/2022-10-10/trans.owl	Translator: Alexander Largaespada; Reviewer: Salvador G. Ordorica	NA
trans	label	TRANS:0000000	rdfs:label	transmission process	proceso de transmisión	The Spanish Group LLC (https://thespanishgroup.org/)	2024-05-21	en	es	MANUALLY TRANSLATED	NA	http://purl.obolibrary.org/obo/trans/releases/2022-10-10/trans.owl	Translator: Alexander Largaespada; Reviewer: Salvador G. Ordorica	NA
trans	label	TRANS:0000001	rdfs:label	direct transmission	transmisión directa	The Spanish Group LLC (https://thespanishgroup.org/)	2024-05-21	en	es	MANUALLY TRANSLATED	NA	http://purl.obolibrary.org/obo/trans/releases/2022-10-10/trans.owl	Translator: Alexander Largaespada; Reviewer: Salvador G. Ordorica	NA
trans	label	TRANS:0000002	rdfs:label	indirect transmission	transmisión indirecta	The Spanish Group LLC (https://thespanishgroup.org/)	2024-05-21	en	es	MANUALLY TRANSLATED	NA	http://purl.obolibrary.org/obo/trans/releases/2022-10-10/trans.owl	Translator: Alexander Largaespada; Reviewer: Salvador G. Ordorica	NA
trans	label	TRANS:0000003	rdfs:label	mechanical transmission	transmisión mecánica	The Spanish Group LLC (https://thespanishgroup.org/)	2024-05-21	en	es	MANUALLY TRANSLATED	NA	http://purl.obolibrary.org/obo/trans/releases/2022-10-10/trans.owl	Translator: Alexander Largaespada; Reviewer: Salvador G. Ordorica	NA
trans	label	TRANS:0000005	rdfs:label	vector-borne transmission	transmisión vectorial	The Spanish Group LLC (https://thespanishgroup.org/)	2024-05-21	en	es	MANUALLY TRANSLATED	NA	http://purl.obolibrary.org/obo/trans/releases/2022-10-10/trans.owl	Translator: Alexander Largaespada; Reviewer: Salvador G. Ordorica	NA
trans	label	TRANS:0000006	rdfs:label	congenital transmission	transmisión congénita	The Spanish Group LLC (https://thespanishgroup.org/)	2024-05-21	en	es	MANUALLY TRANSLATED	NA	http://purl.obolibrary.org/obo/trans/releases/2022-10-10/trans.owl	Translator: Alexander Largaespada; Reviewer: Salvador G. Ordorica	NA
trans	label	TRANS:0000007	rdfs:label	contact transmission	transmisión por contacto	The Spanish Group LLC (https://thespanishgroup.org/)	2024-05-21	en	es	MANUALLY TRANSLATED	NA	http://purl.obolibrary.org/obo/trans/releases/2022-10-10/trans.owl	Translator: Alexander Largaespada; Reviewer: Salvador G. Ordorica	NA
trans	label	TRANS:0000008	rdfs:label	droplet spread transmission	transmisión por gotitas	The Spanish Group LLC (https://thespanishgroup.org/)	2024-05-21	en	es	MANUALLY TRANSLATED	NA	http://purl.obolibrary.org/obo/trans/releases/2022-10-10/trans.owl	Translator: Alexander Largaespada; Reviewer: Salvador G. Ordorica	NA
trans	label	TRANS:0000009	rdfs:label	airborne transmission	transmisión aérea	The Spanish Group LLC (https://thespanishgroup.org/)	2024-05-21	en	es	MANUALLY TRANSLATED	NA	http://purl.obolibrary.org/obo/trans/releases/2022-10-10/trans.owl	Translator: Alexander Largaespada; Reviewer: Salvador G. Ordorica	NA
trans	label	TRANS:0000010	rdfs:label	vehicle-borne transmission	transmisión vehícular	The Spanish Group LLC (https://thespanishgroup.org/)	2024-05-21	en	es	MANUALLY TRANSLATED	NA	http://purl.obolibrary.org/obo/trans/releases/2022-10-10/trans.owl	Translator: Alexander Largaespada; Reviewer: Salvador G. Ordorica	NA
trans	label	TRANS:0000011	rdfs:label	vehicle-borne fomite transmission	transmisión por vehículos	The Spanish Group LLC (https://thespanishgroup.org/)	2024-05-21	en	es	MANUALLY TRANSLATED	NA	http://purl.obolibrary.org/obo/trans/releases/2022-10-10/trans.owl	Translator: Alexander Largaespada; Reviewer: Salvador G. Ordorica	NA
trans	label	TRANS:0000012	rdfs:label	vehicle-borne ingestion transmission	transmisión vehicular por ingestión	The Spanish Group LLC (https://thespanishgroup.org/)	2024-05-21	en	es	MANUALLY TRANSLATED	NA	http://purl.obolibrary.org/obo/trans/releases/2022-10-10/trans.owl	Translator: Alexander Largaespada; Reviewer: Salvador G. Ordorica	NA
trans	label	TRANS:0000013	rdfs:label	vehicle-borne medical transmission	transmisión por vehículo médico	The Spanish Group LLC (https://thespanishgroup.org/)	2024-05-21	en	es	MANUALLY TRANSLATED	NA	http://purl.obolibrary.org/obo/trans/releases/2022-10-10/trans.owl	Translator: Alexander Largaespada; Reviewer: Salvador G. Ordorica	NA
trans	label	TRANS:0000014	rdfs:label	vector-borne bite transmission	transmisión por mordedura vectorial	The Spanish Group LLC (https://thespanishgroup.org/)	2024-05-21	en	es	MANUALLY TRANSLATED	NA	http://purl.obolibrary.org/obo/trans/releases/2022-10-10/trans.owl	Translator: Alexander Largaespada; Reviewer: Salvador G. Ordorica	NA
trans	label	TRANS:0000015	rdfs:label	biologic transmission	transmisión biológica	The Spanish Group LLC (https://thespanishgroup.org/)	2024-05-21	en	es	MANUALLY TRANSLATED	NA	http://purl.obolibrary.org/obo/trans/releases/2022-10-10/trans.owl	Translator: Alexander Largaespada; Reviewer: Salvador G. Ordorica	NA
trans	label	TRANS:0000018	rdfs:label	placental transmission	transmisión placentaria	The Spanish Group LLC (https://thespanishgroup.org/)	2024-05-21	en	es	MANUALLY TRANSLATED	NA	http://purl.obolibrary.org/obo/trans/releases/2022-10-10/trans.owl	Translator: Alexander Largaespada; Reviewer: Salvador G. Ordorica	NA
trans	label	TRANS:0000019	rdfs:label	arthropod borne transmission	transmisión por artrópodos	The Spanish Group LLC (https://thespanishgroup.org/)	2024-05-21	en	es	MANUALLY TRANSLATED	NA	http://purl.obolibrary.org/obo/trans/releases/2022-10-10/trans.owl	Translator: Alexander Largaespada; Reviewer: Salvador G. Ordorica	NA
trans	label	TRANS:0000020	rdfs:label	insect borne transmission	transmisión por insectos	The Spanish Group LLC (https://thespanishgroup.org/)	2024-05-21	en	es	MANUALLY TRANSLATED	NA	http://purl.obolibrary.org/obo/trans/releases/2022-10-10/trans.owl	Translator: Alexander Largaespada; Reviewer: Salvador G. Ordorica	NA
trans	label	TRANS:0000021	rdfs:label	mosquito borne transmission	transmisión por mosquitos	The Spanish Group LLC (https://thespanishgroup.org/)	2024-05-21	en	es	MANUALLY TRANSLATED	NA	http://purl.obolibrary.org/obo/trans/releases/2022-10-10/trans.owl	Translator: Alexander Largaespada; Reviewer: Salvador G. Ordorica	NA
trans	label	TRANS:0000022	rdfs:label	Anopheles gambiae borne transmission	Transmisión transmitida por el Anopheles gambiae	The Spanish Group LLC (https://thespanishgroup.org/)	2024-05-21	en	es	MANUALLY TRANSLATED	NA	http://purl.obolibrary.org/obo/trans/releases/2022-10-10/trans.owl	Translator: Alexander Largaespada; Reviewer: Salvador G. Ordorica	NA
trans	label	TRANS:0000023	rdfs:label	flea borne transmission	transmisión por pulgas	The Spanish Group LLC (https://thespanishgroup.org/)	2024-05-21	en	es	MANUALLY TRANSLATED	NA	http://purl.obolibrary.org/obo/trans/releases/2022-10-10/trans.owl	Translator: Alexander Largaespada; Reviewer: Salvador G. Ordorica	NA
trans	label	TRANS:0000024	rdfs:label	tick borne transmission	transmisión por garrapatas	The Spanish Group LLC (https://thespanishgroup.org/)	2024-05-21	en	es	MANUALLY TRANSLATED	NA	http://purl.obolibrary.org/obo/trans/releases/2022-10-10/trans.owl	Translator: Alexander Largaespada; Reviewer: Salvador G. Ordorica	NA
trans	label	TRANS:0000025	rdfs:label	copepod borne transmission	transmisión transmitida por copéopodos	The Spanish Group LLC (https://thespanishgroup.org/)	2024-05-21	en	es	MANUALLY TRANSLATED	NA	http://purl.obolibrary.org/obo/trans/releases/2022-10-10/trans.owl	Translator: Alexander Largaespada; Reviewer: Salvador G. Ordorica	NA
trans	label	TRANS:0000026	rdfs:label	Dracunculus medinensis borne transmission	Transmisión por Dracunculus medinensis	The Spanish Group LLC (https://thespanishgroup.org/)	2024-05-21	en	es	MANUALLY TRANSLATED	NA	http://purl.obolibrary.org/obo/trans/releases/2022-10-10/trans.owl	Translator: Alexander Largaespada; Reviewer: Salvador G. Ordorica	NA
trans	label	TRANS:0000027	rdfs:label	arachnid borne transmission	transmisión por arácnidos	The Spanish Group LLC (https://thespanishgroup.org/)	2024-05-21	en	es	MANUALLY TRANSLATED	NA	http://purl.obolibrary.org/obo/trans/releases/2022-10-10/trans.owl	Translator: Alexander Largaespada; Reviewer: Salvador G. Ordorica	NA
trans	label	TRANS:0000028	rdfs:label	propagative transmission	transmisión propagativa	The Spanish Group LLC (https://thespanishgroup.org/)	2024-05-21	en	es	MANUALLY TRANSLATED	NA	http://purl.obolibrary.org/obo/trans/releases/2022-10-10/trans.owl	Translator: Alexander Largaespada; Reviewer: Salvador G. Ordorica	NA
trans	label	TRANS:0000029	rdfs:label	cyclopropagative transmission	transmisión ciclopropagativa	The Spanish Group LLC (https://thespanishgroup.org/)	2024-05-21	en	es	MANUALLY TRANSLATED	NA	http://purl.obolibrary.org/obo/trans/releases/2022-10-10/trans.owl	Translator: Alexander Largaespada; Reviewer: Salvador G. Ordorica	NA
trans	label	TRANS:0000030	rdfs:label	cyclodevelopmental transmission	transmisión ciclodesarrollativa	The Spanish Group LLC (https://thespanishgroup.org/)	2024-05-21	en	es	MANUALLY TRANSLATED	NA	http://purl.obolibrary.org/obo/trans/releases/2022-10-10/trans.owl	Translator: Alexander Largaespada; Reviewer: Salvador G. Ordorica	NA
trans	label	TRANS:0000031	rdfs:label	transovarial transmission	transmisión transovárica	The Spanish Group LLC (https://thespanishgroup.org/)	2024-05-21	en	es	MANUALLY TRANSLATED	NA	http://purl.obolibrary.org/obo/trans/releases/2022-10-10/trans.owl	Translator: Alexander Largaespada; Reviewer: Salvador G. Ordorica	NA
trans	label	TRANS:0000032	rdfs:label	vertical transmission	transmisión vertical	The Spanish Group LLC (https://thespanishgroup.org/)	2024-05-21	en	es	MANUALLY TRANSLATED	NA	http://purl.obolibrary.org/obo/trans/releases/2022-10-10/trans.owl	Translator: Alexander Largaespada; Reviewer: Salvador G. Ordorica	NA
trans	label	TRANS:0000033	rdfs:label	trans-stadial transmission	transmisión transestadial	The Spanish Group LLC (https://thespanishgroup.org/)	2024-05-21	en	es	MANUALLY TRANSLATED	NA	http://purl.obolibrary.org/obo/trans/releases/2022-10-10/trans.owl	Translator: Alexander Largaespada; Reviewer: Salvador G. Ordorica	NA
trans	label	TRANS:0000034	rdfs:label	veneral transmission	transmisión venérea	The Spanish Group LLC (https://thespanishgroup.org/)	2024-05-21	en	es	MANUALLY TRANSLATED	NA	http://purl.obolibrary.org/obo/trans/releases/2022-10-10/trans.owl	Translator: Alexander Largaespada; Reviewer: Salvador G. Ordorica	NA
trans	syn	TRANS:0000006	oboInOwl:hasExactSynonym	mother-to-child transmission	transmisión de madre a hijo	The Spanish Group LLC (https://thespanishgroup.org/)	2024-05-21	en	es	MANUALLY TRANSLATED	NA	http://purl.obolibrary.org/obo/trans/releases/2022-10-10/trans.owl	Translator: Alexander Largaespada; Reviewer: Salvador G. Ordorica	NA
trans	syn	TRANS:0000015	oboInOwl:hasExactSynonym	vector-borne gastro-intestinal	gastrointestinal transmitida por vectores	The Spanish Group LLC (https://thespanishgroup.org/)	2024-05-21	en	es	MANUALLY TRANSLATED	NA	http://purl.obolibrary.org/obo/trans/releases/2022-10-10/trans.owl	Translator: Alexander Largaespada; Reviewer: Salvador G. Ordorica	NA
trans	syn	TRANS:0000026	oboInOwl:hasExactSynonym	Guinea worm borne	transmitida por el gusano de Guinea	The Spanish Group LLC (https://thespanishgroup.org/)	2024-05-21	en	es	MANUALLY TRANSLATED	NA	http://purl.obolibrary.org/obo/trans/releases/2022-10-10/trans.owl	Translator: Alexander Largaespada; Reviewer: Salvador G. Ordorica	NA
