tsg_set,class,label,clase,etiqueta
1,DOID:0001816,angiosarcoma,DOID:0001816,angiosarcoma
1,DOID:0002116,pterygium,DOID:0002116,pterigión
1,DOID:0014667,disease of metabolism,DOID:0014667,trastorno metabólico
1,DOID:0040001,shrimp allergy,DOID:0040001,alergia a los camarones
1,DOID:0040002,aspirin allergy,DOID:0040002,alergia a la aspirina
1,DOID:0040003,benzylpenicillin allergy,DOID:0040003,alergia a la bencilpenicilina
1,DOID:0040004,amoxicillin allergy,DOID:0040004,alergia a la amoxicilina
1,DOID:0040005,ceftriaxone allergy,DOID:0040005,alergia a la ceftriaxona
1,DOID:0040006,carbamazepine allergy,DOID:0040006,alergia a la carbamazepina
1,DOID:0040007,abacavir allergy,DOID:0040007,alergia al abacavir
1,DOID:0040008,isoniazide allergy,DOID:0040008,alergia a la isoniazida
1,DOID:0040009,lidocaine allergy,DOID:0040009,alergia a la lidocaína
1,DOID:0040010,mepivacaine allergy,DOID:0040010,alergia a la mepivacaína
1,DOID:0040011,phenobarbital allergy,DOID:0040011,alergia al fenobarbital
1,DOID:0040012,phenytoin allergy,DOID:0040012,alergia a la fenitoína
1,DOID:0040013,ranitidine allergy,DOID:0040013,alergia a la ranitidina
1,DOID:0040014,corticosteroid allergy,DOID:0040014,alergia a los corticosteroides
1,DOID:0040015,sulfonamide allergy,DOID:0040015,alergia a las sulfonamidas
1,DOID:0040016,sulfamethoxazole allergy,DOID:0040016,alergia al sulfametoxazol
1,DOID:0040017,suprofen allergy,DOID:0040017,alergia al suprofeno
1,DOID:0040018,thiopental allergy,DOID:0040018,alergia al tiopental
1,DOID:0040019,D-mannitol allergy,DOID:0040019,Alergia al D-manitol
1,DOID:0040020,cefotaxime allergy,DOID:0040020,alergia a la cefotaxima
1,DOID:0040021,cephalosporin allergy,DOID:0040021,alergia a la cefalosporina
1,DOID:0040022,amodiaquine allergy,DOID:0040022,alergia a la amodiaquina
1,DOID:0040023,cefaclor allergy,DOID:0040023,alergia al cefaclor
1,DOID:0040024,ceftazidime allergy,DOID:0040024,alergia a la ceftazidima
1,DOID:0040025,cefuroxime allergy,DOID:0040025,alergia a la cefuroxima
1,DOID:0040026,chlorhexidine allergy,DOID:0040026,alergia a la clorhexidina
1,DOID:0040027,cyclophosphamide allergy,DOID:0040027,alergia a la ciclofosfamida
1,DOID:0040028,succinylcholine allergy,DOID:0040028,alergia a la succinilcolina
1,DOID:0040029,trimethoprim allergy,DOID:0040029,alergia a la trimetoprima
1,DOID:0040030,cefixime allergy,DOID:0040030,alergia a la cefixima
1,DOID:0040031,diclofenac allergy,DOID:0040031,alergia al diclofenaco
1,DOID:0040032,carbapenem allergy,DOID:0040032,alergia a los carbapenémicos
1,DOID:0040033,piperacillin allergy,DOID:0040033,alergia a la piperacilina
1,DOID:0040034,rocuronium allergy,DOID:0040034,alergia al rocuronio
1,DOID:0040035,sulfasalazine allergy,DOID:0040035,alergia a la sulfasalazina
1,DOID:0040036,tubocurarine allergy,DOID:0040036,alergia a la tubocurarina
1,DOID:0040037,aztreonam allergy,DOID:0040037,alergia al aztreonam
1,DOID:0040038,meropenem allergy,DOID:0040038,alergia al meropenem
1,DOID:0040040,hexamethylene diisocyanate allergic asthma,DOID:0040040,asma alérgico al diisocianato de hexametileno
1,DOID:0040041,isocyanates allergic asthma,DOID:0040041,asma alérgico a los isocianatos
1,DOID:0040042,"diphenylmethane-4,4'-diisocyanate allergic asthma",DOID:0040042,"asma alérgico al difenilmetano-4,4'-diisocianato"
1,DOID:0040043,toluene meta-diisocyanate allergic asthma,DOID:0040043,asma alérgico al meta-diisocianato de tolueno
1,DOID:0040044,methyl isocyanate allergic asthma,DOID:0040044,asma alérgico al isocianato de metilo
1,DOID:0040045,nickel allergic asthma,DOID:0040045,asma alérgico al níquel
1,DOID:0040046,nickel allergic contact dermatitis,DOID:0040046,dermatitis de contacto alérgica al níquel
1,DOID:0040047,trimellitic anhydride allergic asthma,DOID:0040047,asma alérgico al anhídrido trimelítico
1,DOID:0040048,phthalic anhydride allergic asthma,DOID:0040048,asma alérgico al anhídrido ftálico
1,DOID:0040049,maleic anhydride allergic asthma,DOID:0040049,asma alérgico al anhídrido maleico
1,DOID:0040050,tetrachlorophthalic anhydride allergic asthma,DOID:0040050,asma alérgico al anhídrido tetraclorftálico
1,DOID:0040051,hexahydrophthalic anhydride allergic asthma,DOID:0040051,asma alérgico al anhídrido hexahidroftálico
1,DOID:0040052,"diphenylmethane-4,4'-diisocyanate allergic contact dermatitis",DOID:0040052,"dermatitis de contacto alérgica por difenilmetano-4,4'-diisocianato"
1,DOID:0040053,cobalt allergic contact dermatitis,DOID:0040053,dermatitis de contacto alérgica al cobalto
1,DOID:0040054,cobalt allergic asthma,DOID:0040054,asma alérgico al cobalto
1,DOID:0040055,palladium allergic contact dermatitis,DOID:0040055,dermatitis de contacto alérgica por paladio
1,DOID:0040056,chromium allergic contact dermatitis,DOID:0040056,dermatitis de contacto alérgica al cromo
1,DOID:0040057,benzoic acid allergic contact dermatitis,DOID:0040057,dermatitis de contacto alérgica por ácido benzoico
1,DOID:0040058,"1,4-phenylenediamine allergic contact dermatitis",DOID:0040058,"dermatitis de contacto alérgica por 1,4-fenilendiamina"
1,DOID:0040059,potassium dichromate allergic contact dermatitis,DOID:0040059,dermatitis de contacto alérgica por dicromato potásico
1,DOID:0040060,ketoprofen photoallergic dermatitis,DOID:0040060,dermatitis fotoalérgica al ketoprofeno
1,DOID:0040061,remazole black respiratory allergy,DOID:0040061,alergia respiratoria al negro remazol
1,DOID:0040062,chloramine T respiratory allergy,DOID:0040062,alergia respiratoria a la cloramina T
1,DOID:0040063,4-vinylcyclohexene dioxide respiratory allergy,DOID:0040063,alergia respiratoria al dióxido de 4-vinilciclohexeno
1,DOID:0040064,carvone allergic contact dermatitis,DOID:0040064,dermatitis de contacto alérgica por carvona
1,DOID:0040065,quinidine allergy,DOID:0040065,alergia a la quinidina
1,DOID:0040066,melphalan allergy,DOID:0040066,alergia al melfalán
1,DOID:0040067,neomycin sulfate allergic contact dermatitis,DOID:0040067,dermatitis de contacto alérgica por sulfato de neomicina
1,DOID:0040068,4-tert-butylphenol allergic contact dermatitis,DOID:0040068,dermatitis de contacto alérgica por 4-tert-butilfenol
1,DOID:0040069,"1-chloro-2,4-dinitrobenzene allergic contact dermatitis",DOID:0040069,"dermatitis de contacto alérgica por 1-cloro-2,4-dinitrobenceno"
1,DOID:0040070,co-trimoxazole allergy,DOID:0040070,alergia al cotrimoxazol
1,DOID:0040071,sodium aurothiomalate allergy,DOID:0040071,alergia al aurotiomalato sódico
1,DOID:0040072,parthenolide allergic contact dermatitis,DOID:0040072,dermatitis de contacto alérgica por partenolida
1,DOID:0040073,disodium cromoglycate allergy,DOID:0040073,alergia al cromoglicato disódico
1,DOID:0040074,formaldehyde allergic contact dermatitis,DOID:0040074,dermatitis de contacto alérgica al formaldehído
1,DOID:0040075,benzo[d]isothiazol-3-one allergic contact dermatitis,DOID:0040075,dermatitis de contacto alérgica por benzo[d]isotiazol-3-ona
1,DOID:0040076,phthalyl group allergy,DOID:0040076,alergia al grupo ftalilo
1,DOID:0040077,alcuronium bromide allergy,DOID:0040077,alergia al bromuro de alcuronio
1,DOID:0040078,gallamine allergy,DOID:0040078,alergia a la galamina
1,DOID:0040079,"2,4-dinitrophenyl allergic contact dermatitis",DOID:0040079,"dermatitis de contacto alérgica por 2,4-dinitrofenilo"
1,DOID:0040080,patent blue V allergy,DOID:0040080,alergia al azul patentado V
1,DOID:0040081,acid anhydride respiratory allergy,DOID:0040081,alergia respiratoria al anhídrido ácido
1,DOID:0040082,oxirane allergy,DOID:0040082,alergia al oxirano
1,DOID:0040083,Chlamydia pneumonia,DOID:0040083,neumonía por clamidia
1,DOID:0040084,Streptococcus pneumonia,DOID:0040084,Neumonía por estreptococo
1,DOID:0040085,bacterial sepsis,DOID:0040085,sepsis bacteriana
1,DOID:0040086,Polyomavirus-associated nephropathy,DOID:0040086,Nefropatía asociada al poliomavirus
1,DOID:0040087,autoimmune peripheral neuropathy,DOID:0040087,neuropatía periférica autoinmune
1,DOID:0040088,autoimmune uveitis,DOID:0040088,uveítis autoinmune
1,DOID:0040089,autoimmune optic neuritis,DOID:0040089,neuritis óptica autoinmune
1,DOID:0040090,autoimmune gastritis,DOID:0040090,gastritis autoinmune
1,DOID:0040091,autoimmune pancreatitis,DOID:0040091,pancreatitis autoinmune
1,DOID:0040092,juvenile ankylosing spondylitis,DOID:0040092,espondilitis anquilosante juvenil
1,DOID:0040093,drug-induced lupus erythematosus,DOID:0040093,lupus eritematoso inducido por fármacos
1,DOID:0040094,autoimmune glomerulonephritis,DOID:0040094,glomerulonefritis autoinmune
1,DOID:0040095,autoimmune cardiomyopathy,DOID:0040095,cardiomiopatía autoinmune
1,DOID:0040096,autoimmune atherosclerosis,DOID:0040096,aterosclerosis autoinmune
1,DOID:0040097,autoimmune vasculitis,DOID:0040097,vasculitis autoinmune
1,DOID:0040098,pemphigus gestationis,DOID:0040098,penfigoide gestacional
1,DOID:0040099,livedoid vasculitis,DOID:0040099,vasculitis livedoide
1,DOID:0040100,Hirata disease,DOID:0040100,enfermedad de Hirata
1,DOID:0040101,"N,N'-diphenylthiourea allergic contact dermatitis",DOID:0040101,"dermatitis de contacto alérgica por N,N'-difeniltiourea"
1,DOID:0040102,"N,N'-diethylthiourea allergic contact dermatitis",DOID:0040102,"dermatitis de contacto alérgica por N,N'-dietiltiourea"
1,DOID:0040103,cefotiam allergy,DOID:0040103,alergia al cefotiam
1,DOID:0040104,"toluene 2,4-diisocyanate allergic asthma",DOID:0040104,"asma alérgico al tolueno 2,4-diisocianato"
1,DOID:0050004,seminal vesicle acute gonorrhea,DOID:0050004,gonorrea aguda de la vesícula seminal
1,DOID:0050012,chikungunya,DOID:0050012,chikungunya
1,DOID:0050025,human granulocytic anaplasmosis,DOID:0050025,anaplasmosis granulocítica humana
1,DOID:0050026,human monocytic ehrlichiosis,DOID:0050026,ehrlichiosis monocítica humana
1,DOID:0050032,mineral metabolism disease,DOID:0050032,enfermedad del metabolismo mineral
1,DOID:0050035,African tick-bite fever,DOID:0050035,fiebre africana por picadura de garrapata
1,DOID:0050041,Astrakhan spotted fever,DOID:0050041,fiebre maculosa de Astracán
1,DOID:0050042,Indian tick typhus,DOID:0050042,tifus indio por garrapatas
1,DOID:0050043,Israeli tick typhus,DOID:0050043,tifus israelí por garrapatas
1,DOID:0050046,Far Eastern spotted fever,DOID:0050046,fiebre maculosa del Extremo Oriente
1,DOID:0050047,Flinders Island spotted fever,DOID:0050047,fiebre maculosa de la isla Flinders
1,DOID:0050050,Japanese spotted fever,DOID:0050050,fiebre maculosa japonesa
1,DOID:0050051,Rickettsia parkeri spotted fever,DOID:0050051,fiebre maculosa por Rickettsia parkeri
1,DOID:0050052,Rocky Mountain spotted fever,DOID:0050052,fiebre maculosa de las Montañas Rocosas
1,DOID:0050059,oropharyngeal anthrax,DOID:0050059,carbunco orofaríngeo
1,DOID:0050061,erysipeloid,DOID:0050061,erisipeloide
1,DOID:0050072,adiaspiromycosis,DOID:0050072,adiaspiromicosis
1,DOID:0050073,invasive aspergillosis,DOID:0050073,aspergilosis invasiva
1,DOID:0050083,Keshan disease,DOID:0050083,Enfermedad de Keshan
1,DOID:0050096,tinea barbae,DOID:0050096,tiña de la barba
1,DOID:0050097,ectothrix infectious disease,DOID:0050097,enfermedad infecciosa ectothrix
1,DOID:0050105,endothrix infectious disease,DOID:0050105,enfermedad infecciosa por endothrix
1,DOID:0050116,tinea imbricata,DOID:0050116,tiña imbricata
1,DOID:0050117,disease by infectious agent,DOID:0050117,enfermedad por agente infeccioso
1,DOID:0050118,La Crosse encephalitis,DOID:0050118,encefalitis de La Crosse
1,DOID:0050120,hemophagocytic lymphohistiocytosis,DOID:0050120,linfohistiocitosis hemofagocítica
1,DOID:0050125,dengue shock syndrome,DOID:0050125,síndrome de choque por dengue
1,DOID:0050127,sinusitis,DOID:0050127,sinusitis
1,DOID:0050129,secretory diarrhea,DOID:0050129,diarrea secretora
1,DOID:0050130,osmotic diarrhea,DOID:0050130,diarrea osmótica
1,DOID:0050131,motility-related diarrhea,DOID:0050131,diarrea relacionada con la motilidad
1,DOID:0050132,inflammatory diarrhea,DOID:0050132,diarrea inflamatoria
1,DOID:0050133,superficial mycosis,DOID:0050133,micosis superficial
1,DOID:0050134,cutaneous mycosis,DOID:0050134,micosis cutánea
1,DOID:0050135,subcutaneous mycosis,DOID:0050135,micosis subcutánea
1,DOID:0050136,systemic mycosis,DOID:0050136,micosis sistémica
1,DOID:0050138,podoconiosis,DOID:0050138,podoconiosis
1,DOID:0050140,acute diarrhea,DOID:0050140,diarrea aguda
1,DOID:0050141,intestinal botulism,DOID:0050141,botulismo intestinal
1,DOID:0050143,asymptomatic dengue,DOID:0050143,dengue asintomático
1,DOID:0050144,Kartagener syndrome,DOID:0050144,síndrome de Kartagener
1,DOID:0050145,adenoiditis,DOID:0050145,adenoiditis
1,DOID:0050147,otomycosis,DOID:0050147,otomicosis
1,DOID:0050148,laryngotracheitis,DOID:0050148,laringotraqueitis
1,DOID:0050150,Pontiac fever,DOID:0050150,fiebre de Pontiac
1,DOID:0050152,aspiration pneumonia,DOID:0050152,neumonía por aspiración
1,DOID:0050153,pulmonary aspergilloma,DOID:0050153,aspergiloma pulmonar
1,DOID:0050155,sensory system disease,DOID:0050155,enfermedad del sistema sensorial
1,DOID:0050156,idiopathic pulmonary fibrosis,DOID:0050156,fibrosis pulmonar idiopática
1,DOID:0050157,cryptogenic organizing pneumonia,DOID:0050157,neumonía organizativa criptogénica
1,DOID:0050158,desquamative interstitial pneumonia,DOID:0050158,neumonía intersticial descamativa
1,DOID:0050159,lymphoid interstitial pneumonia,DOID:0050159,neumonía intersticial linfoidea
1,DOID:0050160,inhalation anthrax,DOID:0050160,carbunco por inhalación
1,DOID:0050161,lower respiratory tract disease,DOID:0050161,enfermedad del tracto respiratorio inferior
1,DOID:0050166,tuberculous salpingitis,DOID:0050166,salpingitis tuberculosa
1,DOID:0050167,autoimmune polyendocrine syndrome type 1,DOID:0050167,síndrome polendocrino autoinmune tipo 1
1,DOID:0050168,autoimmune polyendocrine syndrome type 2,DOID:0050168,síndrome polendocrino autoinmune tipo 2
1,DOID:0050169,cutaneous lupus erythematosus,DOID:0050169,lupus eritematoso cutáneo
1,DOID:0050174,Kunjin encephalitis,DOID:0050174,encefalitis por el virus Kunjin
1,DOID:0050175,tick-borne encephalitis,DOID:0050175,encefalitis transmitida por garrapatas
1,DOID:0050177,monogenic disease,DOID:0050177,enfermedad monogénica
1,DOID:0050179,Powassan encephalitis,DOID:0050179,encefalitis por el virus Powassan
1,DOID:0050185,erythema multiforme,DOID:0050185,eritema multiforme
1,DOID:0050192,Nipah virus encephalitis,DOID:0050192,encefalitis por el virus Nipah
1,DOID:0050194,Argentine hemorrhagic fever,DOID:0050194,fiebre hemorrágica argentina
1,DOID:0050195,Bolivian hemorrhagic fever,DOID:0050195,fiebre hemorrágica boliviana
1,DOID:0050196,Venezuelan hemorrhagic fever,DOID:0050196,fiebre hemorrágica venezolana
1,DOID:0050197,Brazilian hemorrhagic fever,DOID:0050197,fiebre hemorrágica brasileña
1,DOID:0050198,Chapare hemorrhagic fever,DOID:0050198,fiebre hemorrágica de Chapare
1,DOID:0050199,Whitewater Arroyo hemorrhagic fever,DOID:0050199,fiebre hemorrágica de Whitewater Arroyo
1,DOID:0050200,Korean hemorrhagic fever,DOID:0050200,fiebre hemorrágica coreana
1,DOID:0050201,nephropathia epidemica,DOID:0050201,nefropatía epidémica
1,DOID:0050202,lujo hemorrhagic fever,DOID:0050202,fiebre hemorrágica del virus lujo
1,DOID:0050204,Epstein-Barr virus hepatitis,DOID:0050204,hepatitis por el virus de Epstein-Barr
1,DOID:0050211,swine influenza,DOID:0050211,gripe porcina
1,DOID:0050214,Lambert-Eaton myasthenic syndrome,DOID:0050214,síndrome miasténico de Lambert-Eaton
1,DOID:0050218,polycystic echinococcosis,DOID:0050218,equinococosis poliquística
1,DOID:0050222,selective IgM deficiency disease,DOID:0050222,enfermedad por deficiencia selectiva de IgM
1,DOID:0050242,primary amebic meningoencephalitis,DOID:0050242,meningoencefalitis amebiana primaria
1,DOID:0050246,granulomatous amebic encephalitis,DOID:0050246,encefalitis amebiana granulomatosa
1,DOID:0050250,philophthalmiasis,DOID:0050250,filoftalmiasis
1,DOID:0050251,coenurosis,DOID:0050251,coenurosis
1,DOID:0050253,mesocestoidiasis,DOID:0050253,mesocestoidiasis
1,DOID:0050254,acanthocephaliasis,DOID:0050254,acantocefaliasis
1,DOID:0050256,angiostrongyliasis,DOID:0050256,angiostrongiliasis
1,DOID:0050259,baylisascariasis,DOID:0050259,baylisascariasis
1,DOID:0050260,dioctophymiasis,DOID:0050260,dioctofimiasis
1,DOID:0050261,thelaziasis,DOID:0050261,thelaziosis
1,DOID:0050266,tungiasis,DOID:0050266,tungiasis
1,DOID:0050268,ophthalmomyiasis,DOID:0050268,oftalmomiasis
1,DOID:0050269,Trichomonas vaginalis trichomoniasis,DOID:0050269,trichomonas vaginalis tricomoniasis
1,DOID:0050270,Trichomonas tenax trichomoniasis,DOID:0050270,Tricomoniasis por Trichomonas tenax
1,DOID:0050278,basidiobolomycosis,DOID:0050278,basidiobolomicosis
1,DOID:0050279,conidiobolomycosis,DOID:0050279,conidiobolomicosis
1,DOID:0050288,penicilliosis,DOID:0050288,peniciliosis
1,DOID:0050289,fusariosis,DOID:0050289,fusariosis
1,DOID:0050290,trichosporonosis,DOID:0050290,tricosporonosis
1,DOID:0050291,parasitic Ichthyosporea infectious disease,DOID:0050291,enfermedad infecciosa parasitaria Ichthyosporea
1,DOID:0050292,primary systemic mycosis,DOID:0050292,micosis sistémica primaria
1,DOID:0050304,aniseikonia,DOID:0050304,aniseiconia
1,DOID:0050308,Alkhurma hemorrhagic fever,DOID:0050308,fiebre hemorrágica de Alkhurma
1,DOID:0050331,lacrimoauriculodentodigital syndrome 1,DOID:0050331,síndrome lacrimoauriculodentodigital 1
1,DOID:0050332,enlarged vestibular aqueduct,DOID:0050332,acueducto vestibular agrandado
1,DOID:0050335,bradyopsia,DOID:0050335,bradiópsia
1,DOID:0050336,hypophosphatemia,DOID:0050336,hipofosfatemia
1,DOID:0050338,primary bacterial infectious disease,DOID:0050338,enfermedad infecciosa bacteriana primaria
1,DOID:0050339,commensal bacterial infectious disease,DOID:0050339,enfermedad infecciosa bacteriana comensal
1,DOID:0050340,opportunistic bacterial infectious disease,DOID:0050340,enfermedad infecciosa bacteriana oportunista
1,DOID:0050352,foodborne botulism,DOID:0050352,botulismo alimentario
1,DOID:0050353,wound botulism,DOID:0050353,botulismo en heridas
1,DOID:0050354,infant botulism,DOID:0050354,botulismo infantil
1,DOID:0050382,glandular tularemia,DOID:0050382,tularemia glandular
1,DOID:0050383,typhoidal tularemia,DOID:0050383,tularemia tifoidea
1,DOID:0050387,nonpapillary renal cell carcinoma,DOID:0050387,carcinoma de células renales no papilar
1,DOID:0050398,Carrion's disease,DOID:0050398,enfermedad de Carrión
1,DOID:0050419,complement factor I deficiency,DOID:0050419,deficiencia del factor I del complemento
1,DOID:0050424,familial adenomatous polyposis,DOID:0050424,poliposis adenomatosa familiar
1,DOID:0050425,restless legs syndrome,DOID:0050425,síndrome de las piernas inquietas
1,DOID:0050426,Stevens-Johnson syndrome,DOID:0050426,síndrome de Stevens-Johnson
1,DOID:0050427,xeroderma pigmentosum,DOID:0050427,xerodermia pigmentosa
1,DOID:0050428,nonepidermolytic palmoplantar keratoderma,DOID:0050428,queratodermia palmoplantar no epidermolítica
1,DOID:0050429,Hailey-Hailey disease,DOID:0050429,enfermedad de Hailey-Hailey
1,DOID:0050430,multiple endocrine neoplasia type 2A,DOID:0050430,neoplasia endocrina múltiple tipo 2A
1,DOID:0050431,arrhythmogenic right ventricular cardiomyopathy,DOID:0050431,miocardiopatía arritmogénica del ventrículo derecho
1,DOID:0050432,Asperger syndrome,DOID:0050432,síndrome de Asperger
1,DOID:0050433,fatal familial insomnia,DOID:0050433,insomnio familiar fatal
1,DOID:0050434,Andersen-Tawil syndrome,DOID:0050434,síndrome de Andersen-Tawil
1,DOID:0050436,mulibrey nanism,DOID:0050436,nanismo de Mulibrey
1,DOID:0050437,Danon disease,DOID:0050437,enfermedad de Danon
1,DOID:0050438,Frasier syndrome,DOID:0050438,síndrome de Frasier
1,DOID:0050439,Usher syndrome,DOID:0050439,síndrome de Usher
1,DOID:0050440,familial partial lipodystrophy,DOID:0050440,lipodistrofia parcial familiar
1,DOID:0050441,mucosulfatidosis,DOID:0050441,mucosulfatidosis
1,DOID:0050444,infantile Refsum disease,DOID:0050444,enfermedad de Refsum infantil
1,DOID:0050445,X-linked dominant hypophosphatemic rickets,DOID:0050445,raquitismo hipofosfatémico dominante ligado a X
1,DOID:0050448,white sponge nevus,DOID:0050448,nevus blanco esponjoso
1,DOID:0050449,pachyonychia congenita,DOID:0050449,paquioniquia congénita
1,DOID:0050450,Gitelman syndrome,DOID:0050450,síndrome de Gitelman
1,DOID:0050451,Brugada syndrome,DOID:0050451,síndrome de Brugada
1,DOID:0050452,mevalonic aciduria,DOID:0050452,aciduria mevalónica
1,DOID:0050456,Buruli ulcer disease,DOID:0050456,enfermedad de úlcera de Buruli
1,DOID:0050457,Sertoli cell-only syndrome,DOID:0050457,síndrome de solo Sertoli
1,DOID:0050458,juvenile myelomonocytic leukemia,DOID:0050458,leucemia mielomonocítica juvenil
1,DOID:0050459,hyperphosphatemia,DOID:0050459,hiperfosfatemia
1,DOID:0050460,Wolf-Hirschhorn syndrome,DOID:0050460,síndrome de Wolf-Hirschhorn
1,DOID:0050461,aspartylglucosaminuria,DOID:0050461,aspartilglucosaminuria
1,DOID:0050462,Antley-Bixler syndrome with disordered steroidogenesis,DOID:0050462,síndrome de Antley-Bixler con trastorno de la esteroidogénesis
1,DOID:0050463,campomelic dysplasia,DOID:0050463,displasia campomélica
1,DOID:0050464,Farber lipogranulomatosis,DOID:0050464,lipogranulomatosis de Farber
1,DOID:0050465,Muir-Torre syndrome,DOID:0050465,síndrome de Muir-Torre
1,DOID:0050466,Loeys-Dietz syndrome,DOID:0050466,síndrome de Loeys-Dietz
1,DOID:0050467,erythrokeratodermia variabilis,DOID:0050467,eritroqueratodermia variabilis
1,DOID:0050468,yellow nail syndrome,DOID:0050468,síndrome de la uña amarilla
1,DOID:0050469,Costello syndrome,DOID:0050469,síndrome de Costello
1,DOID:0050470,Donohue syndrome,DOID:0050470,síndrome de Donohue
1,DOID:0050471,Carney complex,DOID:0050471,complejo de Carney
1,DOID:0050472,monilethrix,DOID:0050472,monilethrix
1,DOID:0050473,Alstrom syndrome,DOID:0050473,síndrome de Alstrom
1,DOID:0050474,Netherton syndrome,DOID:0050474,síndrome de Netherton
1,DOID:0050475,Weill-Marchesani syndrome,DOID:0050475,síndrome de Weill-Marchesani
1,DOID:0050476,Barth syndrome,DOID:0050476,síndrome de Barth
1,DOID:0050477,Liddle syndrome,DOID:0050477,síndrome de Liddle
1,DOID:0050480,epidemic typhus,DOID:0050480,tifus epidémico
1,DOID:0050481,endemic typhus,DOID:0050481,tifus endémico
1,DOID:0050484,aneruptive fever,DOID:0050484,fiebre aneruptiva
1,DOID:0050485,sennetsu fever,DOID:0050485,fiebre sennetsu
1,DOID:0050486,exanthem,DOID:0050486,exantema
1,DOID:0050487,bacterial exanthem,DOID:0050487,exantema bacteriano
1,DOID:0050489,multinodular goiter,DOID:0050489,bocio multinodular
1,DOID:0050490,parenchymatous neurosyphilis,DOID:0050490,neurosífilis parenquimatosa
1,DOID:0050491,meningovascular neurosyphilis,DOID:0050491,neurosífilis meningovascular
1,DOID:0050495,exanthema subitum,DOID:0050495,exantema subitum
1,DOID:0050508,variola major,DOID:0050508,variola mayor
1,DOID:0050513,spinal polio,DOID:0050513,poliomielitis espinal
1,DOID:0050514,bulbospinal polio,DOID:0050514,poliomielitis bulboespinal
1,DOID:0050515,paralytic poliomyelitis,DOID:0050515,poliomielitis paralítica
1,DOID:0050516,O'nyong'nyong fever,DOID:0050516,Fiebre o'nyong'nyong
1,DOID:0050517,Barmah Forest virus disease,DOID:0050517,enfermedad vírica del bosque de Barmah
1,DOID:0050518,Ross River fever,DOID:0050518,fiebre del río de Ross
1,DOID:0050521,Oropouche fever,DOID:0050521,fiebre de Oropouche
1,DOID:0050522,Balkan hemorrhagic fever,DOID:0050522,fiebre hemorrágica de los Balcanes
1,DOID:0050523,adult T-cell leukemia/lymphoma,DOID:0050523,leucemia/linfoma de células T del adulto
1,DOID:0050524,maturity-onset diabetes of the young,DOID:0050524,diabetes juvenil de inicio en la madurez
1,DOID:0050526,Gamstorp-Wohlfart syndrome,DOID:0050526,síndrome de Gamstorp-Wohlfart
1,DOID:0050528,nonphotosensitive trichothiodystrophy 4,DOID:0050528,tricotiodistrofia no fotosensible 4
1,DOID:0050529,adult spinal muscular atrophy,DOID:0050529,atrofia muscular espinal del adulto
1,DOID:0050530,intermediate spinal muscular atrophy,DOID:0050530,atrofia muscular espinal intermedia
1,DOID:0050535,exudative vitreoretinopathy,DOID:0050535,vitreorretinopatía exudativa
1,DOID:0050537,posterior polar cataract,DOID:0050537,catarata polar posterior
1,DOID:0050538,Charcot-Marie-Tooth disease type 1,DOID:0050538,enfermedad de Charcot-Marie-Tooth tipo 1
1,DOID:0050539,Charcot-Marie-Tooth disease type 2,DOID:0050539,enfermedad de Charcot-Marie-Tooth tipo 2
1,DOID:0050540,Charcot-Marie-Tooth disease type 3,DOID:0050540,enfermedad de Charcot-Marie-Tooth tipo 3
1,DOID:0050541,Charcot-Marie-Tooth disease type 4,DOID:0050541,enfermedad de Charcot-Marie-Tooth tipo 4
1,DOID:0050542,Charcot-Marie-Tooth disease type X,DOID:0050542,enfermedad de Charcot-Marie-Tooth tipo X
1,DOID:0050543,Charcot-Marie-Tooth disease intermediate type,DOID:0050543,enfermedad de Charcot-Marie-Tooth de tipo intermedio
1,DOID:0050544,hypermethioninemia,DOID:0050544,hipermetioninemia
1,DOID:0050547,familial medullary thyroid carcinoma,DOID:0050547,carcinoma medular de tiroides familiar
1,DOID:0050548,hereditary sensory neuropathy,DOID:0050548,neuropatía sensorial hereditaria
1,DOID:0050549,Saldino-Noonan syndrome,DOID:0050549,síndrome de Saldino-Noonan
1,DOID:0050553,proteasome-associated autoinflammatory syndrome 1,DOID:0050553,síndrome autoinflamatorio asociado al proteasoma 1
1,DOID:0050554,X-linked sideroblastic anemia with ataxia,DOID:0050554,anemia sideroblástica ligada al cromosoma X con ataxia
1,DOID:0050561,Lennox-Gastaut syndrome,DOID:0050561,síndrome de Lennox-Gastaut
1,DOID:0050562,West syndrome,DOID:0050562,síndrome de West
1,DOID:0050563,nonsyndromic deafness,DOID:0050563,sordera no sindrómica
1,DOID:0050564,autosomal dominant nonsyndromic deafness,DOID:0050564,sordera autosómica dominante no sindrómica
1,DOID:0050565,autosomal recessive nonsyndromic deafness,DOID:0050565,sordera autosómica recesiva no sindrómica
1,DOID:0050566,X-linked nonsyndromic deafness,DOID:0050566,sordera no sindrómica ligada al cromosoma X
1,DOID:0050568,spondylocostal dysostosis,DOID:0050568,disostosis espondilocostal
1,DOID:0050569,Seckel syndrome,DOID:0050569,síndrome de Seckel
1,DOID:0050572,cone-rod dystrophy,DOID:0050572,distrofia de conos y bastones
1,DOID:0050573,2-hydroxyglutaric aciduria,DOID:0050573,aciduria 2-hidroxiglutárica
1,DOID:0050574,L-2-hydroxyglutaric aciduria,DOID:0050574,aciduria L-2-hidroxiglutárica
1,DOID:0050575,D-2-hydroxyglutaric aciduria,DOID:0050575,aciduria D-2-hidroxiglutárica
1,DOID:0050576,Senior-Loken syndrome,DOID:0050576,síndrome de Senior-Loken
1,DOID:0050577,cranioectodermal dysplasia,DOID:0050577,displasia craneoectodérmica
1,DOID:0050578,occult macular dystrophy,DOID:0050578,distrofia macular oculta
1,DOID:0050579,glycogen storage disease XV,DOID:0050579,enfermedad por almacenamiento de glucógeno XV
1,DOID:0050580,hereditary lymphedema,DOID:0050580,linfedema hereditario
1,DOID:0050581,brachydactyly,DOID:0050581,braquidactilia
1,DOID:0050584,gummatous syphilis,DOID:0050584,sífilis gomatosa
1,DOID:0050587,trichotillomania,DOID:0050587,tricotilomanía
1,DOID:0050589,inflammatory bowel disease,DOID:0050589,enfermedad inflamatoria intestinal
1,DOID:0050591,tooth agenesis,DOID:0050591,agenesia dental
1,DOID:0050592,asphyxiating thoracic dystrophy,DOID:0050592,distrofia torácica asfixiante
1,DOID:0050594,glycogen storage disease IX,DOID:0050594,enfermedad por almacenamiento de glucógeno IX
1,DOID:0050596,taeniasis,DOID:0050596,teniasis
1,DOID:0050597,intestinal schistosomiasis,DOID:0050597,esquistosomiasis intestinal
1,DOID:0050598,extrapulmonary tuberculosis,DOID:0050598,tuberculosis extrapulmonar
1,DOID:0050599,abdominal tuberculosis,DOID:0050599,tuberculosis abdominal
1,DOID:0050600,ABCD syndrome,DOID:0050600,síndrome ABCD
1,DOID:0050601,ADULT syndrome,DOID:0050601,síndrome ADULT
1,DOID:0050602,triple-A syndrome,DOID:0050602,síndrome triple A
1,DOID:0050603,acheiropody,DOID:0050603,aqueiropodia
1,DOID:0050604,acrocapitofemoral dysplasia,DOID:0050604,displasia acrocapitofemoral
1,DOID:0050605,acrodermatitis enteropathica,DOID:0050605,acrodermatitis enteropática
1,DOID:0050606,acrokeratosis verruciformis,DOID:0050606,acroqueratosis verruciforme
1,DOID:0050608,Askin's tumor,DOID:0050608,tumor de Askin
1,DOID:0050610,oral cavity carcinoma in situ,DOID:0050610,carcinoma in situ de la cavidad oral
1,DOID:0050611,pharynx carcinoma in situ,DOID:0050611,carcinoma de faringe in situ
1,DOID:0050612,gallbladder carcinoma in situ,DOID:0050612,carcinoma de vesícula biliar in situ
1,DOID:0050613,bile duct carcinoma in situ,DOID:0050613,carcinoma de conducto biliar in situ
1,DOID:0050614,bronchus carcinoma in situ,DOID:0050614,carcinoma bronquial in situ
1,DOID:0050615,respiratory system cancer,DOID:0050615,cáncer del sistema respiratorio
1,DOID:0050619,paranasal sinus cancer,DOID:0050619,cáncer de seno paranasal
1,DOID:0050620,infiltrating renal pelvis transitional cell carcinoma,DOID:0050620,carcinoma de células de transición infiltrante de la pelvis renal
1,DOID:0050621,respiratory system benign neoplasm,DOID:0050621,neoplasia benigna del sistema respiratorio
1,DOID:0050622,reproductive organ benign neoplasm,DOID:0050622,neoplasia benigna del órgano reproductor
1,DOID:0050623,bladder benign neoplasm,DOID:0050623,neoplasia benigna de la vejiga
1,DOID:0050624,gastrointestinal system benign neoplasm,DOID:0050624,neoplasia benigna del sistema gastrointestinal
1,DOID:0050625,biliary tract benign neoplasm,DOID:0050625,neoplasia benigna del tracto biliar
1,DOID:0050626,gastrointestinal neuroendocrine tumor,DOID:0050626,tumor neuroendocrino gastrointestinal
1,DOID:0050628,advanced sleep phase syndrome,DOID:0050628,síndrome de la fase avanzada del sueño
1,DOID:0050629,Aicardi-Goutieres syndrome,DOID:0050629,síndrome de Aicardi-Goutieres
1,DOID:0050630,Aland Island eye disease,DOID:0050630,enfermedad ocular de las islas Aland
1,DOID:0050631,Allan-Herndon-Dudley syndrome,DOID:0050631,síndrome de Allan-Herndon-Dudley
1,DOID:0050632,oculocutaneous albinism,DOID:0050632,albinismo oculocutáneo
1,DOID:0050633,ocular albinism 1,DOID:0050633,albinismo ocular 1
1,DOID:0050634,alopecia universalis,DOID:0050634,alopecia universal
1,DOID:0050635,alternating hemiplegia of childhood,DOID:0050635,hemiplejia alternante de la infancia
1,DOID:0050636,familial visceral amyloidosis,DOID:0050636,amiloidosis visceral familiar
1,DOID:0050637,Finnish type amyloidosis,DOID:0050637,amiloidosis de tipo finlandés
1,DOID:0050638,transthyretin amyloidosis,DOID:0050638,amiloidosis por transtiretina
1,DOID:0050639,primary cutaneous amyloidosis,DOID:0050639,amiloidosis cutánea primaria
1,DOID:0050640,anauxetic dysplasia 1,DOID:0050640,displasia anauxética 1
1,DOID:0050641,Rh deficiency syndrome,DOID:0050641,síndrome de deficiencia de Rh
1,DOID:0050642,hypochromic microcytic anemia,DOID:0050642,anemia microcítica hipocrómica
1,DOID:0050644,arterial calcification of infancy,DOID:0050644,calcificación arterial infantil
1,DOID:0050645,arterial tortuosity syndrome,DOID:0050645,síndrome de tortuosidad arterial
1,DOID:0050646,distal arthrogryposis,DOID:0050646,artrogriposis distal
1,DOID:0050647,Arts syndrome,DOID:0050647,síndrome Arts
1,DOID:0050648,atelosteogenesis,DOID:0050648,atelosteogénesis
1,DOID:0050649,atransferrinemia,DOID:0050649,atransferrinemia
1,DOID:0050650,familial atrial fibrillation,DOID:0050650,fibrilación auricular familiar
1,DOID:0050654,Baller-Gerold syndrome,DOID:0050654,síndrome de Baller-Gerold
1,DOID:0050655,Bamforth-Lazarus syndrome,DOID:0050655,síndrome de Bamforth-Lazarus
1,DOID:0050656,pseudo-TORCH syndrome 1,DOID:0050656,síndrome pseudo-TORCH 1
1,DOID:0050657,Bannayan-Riley-Ruvalcaba syndrome,DOID:0050657,síndrome de Bannayan-Riley-Ruvalcaba
1,DOID:0050658,Bart-Pumphrey syndrome,DOID:0050658,síndrome de Bart-Pumphrey
1,DOID:0050659,biotin-responsive basal ganglia disease,DOID:0050659,enfermedad de los ganglios basales sensible a la biotina
1,DOID:0050660,Beare-Stevenson cutis gyrata syndrome,DOID:0050660,síndrome de Beare-Stevenson cutis gyrata
1,DOID:0050661,vitelliform macular dystrophy,DOID:0050661,distrofia macular viteliforme
1,DOID:0050662,bestrophinopathy,DOID:0050662,bestrofinopatía
1,DOID:0050664,Bietti crystalline corneoretinal dystrophy,DOID:0050664,distrofia corneorretiniana cristalina de Bietti
1,DOID:0050665,fetal alcohol syndrome,DOID:0050665,síndrome de alcoholismo fetal
1,DOID:0050666,partial fetal alcohol syndrome,DOID:0050666,síndrome alcohólico fetal parcial
1,DOID:0050667,alcohol-related neurodevelopmental disorder,DOID:0050667,trastorno del neurodesarrollo relacionado con el alcohol
1,DOID:0050668,alcohol-related birth defects,DOID:0050668,defectos congénitos relacionados con el alcohol
1,DOID:0050669,spastic cerebral palsy,DOID:0050669,parálisis cerebral espástica
1,DOID:0050670,ataxic cerebral palsy,DOID:0050670,parálisis cerebral atáxica
1,DOID:0050671,female breast cancer,DOID:0050671,cáncer de mama femenino
1,DOID:0050672,dyskinetic cerebral palsy,DOID:0050672,parálisis cerebral discinética
1,DOID:0050673,mixed cerebral palsy,DOID:0050673,parálisis cerebral mixta
1,DOID:0050675,Birk-Barel syndrome,DOID:0050675,síndrome de Birk-Barel
1,DOID:0050676,Birt-Hogg-Dube syndrome,DOID:0050676,síndrome de Birt-Hogg-Dube
1,DOID:0050677,Bjornstad syndrome,DOID:0050677,síndrome de Bjornstad
1,DOID:0050678,Blau syndrome,DOID:0050678,síndrome de Blau
1,DOID:0050679,blue cone monochromacy,DOID:0050679,monocromatismo de conos azules
1,DOID:0050680,Boomerang dysplasia,DOID:0050680,displasia Boomerang
1,DOID:0050681,Borjeson-Forssman-Lehmann syndrome,DOID:0050681,síndrome de Borjeson-Forssman-Lehmann
1,DOID:0050682,Athabaskan brainstem dysgenesis syndrome,DOID:0050682,síndrome de disgenesia del tronco encefálico Athabaskan
1,DOID:0050683,Bothnia retinal dystrophy,DOID:0050683,distrofia de retina de Bothnia
1,DOID:0050684,Bowen-Conradi syndrome,DOID:0050684,síndrome de Bowen-Conradi
1,DOID:0050685,small cell carcinoma,DOID:0050685,carcinoma de células pequeñas
1,DOID:0050686,organ system cancer,DOID:0050686,cáncer de órganos
1,DOID:0050687,cell type cancer,DOID:0050687,cáncer de tipo celular
1,DOID:0050688,anal canal cancer,DOID:0050688,cáncer del canal anal
1,DOID:0050689,brachydactyly-syndactyly syndrome,DOID:0050689,síndrome de braquidactilia-sindactilia
1,DOID:0050690,brachyolmia,DOID:0050690,braquiolmia
1,DOID:0050691,branchiooculofacial syndrome,DOID:0050691,síndrome branquiooculofacial
1,DOID:0050692,Brody myopathy,DOID:0050692,miopatía de Brody
1,DOID:0050693,Brooke-Spiegler syndrome,DOID:0050693,síndrome de Brooke-Spiegler
1,DOID:0050694,Brown-Vialetto-Van Laere syndrome,DOID:0050694,síndrome de Brown-Vialetto-Van Laere
1,DOID:0050695,malignant pleural solitary fibrous tumor,DOID:0050695,tumor fibroso solitario pleural maligno
1,DOID:0050696,fetal alcohol spectrum disorder,DOID:0050696,trastorno del espectro alcohólico fetal
1,DOID:0050697,chorioamnionitis,DOID:0050697,corioamnionitis
1,DOID:0050698,funisitis,DOID:0050698,funisitis
1,DOID:0050699,Dent disease,DOID:0050699,enfermedad de Dent
1,DOID:0050700,cardiomyopathy,DOID:0050700,cardiomiopatía
1,DOID:0050701,electroclinical syndrome,DOID:0050701,síndrome electroclínico
1,DOID:0050702,neonatal period electroclinical syndrome,DOID:0050702,síndrome electroclínico del periodo neonatal
1,DOID:0050703,infancy electroclinical syndrome,DOID:0050703,síndrome electroclínico infantil
1,DOID:0050704,childhood electroclinical syndrome,DOID:0050704,síndrome electroclínico infantil
1,DOID:0050705,adolescence-adult electroclinical syndrome,DOID:0050705,síndrome electroclínico del adolescente y adulto
1,DOID:0050706,variable age at onset electroclinical syndrome,DOID:0050706,síndrome electroclínico de edad variable al inicio
1,DOID:0050708,early onset absence epilepsy,DOID:0050708,crisis de ausencia de inicio precoz
1,DOID:0050709,early infantile epileptic encephalopathy,DOID:0050709,encefalopatía epiléptica infantil precoz
1,DOID:0050710,3-methylcrotonyl-CoA carboxylase deficiency,DOID:0050710,deficiencia de 3-metilcrotonil-CoA carboxilasa
1,DOID:0050711,aceruloplasminemia,DOID:0050711,aceruloplasminemia
1,DOID:0050712,AGAT deficiency,DOID:0050712,deficiencia de AGAT
1,DOID:0050713,"COX deficiency, infantile mitochondrial myopathy",DOID:0050713,"deficiencia de COX, miopatía mitocondrial infantil"
1,DOID:0050715,methylmalonic aciduria and homocystinuria type cblC,DOID:0050715,aciduria metilmalónica y homocistinuria tipo cblC
1,DOID:0050716,methylmalonic aciduria and homocystinuria type cblD,DOID:0050716,aciduria metilmalónica y homocistinuria tipo cblD
1,DOID:0050717,methylmalonic aciduria and homocystinuria type cblF,DOID:0050717,aciduria metilmalónica y homocistinuria tipo cblF
1,DOID:0050718,vitamin metabolic disorder,DOID:0050718,trastorno metabólico vitamínico
1,DOID:0050719,cerebral folate receptor alpha deficiency,DOID:0050719,deficiencia cerebral del receptor alfa del folato
1,DOID:0050720,ornithine translocase deficiency,DOID:0050720,deficiencia de ornitina translocasa
1,DOID:0050721,serine deficiency,DOID:0050721,deficiencia de serina
1,DOID:0050722,PHGDH deficiency,DOID:0050722,deficiencia de PHGDH
1,DOID:0050723,PSAT deficiency,DOID:0050723,deficiencia de PSAT
1,DOID:0050724,PSPH deficiency,DOID:0050724,deficiencia de PSPH
1,DOID:0050725,tyrosinemia type II,DOID:0050725,tirosinemia tipo II
1,DOID:0050726,tyrosinemia type I,DOID:0050726,tirosinemia tipo I
1,DOID:0050727,tyrosinemia type III,DOID:0050727,tirosinemia tipo III
1,DOID:0050728,glycogen metabolism disorder,DOID:0050728,trastorno del metabolismo del glucógeno
1,DOID:0050729,Chanarin-Dorfman syndrome,DOID:0050729,síndrome de Chanarin-Dorfman
1,DOID:0050730,coenzyme Q10 deficiency disease,DOID:0050730,enfermedad por deficiencia de coenzima Q10
1,DOID:0050731,vitamin B12 deficiency,DOID:0050731,deficiencia de vitamina B12
1,DOID:0050732,methylmalonic aciduria and homocystinuria type cblE,DOID:0050732,aciduria metilmalónica y homocistinuria tipo cblE
1,DOID:0050733,methylmalonic aciduria and homocystinuria type cblG,DOID:0050733,aciduria metilmalónica y homocistinuria tipo cblG
1,DOID:0050735,X-linked monogenic disease,DOID:0050735,enfermedad monogénica ligada al cromosoma X
1,DOID:0050736,autosomal dominant disease,DOID:0050736,enfermedad autosómica dominante
1,DOID:0050737,autosomal recessive disease,DOID:0050737,enfermedad autosómica recesiva
1,DOID:0050738,Y-linked monogenic disease,DOID:0050738,enfermedad monogénica ligada al cromosoma Y
1,DOID:0050739,autosomal genetic disease,DOID:0050739,enfermedad genética autosómica
1,DOID:0050740,Qazi Markouizos syndrome,DOID:0050740,síndrome de Qazi Markouizos
1,DOID:0050741,alcohol dependence,DOID:0050741,dependencia del alcohol
1,DOID:0050742,nicotine dependence,DOID:0050742,dependencia de la nicotina
1,DOID:0050743,mature T-cell and NK-cell lymphoma,DOID:0050743,linfoma maduro de células T y células NK
1,DOID:0050744,anaplastic large cell lymphoma,DOID:0050744,linfoma anaplásico de células grandes
1,DOID:0050745,diffuse large B-cell lymphoma,DOID:0050745,linfoma difuso de células B grandes
1,DOID:0050746,mantle cell lymphoma,DOID:0050746,linfoma de células del manto
1,DOID:0050748,marginal zone lymphoma,DOID:0050748,linfoma de la zona marginal
1,DOID:0050749,peripheral T-cell lymphoma,DOID:0050749,linfoma periférico de células T
1,DOID:0050750,splenic marginal zone lymphoma,DOID:0050750,linfoma esplénico de la zona marginal
1,DOID:0050751,T-cell large granular lymphocyte leukemia,DOID:0050751,Leucemia linfocitaria granular de células T
1,DOID:0050752,amyotrophic lateral sclerosis type 8,DOID:0050752,esclerosis lateral amiotrófica tipo 8
1,DOID:0050753,cerebellar ataxia,DOID:0050753,ataxia cerebelosa
1,DOID:0050754,ataxia with oculomotor apraxia type 1,DOID:0050754,ataxia con apraxia oculomotora tipo 1
1,DOID:0050755,spinocerebellar ataxia with axonal neuropathy 2,DOID:0050755,ataxia espinocerebelosa con neuropatía axonal 2
1,DOID:0050757,deafness-dystonia-optic neuronopathy syndrome,DOID:0050757,síndrome de sordera-distonía-neuronopatía óptica
1,DOID:0050758,metabolic acidosis,DOID:0050758,acidosis metabólica
1,DOID:0050759,myotonic dystrophy type 2,DOID:0050759,distrofia miotónica tipo 2
1,DOID:0050760,X-linked myopathy with excessive autophagy,DOID:0050760,miopatía ligada al cromosoma X con exceso de autofagia
1,DOID:0050762,adenylosuccinase lyase deficiency,DOID:0050762,deficiencia de adenilosuccinasa liasa
1,DOID:0050763,ARC syndrome,DOID:0050763,síndrome ARC
1,DOID:0050764,Armfield syndrome,DOID:0050764,síndrome de Armfield
1,DOID:0050765,neuroacanthocytosis,DOID:0050765,neuroacantocitosis
1,DOID:0050766,choreaacanthocytosis,DOID:0050766,corea-acantocitosis
1,DOID:0050767,midface dysplasia,DOID:0050767,displasia del tercio medio facial
1,DOID:0050768,mitochondrial complex V (ATP synthase) deficiency nuclear type 1,DOID:0050768,deficiencia del complejo mitocondrial V (ATP sintasa) nuclear tipo 1
1,DOID:0050769,N syndrome,DOID:0050769,síndrome de N
1,DOID:0050770,polycystic liver disease,DOID:0050770,enfermedad hepática poliquística
1,DOID:0050771,pheochromocytoma,DOID:0050771,feocromocitoma
1,DOID:0050772,spastic ataxia 1,DOID:0050772,ataxia espástica 1
1,DOID:0050773,paraganglioma,DOID:0050773,paraganglioma
1,DOID:0050774,rapadilino syndrome,DOID:0050774,síndrome rapadilino
1,DOID:0050775,schneckenbecken dysplasia,DOID:0050775,displasia schneckenbecken
1,DOID:0050776,non-syndromic X-linked intellectual disability,DOID:0050776,discapacidad intelectual no sindrómica ligada al cromosoma X
1,DOID:0050777,Joubert syndrome,DOID:0050777,síndrome de Joubert
1,DOID:0050778,Meckel syndrome,DOID:0050778,síndrome de Meckel
1,DOID:0050779,hydrolethalus syndrome,DOID:0050779,síndrome hidroletal
1,DOID:0050781,Ogden syndrome,DOID:0050781,síndrome de Ogden
1,DOID:0050782,Zollinger-Ellison syndrome,DOID:0050782,síndrome de Zollinger-Ellison
1,DOID:0050783,secondary progressive multiple sclerosis,DOID:0050783,esclerosis múltiple secundaria progresiva
1,DOID:0050784,primary progressive multiple sclerosis,DOID:0050784,esclerosis múltiple primaria progresiva
1,DOID:0050785,progressive relapsing multiple sclerosis,DOID:0050785,esclerosis múltiple recurrente remitente
1,DOID:0050786,iridogoniodysgenesis syndrome,DOID:0050786,síndrome de iridogoniodisgenesia
1,DOID:0050787,juvenile polyposis syndrome,DOID:0050787,síndrome de poliposis juvenil
1,DOID:0050788,proximal symphalangism,DOID:0050788,sinfalangismo proximal
1,DOID:0050789,tarsal-carpal coalition syndrome,DOID:0050789,síndrome de coalición tarso-carpiana
1,DOID:0050790,fibular hypoplasia and complex brachydactyly,DOID:0050790,hipoplasia fibular y braquidactilia compleja
1,DOID:0050791,persistent Mullerian duct syndrome,DOID:0050791,síndrome de los conductos de Müller persistentes
1,DOID:0050792,multiple cutaneous and mucosal venous malformations,DOID:0050792,malformaciones venosas cutáneas y mucosas múltiples
1,DOID:0050793,short QT syndrome,DOID:0050793,síndrome de QT corto
1,DOID:0050794,multiple synostoses syndrome,DOID:0050794,síndrome de sinostosis múltiple
1,DOID:0050795,cone dystrophy,DOID:0050795,distrofia de conos
1,DOID:0050796,achalasia microcephaly syndrome,DOID:0050796,síndrome de microcefalia acalasia
1,DOID:0050797,peroxisomal acyl-CoA oxidase deficiency,DOID:0050797,deficiencia de acil-CoA oxidasa peroxisomal
1,DOID:0050798,cerebral creatine deficiency syndrome,DOID:0050798,síndrome de deficiencia cerebral de creatina
1,DOID:0050799,guanidinoacetate methyltransferase deficiency,DOID:0050799,deficiencia de guanidinoacetato metiltransferasa
1,DOID:0050800,cerebral creatine deficiency syndrome 1,DOID:0050800,síndrome de deficiencia cerebral de creatina 1
1,DOID:0050801,androgenic alopecia,DOID:0050801,alopecia androgénica
1,DOID:0050802,Ehlers-Danlos syndrome spondylodysplastic type 2,DOID:0050802,síndrome de Ehlers-Danlos espondilodisplásico tipo 2
1,DOID:0050803,glioblastoma classical subtype,DOID:0050803,glioblastoma subtipo clásico
1,DOID:0050804,glioblastoma proneural subtype,DOID:0050804,subtipo proneural del glioblastoma
1,DOID:0050805,glioblastoma mesenchymal subtype,DOID:0050805,subtipo mesenquimal del glioblastoma
1,DOID:0050806,glioblastoma neural subtype,DOID:0050806,glioblastoma subtipo neural
1,DOID:0050807,Kahrizi syndrome,DOID:0050807,síndrome de Kahrizi
1,DOID:0050809,mucopolysaccharidosis IX,DOID:0050809,mucopolisacaridosis IX
1,DOID:0050810,biotin deficiency,DOID:0050810,deficiencia de biotina
1,DOID:0050812,"spondyloepimetaphyseal dysplasia, Pakistani type",DOID:0050812,"displasia espondiloepimetafisaria, tipo pakistaní"
1,DOID:0050814,temtamy preaxial brachydactyly syndrome,DOID:0050814,síndrome de braquidactilia preaxial temtamaria
1,DOID:0050816,urofacial syndrome,DOID:0050816,síndrome urofacial
1,DOID:0050817,Stargardt disease,DOID:0050817,enfermedad de Stargardt
1,DOID:0050818,transcobalamin II deficiency,DOID:0050818,deficiencia de transcobalamina II
1,DOID:0050820,atrioventricular block,DOID:0050820,bloqueo auriculoventricular
1,DOID:0050821,first-degree atrioventricular block,DOID:0050821,bloqueo auriculoventricular de primer grado
1,DOID:0050822,second-degree atrioventricular block,DOID:0050822,bloqueo auriculoventricular de segundo grado
1,DOID:0050823,third-degree atrioventricular block,DOID:0050823,bloqueo auriculoventricular de tercer grado
1,DOID:0050824,sinoatrial node disease,DOID:0050824,enfermedad del nódulo sinoauricular
1,DOID:0050825,endocardium disease,DOID:0050825,enfermedad del endocardio
1,DOID:0050826,tricuspid valve disease,DOID:0050826,enfermedad de la válvula tricúspide
1,DOID:0050827,rheumatic heart disease,DOID:0050827,cardiopatía reumática
1,DOID:0050828,artery disease,DOID:0050828,enfermedad arterial
1,DOID:0050829,pericardium disease,DOID:0050829,enfermedad del pericardio
1,DOID:0050830,peripheral artery disease,DOID:0050830,enfermedad arterial periférica
1,DOID:0050831,familial encephalopathy with neuroserpin inclusion bodies,DOID:0050831,encefalopatía familiar con cuerpos de inclusión de neuroserpina
1,DOID:0050832,pyrimidine metabolic disorder,DOID:0050832,trastorno metabólico de la pirimidina
1,DOID:0050833,orotic aciduria,DOID:0050833,aciduria orótica
1,DOID:0050834,CHARGE syndrome,DOID:0050834,síndrome de CHARGE
1,DOID:0050835,generalized dystonia,DOID:0050835,distonía generalizada
1,DOID:0050836,focal dystonia,DOID:0050836,distonía focal
1,DOID:0050837,multifocal dystonia,DOID:0050837,distonía multifocal
1,DOID:0050838,segmental dystonia,DOID:0050838,distonía segmentaria
1,DOID:0050839,anismus,DOID:0050839,anismo
1,DOID:0050840,cervical dystonia,DOID:0050840,distonía cervical
1,DOID:0050841,focal hand dystonia,DOID:0050841,distonía focal de la mano
1,DOID:0050842,oculogyric crisis,DOID:0050842,crisis oculógiras
1,DOID:0050843,oromandibular dystonia,DOID:0050843,distonía oromandibular
1,DOID:0050844,spasmodic dystonia,DOID:0050844,distonía espasmódica
1,DOID:0050845,cranio-facial dystonia,DOID:0050845,distonía cráneo-facial
1,DOID:0050846,hemidystonia,DOID:0050846,hemidistonía
1,DOID:0050847,sleep apnea,DOID:0050847,apnea del sueño
1,DOID:0050848,obstructive sleep apnea,DOID:0050848,apnea obstructiva del sueño
1,DOID:0050849,periampullary adenoma,DOID:0050849,adenoma periampular
1,DOID:0050850,diabetic encephalopathy,DOID:0050850,encefalopatía diabética
1,DOID:0050851,glomerulosclerosis,DOID:0050851,glomeruloesclerosis
1,DOID:0050852,limb ischemia,DOID:0050852,isquemia de las extremidades
1,DOID:0050853,chronic venous insufficiency,DOID:0050853,insuficiencia venosa crónica
1,DOID:0050854,Muckle-Wells syndrome,DOID:0050854,síndrome de Muckle-Wells
1,DOID:0050855,renal fibrosis,DOID:0050855,fibrosis renal
1,DOID:0050856,oppositional defiant disorder,DOID:0050856,trastorno negativista desafiante
1,DOID:0050857,Perrault syndrome,DOID:0050857,síndrome de Perrault
1,DOID:0050858,Marshall-Smith syndrome,DOID:0050858,síndrome de Marshall-Smith
1,DOID:0050859,hemorrhagic cystitis,DOID:0050859,cistitis hemorrágica
1,DOID:0050860,colorectal adenoma,DOID:0050860,adenoma colorrectal
1,DOID:0050861,colorectal adenocarcinoma,DOID:0050861,adenocarcinoma colorrectal
1,DOID:0050862,pyometritis,DOID:0050862,piometritis
1,DOID:0050863,arteritic anterior ischemic optic neuropathy,DOID:0050863,neuropatía óptica isquémica arterítica anterior
1,DOID:0050864,non-arteritic anterior ischemic optic neuropathy,DOID:0050864,neuropatía óptica isquémica anterior no arterítica
1,DOID:0050865,tongue squamous cell carcinoma,DOID:0050865,carcinoma de células escamosas de la lengua
1,DOID:0050866,oral squamous cell carcinoma,DOID:0050866,carcinoma oral de células escamosas
1,DOID:0050868,hepatocellular adenoma,DOID:0050868,adenoma hepatocelular
1,DOID:0050869,villous adenoma,DOID:0050869,adenoma velloso
1,DOID:0050870,pulmonary adenocarcinoma in situ,DOID:0050870,adenocarcinoma pulmonar in situ
1,DOID:0050871,fibroma,DOID:0050871,fibroma
1,DOID:0050872,large cell neuroendocrine carcinoma,DOID:0050872,carcinoma neuroendocrino de células grandes
1,DOID:0050873,follicular lymphoma,DOID:0050873,linfoma folicular
1,DOID:0050876,Caroli disease,DOID:0050876,enfermedad de Caroli
1,DOID:0050877,pancreatic agenesis,DOID:0050877,agenesia pancreática
1,DOID:0050879,fragile X-associated tremor/ataxia syndrome,DOID:0050879,síndrome de temblor/ataxia asociado al cromosoma X frágil
1,DOID:0050880,Koolen de Vries syndrome,DOID:0050880,síndrome de Koolen de Vries
1,DOID:0050881,inclusion body myopathy with Paget disease of bone and frontotemporal dementia,DOID:0050881,miopatía por cuerpos de inclusión con enfermedad ósea de Paget y demencia frontotemporal
1,DOID:0050882,spinocerebellar ataxia type 5,DOID:0050882,ataxia espinocerebelosa tipo 5
1,DOID:0050883,infantile cerebellar-retinal degeneration,DOID:0050883,degeneración cerebeloso-retiniana infantil
1,DOID:0050884,triosephosphate isomerase deficiency,DOID:0050884,deficiencia de triosafosfato isomerasa
1,DOID:0050885,IMAGe syndrome,DOID:0050885,Síndrome IMAGe
1,DOID:0050886,Troyer syndrome,DOID:0050886,síndrome de Troyer
1,DOID:0050887,Townes-Brocks syndrome,DOID:0050887,síndrome de Townes-Brocks
1,DOID:0050888,syndromic intellectual disability,DOID:0050888,discapacidad intelectual sindrómica
1,DOID:0050889,non-syndromic intellectual disability,DOID:0050889,discapacidad intelectual no sindrómica
1,DOID:0050890,synucleinopathy,DOID:0050890,sinucleinopatía
1,DOID:0050891,adrenal cortical adenoma,DOID:0050891,adenoma cortical suprarrenal
1,DOID:0050892,adrenal gland pheochromocytoma,DOID:0050892,feocromocitoma de la glándula suprarrenal
1,DOID:0050893,gallbladder adenoma,DOID:0050893,adenoma de la vesícula biliar
1,DOID:0050894,ameloblastoma,DOID:0050894,ameloblastoma
1,DOID:0050895,bone ameloblastoma,DOID:0050895,ameloblastoma óseo
1,DOID:0050896,bone squamous cell carcinoma,DOID:0050896,carcinoma óseo de células escamosas
1,DOID:0050897,bone chondrosarcoma,DOID:0050897,condrosarcoma óseo
1,DOID:0050898,phalanx chondroma,DOID:0050898,condroma de falange
1,DOID:0050899,brain stem medulloblastoma,DOID:0050899,meduloblastoma de tronco cerebral
1,DOID:0050900,sacrum chordoma,DOID:0050900,cordoma sacro
1,DOID:0050901,corpus callosum oligodendroglioma,DOID:0050901,oligodendroglioma del cuerpo calloso
1,DOID:0050902,medulloblastoma,DOID:0050902,meduloblastoma
1,DOID:0050903,parietal lobe ependymoma,DOID:0050903,ependimoma del lóbulo parietal
1,DOID:0050904,salivary gland carcinoma,DOID:0050904,carcinoma de glándula salival
1,DOID:0050905,inflammatory myofibroblastic tumor,DOID:0050905,tumor miofibroblástico inflamatorio
1,DOID:0050906,conjunctival nevus,DOID:0050906,nevus conjuntival
1,DOID:0050907,mixed extragonadal germ cell cancer,DOID:0050907,cáncer extragonadal mixto de células germinales
1,DOID:0050908,myelodysplastic syndrome,DOID:0050908,síndrome mielodisplásico
1,DOID:0050909,extranodal marginal zone lymphoma of mucosa-associated lymphoid tissue,DOID:0050909,linfoma extranodal de la zona marginal del tejido linfoide asociado a la mucosa
1,DOID:0050910,cecum adenoma,DOID:0050910,adenoma del ciego
1,DOID:0050911,appendix carcinoid tumor,DOID:0050911,tumor carcinoide del apéndice
1,DOID:0050912,colon adenoma,DOID:0050912,adenoma de colon
1,DOID:0050913,large intestine adenocarcinoma,DOID:0050913,adenocarcinoma de intestino grueso
1,DOID:0050914,large intestine adenoma,DOID:0050914,adenoma del intestino grueso
1,DOID:0050915,rectal adenoma,DOID:0050915,adenoma rectal
1,DOID:0050916,bronchus mucoepidermoid carcinoma,DOID:0050916,carcinoma mucoepidermoide bronquial
1,DOID:0050917,lung combined type small cell adenocarcinoma,DOID:0050917,adenocarcinoma pulmonar de células pequeñas de tipo combinado
1,DOID:0050918,vaginal carcinoma,DOID:0050918,carcinoma vaginal
1,DOID:0050919,trachea mucoepidermoid carcinoma,DOID:0050919,carcinoma mucoepidermoide de tráquea
1,DOID:0050920,tonsil squamous cell carcinoma,DOID:0050920,carcinoma de células escamosas de amígdala
1,DOID:0050921,pharynx squamous cell carcinoma,DOID:0050921,carcinoma de células escamosas de faringe
1,DOID:0050922,gastrointestinal carcinoma,DOID:0050922,carcinoma gastrointestinal
1,DOID:0050923,spindle epithelial tumor with thymus-like differentiation tumor,DOID:0050923,tumor epitelial fusiforme con tumor de diferenciación similar al timo
1,DOID:0050924,striated muscle rhabdoid tumor,DOID:0050924,tumor rabdoide del músculo estriado
1,DOID:0050925,small intestine carcinoid neuroendocrine tumor,DOID:0050925,tumor neuroendocrino carcinoide del intestino delgado
1,DOID:0050926,jejunal adenocarcinoma,DOID:0050926,adenocarcinoma del yeyuno
1,DOID:0050927,duodenum adenoma,DOID:0050927,adenoma del duodeno
1,DOID:0050928,ovarian melanoma,DOID:0050928,melanoma ovárico
1,DOID:0050929,mucosal melanoma,DOID:0050929,melanoma mucoso
1,DOID:0050930,sublingual gland adenoid cystic carcinoma,DOID:0050930,carcinoma adenoide quístico de la glándula sublingual
1,DOID:0050931,parotid gland adenoid cystic carcinoma,DOID:0050931,carcinoma adenoide quístico de la glándula parótida
1,DOID:0050932,lung mucoepidermoid carcinoma,DOID:0050932,carcinoma mucoepidermoide de pulmón
1,DOID:0050933,ovarian serous carcinoma,DOID:0050933,carcinoma seroso de ovario
1,DOID:0050934,ovarian clear cell carcinoma,DOID:0050934,carcinoma ovárico de células claras
1,DOID:0050935,cervical neuroblastoma,DOID:0050935,neuroblastoma cervical
1,DOID:0050936,extra-adrenal pheochromocytoma,DOID:0050936,feocromocitoma extra suprarrenal
1,DOID:0050937,retroperitoneal neuroblastoma,DOID:0050937,neuroblastoma retroperitoneal
1,DOID:0050938,breast lobular carcinoma,DOID:0050938,carcinoma lobular mamario
1,DOID:0050939,uterine corpus endometrial carcinoma,DOID:0050939,carcinoma endometrial del cuerpo uterino
1,DOID:0050940,endocervical adenocarcinoma,DOID:0050940,adenocarcinoma endocervical
1,DOID:0050941,spastic ataxia 2,DOID:0050941,ataxia espástica 2
1,DOID:0050942,spastic ataxia 3,DOID:0050942,ataxia espástica 3
1,DOID:0050943,spastic ataxia 4,DOID:0050943,ataxia espástica 4
1,DOID:0050944,spastic ataxia 5,DOID:0050944,ataxia espástica 5
1,DOID:0050945,spastic ataxia 7,DOID:0050945,ataxia espástica 7
1,DOID:0050946,Charlevoix-Saguenay spastic ataxia,DOID:0050946,ataxia espástica de Charlevoix-Saguenay
1,DOID:0050947,hereditary hypophosphatemic rickets with hypercalciuria,DOID:0050947,raquitismo hipofosfatémico hereditario con hipercalciuria
1,DOID:0050948,autosomal dominant hypophosphatemic rickets,DOID:0050948,raquitismo hipofosfatémico autosómico dominante
1,DOID:0050949,autosomal recessive hypophosphatemic rickets,DOID:0050949,raquitismo hipofosfatémico autosómico recesivo
1,DOID:0050950,autosomal recessive cerebellar ataxia,DOID:0050950,ataxia cerebelosa autosómica recesiva
1,DOID:0050951,hereditary ataxia,DOID:0050951,ataxia hereditaria
1,DOID:0050952,spastic ataxia,DOID:0050952,ataxia espástica
1,DOID:0050953,X-linked hereditary ataxia,DOID:0050953,ataxia hereditaria ligada al cromosoma X
1,DOID:0050954,spinocerebellar ataxia type 1,DOID:0050954,ataxia espinocerebelosa tipo 1
1,DOID:0050955,spinocerebellar ataxia type 2,DOID:0050955,ataxia espinocerebelosa tipo 2
1,DOID:0050956,spinocerebellar ataxia type 6,DOID:0050956,ataxia espinocerebelosa tipo 6
1,DOID:0050957,spinocerebellar ataxia type 4,DOID:0050957,ataxia espinocerebelosa tipo 4
1,DOID:0050958,spinocerebellar ataxia type 7,DOID:0050958,ataxia espinocerebelosa tipo 7
1,DOID:0050959,spinocerebellar ataxia type 8,DOID:0050959,ataxia espinocerebelosa tipo 8
1,DOID:0050960,spinocerebellar ataxia type 10,DOID:0050960,ataxia espinocerebelosa tipo 10
1,DOID:0050961,spinocerebellar ataxia type 11,DOID:0050961,ataxia espinocerebelosa tipo 11
1,DOID:0050962,spinocerebellar ataxia type 12,DOID:0050962,ataxia espinocerebelosa tipo 12
1,DOID:0050963,spinocerebellar ataxia type 13,DOID:0050963,ataxia espinocerebelosa tipo 13
1,DOID:0050964,spinocerebellar ataxia type 14,DOID:0050964,ataxia espinocerebelosa tipo 14
1,DOID:0050965,spinocerebellar ataxia type 15,DOID:0050965,ataxia espinocerebelosa tipo 15
1,DOID:0050967,spinocerebellar ataxia type 17,DOID:0050967,ataxia espinocerebelosa tipo 17
1,DOID:0050968,"autosomal dominant cerebellar ataxia, deafness and narcolepsy",DOID:0050968,"ataxia cerebelosa autosómica dominante, sordera y narcolepsia"
1,DOID:0050969,spinocerebellar ataxia type 18,DOID:0050969,ataxia espinocerebelosa tipo 18
1,DOID:0050970,spinocerebellar ataxia type 19/22,DOID:0050970,ataxia espinocerebelosa tipo 19/22
1,DOID:0050971,spinocerebellar ataxia type 20,DOID:0050971,ataxia espinocerebelosa tipo 20
1,DOID:0050972,spinocerebellar ataxia type 21,DOID:0050972,ataxia espinocerebelosa tipo 21
1,DOID:0050973,spinocerebellar ataxia type 23,DOID:0050973,ataxia espinocerebelosa tipo 23
1,DOID:0050974,spinocerebellar ataxia type 25,DOID:0050974,ataxia espinocerebelosa tipo 25
1,DOID:0050975,spinocerebellar ataxia type 26,DOID:0050975,ataxia espinocerebelosa tipo 26
1,DOID:0050976,spinocerebellar ataxia type 27,DOID:0050976,ataxia espinocerebelosa tipo 27
1,DOID:0050977,spinocerebellar ataxia type 28,DOID:0050977,ataxia espinocerebelosa tipo 28
1,DOID:0050978,spinocerebellar ataxia type 29,DOID:0050978,ataxia espinocerebelosa tipo 29
1,DOID:0050979,spinocerebellar ataxia type 30,DOID:0050979,ataxia espinocerebelosa tipo 30
1,DOID:0050980,spinocerebellar ataxia type 31,DOID:0050980,ataxia espinocerebelosa tipo 31
1,DOID:0050981,spinocerebellar ataxia type 34,DOID:0050981,ataxia espinocerebelosa tipo 34
1,DOID:0050982,spinocerebellar ataxia type 35,DOID:0050982,ataxia espinocerebelosa tipo 35
1,DOID:0050983,spinocerebellar ataxia type 36,DOID:0050983,ataxia espinocerebelosa tipo 36
1,DOID:0050984,spinocerebellar ataxia type 37,DOID:0050984,ataxia espinocerebelosa tipo 37
1,DOID:0050985,spinocerebellar ataxia type 38,DOID:0050985,ataxia espinocerebelosa tipo 38
1,DOID:0050986,spinocerebellar ataxia type 40,DOID:0050986,ataxia espinocerebelosa tipo 40
1,DOID:0050987,hypomyelinating leukoencephalopathy,DOID:0050987,leucoencefalopatía hipomielinizante
1,DOID:0050988,GRID2-related spinocerebellar ataxia,DOID:0050988,ataxia espinocerebelosa relacionada con GRID2
1,DOID:0050989,episodic ataxia type 1,DOID:0050989,ataxia episódica tipo 1
1,DOID:0050990,episodic ataxia type 2,DOID:0050990,ataxia episódica tipo 2
1,DOID:0050991,episodic ataxia type 3,DOID:0050991,ataxia episódica tipo 3
1,DOID:0050992,episodic ataxia type 4,DOID:0050992,ataxia episódica tipo 4
1,DOID:0050993,episodic ataxia type 5,DOID:0050993,ataxia episódica tipo 5
1,DOID:0050994,episodic ataxia type 6,DOID:0050994,ataxia episódica tipo 6
1,DOID:0050995,episodic ataxia type 7,DOID:0050995,ataxia episódica tipo 7
1,DOID:0050996,episodic ataxia type 8,DOID:0050996,ataxia episódica tipo 8
1,DOID:0050997,"cerebellar ataxia, mental retardation and dysequlibrium syndrome",DOID:0050997,"ataxia cerebelosa, retraso mental y síndrome de desequlibrio"
1,DOID:0050998,nonprogressive cerebellar ataxia with mental retardation,DOID:0050998,ataxia cerebelosa no progresiva con retraso mental
1,DOID:0050999,autosomal recessive spinocerebellar ataxia 10,DOID:0050999,ataxia espinocerebelosa autosómica recesiva 10
1,DOID:0060000,infective endocarditis,DOID:0060000,endocarditis infecciosa
1,DOID:0060001,withdrawal disorder,DOID:0060001,trastorno de abstinencia
1,DOID:0060002,C1 inhibitor deficiency,DOID:0060002,deficiencia del inhibidor C1
1,DOID:0060004,autoimmune disease of central nervous system,DOID:0060004,enfermedad autoinmune del sistema nervioso central
1,DOID:0060005,autoimmune disease of endocrine system,DOID:0060005,enfermedad autoinmune del sistema endocrino
1,DOID:0060007,CD3zeta deficiency,DOID:0060007,deficiencia de CD3zeta
1,DOID:0060008,janus kinase-3 deficiency,DOID:0060008,deficiencia de cinasa Jano 3
1,DOID:0060009,MHC class I deficiency,DOID:0060009,deficiencia de MHC clase I
1,DOID:0060010,Omenn syndrome,DOID:0060010,síndrome de Omenn
1,DOID:0060011,recombinase activating gene 1 deficiency,DOID:0060011,deficiencia del gen activador de la recombinasa 1
1,DOID:0060012,recombinase activating gene 2 deficiency,DOID:0060012,deficiencia del gen activador de la recombinasa 2
1,DOID:0060013,X-linked severe combined immunodeficiency,DOID:0060013,inmunodeficiencia combinada grave ligada al cromosoma X
1,DOID:0060014,CD45 deficiency,DOID:0060014,deficiencia de CD45
1,DOID:0060015,interleukin-7 receptor alpha deficiency,DOID:0060015,deficiencia del receptor alfa de interleucina-7
1,DOID:0060016,CD3delta deficiency,DOID:0060016,deficiencia de CD3delta
1,DOID:0060017,CD3epsilon deficiency,DOID:0060017,deficiencia de CD3epsilon
1,DOID:0060018,CD3gamma deficiency,DOID:0060018,deficiencia de CD3gamma
1,DOID:0060019,coronin-1A deficiency,DOID:0060019,deficiencia de coronina-1A
1,DOID:0060020,reticular dysgenesis,DOID:0060020,disgenesia reticular
1,DOID:0060021,DNA ligase IV deficiency,DOID:0060021,Deficiencia de ADN ligasa IV
1,DOID:0060022,CD40 ligand deficiency,DOID:0060022,Deficiencia de ligando CD40
1,DOID:0060023,immunodeficiency with hyper IgM type 3,DOID:0060023,inmunodeficiencia con hiper IgM tipo 3
1,DOID:0060024,lambda 5 deficiency,DOID:0060024,deficiencia de lambda 5
1,DOID:0060025,immunoglobulin alpha deficiency,DOID:0060025,deficiencia de inmunoglobulina alfa
1,DOID:0060026,immunoglobulin beta deficiency,DOID:0060026,deficiencia de inmunoglobulina beta
1,DOID:0060027,agammaglobulinemia 4,DOID:0060027,agammaglobulinemia 4
1,DOID:0060028,Good syndrome,DOID:0060028,síndrome de Good
1,DOID:0060029,autoimmune disease of exocrine system,DOID:0060029,enfermedad autoinmune del sistema exocrino
1,DOID:0060030,"autoimmune disease of eyes, ear, nose and throat",DOID:0060030,"enfermedad autoinmune de ojos, oídos, nariz y garganta"
1,DOID:0060031,autoimmune disease of gastrointestinal tract,DOID:0060031,enfermedad autoinmune del tracto gastrointestinal
1,DOID:0060032,autoimmune disease of musculoskeletal system,DOID:0060032,enfermedad autoinmune del sistema musculoesquelético
1,DOID:0060033,autoimmune disease of peripheral nervous system,DOID:0060033,enfermedad autoinmune del sistema nervioso periférico
1,DOID:0060034,dropped head syndrome,DOID:0060034,síndrome de la cabeza caída
1,DOID:0060036,intrinsic cardiomyopathy,DOID:0060036,cardiomiopatía intrínseca
1,DOID:0060037,developmental disorder of mental health,DOID:0060037,trastorno del desarrollo de la salud mental
1,DOID:0060038,specific developmental disorder,DOID:0060038,trastorno específico del desarrollo
1,DOID:0060039,autoimmune disease of skin and connective tissue,DOID:0060039,enfermedad autoinmune de la piel y el tejido conjuntivo
1,DOID:0060040,pervasive developmental disorder,DOID:0060040,trastorno generalizado del desarrollo
1,DOID:0060041,autism spectrum disorder,DOID:0060041,trastorno del espectro autista
1,DOID:0060042,atypical autism,DOID:0060042,autismo atípico
1,DOID:0060043,sexual health disorder,DOID:0060043,trastorno de la salud sexual
1,DOID:0060044,paraphilia disorder,DOID:0060044,trastorno parafílico
1,DOID:0060045,Munchausen by proxy,DOID:0060045,Munchausen por poder
1,DOID:0060046,aphasia,DOID:0060046,afasia
1,DOID:0060047,writing disorder,DOID:0060047,trastorno de la escritura
1,DOID:0060048,nosophobia,DOID:0060048,nosofobia
1,DOID:0060049,autoimmune disease of urogenital tract,DOID:0060049,enfermedad autoinmune del tracto urogenital
1,DOID:0060050,autoimmune disease of blood,DOID:0060050,enfermedad autoinmune de la sangre
1,DOID:0060051,autoimmune disease of cardiovascular system,DOID:0060051,enfermedad autoinmune del sistema cardiovascular
1,DOID:0060054,autonomic peripheral neuropathy,DOID:0060054,neuropatía periférica autónoma
1,DOID:0060055,popliteal pterygium syndrome,DOID:0060055,síndrome del pterigium poplíteo
1,DOID:0060056,hypersensitivity reaction disease,DOID:0060056,enfermedad por reacción de hipersensibilidad
1,DOID:0060057,gluten allergy,DOID:0060057,alergia al gluten
1,DOID:0060058,lymphoma,DOID:0060058,linfoma
1,DOID:0060060,non-Hodgkin lymphoma,DOID:0060060,linfoma no Hodgkin
1,DOID:0060061,primary cutaneous T-cell non-Hodgkin lymphoma,DOID:0060061,linfoma no Hodgkin cutáneo primario de células T
1,DOID:0060062,familial juvenile hyperuricemic nephropathy,DOID:0060062,nefropatía hiperuricémica juvenil familiar
1,DOID:0060063,sideroblastic anemia 1,DOID:0060063,anemia sideroblástica 1
1,DOID:0060065,autosomal recessive pyridoxine-refractory sideroblastic anemia 2,DOID:0060065,anemia sideroblástica refractaria a la piridoxina autosómica recesiva 2
1,DOID:0060066,pyridoxine-responsive sideroblastic anemia,DOID:0060066,anemia sideroblástica sensible a la piridoxina
1,DOID:0060067,Pearson syndrome,DOID:0060067,síndrome de Pearson
1,DOID:0060068,nonbacterial thrombotic endocarditis,DOID:0060068,endocarditis trombótica no bacteriana
1,DOID:0060071,pre-malignant neoplasm,DOID:0060071,neoplasia premaligna
1,DOID:0060072,benign neoplasm,DOID:0060072,neoplasia benigna
1,DOID:0060073,lymphatic system cancer,DOID:0060073,cáncer del sistema linfático
1,DOID:0060074,ductal carcinoma in situ,DOID:0060074,carcinoma ductal in situ
1,DOID:0060075,estrogen-receptor positive breast cancer,DOID:0060075,cáncer de mama con receptores de estrógeno positivos
1,DOID:0060076,estrogen-receptor negative breast cancer,DOID:0060076,cáncer de mama con receptores de estrógeno negativos
1,DOID:0060077,progesterone-receptor positive breast cancer,DOID:0060077,cáncer de mama con receptores de progesterona positivos
1,DOID:0060078,progesterone-receptor negative breast cancer,DOID:0060078,cáncer de mama con receptores de progesterona negativos
1,DOID:0060079,Her2-receptor positive breast cancer,DOID:0060079,cáncer de mama con receptores Her2 positivos
1,DOID:0060080,Her2-receptor negative breast cancer,DOID:0060080,cáncer de mama con receptor Her2 negativo
1,DOID:0060081,triple-receptor negative breast cancer,DOID:0060081,cáncer de mama triple receptor negativo
1,DOID:0060082,breast benign neoplasm,DOID:0060082,neoplasia benigna de mama
1,DOID:0060083,immune system cancer,DOID:0060083,cáncer del sistema inmunológico
1,DOID:0060084,cell type benign neoplasm,DOID:0060084,neoplasia benigna de tipo celular
1,DOID:0060085,organ system benign neoplasm,DOID:0060085,neoplasia benigna del sistema de órganos
1,DOID:0060086,female reproductive organ benign neoplasm,DOID:0060086,neoplasia benigna del órgano reproductor femenino
1,DOID:0060087,male reproductive organ benign neoplasm,DOID:0060087,neoplasia benigna del órgano reproductor masculino
1,DOID:0060088,vestibular gland benign neoplasm,DOID:0060088,neoplasia benigna de la glándula vestibular
1,DOID:0060089,endocrine organ benign neoplasm,DOID:0060089,neoplasia benigna de órgano endocrino
1,DOID:0060090,central nervous system benign neoplasm,DOID:0060090,neoplasia benigna del sistema nervioso central
1,DOID:0060091,cardiovascular organ benign neoplasm,DOID:0060091,neoplasia benigna de órgano cardiovascular
1,DOID:0060092,immune system organ benign neoplasm,DOID:0060092,neoplasia benigna de órganos del sistema inmunitario
1,DOID:0060094,bone benign neoplasm,DOID:0060094,neoplasia ósea benigna
1,DOID:0060095,uterine benign neoplasm,DOID:0060095,neoplasia benigna uterina
1,DOID:0060096,sensory organ benign neoplasm,DOID:0060096,neoplasia benigna del órgano sensorial
1,DOID:0060097,thoracic benign neoplasm,DOID:0060097,neoplasia benigna torácica
1,DOID:0060098,osteoblastoma,DOID:0060098,osteoblastoma
1,DOID:0060099,musculoskeletal system benign neoplasm,DOID:0060099,neoplasia benigna del sistema musculoesquelético
1,DOID:0060100,musculoskeletal system cancer,DOID:0060100,cáncer del sistema musculoesquelético
1,DOID:0060102,cartilage cancer,DOID:0060102,cáncer de cartílago
1,DOID:0060103,central nervous system embryonal tumor,DOID:0060103,tumor embrionario del sistema nervioso central
1,DOID:0060104,cerebellar medulloblastoma,DOID:0060104,meduloblastoma cerebeloso
1,DOID:0060106,brain meningioma,DOID:0060106,meningioma cerebral
1,DOID:0060108,brain glioma,DOID:0060108,glioma cerebral
1,DOID:0060109,vulvar benign neoplasm,DOID:0060109,neoplasia benigna vulvar
1,DOID:0060110,cervical benign neoplasm,DOID:0060110,neoplasia benigna cervical
1,DOID:0060111,fallopian tube benign neoplasm,DOID:0060111,neoplasia benigna de las trompas de Falopio
1,DOID:0060112,ovarian benign neoplasm,DOID:0060112,neoplasia benigna de ovario
1,DOID:0060114,vaginal benign neoplasm,DOID:0060114,neoplasia benigna vaginal
1,DOID:0060115,nervous system benign neoplasm,DOID:0060115,neoplasia benigna del sistema nervioso
1,DOID:0060116,sensory system cancer,DOID:0060116,cáncer del sistema sensorial
1,DOID:0060117,peritoneal benign neoplasm,DOID:0060117,neoplasia benigna peritoneal
1,DOID:0060118,thoracic disease,DOID:0060118,enfermedad torácica
1,DOID:0060119,pharynx cancer,DOID:0060119,cáncer de faringe
1,DOID:0060121,integumentary system benign neoplasm,DOID:0060121,neoplasia benigna del sistema tegumentario
1,DOID:0060122,integumentary system cancer,DOID:0060122,cáncer del sistema tegumentario
1,DOID:0060123,connective tissue benign neoplasm,DOID:0060123,neoplasia benigna del tejido conjuntivo
1,DOID:0060125,heavy chain disease,DOID:0060125,enfermedad de la cadena pesada
1,DOID:0060126,alpha chain disease,DOID:0060126,enfermedad de la cadena alfa
1,DOID:0060127,gamma heavy chain disease,DOID:0060127,enfermedad de la cadena pesada gamma
1,DOID:0060128,mu chain disease,DOID:0060128,enfermedad de la cadena mu
1,DOID:0060129,delta chain disease,DOID:0060129,enfermedad de la cadena delta
1,DOID:0060130,akinetopsia,DOID:0060130,acinetopsia
1,DOID:0060131,alexithymia,DOID:0060131,alexitimia
1,DOID:0060132,amusia,DOID:0060132,amusia
1,DOID:0060133,anosognosia,DOID:0060133,anosognosia
1,DOID:0060134,apperceptive agnosia,DOID:0060134,agnosia aperceptiva
1,DOID:0060135,apraxia,DOID:0060135,apraxia
1,DOID:0060136,associative agnosia,DOID:0060136,agnosia asociativa
1,DOID:0060137,auditory agnosia,DOID:0060137,agnosia auditiva
1,DOID:0060138,autotopagnosia,DOID:0060138,autotopagnosia
1,DOID:0060139,color agnosia,DOID:0060139,agnosia cromática
1,DOID:0060140,cortical deafness,DOID:0060140,sordera cortical
1,DOID:0060141,finger agnosia,DOID:0060141,agnosia de los dedos
1,DOID:0060142,form agnosia,DOID:0060142,agnosia de forma
1,DOID:0060143,integrative agnosia,DOID:0060143,agnosia integradora
1,DOID:0060144,mirror agnosia,DOID:0060144,agnosia del espejo
1,DOID:0060145,pain agnosia,DOID:0060145,agnosia del dolor
1,DOID:0060146,phonagnosia,DOID:0060146,fonagnosia
1,DOID:0060147,semantic agnosia,DOID:0060147,agnosia semántica
1,DOID:0060148,simultanagnosia,DOID:0060148,simultanagnosia
1,DOID:0060149,social emotional agnosia,DOID:0060149,agnosia socioemocional
1,DOID:0060150,astereognosia,DOID:0060150,astereognosia
1,DOID:0060151,tactile agnosia,DOID:0060151,agnosia táctil
1,DOID:0060152,time agnosia,DOID:0060152,agnosia del tiempo
1,DOID:0060153,topographical agnosia,DOID:0060153,agnosia topográfica
1,DOID:0060154,verbal auditory agnosia,DOID:0060154,agnosia auditiva verbal
1,DOID:0060155,visual agnosia,DOID:0060155,agnosia visual
1,DOID:0060156,visual verbal agnosia,DOID:0060156,agnosia verbal visual
1,DOID:0060157,diffuse alopecia areata,DOID:0060157,alopecia areata difusa
1,DOID:0060158,acquired metabolic disease,DOID:0060158,enfermedad metabólica adquirida
1,DOID:0060159,organic acidemia,DOID:0060159,acidemia orgánica
1,DOID:0060160,childhood spinal muscular atrophy,DOID:0060160,atrofia muscular espinal infantil
1,DOID:0060161,Kennedy's disease,DOID:0060161,enfermedad de Kennedy
1,DOID:0060162,dentatorubral-pallidoluysian atrophy,DOID:0060162,atrofia dentatorubral-pallidoluysiana
1,DOID:0060163,body dysmorphic disorder,DOID:0060163,trastorno dismórfico corporal
1,DOID:0060164,pain disorder,DOID:0060164,trastorno del dolor
1,DOID:0060165,Kleine-Levin syndrome,DOID:0060165,síndrome de Kleine-Levin
1,DOID:0060166,bipolar ll disorder,DOID:0060166,trastorno bipolar ll
1,DOID:0060167,seasonal affective disorder,DOID:0060167,trastorno afectivo estacional
1,DOID:0060168,histidinemia,DOID:0060168,histidinemia
1,DOID:0060169,benign familial infantile epilepsy,DOID:0060169,epilepsia infantil familiar benigna
1,DOID:0060170,generalized epilepsy with febrile seizures plus,DOID:0060170,epilepsia generalizada con convulsiones febriles
1,DOID:0060172,juvenile absence epilepsy,DOID:0060172,epilepsia de ausencia juvenil
1,DOID:0060173,Timothy syndrome,DOID:0060173,síndrome de Timothy
1,DOID:0060174,GABA aminotransferase deficiency,DOID:0060174,Deficiencia de GABA aminotransferasa
1,DOID:0060175,succinic semialdehyde dehydrogenase deficiency,DOID:0060175,deficiencia de semialdehído deshidrogenasa succínica
1,DOID:0060176,gamma-amino butyric acid metabolism disorder,DOID:0060176,trastorno del metabolismo del ácido gamma-amino butírico
1,DOID:0060177,homocarnosinosis,DOID:0060177,homocarnosinosis
1,DOID:0060178,familial hemiplegic migraine,DOID:0060178,migraña hemipléjica familiar
1,DOID:0060179,Renpenning syndrome,DOID:0060179,síndrome de Renpenning
1,DOID:0060180,colitis,DOID:0060180,colitis
1,DOID:0060181,ischemic colitis,DOID:0060181,colitis isquémica
1,DOID:0060182,microscopic colitis,DOID:0060182,colitis microscópica
1,DOID:0060183,collagenous colitis,DOID:0060183,colitis colagenosa
1,DOID:0060184,lymphocytic colitis,DOID:0060184,colitis linfocítica
1,DOID:0060185,Clostridium difficile colitis,DOID:0060185,colitis por Clostridium difficile
1,DOID:0060186,chemical colitis,DOID:0060186,colitis química
1,DOID:0060187,diversion colitis,DOID:0060187,colitis por desviación
1,DOID:0060188,jejunoileitis,DOID:0060188,yeyunoileítis
1,DOID:0060189,ileitis,DOID:0060189,ileítis
1,DOID:0060190,ileocolitis,DOID:0060190,ileocolitis
1,DOID:0060191,gastroduodenal Crohn's disease,DOID:0060191,enfermedad de Crohn gastroduodenal
1,DOID:0060192,Crohn's colitis,DOID:0060192,colitis de Crohn
1,DOID:0060193,amyotrophic lateral sclerosis type 1,DOID:0060193,esclerosis lateral amiotrófica tipo 1
1,DOID:0060194,amyotrophic lateral sclerosis type 2,DOID:0060194,esclerosis lateral amiotrófica tipo 2
1,DOID:0060195,amyotrophic lateral sclerosis type 3,DOID:0060195,esclerosis lateral amiotrófica tipo 3
1,DOID:0060196,amyotrophic lateral sclerosis type 4,DOID:0060196,esclerosis lateral amiotrófica tipo 4
1,DOID:0060197,amyotrophic lateral sclerosis type 5,DOID:0060197,esclerosis lateral amiotrófica tipo 5
1,DOID:0060198,amyotrophic lateral sclerosis type 6,DOID:0060198,esclerosis lateral amiotrófica tipo 6
1,DOID:0060199,amyotrophic lateral sclerosis type 7,DOID:0060199,esclerosis lateral amiotrófica tipo 7
1,DOID:0060200,amyotrophic lateral sclerosis type 9,DOID:0060200,esclerosis lateral amiotrófica tipo 9
1,DOID:0060201,amyotrophic lateral sclerosis type 10,DOID:0060201,esclerosis lateral amiotrófica tipo 10
1,DOID:0060202,amyotrophic lateral sclerosis type 11,DOID:0060202,esclerosis lateral amiotrófica tipo 11
1,DOID:0060203,amyotrophic lateral sclerosis type 12,DOID:0060203,esclerosis lateral amiotrófica tipo 12
1,DOID:0060204,amyotrophic lateral sclerosis type 13,DOID:0060204,esclerosis lateral amiotrófica tipo 13
1,DOID:0060205,frontotemporal dementia and/or amyotrophic lateral sclerosis-6,DOID:0060205,demencia frontotemporal y/o esclerosis lateral amiotrófica-6
1,DOID:0060206,amyotrophic lateral sclerosis type 15,DOID:0060206,esclerosis lateral amiotrófica tipo 15
1,DOID:0060207,amyotrophic lateral sclerosis type 16,DOID:0060207,esclerosis lateral amiotrófica tipo 16
1,DOID:0060209,amyotrophic lateral sclerosis type 18,DOID:0060209,esclerosis lateral amiotrófica tipo 18
1,DOID:0060210,amyotrophic lateral sclerosis type 19,DOID:0060210,esclerosis lateral amiotrófica tipo 19
1,DOID:0060211,amyotrophic lateral sclerosis type 20,DOID:0060211,esclerosis lateral amiotrófica tipo 20
1,DOID:0060212,amyotrophic lateral sclerosis type 21,DOID:0060212,esclerosis lateral amiotrófica tipo 21
1,DOID:0060213,frontotemporal dementia and/or amyotrophic lateral sclerosis-1,DOID:0060213,demencia frontotemporal y/o esclerosis lateral amiotrófica-1
1,DOID:0060214,frontotemporal dementia and/or amyotrophic lateral sclerosis-2,DOID:0060214,demencia frontotemporal y/o esclerosis lateral amiotrófica-2
1,DOID:0060215,Balo concentric sclerosis,DOID:0060215,esclerosis concéntrica de Baló
1,DOID:0060216,Cogan syndrome,DOID:0060216,síndrome de Cogan
1,DOID:0060217,Cogan-Reese syndrome,DOID:0060217,síndrome de Cogan-Reese
1,DOID:0060218,CREST syndrome,DOID:0060218,síndrome de CREST
1,DOID:0060219,lymph node adenoid cystic carcinoma,DOID:0060219,carcinoma adenoide quístico de los ganglios linfáticos
1,DOID:0060220,physical urticaria,DOID:0060220,urticaria física
1,DOID:0060221,Maffucci syndrome,DOID:0060221,síndrome de Maffucci
1,DOID:0060222,Scheie syndrome,DOID:0060222,síndrome de Scheie
1,DOID:0060223,agraphia,DOID:0060223,agrafia
1,DOID:0060224,atrial fibrillation,DOID:0060224,fibrilación auricular
1,DOID:0060225,3MC syndrome,DOID:0060225,síndrome 3MC
1,DOID:0060226,acrofrontofacionasal dysostosis,DOID:0060226,disostosis acrofrontofacionasal
1,DOID:0060227,Adams-Oliver syndrome,DOID:0060227,síndrome de Adams-Oliver
1,DOID:0060228,intracranial berry aneurysm,DOID:0060228,aneurisma intracraneal en baya
1,DOID:0060229,Baraitser-Winter syndrome,DOID:0060229,síndrome de Baraitser-Winter
1,DOID:0060230,basal ganglia calcification,DOID:0060230,calcificación de los ganglios basales
1,DOID:0060231,Bruck syndrome,DOID:0060231,síndrome de Bruck
1,DOID:0060232,branchiootic syndrome,DOID:0060232,síndrome branquiótico
1,DOID:0060233,cardiofaciocutaneous syndrome,DOID:0060233,síndrome cardiofaciocutáneo
1,DOID:0060234,Carpenter syndrome,DOID:0060234,síndrome de Carpenter
1,DOID:0060235,carnitine palmitoyltransferase II deficiency,DOID:0060235,deficiencia de carnitina palmitoiltransferasa II
1,DOID:0060236,xanthinuria,DOID:0060236,xantinuria
1,DOID:0060237,Warburg micro syndrome,DOID:0060237,microsíndrome de Warburg
1,DOID:0060238,Van Maldergem syndrome,DOID:0060238,síndrome de Van Maldergem
1,DOID:0060239,Van der Woude syndrome,DOID:0060239,síndrome de Van der Woude
1,DOID:0060240,UV-sensitive syndrome,DOID:0060240,síndrome de sensibilidad a los rayos UV
1,DOID:0060241,3-M syndrome,DOID:0060241,síndrome 3-M
1,DOID:0060242,synpolydactyly,DOID:0060242,sinpolidactilia
1,DOID:0060243,stuttering,DOID:0060243,tartamudeo
1,DOID:0060244,specific language impairment,DOID:0060244,discapacidad lingüística específica
1,DOID:0060245,Mast syndrome,DOID:0060245,síndrome de Mast
1,DOID:0060246,MASA syndrome,DOID:0060246,síndrome de MASA
1,DOID:0060247,Smith-McCort dysplasia,DOID:0060247,displasia de Smith-McCort
1,DOID:0060248,Simpson-Golabi-Behmel syndrome type 1,DOID:0060248,síndrome de Simpson-Golabi-Behmel tipo 1
1,DOID:0060249,scoliosis,DOID:0060249,escoliosis
1,DOID:0060250,idiopathic scoliosis,DOID:0060250,escoliosis idiopática
1,DOID:0060251,sclerosteosis,DOID:0060251,esclerosteosis
1,DOID:0060252,sclerocornea,DOID:0060252,esclerocórnea
1,DOID:0060253,scapuloperoneal myopathy,DOID:0060253,miopatía escapuloperoneal
1,DOID:0060254,Robinow syndrome,DOID:0060254,síndrome de Robinow
1,DOID:0060255,rippling muscle disease 2,DOID:0060255,enfermedad del músculo ondulado 2
1,DOID:0060256,Dowling-Degos disease,DOID:0060256,enfermedad de Dowling-Degos
1,DOID:0060257,dyschromatosis symmetrica hereditaria,DOID:0060257,discromatosis simétrica hereditaria
1,DOID:0060258,reticulate acropigmentation of Kitamura,DOID:0060258,acropigmentación reticulada de Kitamura
1,DOID:0060260,ptosis,DOID:0060260,ptosis
1,DOID:0060262,gallbladder disease,DOID:0060262,enfermedad de la vesícula biliar
1,DOID:0060263,porencephaly,DOID:0060263,porencefalia
1,DOID:0060264,pontocerebellar hypoplasia,DOID:0060264,hipoplasia pontocerebelosa
1,DOID:0060265,pontocerebellar hypoplasia type 1A,DOID:0060265,hipoplasia pontocerebelosa tipo 1A
1,DOID:0060266,pontocerebellar hypoplasia type 1B,DOID:0060266,hipoplasia pontocerebelosa tipo 1B
1,DOID:0060267,pontocerebellar hypoplasia type 2A,DOID:0060267,hipoplasia pontocerebelosa tipo 2A
1,DOID:0060268,pontocerebellar hypoplasia type 2B,DOID:0060268,hipoplasia pontocerebelosa tipo 2B
1,DOID:0060269,pontocerebellar hypoplasia type 2C,DOID:0060269,hipoplasia pontocerebelosa tipo 2C
1,DOID:0060270,pontocerebellar hypoplasia type 2D,DOID:0060270,hipoplasia pontocerebelosa tipo 2D
1,DOID:0060271,pontocerebellar hypoplasia type 2E,DOID:0060271,hipoplasia pontocerebelosa tipo 2E
1,DOID:0060272,pontocerebellar hypoplasia type 3,DOID:0060272,hipoplasia pontocerebelosa tipo 3
1,DOID:0060273,pontocerebellar hypoplasia type 4,DOID:0060273,hipoplasia pontocerebelosa tipo 4
1,DOID:0060274,pontocerebellar hypoplasia type 5,DOID:0060274,hipoplasia pontocerebelosa tipo 5
1,DOID:0060275,pontocerebellar hypoplasia type 6,DOID:0060275,hipoplasia pontocerebelosa tipo 6
1,DOID:0060276,pontocerebellar hypoplasia type 7,DOID:0060276,hipoplasia pontocerebelosa tipo 7
1,DOID:0060277,pontocerebellar hypoplasia type 8,DOID:0060277,hipoplasia pontocerebelosa tipo 8
1,DOID:0060278,pontocerebellar hypoplasia type 9,DOID:0060278,hipoplasia pontocerebelosa tipo 9
1,DOID:0060279,pontocerebellar hypoplasia type 10,DOID:0060279,hipoplasia pontocerebelosa tipo 10
1,DOID:0060280,primary pigmented nodular adrenocortical disease,DOID:0060280,enfermedad corticosuprarrenal nodular pigmentada primaria
1,DOID:0060281,photosensitive epilepsy,DOID:0060281,epilepsia fotosensible
1,DOID:0060282,persistent hyperplastic primary vitreous,DOID:0060282,vítreo primario hiperplásico persistente
1,DOID:0060283,peeling skin syndrome,DOID:0060283,síndrome de la piel descamada
1,DOID:0060284,paroxysmal nocturnal hemoglobinuria,DOID:0060284,hemoglobinuria paroxística nocturna
1,DOID:0060286,combined oxidative phosphorylation deficiency,DOID:0060286,deficiencia combinada de fosforilación oxidativa
1,DOID:0060287,cornea plana,DOID:0060287,córnea plana
1,DOID:0060288,omodysplasia,DOID:0060288,omodisplasia
1,DOID:0060289,Ohdo syndrome,DOID:0060289,síndrome de Ohdo
1,DOID:0060290,"blepharophimosis-intellectual disability syndrome, SBBYS type",DOID:0060290,"síndrome de blefarofimosis-discapacidad intelectual, tipo SBBYS"
1,DOID:0060291,oculodentodigital dysplasia,DOID:0060291,displasia oculodentodigital
1,DOID:0060292,X-linked chondrodysplasia punctata 1,DOID:0060292,condrodisplasia punctata 1 ligada al cromosoma X
1,DOID:0060293,autosomal dominant chondrodysplasia punctata,DOID:0060293,condrodisplasia punctata autosómica dominante
1,DOID:0060294,cold-induced sweating syndrome,DOID:0060294,síndrome de sudoración inducida por el frío
1,DOID:0060295,complement component 2 deficiency,DOID:0060295,deficiencia del componente 2 del complemento
1,DOID:0060297,complement component 4a deficiency,DOID:0060297,deficiencia del componente 4a del complemento
1,DOID:0060298,complement component 4b deficiency,DOID:0060298,deficiencia del componente 4b del complemento
1,DOID:0060299,complement component 6 deficiency,DOID:0060299,deficiencia del componente 6 del complemento
1,DOID:0060300,complement component 7 deficiency,DOID:0060300,deficiencia del componente 7 del complemento
1,DOID:0060301,type I complement component 8 deficiency,DOID:0060301,deficiencia del componente 8 del complemento de tipo I
1,DOID:0060302,type II complement component 8 deficiency,DOID:0060302,deficiencia del componente 8 del complemento de tipo II
1,DOID:0060303,complement component 9 deficiency,DOID:0060303,deficiencia del componente 9 del complemento
1,DOID:0060304,dyschromatosis universalis hereditaria,DOID:0060304,discromatosis universal hereditaria
1,DOID:0060305,megalocornea,DOID:0060305,megalocórnea
1,DOID:0060306,Meier-Gorlin syndrome,DOID:0060306,síndrome de Meier-Gorlin
1,DOID:0060307,autosomal dominant intellectual developmental disorder,DOID:0060307,trastorno del desarrollo intelectual autosómico dominante
1,DOID:0060308,autosomal recessive intellectual developmental disorder,DOID:0060308,trastorno autosómico recesivo del desarrollo intelectual
1,DOID:0060309,syndromic X-linked intellectual disability,DOID:0060309,discapacidad intelectual sindrómica ligada al cromosoma X
1,DOID:0060310,uvulitis,DOID:0060310,uvulitis
1,DOID:0060311,adenoid hypertrophy,DOID:0060311,hipertrofia adenoidea
1,DOID:0060312,angular cheilitis,DOID:0060312,queilitis angular
1,DOID:0060313,tracheomalacia,DOID:0060313,traqueomalacia
1,DOID:0060314,persistent generalized lymphadenopathy,DOID:0060314,linfadenopatía generalizada persistente
1,DOID:0060315,oral hairy leukoplakia,DOID:0060315,leucoplasia vellosa oral
1,DOID:0060316,orofaciodigital syndrome I,DOID:0060316,síndrome orofaciodigital I
1,DOID:0060317,lung abscess,DOID:0060317,absceso pulmonar
1,DOID:0060318,acute promyelocytic leukemia,DOID:0060318,leucemia promielocítica aguda
1,DOID:0060319,cardiac arrest,DOID:0060319,paro cardíaco
1,DOID:0060320,inguinal hernia,DOID:0060320,hernia inguinal
1,DOID:0060321,umbilical hernia,DOID:0060321,hernia umbilical
1,DOID:0060322,mastoiditis,DOID:0060322,mastoiditis
1,DOID:0060323,breast abscess,DOID:0060323,absceso mamario
1,DOID:0060324,dental abscess,DOID:0060324,absceso dental
1,DOID:0060325,cervical polyp,DOID:0060325,pólipo cervical
1,DOID:0060328,anal fistula,DOID:0060328,fístula anal
1,DOID:0060329,ectopic pregnancy,DOID:0060329,embarazo ectópico
1,DOID:0060330,Rapp-Hodgkin syndrome,DOID:0060330,síndrome de Rapp-Hodgkin
1,DOID:0060331,mitochondrial complex V (ATP synthase) deficiency nuclear type 2,DOID:0060331,deficiencia del complejo mitocondrial V (ATP sintasa) nuclear tipo 2
1,DOID:0060332,mitochondrial complex V (ATP synthase) deficiency nuclear type 3,DOID:0060332,deficiencia del complejo mitocondrial V (ATP sintasa) nuclear tipo 3
1,DOID:0060333,mitochondrial complex V (ATP synthase) deficiency nuclear type 4,DOID:0060333,deficiencia del complejo mitocondrial V (ATP sintasa) nuclear tipo 4
1,DOID:0060334,transient neonatal diabetes mellitus,DOID:0060334,diabetes mellitus neonatal transitoria
1,DOID:0060335,autosomal dominant sideroblastic anemia 4,DOID:0060335,anemia sideroblástica autosómica dominante 4
1,DOID:0060336,3-methylglutaconic aciduria,DOID:0060336,aciduria 3-metilglutacónica
1,DOID:0060337,CEDNIK syndrome,DOID:0060337,síndrome de CEDNIK
1,DOID:0060338,parameningeal embryonal rhabdomyosarcoma,DOID:0060338,rabdomiosarcoma embrionario parameníngeo
1,DOID:0060339,chronic atrial and intestinal dysrhythmia,DOID:0060339,disritmia auricular e intestinal crónica
1,DOID:0060340,ciliopathy,DOID:0060340,ciliopatía
1,DOID:0060342,acromelic frontonasal dysostosis,DOID:0060342,disostosis frontonasal acromélica
1,DOID:0060343,glucocorticoid-induced osteoporosis,DOID:0060343,osteoporosis inducida por glucocorticoides
1,DOID:0060344,acrodermatitis chronica atrophicans,DOID:0060344,acrodermatitis crónica atrofiante
1,DOID:0060345,bacillary angiomatosis,DOID:0060345,angiomatosis bacilar
1,DOID:0060346,Native American myopathy,DOID:0060346,miopatía de los nativos americanos
1,DOID:0060347,acrorenal syndrome,DOID:0060347,síndrome acrorrenal
1,DOID:0060348,hypoparathyroidism-retardation-dysmorphism syndrome,DOID:0060348,síndrome de hipoparatiroidismo-retardación-dismorfismo
1,DOID:0060349,"microcephaly with or without chorioretinopathy, lymphedema, or mental retardation",DOID:0060349,"microcefalia con o sin coriorretinopatía, linfedema o retraso mental"
1,DOID:0060350,adenine phosphoribosyltransferase deficiency,DOID:0060350,deficiencia de adenina fosforibosiltransferasa
1,DOID:0060351,mitochondrial complex III deficiency nuclear type 2,DOID:0060351,deficiencia del complejo mitocondrial III nuclear tipo 2
1,DOID:0060352,Kleefstra syndrome 1,DOID:0060352,síndrome de Kleefstra 1
1,DOID:0060353,acrofacial dysostosis Cincinnati type,DOID:0060353,disostosis acrofacial tipo Cincinnati
1,DOID:0060354,Stormorken syndrome,DOID:0060354,síndrome de Stormorken
1,DOID:0060355,amyotrophic lateral sclerosis type 22,DOID:0060355,esclerosis lateral amiotrófica tipo 22
1,DOID:0060356,Vici syndrome,DOID:0060356,síndrome de Vici
1,DOID:0060357,chylomicron retention disease,DOID:0060357,enfermedad de retención de quilomicrones
1,DOID:0060358,multiple acyl-CoA dehydrogenase deficiency,DOID:0060358,deficiencia múltiple de acil-CoA deshidrogenasa
1,DOID:0060359,Sakati-Nyhan syndrome,DOID:0060359,síndrome de Sakati-Nyhan
1,DOID:0060360,hereditary papulotranslucent acrokeratoderma,DOID:0060360,acroqueratodermia papulotranslúcida hereditaria
1,DOID:0060361,punctate palmoplantar keratoderma,DOID:0060361,queratodermia palmoplantar punteada
1,DOID:0060362,punctate palmoplantar keratoderma type III,DOID:0060362,queratodermia palmoplantar punteada tipo III
1,DOID:0060363,glycerol kinase deficiency,DOID:0060363,deficiencia de glicerol quinasa
1,DOID:0060364,Galloway-Mowat syndrome 1,DOID:0060364,#N/A
1,DOID:0060365,mandibulofacial dysostosis with alopecia,DOID:0060365,disostosis mandibulofacial con alopecia
1,DOID:0060366,Hennekam syndrome,DOID:0060366,síndrome de Hennekam
1,DOID:0060367,Parkinson's disease 1,DOID:0060367,enfermedad de Parkinson 1
1,DOID:0060368,Parkinson's disease 2,DOID:0060368,enfermedad de Parkinson 2
1,DOID:0060369,Parkinson's disease 6,DOID:0060369,enfermedad de Parkinson 6
1,DOID:0060370,Parkinson's disease 7,DOID:0060370,enfermedad de Parkinson 7
1,DOID:0060371,Parkinson's disease 8,DOID:0060371,enfermedad de Parkinson 8
1,DOID:0060372,Parkinson's disease 15,DOID:0060372,enfermedad de Parkinson 15
1,DOID:0060373,orofaciodigital syndrome III,DOID:0060373,síndrome orofaciodigital III
1,DOID:0060374,orofaciodigital syndrome IV,DOID:0060374,síndrome orofaciodigital IV
1,DOID:0060375,orofaciodigital syndrome V,DOID:0060375,síndrome orofaciodigital V
1,DOID:0060376,Joubert syndrome with orofaciodigital defect,DOID:0060376,síndrome de Joubert con defecto orofaciodigital
1,DOID:0060377,orofaciodigital syndrome VII,DOID:0060377,síndrome orofaciodigital VII
1,DOID:0060378,orofaciodigital syndrome VIII,DOID:0060378,síndrome orofaciodigital VIII
1,DOID:0060379,acrofacial dysostosis,DOID:0060379,disostosis acrofacial
1,DOID:0060380,orofaciodigital syndrome X,DOID:0060380,síndrome orofaciodigital X
1,DOID:0060381,orofaciodigital syndrome XI,DOID:0060381,síndrome orofaciodigital XI
1,DOID:0060382,orofaciodigital syndrome IX,DOID:0060382,síndrome orofaciodigital IX
1,DOID:0060383,acrofacial dysostosis Rodriguez type,DOID:0060383,disostosis acrofacial tipo Rodríguez
1,DOID:0060384,"acrofacial dysostosis, Catania type",DOID:0060384,"disostosis acrofacial, tipo Catania"
1,DOID:0060385,"acrofacial dysostosis, Patagonia type",DOID:0060385,"disostosis acrofacial, tipo Patagonia"
1,DOID:0060386,Chilblain lupus,DOID:0060386,lupus chilblain
1,DOID:0060387,chondrodysplasia Blomstrand type,DOID:0060387,condrodisplasia tipo Blomstrand
1,DOID:0060388,chromosomal deletion syndrome,DOID:0060388,síndrome de deleción cromosómica
1,DOID:0060389,chromosome 10q23 deletion syndrome,DOID:0060389,síndrome de deleción del cromosoma 10q23
1,DOID:0060390,distal 10q deletion syndrome,DOID:0060390,síndrome de deleción distal 10q
1,DOID:0060391,chromosome 13q14 deletion syndrome,DOID:0060391,síndrome de deleción del cromosoma 13q14
1,DOID:0060392,chromosome 14q11-q22 deletion syndrome,DOID:0060392,síndrome de deleción del cromosoma 14q11-q22
1,DOID:0060393,chromosome 15q11.2 deletion syndrome,DOID:0060393,síndrome de deleción del cromosoma 15q11.2
1,DOID:0060394,chromosome 15q13.3 microdeletion syndrome,DOID:0060394,síndrome de microdeleción del cromosoma 15q13.3
1,DOID:0060395,chromosome 15q24 deletion syndrome,DOID:0060395,síndrome de deleción del cromosoma 15q24
1,DOID:0060396,chromosome 15q25 deletion syndrome,DOID:0060396,síndrome de deleción del cromosoma 15q25
1,DOID:0060397,chromosome 15q26-qter deletion syndrome,DOID:0060397,síndrome de deleción del cromosoma 15q26-qter
1,DOID:0060398,"chromosome 16p11.2 deletion syndrome, 220-kb",DOID:0060398,"síndrome de deleción del cromosoma 16p11.2, 220-kb"
1,DOID:0060399,chromosome 16p12.1 deletion syndrome,DOID:0060399,síndrome de deleción del cromosoma 16p12.1
1,DOID:0060400,chromosome 16p12.2-p11.2 deletion syndrome,DOID:0060400,síndrome de deleción del cromosoma 16p12.2-p11.2
1,DOID:0060401,chromosome 16q22 deletion syndrome,DOID:0060401,síndrome de deleción del cromosoma 16q22
1,DOID:0060402,chromosome 17p13.1 deletion syndrome,DOID:0060402,síndrome de deleción del cromosoma 17p13.1
1,DOID:0060403,chromosome 17q11.2 deletion syndrome,DOID:0060403,síndrome de deleción del cromosoma 17q11.2
1,DOID:0060404,chromosome 17q12 deletion syndrome,DOID:0060404,síndrome de deleción del cromosoma 17q12
1,DOID:0060405,chromosome 17q23.1-q23.2 deletion syndrome,DOID:0060405,síndrome de deleción del cromosoma 17q23.1-q23.2
1,DOID:0060406,chromosome 18p deletion syndrome,DOID:0060406,síndrome de deleción del cromosoma 18p
1,DOID:0060407,chromosome 18q deletion syndrome,DOID:0060407,síndrome de deleción del cromosoma 18q
1,DOID:0060408,chromosome 19q13.11 deletion syndrome,DOID:0060408,síndrome de deleción del cromosoma 19q13.11
1,DOID:0060409,NFIA-related disorder,DOID:0060409,trastorno relacionado con el NFIA
1,DOID:0060410,chromosome 1p36 deletion syndrome,DOID:0060410,síndrome de deleción del cromosoma 1p36
1,DOID:0060411,chromosome 1q21.1 deletion syndrome,DOID:0060411,síndrome de deleción del cromosoma 1q21.1
1,DOID:0060412,chromosome 1q41-q42 deletion syndrome,DOID:0060412,síndrome de deleción del cromosoma 1q41-q42
1,DOID:0060413,"chromosome 22q11.2 deletion syndrome, distal",DOID:0060413,síndrome de deleción distal del cromosoma 22q11.2
1,DOID:0060414,chromosome 2p12-p11.2 deletion syndrome,DOID:0060414,síndrome de deleción del cromosoma 2p12-p11.2
1,DOID:0060415,chromosome 2p16.1-p15 deletion syndrome,DOID:0060415,síndrome de deleción del cromosoma 2p16.1-p15
1,DOID:0060416,chromosome 2q31.2 deletion syndrome,DOID:0060416,síndrome de deleción del cromosoma 2q31.2
1,DOID:0060417,3p deletion syndrome,DOID:0060417,síndrome de deleción 3p
1,DOID:0060418,chromosome 3q13.31 deletion syndrome,DOID:0060418,síndrome de deleción del cromosoma 3q13.31
1,DOID:0060419,chromosome 3q29 microdeletion syndrome,DOID:0060419,síndrome de microdeleción del cromosoma 3q29
1,DOID:0060420,chromosome 4q21 deletion syndrome,DOID:0060420,síndrome de deleción del cromosoma 4q21
1,DOID:0060421,chromosome 5q12 deletion syndrome,DOID:0060421,síndrome de deleción del cromosoma 5q12
1,DOID:0060422,chromosome 6pter-p24 deletion syndrome,DOID:0060422,síndrome de deleción del cromosoma 6pter-p24
1,DOID:0060423,chromosome 6q11-q14 deletion syndrome,DOID:0060423,síndrome de deleción del cromosoma 6q11-q14
1,DOID:0060424,chromosome 6q24-q25 deletion syndrome,DOID:0060424,síndrome de deleción del cromosoma 6q24-q25
1,DOID:0060425,chromosome 8q21.11 deletion syndrome,DOID:0060425,síndrome de deleción del cromosoma 8q21.11
1,DOID:0060426,chromosome 19p13.13 deletion syndrome,DOID:0060426,síndrome de deleción del cromosoma 19p13.13
1,DOID:0060427,chromosome Xp21 deletion syndrome,DOID:0060427,síndrome de deleción del cromosoma Xp21
1,DOID:0060428,SATB2-associated syndrome,DOID:0060428,síndrome asociado al SATB2
1,DOID:0060429,chromosomal duplication syndrome,DOID:0060429,síndrome de duplicación cromosómica
1,DOID:0060430,chromosome 16p11.2 duplication syndrome,DOID:0060430,síndrome de duplicación del cromosoma 16p11.2
1,DOID:0060431,chromosome 16p13.3 duplication syndrome,DOID:0060431,síndrome de duplicación del cromosoma 16p13.3
1,DOID:0060432,chromosome 17p13.3 duplication syndrome,DOID:0060432,síndrome de duplicación del cromosoma 17p13.3
1,DOID:0060433,chromosome 17q12 duplication syndrome,DOID:0060433,síndrome de duplicación del cromosoma 17q12
1,DOID:0060434,chromosome 17q21.31 duplication syndrome,DOID:0060434,síndrome de duplicación del cromosoma 17q21.31
1,DOID:0060435,chromosome 1q21.1 duplication syndrome,DOID:0060435,síndrome de duplicación del cromosoma 1q21.1
1,DOID:0060436,chromosome 22q11.2 microduplication syndrome,DOID:0060436,síndrome de microduplicación del cromosoma 22q11.2
1,DOID:0060437,chromosome 22q13 duplication syndrome,DOID:0060437,síndrome de duplicación del cromosoma 22q13
1,DOID:0060438,Cole-Carpenter syndrome,DOID:0060438,síndrome de Cole-Carpenter
1,DOID:0060439,lysinuric protein intolerance,DOID:0060439,intolerancia a las proteínas lisinúricas
1,DOID:0060440,epithelial and subepithelial dystrophy,DOID:0060440,distrofia epitelial y subepitelial
1,DOID:0060441,epithelial-stromal TGFBI dystrophy,DOID:0060441,distrofia epitelio-estromal TGFBI
1,DOID:0060442,stromal dystrophy,DOID:0060442,distrofia estromal
1,DOID:0060443,corneal endothelial dystrophy,DOID:0060443,distrofia endotelial corneal
1,DOID:0060444,granular corneal dystrophy 2,DOID:0060444,distrofia corneal granular 2
1,DOID:0060446,X-linked endothelial corneal dystrophy,DOID:0060446,distrofia corneal endotelial ligada al cromosoma X
1,DOID:0060447,epithelial basement membrane dystrophy,DOID:0060447,distrofia de la membrana basal epitelial
1,DOID:0060448,Fleck corneal dystrophy,DOID:0060448,distrofia corneal de Fleck
1,DOID:0060449,gelatinous drop-like corneal dystrophy,DOID:0060449,distrofia corneal gelatinosa en forma de gota
1,DOID:0060450,Lisch epithelial corneal dystrophy,DOID:0060450,distrofia corneal epitelial de Lisch
1,DOID:0060451,Meesmann corneal dystrophy,DOID:0060451,distrofia corneal de Meesmann
1,DOID:0060452,posterior amorphous corneal dystrophy,DOID:0060452,distrofia corneal amorfa posterior
1,DOID:0060453,Reis-Bucklers corneal dystrophy,DOID:0060453,distrofia corneal de Reis-Bucklers
1,DOID:0060454,subepithelial mucinous corneal dystrophy,DOID:0060454,distrofia corneal mucinosa subepitelial
1,DOID:0060455,Thiel-Behnke corneal dystrophy,DOID:0060455,distrofia corneal de Thiel-Behnke
1,DOID:0060456,Schnyder corneal dystrophy,DOID:0060456,distrofia corneal de Schnyder
1,DOID:0060457,posterior polymorphous corneal dystrophy,DOID:0060457,distrofia corneal polimorfa posterior
1,DOID:0060458,chromosome 2q31.1 duplication syndrome,DOID:0060458,síndrome de duplicación del cromosoma 2q31.1
1,DOID:0060459,chromosome 3q29 microduplication syndrome,DOID:0060459,síndrome de microduplicación del cromosoma 3q29
1,DOID:0060460,chromosome 5p13 duplication syndrome,DOID:0060460,síndrome de duplicación del cromosoma 5p13
1,DOID:0060461,chromosome Xp11.23-p11.22 duplication syndrome,DOID:0060461,síndrome de duplicación del cromosoma Xp11.23-p11.22
1,DOID:0060462,Desbuquois dysplasia,DOID:0060462,displasia de Desbuquois
1,DOID:0060463,NUT midline carcinoma,DOID:0060463,carcinoma de la línea media NUT
1,DOID:0060464,Feingold syndrome,DOID:0060464,síndrome de Feingold
1,DOID:0060465,fibrochondrogenesis,DOID:0060465,fibrocondrogénesis
1,DOID:0060466,gingival fibromatosis,DOID:0060466,fibromatosis gingival
1,DOID:0060467,humeroradial synostosis,DOID:0060467,sinostosis humerorradial
1,DOID:0060468,Holt-Oram syndrome,DOID:0060468,síndrome de Holt-Oram
1,DOID:0060469,Miller-Dieker lissencephaly syndrome,DOID:0060469,síndrome de lisencefalia de Miller-Dieker
1,DOID:0060470,salt and pepper syndrome,DOID:0060470,síndrome de sal y pimienta
1,DOID:0060471,fetal valproate syndrome,DOID:0060471,síndrome de valproato fetal
1,DOID:0060472,Kindler syndrome,DOID:0060472,síndrome de Kindler
1,DOID:0060473,Kabuki syndrome,DOID:0060473,síndrome de Kabuki
1,DOID:0060474,familial erythrocytosis 2,DOID:0060474,eritrocitosis familiar 2
1,DOID:0060475,myoclonic-atonic epilepsy,DOID:0060475,epilepsia mioclónica-atónica
1,DOID:0060476,Perlman syndrome,DOID:0060476,síndrome de Perlman
1,DOID:0060478,Zika fever,DOID:0060478,fiebre del Zika
1,DOID:0060479,Shwachman-Diamond syndrome,DOID:0060479,síndrome de Shwachman-Diamond
1,DOID:0060480,left ventricular noncompaction,DOID:0060480,no compactación ventricular izquierda
1,DOID:0060481,Goldberg-Shprintzen syndrome,DOID:0060481,síndrome de Goldberg-Shprintzen
1,DOID:0060482,oculoauricular syndrome,DOID:0060482,síndrome oculoauricular
1,DOID:0060483,MEDNIK syndrome,DOID:0060483,síndrome de MEDNIK
1,DOID:0060484,EAST syndrome,DOID:0060484,síndrome de EAST
1,DOID:0060485,Mowat-Wilson syndrome,DOID:0060485,síndrome de Mowat-Wilson
1,DOID:0060486,Perry syndrome,DOID:0060486,síndrome de Perry
1,DOID:0060488,Pitt-Hopkins syndrome,DOID:0060488,síndrome de Pitt-Hopkins
1,DOID:0060490,Schimke immuno-osseous dysplasia,DOID:0060490,displasia inmuno-ósea de Schimke
1,DOID:0060491,SPOAN syndrome,DOID:0060491,síndrome de SPOAN
1,DOID:0060492,chicken egg allergy,DOID:0060492,alergia al huevo de gallina
1,DOID:0060495,shellfish allergy,DOID:0060495,alergia al marisco
1,DOID:0060496,respiratory allergy,DOID:0060496,alergia respiratoria
1,DOID:0060497,pollen allergy,DOID:0060497,alergia al polen
1,DOID:0060498,Timothy grass allergy,DOID:0060498,alergia a la hierba timotea
1,DOID:0060499,autoimmune neuropathy,DOID:0060499,neuropatía autoinmune
1,DOID:0060500,drug allergy,DOID:0060500,alergia a medicamentos
1,DOID:0060501,metal allergy,DOID:0060501,alergia a los metales
1,DOID:0060502,gastrointestinal allergy,DOID:0060502,alergia gastrointestinal
1,DOID:0060503,fruit allergy,DOID:0060503,alergia a la fruta
1,DOID:0060504,apple allergy,DOID:0060504,alergia a la manzana
1,DOID:0060505,apricot allergy,DOID:0060505,alergia al albaricoque
1,DOID:0060506,cherry allergy,DOID:0060506,alergia a la cereza
1,DOID:0060507,Indian plum allergy,DOID:0060507,alergia a la ciruela india
1,DOID:0060508,orange allergy,DOID:0060508,alergia a la naranja
1,DOID:0060509,melon allergy,DOID:0060509,alergia al melón
1,DOID:0060510,peach allergy,DOID:0060510,alergia al melocotón
1,DOID:0060511,plum allergy,DOID:0060511,alergia a la ciruela
1,DOID:0060512,tomato allergy,DOID:0060512,alergia al tomate
1,DOID:0060513,fish allergy,DOID:0060513,alergia al pescado
1,DOID:0060514,Atlantic cod allergy,DOID:0060514,alergia al bacalao del Atlántico
1,DOID:0060515,Atlantic salmon allergy,DOID:0060515,alergia al salmón atlántico
1,DOID:0060516,carp allergy,DOID:0060516,alergia a la carpa
1,DOID:0060517,zebrafish allergy,DOID:0060517,alergia al pez cebra
1,DOID:0060518,rainbow trout allergy,DOID:0060518,alergia a la trucha arcoíris
1,DOID:0060519,beta-lactam allergy,DOID:0060519,alergia a los betalactámicos
1,DOID:0060520,penicillin allergy,DOID:0060520,alergia a la penicilina
1,DOID:0060521,cow milk allergy,DOID:0060521,alergia a la leche de vaca
1,DOID:0060522,goat milk allergy,DOID:0060522,alergia a la leche de cabra
1,DOID:0060523,mollusc allergy,DOID:0060523,alergia a los moluscos
1,DOID:0060524,crustacean allergy,DOID:0060524,alergia a los crustáceos
1,DOID:0060525,brown shrimp allergy,DOID:0060525,alergia a los camarones marrones
1,DOID:0060526,crab allergy,DOID:0060526,alergia al cangrejo
1,DOID:0060527,Indian prawn allergy,DOID:0060527,alergia al langostino indio
1,DOID:0060528,tiger prawn allergy,DOID:0060528,alergia al langostino tigre
1,DOID:0060529,white shrimp allergy,DOID:0060529,alergia a los camarones blancos
1,DOID:0060530,snail allergy,DOID:0060530,alergia al caracol
1,DOID:0060531,horned turban snail allergy,DOID:0060531,alergia al caracol turbante
1,DOID:0060532,latex allergy,DOID:0060532,alergia al látex
1,DOID:0060534,hepatoid adenocarcinoma,DOID:0060534,adenocarcinoma hepatoide
1,DOID:0060535,Warsaw breakage syndrome,DOID:0060535,síndrome de rotura de Varsovia
1,DOID:0060536,mitochondrial complex I deficiency,DOID:0060536,deficiencia del complejo I mitocondrial
1,DOID:0060537,mitochondrial complex II deficiency,DOID:0060537,deficiencia del complejo mitocondrial II
1,DOID:0060538,purpura fulminans,DOID:0060538,púrpura fulminans
1,DOID:0060539,Hermansky-Pudlak syndrome 1,DOID:0060539,síndrome de Hermansky-Pudlak 1
1,DOID:0060540,Hermansky-Pudlak syndrome 2,DOID:0060540,síndrome de Hermansky-Pudlak 2
1,DOID:0060541,Hermansky-Pudlak syndrome 3,DOID:0060541,síndrome de Hermansky-Pudlak 3
1,DOID:0060542,Hermansky-Pudlak syndrome 4,DOID:0060542,síndrome de Hermansky-Pudlak 4
1,DOID:0060543,Hermansky-Pudlak syndrome 5,DOID:0060543,síndrome de Hermansky-Pudlak 5
1,DOID:0060544,Hermansky-Pudlak syndrome 6,DOID:0060544,síndrome de Hermansky-Pudlak 6
1,DOID:0060545,Hermansky-Pudlak syndrome 7,DOID:0060545,síndrome de Hermansky-Pudlak 7
1,DOID:0060546,Hermansky-Pudlak syndrome 8,DOID:0060546,síndrome de Hermansky-Pudlak 8
1,DOID:0060547,Hermansky-Pudlak syndrome 9,DOID:0060547,síndrome de Hermansky-Pudlak 9
1,DOID:0060548,luminal breast carcinoma A,DOID:0060548,carcinoma de mama luminal A
1,DOID:0060549,Barber-Say syndrome,DOID:0060549,síndrome de Barber-Say
1,DOID:0060550,ablepharon macrostomia syndrome,DOID:0060550,síndrome de abléfaron-macrostomía
1,DOID:0060551,poikiloderma with neutropenia,DOID:0060551,poiquilodermia con neutropenia
1,DOID:0060556,Kufor-Rakeb syndrome,DOID:0060556,síndrome de Kufor-Rakeb
1,DOID:0060557,ataxia with oculomotor apraxia type 3,DOID:0060557,ataxia con apraxia oculomotora tipo 3
1,DOID:0060562,anomalous left coronary artery from the pulmonary artery,DOID:0060562,arteria coronaria izquierda anómala procedente de la arteria pulmonar
1,DOID:0060564,spinal disease,DOID:0060564,enfermedad espinal
1,DOID:0060565,Ritscher-Schinzel syndrome,DOID:0060565,síndrome de Ritscher-Schinzel
1,DOID:0060566,Holzgreve-Wagner-Rehder Syndrome,DOID:0060566,síndrome de Holzgreve-Wagner-Rehder
1,DOID:0060567,erythema elevatum diutinum,DOID:0060567,eritema elevatum diutinum
1,DOID:0060569,hypertrichotic osteochondrodysplasia Cantu type,DOID:0060569,osteocondrodisplasia hipertricótica tipo Cantu
1,DOID:0060570,cardiac tuberculosis,DOID:0060570,tuberculosis cardíaca
1,DOID:0060571,Ritscher-Schinzel syndrome 1,DOID:0060571,síndrome de Ritscher-Schinzel 1
1,DOID:0060572,Ritscher-Schinzel syndrome 2,DOID:0060572,síndrome de Ritscher-Schinzel 2
1,DOID:0060573,von Willebrand's disease 1,DOID:0060573,enfermedad de von Willebrand 1
1,DOID:0060574,von Willebrand's disease 2,DOID:0060574,enfermedad de von Willebrand 2
1,DOID:0060575,3MC syndrome 1,DOID:0060575,síndrome 3MC 1
1,DOID:0060576,3MC syndrome 2,DOID:0060576,síndrome 3MC 2
1,DOID:0060577,3MC syndrome 3,DOID:0060577,síndrome 3MC 3
1,DOID:0060578,Noonan syndrome 1,DOID:0060578,síndrome de Noonan 1
1,DOID:0060580,Noonan syndrome 2,DOID:0060580,síndrome de Noonan 2
1,DOID:0060581,Noonan syndrome 3,DOID:0060581,síndrome de Noonan 3
1,DOID:0060582,Noonan syndrome 4,DOID:0060582,síndrome de Noonan 4
1,DOID:0060583,Noonan syndrome 5,DOID:0060583,síndrome de Noonan 5
1,DOID:0060584,Noonan syndrome 6,DOID:0060584,síndrome de Noonan 6
1,DOID:0060585,Noonan syndrome 7,DOID:0060585,síndrome de Noonan 7
1,DOID:0060586,Noonan syndrome 8,DOID:0060586,síndrome de Noonan 8
1,DOID:0060587,Noonan syndrome 9,DOID:0060587,síndrome de Noonan 9
1,DOID:0060588,Noonan syndrome 10,DOID:0060588,síndrome de Noonan 10
1,DOID:0060589,Yunis-Varon syndrome,DOID:0060589,síndrome de Yunis-Varon
1,DOID:0060590,XFE progeroid syndrome,DOID:0060590,síndrome progeroide XFE
1,DOID:0060591,WHIM syndrome,DOID:0060591,síndrome de WHIM
1,DOID:0060592,B-cell adult acute lymphocytic leukemia,DOID:0060592,leucemia linfocítica aguda de células B en adultos
1,DOID:0060597,"atypical chronic myeloid leukemia, BCR-ABL1 negative",DOID:0060597,"leucemia mieloide crónica atípica, BCR-ABL1 negativo"
1,DOID:0060599,Nance-Horan syndrome,DOID:0060599,síndrome de Nance-Horan
1,DOID:0060601,alpha-2-plasmin inhibitor deficiency,DOID:0060601,deficiencia del inhibidor alfa-2-plasmina
1,DOID:0060602,alpha-methylacyl-CoA racemase deficiency,DOID:0060602,deficiencia de alfa-metilacil-CoA racemasa
1,DOID:0060603,isolated anhidrosis with normal sweat glands,DOID:0060603,anhidrosis aislada con glándulas sudoríparas normales
1,DOID:0060604,ankyloglossia,DOID:0060604,anquiloglosia
1,DOID:0060606,fetal nicotine spectrum disorder,DOID:0060606,trastorno del espectro nicotínico fetal
1,DOID:0060608,microcephalic osteodysplastic primordial dwarfism type I,DOID:0060608,enanismo primordial osteodisplásico microcefálico tipo I
1,DOID:0060609,microcephalic osteodysplastic primordial dwarfism type II,DOID:0060609,enanismo primordial osteodisplásico microcefálico tipo II
1,DOID:0060610,megacystis-microcolon-intestinal hypoperistalsis syndrome,DOID:0060610,síndrome de megavejiga-microcolon-hipoperistaltismo intestinal
1,DOID:0060611,abdominal obesity-metabolic syndrome,DOID:0060611,obesidad abdominal-síndrome metabólico
1,DOID:0060612,abdominal obesity-metabolic syndrome 3,DOID:0060612,obesidad abdominal-síndrome metabólico 3
1,DOID:0060614,ulnar-mammary syndrome,DOID:0060614,síndrome cúbito-mamario
1,DOID:0060639,permanent neonatal diabetes mellitus,DOID:0060639,diabetes mellitus neonatal permanente
1,DOID:0060640,ethylmalonic encephalopathy,DOID:0060640,encefalopatía etilmalónica
1,DOID:0060641,endocrine-cerebro-osteodysplasia syndrome,DOID:0060641,síndrome endocrino-cerebro-osteodisplasia
1,DOID:0060642,recessive dystrophic epidermolysis bullosa,DOID:0060642,epidermólisis bullosa distrófica recesiva
1,DOID:0060643,primary sclerosing cholangitis,DOID:0060643,colangitis esclerosante primaria
1,DOID:0060644,chondrodysplasia-pseudohermaphroditism syndrome,DOID:0060644,síndrome condrodisplasia-pseudohermafroditismo
1,DOID:0060645,chronic recurrent multifocal osteomyelitis,DOID:0060645,osteomielitis multifocal recurrente crónica
1,DOID:0060647,fetal encasement syndrome,DOID:0060647,síndrome de encajamiento fetal
1,DOID:0060648,anterior segment dysgenesis,DOID:0060648,disgenesia del segmento anterior
1,DOID:0060650,dicarboxylic aminoaciduria,DOID:0060650,aminoaciduria dicarboxílica
1,DOID:0060651,MYH-9 related disease,DOID:0060651,enfermedad relacionada con el MYH-9
1,DOID:0060652,familial erythrocytosis 1,DOID:0060652,eritrocitosis familiar 1
1,DOID:0060669,cerebral cavernous malformation,DOID:0060669,malformación cavernosa cerebral
1,DOID:0060670,cerebral cavernous malformation 2,DOID:0060670,malformación cavernosa cerebral 2
1,DOID:0060671,cerebral cavernous malformation 3,DOID:0060671,malformación cavernosa cerebral 3
1,DOID:0060672,Grn-related frontotemporal lobar degeneration with Tdp43 inclusions,DOID:0060672,Degeneración lobar frontotemporal relacionada con el grn con inclusiones de Tdp43
1,DOID:0060673,Peters anomaly,DOID:0060673,anomalía de Peters
1,DOID:0060674,catecholaminergic polymorphic ventricular tachycardia,DOID:0060674,taquicardia ventricular polimórfica catecolaminérgica
1,DOID:0060675,catecholaminergic polymorphic ventricular tachycardia 1,DOID:0060675,taquicardia ventricular polimórfica catecolaminérgica 1
1,DOID:0060676,catecholaminergic polymorphic ventricular tachycardia 2,DOID:0060676,taquicardia ventricular polimórfica catecolaminérgica 2
1,DOID:0060677,catecholaminergic polymorphic ventricular tachycardia 3,DOID:0060677,taquicardia ventricular polimórfica catecolaminérgica 3
1,DOID:0060678,catecholaminergic polymorphic ventricular tachycardia 4,DOID:0060678,taquicardia ventricular polimórfica catecolaminérgica 4
1,DOID:0060679,catecholaminergic polymorphic ventricular tachycardia 5,DOID:0060679,taquicardia ventricular polimórfica catecolaminérgica 5
1,DOID:0060680,pigment dispersion syndrome,DOID:0060680,síndrome de dispersión pigmentaria
1,DOID:0060681,autosomal dominant nocturnal frontal lobe epilepsy,DOID:0060681,epilepsia nocturna autosómica dominante del lóbulo frontal
1,DOID:0060682,autosomal dominant nocturnal frontal lobe epilepsy 1,DOID:0060682,epilepsia nocturna autosómica dominante del lóbulo frontal 1
1,DOID:0060683,autosomal dominant nocturnal frontal lobe epilepsy 2,DOID:0060683,epilepsia nocturna autosómica dominante del lóbulo frontal 2
1,DOID:0060684,autosomal dominant nocturnal frontal lobe epilepsy 3,DOID:0060684,epilepsia nocturna autosómica dominante del lóbulo frontal 3
1,DOID:0060685,autosomal dominant nocturnal frontal lobe epilepsy 4,DOID:0060685,epilepsia nocturna autosómica dominante del lóbulo frontal 4
1,DOID:0060686,autosomal dominant nocturnal frontal lobe epilepsy 5,DOID:0060686,epilepsia nocturna autosómica dominante del lóbulo frontal 5
1,DOID:0060688,arteriovenous malformations of the brain,DOID:0060688,malformaciones arteriovenosas del cerebro
1,DOID:0060689,atrichia with papular lesions,DOID:0060689,atriquia con lesiones papulares
1,DOID:0060690,autosomal dominant auditory neuropathy 1,DOID:0060690,neuropatía auditiva autosómica dominante 1
1,DOID:0060691,platelet-type bleeding disorder 16,DOID:0060691,trastorno hemorrágico de tipo plaquetario 16
1,DOID:0060692,platelet-type bleeding disorder 8,DOID:0060692,trastorno hemorrágico de tipo plaquetario 8
1,DOID:0060693,Brunner Syndrome,DOID:0060693,síndrome de Brunner
1,DOID:0060694,Cayman type cerebellar ataxia,DOID:0060694,ataxia cerebelosa tipo Cayman
1,DOID:0060695,hyperekplexia,DOID:0060695,hiperekplexia
1,DOID:0060696,hyperekplexia 1,DOID:0060696,hiperekplexia 1
1,DOID:0060697,hyperekplexia 2,DOID:0060697,hiperekplexia 2
1,DOID:0060698,hyperekplexia 3,DOID:0060698,hiperekplexia 3
1,DOID:0060699,familial hypocalciuric hypercalcemia,DOID:0060699,hipercalcemia hipocalciúrica familiar
1,DOID:0060700,familial hypocalciuric hypercalcemia 1,DOID:0060700,hipercalcemia hipocalciúrica familiar 1
1,DOID:0060701,familial hypocalciuric hypercalcemia 2,DOID:0060701,hipercalcemia hipocalciúrica familiar 2
1,DOID:0060702,familial hypocalciuric hypercalcemia 3,DOID:0060702,hipercalcemia hipocalciúrica familiar 3
1,DOID:0060703,Muenke Syndrome,DOID:0060703,síndrome de Muenke
1,DOID:0060704,lymphoproliferative syndrome,DOID:0060704,síndrome linfoproliferativo
1,DOID:0060705,X-linked lymphoproliferative syndrome 1,DOID:0060705,síndrome linfoproliferativo ligado al cromosoma X 1
1,DOID:0060706,X-linked lymphoproliferative syndrome 2,DOID:0060706,síndrome linfoproliferativo ligado al cromosoma X 2
1,DOID:0060707,lymphoproliferative syndrome 1,DOID:0060707,síndrome linfoproliferativo 1
1,DOID:0060708,lymphoproliferative syndrome 2,DOID:0060708,síndrome linfoproliferativo 2
1,DOID:0060728,NGLY1-deficiency,DOID:0060728,deficiencia de NGLY1
1,DOID:0060730,torsion dystonia 1,DOID:0060730,distonía de torsión 1
1,DOID:0060732,chromosome 9p deletion syndrome,DOID:0060732,síndrome de deleción del cromosoma 9p
1,DOID:0060733,junctional epidermolysis bullosa with pyloric atresia,DOID:0060733,epidermólisis bullosa juntural con atresia pilórica
1,DOID:0060735,epidermolysis bullosa simplex Dowling-Meara type,DOID:0060735,epidermólisis ampollosa simple tipo Dowling-Meara
1,DOID:0060736,epidermolysis bullosa simplex Ogna type,DOID:0060736,epidermólisis ampollosa simple tipo Ogna
1,DOID:0060737,junctional epidermolysis bullosa Herlitz type,DOID:0060737,epidermólisis bullosa juntural tipo Herlitz
1,DOID:0060738,junctional epidermolysis bullosa non-Herlitz type,DOID:0060738,epidermólisis bullosa juntural de tipo no-Herlitz
1,DOID:0060739,hand-foot-genital syndrome,DOID:0060739,síndrome mano-pie-genital
1,DOID:0060740,methylmalonic aciduria due to methylmalonyl-CoA mutase deficiency,DOID:0060740,aciduria metilmalónica por deficiencia de metilmalonil-CoA mutasa
1,DOID:0060741,methylmalonic acidemia due to transcobalamin receptor defect,DOID:0060741,acidemia metilmalónica por defecto del receptor de transcobalamina
1,DOID:0060742,methylmalonic acidemia cblA type,DOID:0060742,acidemia metilmalónica tipo cblA
1,DOID:0060743,methylmalonic acidemia cblB type,DOID:0060743,acidemia metilmalónica tipo cblB
1,DOID:0060744,Pendred Syndrome,DOID:0060744,síndrome de Pendred
1,DOID:0060745,Doyne honeycomb retinal dystrophy,DOID:0060745,distrofia de retina en panal de Doyne
1,DOID:0060746,basal laminar drusen,DOID:0060746,drusas laminares basales
1,DOID:0060747,Duane-radial ray syndrome,DOID:0060747,síndrome de rayos radiales de Duane
1,DOID:0060748,familial temporal lobe epilepsy 1,DOID:0060748,epilepsia familiar del lóbulo temporal 1
1,DOID:0060749,familial temporal lobe epilepsy 6,DOID:0060749,epilepsia familiar del lóbulo temporal 6
1,DOID:0060750,familial temporal lobe epilepsy 3,DOID:0060750,epilepsia familiar del lóbulo temporal 3
1,DOID:0060751,familial temporal lobe epilepsy 7,DOID:0060751,epilepsia familiar del lóbulo temporal 7
1,DOID:0060752,familial temporal lobe epilepsy 5,DOID:0060752,epilepsia familiar del lóbulo temporal 5
1,DOID:0060753,familial temporal lobe epilepsy 4,DOID:0060753,epilepsia familiar del lóbulo temporal 4
1,DOID:0060754,familial temporal lobe epilepsy 8,DOID:0060754,epilepsia familiar del lóbulo temporal 8
1,DOID:0060755,familial temporal lobe epilepsy 2,DOID:0060755,epilepsia familiar del lóbulo temporal 2
1,DOID:0060756,sclerosteosis 1,DOID:0060756,esclerosteosis 1
1,DOID:0060757,sclerosteosis 2,DOID:0060757,esclerosteosis 2
1,DOID:0060758,immunodeficiency with hyper-IgM type 2,DOID:0060758,inmunodeficiencia con hiper-IgM tipo 2
1,DOID:0060759,immunodeficiency with hyper IgM type 5,DOID:0060759,inmunodeficiencia con hiper IgM tipo 5
1,DOID:0060760,immunodeficiency with hyper-IgM type 4,DOID:0060760,inmunodeficiencia con hiper-IgM tipo 4
1,DOID:0060761,familial chronic myelocytic leukemia-like syndrome,DOID:0060761,síndrome familiar similar a la leucemia mielocítica crónica
1,DOID:0060762,restrictive dermopathy,DOID:0060762,dermopatía restrictiva
1,DOID:0060763,X-linked juvenile retinoschisis 1,DOID:0060763,retinosquisis juvenil ligada al cromosoma X 1
1,DOID:0060764,autosomal recessive Robinow syndrome,DOID:0060764,síndrome de Robinow autosómico recesivo
1,DOID:0060765,autosomal dominant Robinow syndrome 2,DOID:0060765,síndrome de Robinow autosómico dominante 2
1,DOID:0060766,autosomal dominant Robinow syndrome 1,DOID:0060766,síndrome de Robinow autosómico dominante 1
1,DOID:0060767,autosomal dominant Robinow syndrome 3,DOID:0060767,síndrome de Robinow autosómico dominante 3
1,DOID:0060768,Smith-Magenis syndrome,DOID:0060768,síndrome de Smith-Magenis
1,DOID:0060773,cleft lip-palate-ectodermal dysplasia syndrome,DOID:0060773,síndrome de labio leporino-paladar hendido-displasia ectodérmica
1,DOID:0060782,EEC syndrome,DOID:0060782,síndrome de EEC
1,DOID:0060783,"ectrodactyly, ectodermal dysplasia, and cleft lip-palate syndrome 3",DOID:0060783,"ectrodactilia, displasia ectodérmica y síndrome labio leporino-paladar hendido 3"
1,DOID:0060784,"ectrodactyly, ectodermal dysplasia, and cleft lip-palate syndrome 1",DOID:0060784,"ectrodactilia, displasia ectodérmica y síndrome labio leporino-paladar hendido 1"
1,DOID:0060785,adult-onset autosomal dominant demyelinating leukodystrophy,DOID:0060785,leucodistrofia desmielinizante autosómica dominante de aparición adulta
1,DOID:0060786,hypomyelinating leukodystrophy,DOID:0060786,leucodistrofia hipomielinizante
1,DOID:0060787,hypomyelinating leukodystrophy 2,DOID:0060787,leucodistrofia hipomielinizante 2
1,DOID:0060788,hypomyelinating leukodystrophy 10,DOID:0060788,leucodistrofia hipomielinizante 10
1,DOID:0060789,hypomyelinating leukodystrophy 4,DOID:0060789,leucodistrofia hipomielinizante 4
1,DOID:0060790,hypomyelinating leukodystrophy 3,DOID:0060790,leucodistrofia hipomielinizante 3
1,DOID:0060791,hypomyelinating leukodystrophy 9,DOID:0060791,leucodistrofia hipomielinizante 9
1,DOID:0060792,hypomyelinating leukodystrophy 11,DOID:0060792,leucodistrofia hipomielinizante 11
1,DOID:0060793,hypomyelinating leukodystrophy 5,DOID:0060793,leucodistrofia hipomielinizante 5
1,DOID:0060794,hypomyelinating leukodystrophy 7,DOID:0060794,leucodistrofia hipomielinizante 7
1,DOID:0060795,hypomyelinating leukodystrophy 13,DOID:0060795,leucodistrofia hipomielinizante 13
1,DOID:0060796,hypomyelinating leukodystrophy 12,DOID:0060796,leucodistrofia hipomielinizante 12
1,DOID:0060797,hypomyelinating leukodystrophy 8,DOID:0060797,leucodistrofia hipomielinizante 8
1,DOID:0060798,hypomyelinating leukodystrophy 6,DOID:0060798,leucodistrofia hipomielinizante 6
1,DOID:0060799,syndromic X-linked intellectual disability Lubs type,DOID:0060799,discapacidad intelectual sindrómica ligada al cromosoma X tipo Lubs
1,DOID:0060800,syndromic X-linked intellectual disability 5,DOID:0060800,discapacidad intelectual sindrómica ligada al cromosoma X 5
1,DOID:0060801,MEHMO syndrome,DOID:0060801,síndrome de MEHMO
1,DOID:0060802,syndromic X-linked intellectual disability Snyder type,DOID:0060802,discapacidad intelectual sindrómica ligada al cromosoma X tipo Snyder
1,DOID:0060803,syndromic X-linked intellectual disability 17,DOID:0060803,discapacidad intelectual sindrómica ligada al cromosoma X 17
1,DOID:0060804,syndromic X-linked intellectual disability 12,DOID:0060804,discapacidad intelectual sindrómica ligada al cromosoma X 12
1,DOID:0060805,Prieto syndrome,DOID:0060805,síndrome de Prieto
1,DOID:0060806,syndromic X-linked intellectual disability Hedera type,DOID:0060806,discapacidad intelectual sindrómica ligada al cromosoma X tipo Hedera
1,DOID:0060807,syndromic X-linked intellectual disability Najm type,DOID:0060807,discapacidad intelectual sindrómica ligada al cromosoma X tipo Najm
1,DOID:0060808,syndromic X-linked intellectual disability 7,DOID:0060808,discapacidad intelectual sindrómica ligada al cromosoma X 7
1,DOID:0060809,syndromic X-linked intellectual disability Claes-Jensen type,DOID:0060809,discapacidad intelectual sindrómica ligada al cromosoma X tipo Claes-Jensen
1,DOID:0060810,syndromic X-linked intellectual disability type 10,DOID:0060810,discapacidad intelectual sindrómica ligada al cromosoma X tipo 10
1,DOID:0060811,syndromic X-linked intellectual disability Turner type,DOID:0060811,discapacidad intelectual sindrómica ligada al cromosoma X tipo Turner
1,DOID:0060812,syndromic X-linked intellectual disability Siderius type,DOID:0060812,discapacidad intelectual sindrómica ligada al cromosoma X tipo Siderius
1,DOID:0060813,syndromic X-linked intellectual disability Shrimpton type,DOID:0060813,discapacidad intelectual sindrómica ligada al cromosoma X tipo Shrimpton
1,DOID:0060814,Wilson-Turner syndrome,DOID:0060814,síndrome de Wilson-Turner
1,DOID:0060815,Miles-Carpenter syndrome,DOID:0060815,síndrome de Miles-Carpenter
1,DOID:0060816,corpus callosum agenesis-intellectual disability-coloboma-micrognathia syndrome,DOID:0060816,agenesia del cuerpo calloso-discapacidad intelectual-síndrome de coloboma-micrognatia
1,DOID:0060817,syndromic X-linked intellectual disability 34,DOID:0060817,discapacidad intelectual sindrómica ligada al cromosoma X 34
1,DOID:0060818,syndromic X-linked intellectual disability Abidi type,DOID:0060818,discapacidad intelectual sindrómica ligada al cromosoma X tipo Abidi
1,DOID:0060819,syndromic X-linked intellectual disability Chudley-Schwartz type,DOID:0060819,discapacidad intelectual sindrómica ligada al cromosoma X tipo Chudley-Schwartz
1,DOID:0060820,syndromic X-linked intellectual disability Nascimento type,DOID:0060820,discapacidad intelectual sindrómica ligada al cromosoma X tipo Nascimento
1,DOID:0060821,syndromic X-linked intellectual disability 14,DOID:0060821,discapacidad intelectual sindrómica ligada al cromosoma X 14
1,DOID:0060822,syndromic X-linked intellectual disability Cabezas type,DOID:0060822,discapacidad intelectual sindrómica ligada al cromosoma X tipo Cabezas
1,DOID:0060823,syndromic X-linked intellectual disability 94,DOID:0060823,discapacidad intelectual sindrómica ligada al cromosoma X 94
1,DOID:0060824,syndromic X-linked intellectual disability Raymond type,DOID:0060824,discapacidad intelectual sindrómica ligada al cromosoma X tipo Raymond
1,DOID:0060825,Christianson syndrome,DOID:0060825,síndrome de Christianson
1,DOID:0060826,syndromic X-linked intellectual disability Shashi type,DOID:0060826,discapacidad intelectual sindrómica ligada al cromosoma X tipo Shashi
1,DOID:0060827,X-linked intellectual disability-psychosis-macroorchidism syndrome,DOID:0060827,Síndrome de discapacidad intelectual-psicosis-macroorquidismo ligado al cromosoma X
1,DOID:0060828,X-linked intellectual disability-cardiomegaly-congestive heart failure syndrome,DOID:0060828,Síndrome de discapacidad intelectual ligada al cromosoma X-cardiomegalia-insuficiencia cardíaca congestiva
1,DOID:0060830,"deafness-intellectual disability, Martin-Probst type syndrome",DOID:0060830,"sordera-discapacidad intelectual, síndrome de tipo Martin-Probst"
1,DOID:0060831,Griscelli syndrome,DOID:0060831,síndrome de Griscelli
1,DOID:0060832,Griscelli syndrome type 1,DOID:0060832,síndrome de Griscelli tipo 1
1,DOID:0060833,Griscelli syndrome type 2,DOID:0060833,síndrome de Griscelli tipo 2
1,DOID:0060834,Griscelli syndrome type 3,DOID:0060834,síndrome de Griscelli tipo 3
1,DOID:0060835,isolated microphthalmia 6,DOID:0060835,microftalmia aislada 6
1,DOID:0060836,isolated microphthalmia 4,DOID:0060836,microftalmia aislada 4
1,DOID:0060837,isolated microphthalmia 5,DOID:0060837,microftalmia aislada 5
1,DOID:0060838,isolated microphthalmia 7,DOID:0060838,microftalmia aislada 7
1,DOID:0060839,isolated microphthalmia 2,DOID:0060839,microftalmia aislada 2
1,DOID:0060840,isolated microphthalmia 1,DOID:0060840,microftalmia aislada 1
1,DOID:0060841,isolated microphthalmia 8,DOID:0060841,microftalmia aislada 8
1,DOID:0060842,isolated microphthalmia 3,DOID:0060842,microftalmia aislada 3
1,DOID:0060843,hereditary neuropathy with liability to pressure palsies,DOID:0060843,neuropatía hereditaria con predisposición a las parálisis por presión
1,DOID:0060844,Norrie disease,DOID:0060844,enfermedad de Norrie
1,DOID:0060847,Leri-Weill dyschondrosteosis,DOID:0060847,discondrosteosis de Leri-Weill
1,DOID:0060848,developmental and epileptic encephalopathy 9,DOID:0060848,encefalopatía epiléptica y del desarrollo 9
1,DOID:0060849,osteoporosis-pseudoglioma syndrome,DOID:0060849,síndrome de osteoporosis-pseudoglioma
1,DOID:0060850,annular pancreas,DOID:0060850,páncreas anular
1,DOID:0060851,pemphigus vulgaris,DOID:0060851,pénfigo vulgar
1,DOID:0060852,Pierson syndrome,DOID:0060852,síndrome de Pierson
1,DOID:0060853,Potocki-Lupski syndrome,DOID:0060853,síndrome de Potocki-Lupski
1,DOID:0060854,autosomal recessive pseudohypoaldosteronism type 1,DOID:0060854,pseudohipoaldosteronismo autosómico recesivo tipo 1
1,DOID:0060855,autosomal dominant pseudohypoaldosteronism type 1,DOID:0060855,pseudohipoaldosteronismo autosómico dominante tipo 1
1,DOID:0060857,septooptic dysplasia,DOID:0060857,displasia septoóptica
1,DOID:0060858,hypotonia-cystinuria syndrome,DOID:0060858,síndrome de hipotonía-cistinuria
1,DOID:0060859,salmonellosis,DOID:0060859,salmonelosis
1,DOID:0060861,microphthalmia with limb anomalies,DOID:0060861,microftalmia con anomalías en las extremidades
1,DOID:0060862,mal de Meleda,DOID:0060862,mal de Meleda
1,DOID:0060863,patterned macular dystrophy,DOID:0060863,distrofia macular con patrón
1,DOID:0060864,patterned macular dystrophy 2,DOID:0060864,distrofia macular con patrón 2
1,DOID:0060865,patterned macular dystrophy 3,DOID:0060865,distrofia macular con patrón 3
1,DOID:0060866,patterned macular dystrophy 1,DOID:0060866,distrofia macular con patrón 1
1,DOID:0060867,macrocephaly-autism syndrome,DOID:0060867,síndrome de macrocefalia-autismo
1,DOID:0060868,leukoencephalopathy with vanishing white matter,DOID:0060868,leucoencefalopatía con desaparición de la sustancia blanca
1,DOID:0060869,late-onset retinal degeneration,DOID:0060869,degeneración retiniana de aparición tardía
1,DOID:0060870,isolated growth hormone deficiency,DOID:0060870,deficiencia aislada de la hormona del crecimiento
1,DOID:0060871,autosomal dominant keratitis-ichthyosis-deafness syndrome,DOID:0060871,síndrome de queratitis-icosis-sordera autosómico dominante
1,DOID:0060872,isolated growth hormone deficiency type II,DOID:0060872,deficiencia aislada de la hormona del crecimiento tipo II
1,DOID:0060873,isolated growth hormone deficiency type IA,DOID:0060873,deficiencia aislada de la hormona del crecimiento tipo IA
1,DOID:0060874,isolated growth hormone deficiency type IB,DOID:0060874,deficiencia aislada de la hormona del crecimiento tipo IB
1,DOID:0060875,isolated growth hormone deficiency type III,DOID:0060875,deficiencia aislada de la hormona del crecimiento tipo III
1,DOID:0060877,bullous congenital ichthyosiform erythroderma,DOID:0060877,eritrodermia ictiosiforme congénita bullosa
1,DOID:0060878,hypoparathyroidism-deafness-renal disease syndrome,DOID:0060878,síndrome hipoparatiroidismo-sordera-enfermedad renal
1,DOID:0060879,primary hypomagnesemia,DOID:0060879,hipomagnesemia primaria
1,DOID:0060880,renal hypomagnesemia 3,DOID:0060880,hipomagnesemia renal 3
1,DOID:0060881,renal hypomagnesemia 5 with ocular involvement,DOID:0060881,hipomagnesemia renal 5 con afectación ocular
1,DOID:0060882,renal hypomagnesemia 4,DOID:0060882,hipomagnesemia renal 4
1,DOID:0060883,intestinal hypomagnesemia 1,DOID:0060883,hipomagnesemia intestinal 1
1,DOID:0060884,renal hypomagnesemia 6,DOID:0060884,hipomagnesemia renal 6
1,DOID:0060885,renal hypomagnesemia 2,DOID:0060885,hipomagnesemia renal 2
1,DOID:0060886,osteopathia striata with cranial sclerosis,DOID:0060886,osteopatía estriada con esclerosis craneal
1,DOID:0060887,ossification of the posterior longitudinal ligament of spine,DOID:0060887,osificación del ligamento longitudinal posterior de la columna vertebral
1,DOID:0060888,transient myeloproliferative syndrome,DOID:0060888,síndrome mieloproliferativo transitorio
1,DOID:0060889,prune belly syndrome,DOID:0060889,síndrome del abdomen en ciruela pasa
1,DOID:0060890,ectopic Cushing syndrome,DOID:0060890,síndrome de Cushing ectópico
1,DOID:0060891,Parkinson's disease 19A,DOID:0060891,enfermedad de Parkinson 19A
1,DOID:0060892,late onset Parkinson's disease,DOID:0060892,enfermedad de Parkinson de aparición tardía
1,DOID:0060893,juvenile-onset Parkinson's disease,DOID:0060893,enfermedad de Parkinson de inicio juvenil
1,DOID:0060894,early-onset Parkinson's disease,DOID:0060894,enfermedad de Parkinson de inicio precoz
1,DOID:0060895,Parkinson's disease 4,DOID:0060895,enfermedad de Parkinson 4
1,DOID:0060896,Parkinson's disease 23,DOID:0060896,enfermedad de Parkinson 23
1,DOID:0060897,Parkinson's disease 17,DOID:0060897,enfermedad de Parkinson 17
1,DOID:0060898,Parkinson's disease 20,DOID:0060898,enfermedad de Parkinson 20
1,DOID:0060900,Parkinson's disease 14,DOID:0060900,enfermedad de Parkinson 14
1,DOID:0060901,lymphoplasmacytic lymphoma,DOID:0060901,linfoma linfoplasmocítico
1,DOID:0060903,thrombosis,DOID:0060903,trombosis
1,DOID:0060904,legume allergy,DOID:0060904,alergia a las legumbres
1,DOID:0060911,karyomegalic interstitial nephritis,DOID:0060911,nefritis intersticial cariomegálica
1,DOID:0060912,craniosynostosis 7,DOID:0060912,craneosinostosis 7
1,DOID:0060913,proteosome-associated autoinflammatory syndrome,DOID:0060913,síndrome autoinflamatorio asociado al proteosoma
1,DOID:0060914,proteosome-associated autoinflammatory syndrome 2,DOID:0060914,síndrome autoinflamatorio asociado al proteosoma 2
1,DOID:0060915,proteosome-associated autoinflammatory syndrome 4,DOID:0060915,síndrome autoinflamatorio asociado al proteosoma 4
1,DOID:0060916,proteasome-associated autoinflammatory syndrome 3,DOID:0060916,síndrome autoinflamatorio asociado al proteasoma 3
1,DOID:0060917,facioscapulohumeral muscular dystrophy 3,DOID:0060917,distrofia muscular facioescapulohumeral 3
1,DOID:0060918,facioscapulohumeral muscular dystrophy 4,DOID:0060918,distrofia muscular facioescapulohumeral 4
1,DOID:0060919,proteosome-associated autoinflammatory syndrome 5,DOID:0060919,síndrome autoinflamatorio asociado al proteosoma 5
1,DOID:0060920,otosclerosis 1,DOID:0060920,otosclerosis 1
1,DOID:0060921,otosclerosis 2,DOID:0060921,otosclerosis 2
1,DOID:0060922,otosclerosis 3,DOID:0060922,otosclerosis 3
1,DOID:0060923,otosclerosis 4,DOID:0060923,otosclerosis 4
1,DOID:0060924,otosclerosis 5,DOID:0060924,otosclerosis 5
1,DOID:0060925,otosclerosis 7,DOID:0060925,otosclerosis 7
1,DOID:0060926,otosclerosis 8,DOID:0060926,otosclerosis 8
1,DOID:0060927,otosclerosis 10,DOID:0060927,otosclerosis 10
1,DOID:0060928,otosclerosis 11,DOID:0060928,otosclerosis 11
1,DOID:0060929,non-syndromic X-linked intellectual developmental disorder 111,DOID:0060929,trastorno del desarrollo intelectual no sindrómico ligado al cromosoma X 111
1,DOID:0060930,developmental dysplasia of the hip,DOID:0060930,displasia del desarrollo de la cadera
1,DOID:0060931,developmental dysplasia of the hip 1,DOID:0060931,displasia del desarrollo de la cadera 1
1,DOID:0060932,developmental dysplasia of the hip 2,DOID:0060932,displasia del desarrollo de la cadera 2
1,DOID:0060933,"developmental delay, dysmorphic facies, and brain anomalies",DOID:0060933,"retraso en el desarrollo, facies dismórfica y anomalías cerebrales"
1,DOID:0060934,"neurodevelopmental disorder with microcephaly, epilepsy, and brain atrophy",DOID:0060934,"trastorno del neurodesarrollo con microcefalia, epilepsia y atrofia cerebral"
1,DOID:0060935,infantile hypotonia with psychomotor retardation and characteristic facies-3,DOID:0060935,hipotonía infantil con retraso psicomotor y facies-3 característica
1,DOID:0070000,3-methylglutaconic aciduria type 8,DOID:0070000,aciduria 3-metilglutacónica tipo 8
1,DOID:0070002,3-methylglutaconic aciduria type 9,DOID:0070002,aciduria 3-metilglutacónica tipo 9
1,DOID:0070003,blastoma,DOID:0070003,blastoma
1,DOID:0070004,myeloid neoplasm,DOID:0070004,neoplasia mieloide
1,DOID:0070005,Seckel syndrome 9,DOID:0070005,síndrome de Seckel 9
1,DOID:0070006,Seckel syndrome 6,DOID:0070006,síndrome de Seckel 6
1,DOID:0070007,Seckel syndrome 1,DOID:0070007,síndrome de Seckel 1
1,DOID:0070008,Seckel syndrome 10,DOID:0070008,síndrome de Seckel 10
1,DOID:0070009,Seckel syndrome 8,DOID:0070009,síndrome de Seckel 8
1,DOID:0070010,Seckel syndrome 4,DOID:0070010,síndrome de Seckel 4
1,DOID:0070011,Seckel syndrome 7,DOID:0070011,síndrome de Seckel 7
1,DOID:0070012,Seckel syndrome 5,DOID:0070012,síndrome de Seckel 5
1,DOID:0070013,Seckel syndrome 2,DOID:0070013,síndrome de Seckel 2
1,DOID:0070014,autosomal dominant dyskeratosis congenita 1,DOID:0070014,disqueratosis congénita autosómica dominante 1
1,DOID:0070015,autosomal recessive dyskeratosis congenita 1,DOID:0070015,disqueratosis congénita autosómica recesiva 1
1,DOID:0070016,autosomal dominant dyskeratosis congenita 2,DOID:0070016,disqueratosis congénita autosómica dominante 2
1,DOID:0070017,autosomal recessive dyskeratosis congenita 2,DOID:0070017,disqueratosis congénita autosómica recesiva 2
1,DOID:0070018,autosomal dominant dyskeratosis congenita 3,DOID:0070018,disqueratosis congénita autosómica dominante 3
1,DOID:0070019,autosomal recessive dyskeratosis congenita 3,DOID:0070019,disqueratosis congénita autosómica recesiva 3
1,DOID:0070020,autosomal dominant dyskeratosis congenita 4,DOID:0070020,disqueratosis congénita autosómica dominante 4
1,DOID:0070021,autosomal recessive dyskeratosis congenita 4,DOID:0070021,disqueratosis congénita autosómica recesiva 4
1,DOID:0070022,autosomal recessive dyskeratosis congenita 5,DOID:0070022,disqueratosis congénita autosómica recesiva 5
1,DOID:0070023,autosomal dominant dyskeratosis congenita 6,DOID:0070023,disqueratosis congénita autosómica dominante 6
1,DOID:0070024,autosomal recessive dyskeratosis congenita 6,DOID:0070024,disqueratosis congénita autosómica recesiva 6
1,DOID:0070025,X-linked dyskeratosis congenita,DOID:0070025,disqueratosis congénita ligada al cromosoma X
1,DOID:0070026,Revesz syndrome,DOID:0070026,síndrome de Revesz
1,DOID:0070027,CST3-related cerebral amyloid angiopathy,DOID:0070027,angiopatía amiloide cerebral relacionada con el CST3
1,DOID:0070028,APP-related cerebral amyloid angiopathy,DOID:0070028,angiopatía amiloide cerebral relacionada con APP
1,DOID:0070029,ITM2B-related cerebral amyloid angiopathy 1,DOID:0070029,angiopatía amiloide cerebral relacionada con ITM2B 1
1,DOID:0070030,ITM2B-related cerebral amyloid angiopathy 2,DOID:0070030,angiopatía amiloide cerebral relacionada con ITM2B 2
1,DOID:0070031,autosomal dominant intellectual developmental disorder 1,DOID:0070031,trastorno autosómico dominante del desarrollo intelectual 1
1,DOID:0070032,autosomal dominant intellectual developmental disorder 2,DOID:0070032,trastorno autosómico dominante del desarrollo intelectual 2
1,DOID:0070033,autosomal dominant intellectual developmental disorder 3,DOID:0070033,trastorno autosómico dominante del desarrollo intelectual 3
1,DOID:0070034,autosomal dominant intellectual developmental disorder 4,DOID:0070034,trastorno autosómico dominante del desarrollo intelectual 4
1,DOID:0070035,autosomal dominant intellectual developmental disorder 5,DOID:0070035,trastorno autosómico dominante del desarrollo intelectual 5
1,DOID:0070036,autosomal dominant intellectual developmental disorder 6,DOID:0070036,trastorno autosómico dominante del desarrollo intelectual 6
1,DOID:0070037,autosomal dominant intellectual developmental disorder 7,DOID:0070037,trastorno autosómico dominante del desarrollo intelectual 7
1,DOID:0070038,autosomal dominant intellectual developmental disorder 8,DOID:0070038,trastorno autosómico dominante del desarrollo intelectual 8
1,DOID:0070039,NESCAV syndrome,DOID:0070039,síndrome de NESCAV
1,DOID:0070040,autosomal dominant intellectual developmental disorder 10,DOID:0070040,trastorno autosómico dominante del desarrollo intelectual 10
1,DOID:0070041,autosomal dominant intellectual developmental disorder 11,DOID:0070041,trastorno autosómico dominante del desarrollo intelectual 11
1,DOID:0070042,Coffin-Siris syndrome 1,DOID:0070042,síndrome de Coffin-Siris 1
1,DOID:0070043,autosomal dominant intellectual developmental disorder 13,DOID:0070043,trastorno autosómico dominante del desarrollo intelectual 13
1,DOID:0070044,Coffin-Siris syndrome 2,DOID:0070044,síndrome de Coffin-Siris 2
1,DOID:0070045,Coffin-Siris syndrome 3,DOID:0070045,síndrome de Coffin-Siris 3
1,DOID:0070046,Coffin-Siris syndrome 4,DOID:0070046,síndrome de Coffin-Siris 4
1,DOID:0070047,Schuurs-Hoeijmakers Syndrome,DOID:0070047,síndrome de Schuurs-Hoeijmakers
1,DOID:0070048,GAND syndrome,DOID:0070048,síndrome de GAND
1,DOID:0070049,autosomal dominant intellectual developmental disorder 19,DOID:0070049,trastorno autosómico dominante del desarrollo intelectual 19
1,DOID:0070050,"neurodevelopmental disorder with hypotonia, stereotypic hand movements, and impaired language",DOID:0070050,"trastorno del neurodesarrollo con hipotonía, movimientos estereotipados de las manos y alteraciones del lenguaje"
1,DOID:0070051,autosomal dominant intellectual developmental disorder 21,DOID:0070051,trastorno autosómico dominante del desarrollo intelectual 21
1,DOID:0070052,autosomal dominant intellectual developmental disorder 22,DOID:0070052,trastorno autosómico dominante del desarrollo intelectual 22
1,DOID:0070053,autosomal dominant intellectual developmental disorder 23,DOID:0070053,trastorno autosómico dominante del desarrollo intelectual 23
1,DOID:0070054,Vulto-van Silfout-de Vries syndrome,DOID:0070054,síndrome de Vulto-van Silfout-de Vries
1,DOID:0070055,Xia-Gibbs Syndrome,DOID:0070055,síndrome de Xia-Gibbs
1,DOID:0070056,autosomal dominant intellectual developmental disorder 26,DOID:0070056,trastorno autosómico dominante del desarrollo intelectual 26
1,DOID:0070057,Coffin-Siris syndrome 9,DOID:0070057,síndrome de Coffin-Siris 9
1,DOID:0070058,Helsmoortel-Van Der Aa Syndrome,DOID:0070058,síndrome de Helsmoortel-Van Der Aa
1,DOID:0070059,autosomal dominant intellectual developmental disorder 29,DOID:0070059,trastorno autosómico dominante del desarrollo intelectual 29
1,DOID:0070060,autosomal dominant intellectual developmental disorder 30,DOID:0070060,trastorno autosómico dominante del desarrollo intelectual 30
1,DOID:0070061,autosomal dominant intellectual developmental disorder 31,DOID:0070061,trastorno autosómico dominante del desarrollo intelectual 31
1,DOID:0070062,Arboleda-Tham syndrome,DOID:0070062,síndrome de Arboleda-Tham
1,DOID:0070063,autosomal dominant intellectual developmental disorder 33,DOID:0070063,trastorno autosómico dominante del desarrollo intelectual 33
1,DOID:0070064,autosomal dominant intellectual developmental disorder 34,DOID:0070064,trastorno autosómico dominante del desarrollo intelectual 34
1,DOID:0070065,autosomal dominant intellectual developmental disorder 35,DOID:0070065,trastorno autosómico dominante del desarrollo intelectual 35
1,DOID:0070066,autosomal dominant intellectual developmental disorder 36,DOID:0070066,trastorno autosómico dominante del desarrollo intelectual 36
1,DOID:0070067,White-Sutton syndrome,DOID:0070067,síndrome de White-Sutton
1,DOID:0070068,autosomal dominant intellectual developmental disorder 38,DOID:0070068,trastorno autosómico dominante del desarrollo intelectual 38
1,DOID:0070069,autosomal dominant intellectual developmental disorder 39,DOID:0070069,trastorno autosómico dominante del desarrollo intelectual 39
1,DOID:0070070,autosomal dominant intellectual developmental disorder 40,DOID:0070070,trastorno autosómico dominante del desarrollo intelectual 40
1,DOID:0070071,autosomal dominant intellectual developmental disorder 41,DOID:0070071,trastorno autosómico dominante del desarrollo intelectual 41
1,DOID:0070072,autosomal dominant intellectual developmental disorder 42,DOID:0070072,trastorno autosómico dominante del desarrollo intelectual 42
1,DOID:0070073,autosomal dominant intellectual developmental disorder 43,DOID:0070073,trastorno autosómico dominante del desarrollo intelectual 43
1,DOID:0070074,autosomal dominant intellectual developmental disorder 44,DOID:0070074,trastorno autosómico dominante del desarrollo intelectual 44
1,DOID:0070077,schizophrenia 1,DOID:0070077,esquizofrenia 1
1,DOID:0070078,schizophrenia 2,DOID:0070078,esquizofrenia 2
1,DOID:0070079,schizophrenia 3,DOID:0070079,esquizofrenia 3
1,DOID:0070080,schizophrenia 4,DOID:0070080,esquizofrenia 4
1,DOID:0070081,schizophrenia 5,DOID:0070081,esquizofrenia 5
1,DOID:0070082,schizophrenia 6,DOID:0070082,esquizofrenia 6
1,DOID:0070083,schizophrenia 7,DOID:0070083,esquizofrenia 7
1,DOID:0070084,schizophrenia 8,DOID:0070084,esquizofrenia 8
1,DOID:0070085,schizophrenia 9,DOID:0070085,esquizofrenia 9
1,DOID:0070086,schizophrenia 10,DOID:0070086,esquizofrenia 10
1,DOID:0070087,schizophrenia 11,DOID:0070087,esquizofrenia 11
1,DOID:0070088,schizophrenia 12,DOID:0070088,esquizofrenia 12
1,DOID:0070089,schizophrenia 13,DOID:0070089,esquizofrenia 13
1,DOID:0070090,schizophrenia 14,DOID:0070090,esquizofrenia 14
1,DOID:0070091,schizophrenia 15,DOID:0070091,esquizofrenia 15
1,DOID:0070092,schizophrenia 16,DOID:0070092,esquizofrenia 16
1,DOID:0070093,schizophrenia 18,DOID:0070093,esquizofrenia 18
1,DOID:0070094,oculocutaneous albinism type IA,DOID:0070094,albinismo oculocutáneo tipo IA
1,DOID:0070095,oculocutaneous albinism type IB,DOID:0070095,albinismo oculocutáneo tipo IB
1,DOID:0070096,oculocutaneous albinism type II,DOID:0070096,albinismo oculocutáneo tipo II
1,DOID:0070097,oculocutaneous albinism type III,DOID:0070097,albinismo oculocutáneo tipo III
1,DOID:0070098,oculocutaneous albinism type IV,DOID:0070098,albinismo oculocutáneo tipo IV
1,DOID:0070099,oculocutaneous albinism type V,DOID:0070099,albinismo oculocutáneo tipo V
1,DOID:0070100,oculocutaneous albinism type VII,DOID:0070100,albinismo oculocutáneo tipo VII
1,DOID:0070111,Niemann-Pick disease type A,DOID:0070111,enfermedad de Niemann-Pick tipo A
1,DOID:0070112,Niemann-Pick disease type B,DOID:0070112,enfermedad de Niemann-Pick tipo B
1,DOID:0070113,Niemann-Pick disease type C1,DOID:0070113,enfermedad de Niemann-Pick tipo C1
1,DOID:0070114,Niemann-Pick disease type C2,DOID:0070114,enfermedad de Niemann-Pick tipo C2
1,DOID:0070115,Meckel syndrome 1,DOID:0070115,síndrome de Meckel 1
1,DOID:0070116,Meckel syndrome 2,DOID:0070116,síndrome de Meckel 2
1,DOID:0070117,Meckel syndrome 3,DOID:0070117,síndrome de Meckel 3
1,DOID:0070118,Meckel syndrome 4,DOID:0070118,síndrome de Meckel 4
1,DOID:0070119,Meckel syndrome 5,DOID:0070119,síndrome de Meckel 5
1,DOID:0070120,Meckel syndrome 6,DOID:0070120,síndrome de Meckel 6
1,DOID:0070121,Meckel syndrome 7,DOID:0070121,síndrome de Meckel 7
1,DOID:0070122,Meckel syndrome 8,DOID:0070122,síndrome de Meckel 8
1,DOID:0070129,autosomal recessive cutis laxa type IID,DOID:0070129,cutis laxa autosómica recesiva tipo IID
1,DOID:0070130,autosomal dominant cutis laxa 1,DOID:0070130,cutis laxa autosómica dominante 1
1,DOID:0070131,autosomal dominant cutis laxa 3,DOID:0070131,cutis laxa autosómica dominante 3
1,DOID:0070132,autosomal recessive cutis laxa type IIIA,DOID:0070132,cutis laxa autosómica recesiva tipo IIIA
1,DOID:0070133,autosomal recessive cutis laxa type IB,DOID:0070133,cutis laxa autosómica recesiva tipo IB
1,DOID:0070134,autosomal recessive cutis laxa type IIA,DOID:0070134,cutis laxa autosómica recesiva tipo IIA
1,DOID:0070135,autosomal recessive cutis laxa type IA,DOID:0070135,cutis laxa autosómica recesiva tipo IA
1,DOID:0070136,autosomal dominant cutis laxa 2,DOID:0070136,cutis laxa autosómica dominante 2
1,DOID:0070137,autosomal recessive cutis laxa type IIB,DOID:0070137,cutis laxa autosómica recesiva tipo IIB
1,DOID:0070138,autosomal recessive cutis laxa type IIIB,DOID:0070138,cutis laxa autosómica recesiva tipo IIIB
1,DOID:0070139,autosomal recessive cutis laxa type IC,DOID:0070139,cutis laxa autosómica recesiva tipo IC
1,DOID:0070140,autosomal recessive cutis laxa type IIC,DOID:0070140,cutis laxa autosómica recesiva tipo IIC
1,DOID:0070141,autosomal recessive cutis laxa type II classic type,DOID:0070141,cutis laxa autosómica recesiva tipo II de tipo clásico
1,DOID:0070142,autosomal dominant cutis laxa,DOID:0070142,cutis laxa autosómica dominante
1,DOID:0070143,autosomal recessive cutis laxa type III,DOID:0070143,cutis laxa autosómica recesiva tipo III
1,DOID:0070144,autosomal recessive cutis laxa type I,DOID:0070144,cutis laxa autosómica recesiva tipo I
1,DOID:0070145,hereditary sensory and autonomic neuropathy type 5,DOID:0070145,neuropatía hereditaria sensorial y autonómica tipo 5
1,DOID:0070146,hereditary sensory neuropathy type 4,DOID:0070146,neuropatía sensorial hereditaria tipo 4
1,DOID:0070147,hereditary sensory neuropathy type 2C,DOID:0070147,neuropatía sensorial hereditaria tipo 2C
1,DOID:0070148,hereditary sensory neuropathy type 1B,DOID:0070148,neuropatía sensorial hereditaria tipo 1B
1,DOID:0070149,hereditary sensory and autonomic neuropathy type 7,DOID:0070149,neuropatía hereditaria sensorial y autonómica tipo 7
1,DOID:0070150,hereditary sensory and autonomic neuropathy type 2B,DOID:0070150,neuropatía hereditaria sensorial y autonómica tipo 2B
1,DOID:0070151,hereditary sensory and autonomic neuropathy type 6,DOID:0070151,neuropatía hereditaria sensorial y autonómica tipo 6
1,DOID:0070152,hereditary sensory and autonomic neuropathy type 1A,DOID:0070152,neuropatía hereditaria sensorial y autonómica tipo 1A
1,DOID:0070153,hereditary sensory and autonomic neuropathy type 8,DOID:0070153,neuropatía hereditaria sensorial y autonómica tipo 8
1,DOID:0070154,hereditary sensory neuropathy type 1F,DOID:0070154,neuropatía sensorial hereditaria tipo 1F
1,DOID:0070155,hereditary sensory and autonomic neuropathy type 2A,DOID:0070155,neuropatía hereditaria sensorial y autonómica tipo 2A
1,DOID:0070156,hereditary sensory neuropathy type 1D,DOID:0070156,neuropatía sensorial hereditaria tipo 1D
1,DOID:0070157,hereditary sensory and autonomic neuropathy type 1C,DOID:0070157,neuropatía hereditaria sensorial y autonómica tipo 1C
1,DOID:0070158,hereditary sensory neuropathy type 1E,DOID:0070158,neuropatía sensorial hereditaria tipo 1E
1,DOID:0070159,hereditary sensory neuropathy X-linked,DOID:0070159,neuropatía sensorial hereditaria ligada al cromosoma X
1,DOID:0070160,atypical hereditary sensory neuropathy,DOID:0070160,neuropatía sensorial hereditaria atípica
1,DOID:0070161,hereditary sensory and autonomic neuropathy type 2,DOID:0070161,neuropatía hereditaria sensorial y autonómica tipo 2
1,DOID:0070162,hereditary sensory and autonomic neuropathy type 1,DOID:0070162,neuropatía hereditaria sensorial y autonómica tipo 1
1,DOID:0070163,spermatogenic failure 21,DOID:0070163,fallo espermatogénico 21
1,DOID:0070164,spermatogenic failure 2,DOID:0070164,fallo espermatogénico 2
1,DOID:0070165,spermatogenic failure 18,DOID:0070165,fallo espermatogénico 18
1,DOID:0070166,spermatogenic failure 20,DOID:0070166,fallo espermatogénico 20
1,DOID:0070167,spermatogenic failure 6,DOID:0070167,fallo espermatogénico 6
1,DOID:0070168,spermatogenic failure 3,DOID:0070168,fallo espermatogénico 3
1,DOID:0070169,spermatogenic failure 8,DOID:0070169,fallo espermatogénico 8
1,DOID:0070170,spermatogenic failure 19,DOID:0070170,fallo espermatogénico 19
1,DOID:0070171,spermatogenic failure 12,DOID:0070171,fallo espermatogénico 12
1,DOID:0070172,spermatogenic failure 15,DOID:0070172,fallo espermatogénico 15
1,DOID:0070173,spermatogenic failure 7,DOID:0070173,fallo espermatogénico 7
1,DOID:0070174,spermatogenic failure 17,DOID:0070174,fallo espermatogénico 17
1,DOID:0070176,spermatogenic failure 4,DOID:0070176,fallo espermatogénico 4
1,DOID:0070177,spermatogenic failure 22,DOID:0070177,fallo espermatogénico 22
1,DOID:0070178,spermatogenic failure 10,DOID:0070178,fallo espermatogénico 10
1,DOID:0070179,spermatogenic failure 14,DOID:0070179,fallo espermatogénico 14
1,DOID:0070180,spermatogenic failure 11,DOID:0070180,fallo espermatogénico 11
1,DOID:0070181,spermatogenic failure 23,DOID:0070181,fallo espermatogénico 23
1,DOID:0070182,spermatogenic failure 13,DOID:0070182,fallo espermatogénico 13
1,DOID:0070183,spermatogenic failure 5,DOID:0070183,fallo espermatogénico 5
1,DOID:0070184,spermatogenic failure 16,DOID:0070184,fallo espermatogénico 16
1,DOID:0070185,X-linked spermatogenic failure 2,DOID:0070185,insuficiencia espermatogénica ligada al cromosoma X 2
1,DOID:0070186,Y-linked spermatogenic failure 1,DOID:0070186,insuficiencia espermatogénica ligada al cromosoma Y 1
1,DOID:0070187,Y-linked spermatogenic failure 2,DOID:0070187,insuficiencia espermatogénica ligada al cromosoma Y 2
1,DOID:0070188,spermatogenic failure 1,DOID:0070188,fallo espermatogénico 1
1,DOID:0070189,X-linked spermatogenic failure 1,DOID:0070189,insuficiencia espermatogénica ligada al cromosoma X 1
1,DOID:0070191,autosomal recessive chronic granulomatous disease 2,DOID:0070191,enfermedad granulomatosa crónica autosómica recesiva 2
1,DOID:0070192,autosomal recessive chronic granulomatous disease 1,DOID:0070192,enfermedad granulomatosa crónica autosómica recesiva 1
1,DOID:0070193,autosomal recessive chronic granulomatous disease 4,DOID:0070193,enfermedad granulomatosa crónica autosómica recesiva 4
1,DOID:0070194,autosomal recessive chronic granulomatous disease 3,DOID:0070194,enfermedad granulomatosa crónica autosómica recesiva 3
1,DOID:0070195,X-linked chronic granulomatous disease,DOID:0070195,Enfermedad granulomatosa crónica ligada al cromosoma X
1,DOID:0070196,infantile-onset distal myopathy,DOID:0070196,miopatía distal de inicio infantil
1,DOID:0070197,distal myopathy 1,DOID:0070197,miopatía distal 1
1,DOID:0070198,Miyoshi muscular dystrophy,DOID:0070198,distrofia muscular de Miyoshi
1,DOID:0070199,Miyoshi muscular dystrophy 1,DOID:0070199,distrofia muscular de Miyoshi 1
1,DOID:0070200,Miyoshi muscular dystrophy 2,DOID:0070200,distrofia muscular de Miyoshi 2
1,DOID:0070201,Miyoshi muscular dystrophy 3,DOID:0070201,distrofia muscular de Miyoshi 3
1,DOID:0070202,familial partial lipodystrophy type 2,DOID:0070202,lipodistrofia parcial familiar tipo 2
1,DOID:0070203,familial partial lipodystrophy type 5,DOID:0070203,lipodistrofia parcial familiar tipo 5
1,DOID:0070204,familial partial lipodystrophy type 3,DOID:0070204,lipodistrofia parcial familiar tipo 3
1,DOID:0070205,familial partial lipodystrophy type 4,DOID:0070205,lipodistrofia parcial familiar tipo 4
1,DOID:0070206,familial partial lipodystrophy type 6,DOID:0070206,lipodistrofia parcial familiar tipo 6
1,DOID:0070207,familial partial lipodystrophy type 1,DOID:0070207,lipodistrofia parcial familiar tipo 1
1,DOID:0070208,hereditary lymphedema IC,DOID:0070208,linfedema hereditario IC
1,DOID:0070209,hereditary lymphedema ID,DOID:0070209,linfedema hereditario ID
1,DOID:0070210,hereditary lymphedema IA,DOID:0070210,linfedema hereditario IA
1,DOID:0070211,hereditary lymphedema IB,DOID:0070211,linfedema hereditario IB
1,DOID:0070212,hereditary lymphedema I,DOID:0070212,linfedema hereditario I
1,DOID:0070213,hereditary lymphedema II,DOID:0070213,linfedema hereditario II
1,DOID:0070214,familial hyperinsulinemic hypoglycemia 7,DOID:0070214,hipoglucemia hiperinsulinémica familiar 7
1,DOID:0070215,familial hyperinsulinemic hypoglycemia 4,DOID:0070215,hipoglucemia hiperinsulinémica familiar 4
1,DOID:0070216,familial hyperinsulinemic hypoglycemia 3,DOID:0070216,hipoglucemia hiperinsulinémica familiar 3
1,DOID:0070217,familial hyperinsulinemic hypoglycemia 6,DOID:0070217,hipoglucemia hiperinsulinémica familiar 6
1,DOID:0070218,familial hyperinsulinemic hypoglycemia 2,DOID:0070218,hipoglucemia hiperinsulinémica familiar 2
1,DOID:0070219,familial hyperinsulinemic hypoglycemia 1,DOID:0070219,hipoglucemia hiperinsulinémica familiar 1
1,DOID:0070220,familial hyperinsulinemic hypoglycemia 5,DOID:0070220,hipoglucemia hiperinsulinémica familiar 5
1,DOID:0070221,progressive familial intrahepatic cholestasis,DOID:0070221,colestasis intrahepática familiar progresiva
1,DOID:0070222,progressive familial intrahepatic cholestasis 2,DOID:0070222,colestasis intrahepática familiar progresiva 2
1,DOID:0070223,progressive familial intrahepatic cholestasis 3,DOID:0070223,colestasis intrahepática familiar progresiva 3
1,DOID:0070224,progressive familial intrahepatic cholestasis 4,DOID:0070224,colestasis intrahepática familiar progresiva 4
1,DOID:0070225,progressive familial intrahepatic cholestasis 5,DOID:0070225,colestasis intrahepática familiar progresiva 5
1,DOID:0070226,progressive familial intrahepatic cholestasis 1,DOID:0070226,colestasis intrahepática familiar progresiva 1
1,DOID:0070227,intrahepatic cholestasis of pregnancy,DOID:0070227,colestasis intrahepática del embarazo
1,DOID:0070228,intrahepatic cholestasis of pregnancy 1,DOID:0070228,colestasis intrahepática del embarazo 1
1,DOID:0070229,intrahepatic cholestasis of pregnancy 3,DOID:0070229,colestasis intrahepática del embarazo 3
1,DOID:0070230,benign recurrent intrahepatic cholestasis,DOID:0070230,colestasis intrahepática recurrente benigna
1,DOID:0070231,benign recurrent intrahepatic cholestasis 1,DOID:0070231,colestasis intrahepática recurrente benigna 1
1,DOID:0070232,benign recurrent intrahepatic cholestasis 2,DOID:0070232,colestasis intrahepática recurrente benigna 2
1,DOID:0070233,Loeys-Dietz syndrome 4,DOID:0070233,síndrome de Loeys-Dietz 4
1,DOID:0070234,Loeys-Dietz syndrome 2,DOID:0070234,síndrome de Loeys-Dietz 2
1,DOID:0070235,Loeys-Dietz syndrome 1,DOID:0070235,síndrome de Loeys-Dietz 1
1,DOID:0070236,Loeys-Dietz syndrome 5,DOID:0070236,síndrome de Loeys-Dietz 5
1,DOID:0070237,Loeys-Dietz syndrome 3,DOID:0070237,síndrome de Loeys-Dietz 3
1,DOID:0070238,primary coenzyme Q10 deficiency 1,DOID:0070238,deficiencia primaria de coenzima Q10 1
1,DOID:0070239,primary coenzyme Q10 deficiency 2,DOID:0070239,deficiencia primaria de coenzima Q10 2
1,DOID:0070240,primary coenzyme Q10 deficiency 3,DOID:0070240,deficiencia primaria de coenzima Q10 3
1,DOID:0070241,primary coenzyme Q10 deficiency 4,DOID:0070241,deficiencia primaria de coenzima Q10 4
1,DOID:0070242,primary coenzyme Q10 deficiency 5,DOID:0070242,deficiencia primaria de coenzima Q10 5
1,DOID:0070243,primary coenzyme Q10 deficiency 6,DOID:0070243,deficiencia primaria de coenzima Q10 6
1,DOID:0070244,primary coenzyme Q10 deficiency 7,DOID:0070244,deficiencia primaria de coenzima Q10 7
1,DOID:0070245,primary coenzyme Q10 deficiency 8,DOID:0070245,deficiencia primaria de coenzima Q10 8
1,DOID:0070246,X-linked Emery-Dreifuss muscular dystrophy 1,DOID:0070246,distrofia muscular de Emery-Dreifuss 1 ligada al cromosoma X
1,DOID:0070247,autosomal dominant Emery-Dreifuss muscular dystrophy 2,DOID:0070247,distrofia muscular autosómica dominante de Emery-Dreifuss 2
1,DOID:0070248,autosomal recessive Emery-Dreifuss muscular dystrophy 3,DOID:0070248,distrofia muscular autosómica recesiva de Emery-Dreifuss 3
1,DOID:0070249,autosomal dominant Emery-Dreifuss muscular dystrophy 4,DOID:0070249,distrofia muscular autosómica dominante de Emery-Dreifuss 4
1,DOID:0070250,autosomal dominant Emery-Dreifuss muscular dystrophy 5,DOID:0070250,distrofia muscular autosómica dominante de Emery-Dreifuss 5
1,DOID:0070251,X-linked Emery-Dreifuss muscular dystrophy 6,DOID:0070251,distrofia muscular de Emery-Dreifuss 6 ligada al cromosoma X
1,DOID:0070252,autosomal dominant Emery-Dreifuss muscular dystrophy 7,DOID:0070252,distrofia muscular autosómica dominante de Emery-Dreifuss 7
1,DOID:0070270,hereditary nonpolyposis colorectal cancer type 8,DOID:0070270,cáncer colorrectal hereditario sin poliposis tipo 8
1,DOID:0070271,Lynch syndrome 1,DOID:0070271,síndrome de Lynch 1
1,DOID:0070272,hereditary nonpolyposis colorectal cancer type 5,DOID:0070272,cáncer colorrectal hereditario sin poliposis tipo 5
1,DOID:0070273,hereditary nonpolyposis colorectal cancer type 6,DOID:0070273,cáncer colorrectal hereditario sin poliposis tipo 6
1,DOID:0070274,hereditary nonpolyposis colorectal cancer type 2,DOID:0070274,cáncer colorrectal hereditario sin poliposis tipo 2
1,DOID:0070275,hereditary nonpolyposis colorectal cancer type 4,DOID:0070275,cáncer colorrectal hereditario sin poliposis tipo 4
1,DOID:0070276,hereditary nonpolyposis colorectal cancer type 7,DOID:0070276,cáncer colorrectal hereditario sin poliposis tipo 7
1,DOID:0070298,multiple epiphyseal dysplasia 2,DOID:0070298,displasia epifisaria múltiple 2
1,DOID:0070299,multiple epiphyseal dysplasia 5,DOID:0070299,displasia epifisaria múltiple 5
1,DOID:0070300,multiple epiphyseal dysplasia 4,DOID:0070300,displasia epifisaria múltiple 4
1,DOID:0070301,multiple epiphyseal dysplasia 6,DOID:0070301,displasia epifisaria múltiple 6
1,DOID:0070302,multiple epiphyseal dysplasia 7,DOID:0070302,displasia epifisaria múltiple 7
1,DOID:0070303,multiple epiphyseal dysplasia 1,DOID:0070303,displasia epifisaria múltiple 1
1,DOID:0070304,multiple epiphyseal dysplasia 3,DOID:0070304,displasia epifisaria múltiple 3
1,DOID:0070305,multiple epiphyseal dysplasia due to collagen 9 anomaly,DOID:0070305,displasia epifisaria múltiple por anomalía del colágeno 9
1,DOID:0070306,post-cardiac arrest syndrome,DOID:0070306,síndrome postparada cardíaca
1,DOID:0070307,craniolenticulosutural dysplasia,DOID:0070307,displasia craniolenticulosutural
1,DOID:0070308,rippling muscle disease 1,DOID:0070308,enfermedad del músculo ondulado 1
1,DOID:0070309,absence epilepsy,DOID:0070309,crisis de ausencia
1,DOID:0070310,drug-induced hearing loss,DOID:0070310,pérdida de audición inducida por medicamentos
1,DOID:0070311,oligoasthenoteratozoospermia,DOID:0070311,oligoastenoteratozoospermia
1,DOID:0070313,thiamine deficiency disease,DOID:0070313,enfermedad por deficiencia de tiamina
1,DOID:0070314,obstructive nephropathy,DOID:0070314,nefropatía obstructiva
1,DOID:0070316,Miura type epiphyseal chondrodysplasia,DOID:0070316,condrodisplasia epifisaria tipo Miura
1,DOID:0070317,wet beriberi,DOID:0070317,beriberi húmedo
1,DOID:0070318,dry beriberi,DOID:0070318,beriberi seco
1,DOID:0070319,miliaria pustulosa,DOID:0070319,miliaria pustulosa
1,DOID:0070320,miliaria profunda,DOID:0070320,miliaria profunda
1,DOID:0070321,miliaria crystallina,DOID:0070321,miliaria cristalina
1,DOID:0070322,childhood hepatocellular carcinoma,DOID:0070322,carcinoma hepatocelular infantil
1,DOID:0070323,childhood acute myeloid leukemia,DOID:0070323,leucemia mieloide aguda infantil
1,DOID:0070324,systemic Epstein-Barr virus positive T-cell lymphoma of childhood,DOID:0070324,linfoma sistémico de células T de la infancia positivo al virus de Epstein-Barr
1,DOID:0070325,malignant childhood adrenal gland pheochromocytoma,DOID:0070325,feocromocitoma maligno de la glándula suprarrenal infantil
1,DOID:0070326,spitzoid melanoma,DOID:0070326,melanoma spitzoide
1,DOID:0070327,melanoma in congenital melanocytic nevus,DOID:0070327,melanoma en nevus melanocítico congénito
1,DOID:0070328,adult hepatocellular carcinoma,DOID:0070328,carcinoma hepatocelular en adultos
1,DOID:0070329,mitochondrial DNA depletion syndrome,DOID:0070329,síndrome de depleción del ADN mitocondrial
1,DOID:0070330,multiple mitochondrial dysfunctions syndrome,DOID:0070330,síndrome de disfunciones mitocondriales múltiples
1,DOID:0070331,mitochondrial DNA depletion syndrome 8b,DOID:0070331,síndrome de depleción del ADN mitocondrial 8b
1,DOID:0070332,multiple mitochondrial dysfunctions syndrome 6,DOID:0070332,síndrome de disfunciones mitocondriales múltiples 6
1,DOID:0070333,breast implant-associated anaplastic large cell lymphoma,DOID:0070333,linfoma anaplásico de células grandes asociado a implantes mamarios
1,DOID:0070334,vegetable allergy,DOID:0070334,alergia a los vegetales
1,DOID:0070335,celery allergy,DOID:0070335,alergia al apio
1,DOID:0070337,epithelial recurrent erosion dystrophy,DOID:0070337,distrofia epitelial por erosión recurrente
1,DOID:0070338,cerebellar hypoplasia,DOID:0070338,hipoplasia cerebelosa
1,DOID:0070339,"cerebellar hyplasia/atrophy, epilepsy, and global developmental delay",DOID:0070339,"hipoplasia/atrofia cerebelosa, epilepsia y retraso global del desarrollo"
1,DOID:0070340,classic citrullinemia,DOID:0070340,citrulinemia clásica
1,DOID:0070341,neonatal-onset type II citrullinemia,DOID:0070341,citrulinemia tipo II de inicio neonatal
1,DOID:0070342,adult-onset type II citrullinemia,DOID:0070342,citrulinemia tipo II de inicio en la edad adulta
1,DOID:0070343,CSF1R-related brain malformation and osteopetrosis,DOID:0070343,malformación cerebral relacionada con el CSF1R y osteopetrosis
1,DOID:0070344,ocular tuberculosis,DOID:0070344,tuberculosis ocular
1,DOID:0070345,vertebral anomalies and variable endocrine and T-cell dysfunction,DOID:0070345,anomalías vertebrales y disfunción endocrina y de células T variable
1,DOID:0070346,"neurodevelopmental disorder with cataracts, poor growth, and dysmorphic facies",DOID:0070346,"trastorno del neurodesarrollo con cataratas, crecimiento deficiente y facies dismórfica"
1,DOID:0070347,encephalopathy due to defective mitochondrial and peroxisomal fission 1,DOID:0070347,encefalopatía por fisión mitocondrial y peroxisomal defectuosa 1
1,DOID:0070348,spinal muscular atrophy with lower extremity predominant,DOID:0070348,atrofia muscular espinal con predominio de las extremidades inferiores
1,DOID:0070349,spinal muscular atrophy with lower extremity predominant 2A,DOID:0070349,atrofia muscular espinal con predominio de las extremidades inferiores 2A
1,DOID:0070350,spinal muscular atrophy with lower extremity predominant 2B,DOID:0070350,atrofia muscular espinal con predominio de las extremidades inferiores 2B
1,DOID:0070351,spinal muscular atrophy with lower extremity predominant 1,DOID:0070351,atrofia muscular espinal con predominio de las extremidades inferiores 1
1,DOID:0070352,stress-induced childhood-onset neurodegeneration with variable ataxia and seizures,DOID:0070352,neurodegeneración infantil inducida por el estrés con ataxia variable y convulsiones
1,DOID:0070353,cataract 47,DOID:0070353,catarata 47
1,DOID:0070354,cataract 48,DOID:0070354,catarata 48
1,DOID:0070355,overactive bladder syndrome,DOID:0070355,síndrome de vejiga hiperactiva
1,DOID:0070356,visual impairment and progressive phthisis bulbi,DOID:0070356,deficiencia visual y fisis bulbi progresiva
1,DOID:0070357,nephrotic syndrome type 20,DOID:0070357,síndrome nefrótico tipo 20
1,DOID:0070358,primary biliary cholangitis 1,DOID:0070358,colangitis biliar primaria 1
1,DOID:0070359,primary biliary cholangitis 2,DOID:0070359,colangitis biliar primaria 2
1,DOID:0070360,primary biliary cholangitis 3,DOID:0070360,colangitis biliar primaria 3
1,DOID:0070361,primary biliary cholangitis 4,DOID:0070361,colangitis biliar primaria 4
1,DOID:0070362,primary biliary cholangitis 5,DOID:0070362,colangitis biliar primaria 5
1,DOID:0070363,bradyopsia 1,DOID:0070363,bradiopsia 1
1,DOID:0070364,bradyopsia 2,DOID:0070364,bradiopsia 2
1,DOID:0070365,nevoid basal cell carcinoma syndrome 1,DOID:0070365,síndrome del carcinoma basocelular nevoide 1
1,DOID:0070366,nevoid basal cell carcinoma syndrome 2,DOID:0070366,síndrome del carcinoma basocelular nevoide 2
1,DOID:0070367,leukoencephalopathy with vanishing white matter 5,DOID:0070367,leucoencefalopatía con desaparición de la sustancia blanca 5
1,DOID:0070368,autosomal recessive chronic granulomatous disease 5,DOID:0070368,enfermedad granulomatosa crónica autosómica recesiva 5
1,DOID:0070369,restrictive dermopathy 1,DOID:0070369,dermopatía restrictiva 1
1,DOID:0070370,restrictive dermopathy 2,DOID:0070370,dermopatía restrictiva 2
1,DOID:0070371,leukoencephalopathy with vanishing white matter 4,DOID:0070371,leucoencefalopatía con desaparición de la sustancia blanca 4
1,DOID:0070372,leukoencephalopathy with vanishing white matter 3,DOID:0070372,leucoencefalopatía con desaparición de la sustancia blanca 3
1,DOID:0070373,leukoencephalopathy with vanishing white matter 2,DOID:0070373,leucoencefalopatía con desaparición de la sustancia blanca 2
1,DOID:0070374,leukoencephalopathy with vanishing white matter 1,DOID:0070374,leucoencefalopatía con desaparición de la sustancia blanca 1
1,DOID:0070375,developmental and epileptic encephalopathy 64,DOID:0070375,encefalopatía epiléptica y del desarrollo 64
1,DOID:0070376,developmental and epileptic encephalopathy 31B,DOID:0070376,encefalopatía epiléptica y del desarrollo 31B
1,DOID:0070377,developmental and epileptic encephalopathy 96,DOID:0070377,encefalopatía epiléptica y del desarrollo 96
1,DOID:0070378,developmental and epileptic encephalopathy 109,DOID:0070378,encefalopatía epiléptica y del desarrollo 109
1,DOID:0070379,developmental and epileptic encephalopathy 6B,DOID:0070379,encefalopatía epiléptica y del desarrollo 6B
1,DOID:0070380,developmental and epileptic encephalopathy 85,DOID:0070380,encefalopatía epiléptica y del desarrollo 85
1,DOID:0070381,developmental and epileptic encephalopathy 90,DOID:0070381,encefalopatía epiléptica y del desarrollo 90
1,DOID:0070382,developmental and epileptic encephalopathy 95,DOID:0070382,encefalopatía epiléptica y del desarrollo 95
1,DOID:0070383,developmental and epileptic encephalopathy 97,DOID:0070383,encefalopatía epiléptica y del desarrollo 97
1,DOID:0070384,developmental and epileptic encephalopathy 98,DOID:0070384,encefalopatía epiléptica y del desarrollo 98
1,DOID:0070385,developmental and epileptic encephalopathy 99,DOID:0070385,encefalopatía epiléptica y del desarrollo 99
1,DOID:0070386,developmental and epileptic encephalopathy 100,DOID:0070386,encefalopatía epiléptica y del desarrollo 100
1,DOID:0070387,developmental and epileptic encephalopathy 101,DOID:0070387,encefalopatía epiléptica y del desarrollo 101
1,DOID:0070388,developmental and epileptic encephalopathy 102,DOID:0070388,encefalopatía epiléptica y del desarrollo 102
1,DOID:0070389,developmental and epileptic encephalopathy 103,DOID:0070389,encefalopatía epiléptica y del desarrollo 103
1,DOID:0070390,developmental and epileptic encephalopathy 104,DOID:0070390,encefalopatía epiléptica y del desarrollo 104
1,DOID:0070391,developmental and epileptic encephalopathy 105,DOID:0070391,encefalopatía epiléptica y del desarrollo 105
1,DOID:0070392,developmental and epileptic encephalopathy 106,DOID:0070392,encefalopatía epiléptica y del desarrollo 106
1,DOID:0070393,developmental and epileptic encephalopathy 107,DOID:0070393,encefalopatía epiléptica y del desarrollo 107
1,DOID:0070394,developmental and epileptic encephalopathy 108,DOID:0070394,encefalopatía epiléptica y del desarrollo 108
1,DOID:0070395,developmental and epileptic encephalopathy 110,DOID:0070395,encefalopatía epiléptica y del desarrollo 110
1,DOID:0070396,progressive leukoencephalopathy with ovarian failure,DOID:0070396,leucoencefalopatía progresiva con insuficiencia ovárica
1,DOID:0070397,hypomyelinating leukodystrophy 23,DOID:0070397,leucodistrofia hipomielinizante 23
1,DOID:0070398,hypomyelinating leukodystrophy 15,DOID:0070398,leucodistrofia hipomielinizante 15
1,DOID:0070399,hypomyelinating leukodystrophy 18,DOID:0070399,leucodistrofia hipomielinizante 18
1,DOID:0070400,hypomyelinating leukodystrophy 19,DOID:0070400,leucodistrofia hipomielinizante 19
1,DOID:0070401,hypomyelinating leukodystrophy 25,DOID:0070401,leucodistrofia hipomielinizante 25
1,DOID:0070402,hypomyelinating leukodystrophy 22,DOID:0070402,leucodistrofia hipomielinizante 22
1,DOID:0070403,hypomyelinating leukodystrophy 26,DOID:0070403,leucodistrofia hipomielinizante 26
1,DOID:0070404,hypomyelinating leukodystrophy 17,DOID:0070404,leucodistrofia hipomielinizante 17
1,DOID:0070405,hypomyelinating leukodystrophy 16,DOID:0070405,leucodistrofia hipomielinizante 16
1,DOID:0070406,hypomyelinating leukodystrophy 24,DOID:0070406,leucodistrofia hipomielinizante 24
1,DOID:0070407,hypomyelinating leukodystrophy 21,DOID:0070407,leucodistrofia hipomielinizante 21
1,DOID:0070408,Hengel-Maroofian-Schols syndrome,DOID:0070408,síndrome de Hengel-Maroofian-Schols
1,DOID:0070409,autosomal recessive spinocerebellar ataxia 28,DOID:0070409,ataxia espinocerebelosa autosómica recesiva 28
1,DOID:0070410,autosomal recessive spinocerebellar ataxia 29,DOID:0070410,ataxia espinocerebelosa autosómica recesiva 29
1,DOID:0070411,autosomal recessive spinocerebellar ataxia 30,DOID:0070411,ataxia espinocerebelosa autosómica recesiva 30
1,DOID:0070412,autosomal recessive spinocerebellar ataxia 31,DOID:0070412,ataxia espinocerebelosa autosómica recesiva 31
1,DOID:0070413,autosomal recessive spinocerebellar ataxia 32,DOID:0070413,ataxia espinocerebelosa autosómica recesiva 32
1,DOID:0070414,autosomal recessive spinocerebellar ataxia 33,DOID:0070414,ataxia espinocerebelosa autosómica recesiva 33
1,DOID:0070415,"brachycephaly, trichomegaly, and developmental delay",DOID:0070415,"braquicefalia, tricomegalia y retraso del desarrollo"
1,DOID:0070416,Luo-Schoch-Yamamoto syndrome,DOID:0070416,síndrome de Luo-Schoch-Yamamoto
1,DOID:0070417,neurodevelopmental disorder with speech impairment and dysmorphic facies,DOID:0070417,trastorno del neurodesarrollo con alteración del habla y facies dismórfica
1,DOID:0070418,vertebral hypersegmentation and orofacial anomalies,DOID:0070418,hipersegmentación vertebral y anomalías orofaciales
1,DOID:0070419,acrocardiofacial syndrome,DOID:0070419,síndrome acrocardiofacial
1,DOID:0070420,"developmental delay, hypotonia, and impaired language",DOID:0070420,"retraso en el desarrollo, hipotonía y alteraciones del lenguaje"
1,DOID:0070421,neurodevelopmental disorder with spasticity and poor growth,DOID:0070421,trastorno del neurodesarrollo con espasticidad y crecimiento deficiente
1,DOID:0070422,syndromic X-linked intellectual disability Pilorge type,DOID:0070422,discapacidad intelectual sindrómica ligada al cromosoma X tipo Pilorge
1,DOID:0070423,early onset progressive encephalopathy with brain atrophy and thin corpus callosum,DOID:0070423,encefalopatía progresiva de aparición precoz con atrofia cerebral y cuerpo calloso delgado
1,DOID:0070424,combined oxidative phosphorylation deficiency 44,DOID:0070424,deficiencia combinada de fosforilación oxidativa 44
1,DOID:0070425,combined oxidative phosphorylation deficiency 52,DOID:0070425,deficiencia combinada de fosforilación oxidativa 52
1,DOID:0070426,combined oxidative phosphorylation deficiency 53,DOID:0070426,deficiencia combinada de fosforilación oxidativa 53
1,DOID:0070427,combined oxidative phosphorylation deficiency 54,DOID:0070427,deficiencia combinada de fosforilación oxidativa 54
1,DOID:0070428,combined oxidative phosphorylation deficiency 55,DOID:0070428,deficiencia combinada de fosforilación oxidativa 55
1,DOID:0070429,combined oxidative phosphorylation deficiency 56,DOID:0070429,deficiencia combinada de fosforilación oxidativa 56
1,DOID:0070430,combined oxidative phosphorylation deficiency 57,DOID:0070430,deficiencia combinada de fosforilación oxidativa 57
1,DOID:0070431,hyperphosphatasia with impaired intellectual development syndrome,DOID:0070431,síndrome de hiperfosfatasia con retraso del desarrollo intelectual
1,DOID:0070432,hyperphosphatasia with impaired intellectual development syndrome 5,DOID:0070432,síndrome de hiperfosfatasia con retraso del desarrollo intelectual 5
1,DOID:0070433,hyperphosphatasia with impaired intellectual development syndrome 1,DOID:0070433,síndrome de hiperfosfatasia con retraso del desarrollo intelectual 1
1,DOID:0070434,hyperphosphatasia with impaired intellectual development syndrome 2,DOID:0070434,síndrome de hiperfosfatasia con retraso del desarrollo intelectual 2
1,DOID:0070435,hyperphosphatasia with impaired intellectual development syndrome 3,DOID:0070435,síndrome de hiperfosfatasia con retraso del desarrollo intelectual 3
1,DOID:0070436,hyperphosphatasia with impaired intellectual development syndrome 4,DOID:0070436,síndrome de hiperfosfatasia con retraso del desarrollo intelectual 4
1,DOID:0070437,hyperphosphatasia with impaired intellectual development syndrome 6,DOID:0070437,síndrome de hiperfosfatasia con retraso del desarrollo intelectual 6
1,DOID:0070438,retinal macular dystrophy,DOID:0070438,distrofia macular retiniana
1,DOID:0070439,North Carolina macular dystrophy,DOID:0070439,distrofia macular de Carolina del Norte
1,DOID:0070440,retinal macular dystrophy 3,DOID:0070440,distrofia macular retiniana 3
1,DOID:0070441,retinal macular dystrophy 4,DOID:0070441,distrofia macular retiniana 4
1,DOID:0070442,paroxysmal nonkinesigenic dyskinesia 3,DOID:0070442,discinesia paroxística no cinesigénica 3
1,DOID:0070443,neurodevelopmental disorder with cerebellar atrophy and motor dysfunction,DOID:0070443,trastorno del neurodesarrollo con atrofia cerebelosa y disfunción motora
1,DOID:0070444,neurodevelopmental disorder with language delay and seizures,DOID:0070444,trastorno del neurodesarrollo con retraso del lenguaje y convulsiones
1,DOID:0070445,early-onset dystonia and/or spastic paraplegia,DOID:0070445,distonía de inicio precoz y/o paraplejia espástica
1,DOID:0070446,mitochondrial DNA depletion syndrome 16,DOID:0070446,síndrome de depleción del ADN mitocondrial 16
1,DOID:0070447,mitochondrial DNA depletion syndrome 16B,DOID:0070447,síndrome de depleción del ADN mitocondrial 16B
1,DOID:0070448,mitochondrial DNA depletion syndrome 17,DOID:0070448,síndrome de depleción del ADN mitocondrial 17
1,DOID:0070449,mitochondrial DNA depletion syndrome 18,DOID:0070449,síndrome de depleción del ADN mitocondrial 18
1,DOID:0070450,mitochondrial DNA depletion syndrome 19,DOID:0070450,síndrome de depleción del ADN mitocondrial 19
1,DOID:0070451,mitochondrial DNA depletion syndrome 20,DOID:0070451,síndrome de depleción del ADN mitocondrial 20
1,DOID:0070452,xanthinuria type I,DOID:0070452,xantinuria tipo I
1,DOID:0070453,xanthinuria type II,DOID:0070453,xantinuria tipo II
1,DOID:0070454,hereditary spastic paraplegia 70,DOID:0070454,paraplejia espástica hereditaria 70
1,DOID:0070455,hereditary spastic paraplegia 79A,DOID:0070455,paraplejia espástica hereditaria 79A
1,DOID:0070456,hereditary spastic paraplegia 87,DOID:0070456,paraplejia espástica hereditaria 87
1,DOID:0070457,hereditary spastic paraplegia 88,DOID:0070457,paraplejia espástica hereditaria 88
1,DOID:0070458,hereditary spastic paraplegia 89,DOID:0070458,paraplejia espástica hereditaria 89
1,DOID:0070459,hereditary spastic paraplegia 90A,DOID:0070459,paraplejia espástica hereditaria 90A
1,DOID:0070460,hereditary spastic paraplegia 90B,DOID:0070460,paraplejia espástica hereditaria 90B
1,DOID:0070461,mitochondrial complex V (ATP synthase) deficiency nuclear type 4A,DOID:0070461,deficiencia del complejo mitocondrial V (ATP sintasa) nuclear tipo 4A
1,DOID:0070462,mitochondrial complex V (ATP synthase) deficiency nuclear type 4B,DOID:0070462,deficiencia del complejo mitocondrial V (ATP sintasa) nuclear tipo 4B
1,DOID:0070463,mitochondrial complex V (ATP synthase) deficiency nuclear type 5,DOID:0070463,deficiencia del complejo mitocondrial V (ATP sintasa) nuclear tipo 5
1,DOID:0070464,mitochondrial complex V (ATP synthase) deficiency nuclear type 7,DOID:0070464,deficiencia del complejo mitocondrial V (ATP sintasa) nuclear tipo 7
1,DOID:0070465,spinocerebellar ataxia with axonal neuropathy type 3,DOID:0070465,ataxia espinocerebelosa con neuropatía axonal tipo 3
1,DOID:0070466,carpal tunnel syndrome 1,DOID:0070466,síndrome del túnel carpiano 1
1,DOID:0070467,carpal tunnel syndrome 2,DOID:0070467,síndrome del túnel carpiano 2
1,DOID:0070468,Yoon-Bellen neurodevelopmental syndrome,DOID:0070468,síndrome del neurodesarrollo de Yoon-Bellen
1,DOID:0070469,neurodevelopmental disorder with dysmorphic facies and thin corpus callosum,DOID:0070469,trastorno del neurodesarrollo con facies dismórfica y cuerpo calloso delgado
1,DOID:0070470,chromosome 1p36.33 duplication syndrome,DOID:0070470,síndrome de duplicación del cromosoma 1p36.33
1,DOID:0070471,early-onset epilepsy 2,DOID:0070471,epilepsia de inicio precoz 2
1,DOID:0070472,early-onset epilepsy 3,DOID:0070472,epilepsia de inicio precoz 3
1,DOID:0070473,Zaki syndrome,DOID:0070473,síndrome de Zaki
1,DOID:0070474,childhood-onset neurodegeneration with brain atrophy,DOID:0070474,neurodegeneración de inicio en la infancia con atrofia cerebral
1,DOID:0070475,SMARCB1-deficient renal medullary carcinoma,DOID:0070475,carcinoma medular renal deficiente en SMARCB1
1,DOID:0070476,diphthamide deficiency syndrome,DOID:0070476,síndrome de deficiencia de diftamida
1,DOID:0070477,diphthamide deficiency syndrome 1,DOID:0070477,síndrome de deficiencia de diftamida 1
1,DOID:0070478,diphthamide deficiency syndrome 2,DOID:0070478,síndrome de deficiencia de diftamida 2
1,DOID:0070479,"neurodevelopmental disorder with short stature, prominent forehead, and feeding difficulties",DOID:0070479,"trastorno del neurodesarrollo con baja estatura, frente prominente y dificultades de alimentación"
1,DOID:0070480,schwannomatosis 1,DOID:0070480,schwannomatosis 1
1,DOID:0070481,schwannomatosis 2,DOID:0070481,schwannomatosis 2
1,DOID:0070482,spinal neurofibromatosis,DOID:0070482,neurofibromatosis espinal
1,DOID:0070483,Watson syndrome,DOID:0070483,síndrome de Watson
1,DOID:0070484,Legius syndrome,DOID:0070484,síndrome de Legius
1,DOID:0070485,mitochondrial complex IV deficiency nuclear type 23,DOID:0070485,deficiencia del complejo mitocondrial IV nuclear tipo 23
1,DOID:0070486,Parkinson's disease 25,DOID:0070486,enfermedad de Parkinson 25
1,DOID:0070487,dopamine transporter deficiency syndrome,DOID:0070487,síndrome de deficiencia del transportador de dopamina
1,DOID:0070488,atypical dopamine transporter deficiency syndrome,DOID:0070488,síndrome atípico de deficiencia del transportador de dopamina
1,DOID:0070489,classic dopamine transporter deficiency syndrome,DOID:0070489,síndrome clásico de deficiencia del transportador de dopamina
1,DOID:0070490,infantile parkinsonism-dystonia 2,DOID:0070490,parkinsonismo-distonía infantil 2
1,DOID:0070491,mitochondrial complex IV deficiency nuclear type 1,DOID:0070491,deficiencia del complejo mitocondrial IV nuclear tipo 1
1,DOID:0070492,mitochondrial complex IV deficiency nuclear type 3,DOID:0070492,deficiencia del complejo mitocondrial IV nuclear tipo 3
1,DOID:0070493,mitochondrial complex IV deficiency nuclear type 4,DOID:0070493,deficiencia del complejo mitocondrial IV nuclear tipo 4
1,DOID:0070494,mitochondrial complex IV deficiency nuclear type 7,DOID:0070494,deficiencia del complejo mitocondrial IV nuclear tipo 7
1,DOID:0070495,mitochondrial complex IV deficiency nuclear type 8,DOID:0070495,deficiencia del complejo mitocondrial IV nuclear tipo 8
1,DOID:0070496,mitochondrial complex IV deficiency nuclear type 10,DOID:0070496,deficiencia del complejo mitocondrial IV nuclear tipo 10
1,DOID:0070497,mitochondrial complex IV deficiency nuclear type 11,DOID:0070497,deficiencia del complejo mitocondrial IV nuclear tipo 11
1,DOID:0070498,mitochondrial complex IV deficiency nuclear type 12,DOID:0070498,deficiencia del complejo mitocondrial IV nuclear tipo 12
1,DOID:0070499,mitochondrial complex IV deficiency nuclear type 14,DOID:0070499,deficiencia del complejo mitocondrial IV nuclear tipo 14
1,DOID:0070500,mitochondrial complex IV deficiency nuclear type 15,DOID:0070500,deficiencia del complejo mitocondrial IV nuclear tipo 15
1,DOID:0070501,mitochondrial complex IV deficiency nuclear type 16,DOID:0070501,deficiencia del complejo mitocondrial IV nuclear tipo 16
1,DOID:0070502,mitochondrial complex IV deficiency nuclear type 17,DOID:0070502,deficiencia del complejo mitocondrial IV nuclear tipo 17
1,DOID:0070503,mitochondrial complex IV deficiency nuclear type 18,DOID:0070503,deficiencia del complejo mitocondrial IV nuclear tipo 18
1,DOID:0070504,mitochondrial complex IV deficiency nuclear type 19,DOID:0070504,deficiencia del complejo mitocondrial IV nuclear tipo 19
1,DOID:0070505,mitochondrial complex IV deficiency nuclear type 20,DOID:0070505,deficiencia del complejo mitocondrial IV nuclear tipo 20
1,DOID:0070506,mitochondrial complex IV deficiency nuclear type 21,DOID:0070506,deficiencia del complejo mitocondrial IV nuclear tipo 21
1,DOID:0070507,mitochondrial complex IV deficiency nuclear type 22,DOID:0070507,deficiencia del complejo mitocondrial IV nuclear tipo 22
1,DOID:0070508,metabolic dysfunction and alcohol associated liver disease,DOID:0070508,"Disfunción metabólica y enfermedad hepática asociada al alcohol,"
1,DOID:0070509,Schinzel Giedion syndrome,DOID:0070509,#N/A
NA,DOID:0070510,inflammatory poikiloderma with hair abnormalities and acral keratoses,DOID:0070510,NA
NA,DOID:0070511,"polyhydramnios, megalencephaly, and symptomatic epilepsy",DOID:0070511,NA
1,DOID:0070512,neurodevelopmental disorder with hypotonia and speech delay,DOID:0070512,#N/A
NA,DOID:0070513,neurodevelopmental disorder with dysmorphic facies and behavioral abnormalities,DOID:0070513,NA
NA,DOID:0070514,neurodevelopmental disorder with dysmorphic facies and distal limb anomalies,DOID:0070514,NA
NA,DOID:0070515,"chromosome 16p11.2 deletion syndrome, 593-kb",DOID:0070515,NA
1,DOID:0070516,Mitchell syndrome,DOID:0070516,Síndrome de Mitchell
1,DOID:0070517,retinal macular dystrophy 2,DOID:0070517,distrofia macular de retina 2
1,DOID:0070518,familial multiple lipomatosis,DOID:0070518,lipomatosis múltiple familiar
1,DOID:0070519,early-onset vitamin B6-dependent epilepsy 4,DOID:0070519,Epilepsia de inicio precoz dependiente de la vitamina B6 4
1,DOID:0070520,peeling skin syndrome 1,DOID:0070520,Síndrome de la piel descamada 1
1,DOID:0070521,peeling skin syndrome 2,DOID:0070521,Síndrome de la piel descamada 2
1,DOID:0070522,peeling skin syndrome 3,DOID:0070522,síndrome de la piel descamada 3
1,DOID:0070523,peeling skin syndrome 4,DOID:0070523,Síndrome de la piel descamada 4
1,DOID:0070524,peeling skin syndrome 5,DOID:0070524,síndrome de la piel descamada 5
1,DOID:0070525,peeling skin syndrome 6,DOID:0070525,Síndrome de la piel descamada 6
1,DOID:0070526,PLACK syndrome,DOID:0070526,Síndrome PLACK
1,DOID:0070527,Borrelia miyamotoi disease,DOID:0070527,Enfermedad por Borrelia miyamotoi
1,DOID:0070528,cepacia syndrome,DOID:0070528,Síndrome cepacia
1,DOID:0070529,Sifrim-Hitz-Weiss syndrome,DOID:0070529,Síndrome de Sifrim-Hitz-Weiss
1,DOID:0070530,foveal hypoplasia 1,DOID:0070530,hipoplasia foveal 1
1,DOID:0070531,foveal hypoplasia 2,DOID:0070531,hipoplasia foveal 2
1,DOID:0070532,aniridia 1,DOID:0070532,aniridia 1
1,DOID:0070533,long QT syndrome 16,DOID:0070533,síndrome de QT largo 16
1,DOID:0070534,arrhythmogenic left ventricular cardiomyopathy,DOID:0070534,Miocardiopatía arritmogénica del ventrículo izquierdo
1,DOID:0070535,arrhythmogenic biventricular cardiomyopathy,DOID:0070535,Miocardiopatía biventricular arritmogénica
1,DOID:0070536,"neurodevelopmental disorder with hypotonia, language delay, and skeletal defects with or without seizures",DOID:0070536,"trastorno del neurodesarrollo con hipotonía, retraso del lenguaje y defectos esqueléticos con o sin convulsiones"
1,DOID:0070537,"spastic tetraplegia, thin corpus callosum, and progressive microcephaly",DOID:0070537,"tetraplejia espástica, cuerpo calloso delgado y microcefalia progresiva"
1,DOID:0070538,syndromic X-linked intellectual developmental disorder bain type,DOID:0070538,trastorno del desarrollo intelectual sindrómico ligado al cromosoma X tipo BAIN
1,DOID:0080000,muscular disease,DOID:0080000,enfermedad muscular
1,DOID:0080001,bone disease,DOID:0080001,enfermedad ósea
1,DOID:0080005,bone remodeling disease,DOID:0080005,enfermedad de remodelación ósea
1,DOID:0080006,bone development disease,DOID:0080006,enfermedad del desarrollo óseo
1,DOID:0080007,bone deterioration disease,DOID:0080007,enfermedad de deterioro óseo
1,DOID:0080008,ischemic bone disease,DOID:0080008,Enfermedad ósea isquémica
1,DOID:0080009,X-linked dominant disease,DOID:0080009,enfermedad dominante ligada al cromosoma X
1,DOID:0080010,bone structure disease,DOID:0080010,enfermedad de la estructura ósea
1,DOID:0080011,bone resorption disease,DOID:0080011,Enfermedad de resorción ósea
1,DOID:0080012,X-linked recessive disease,DOID:0080012,enfermedad recesiva ligada al cromosoma X
1,DOID:0080014,chromosomal disease,DOID:0080014,enfermedad cromosómica
1,DOID:0080018,dysbaric osteonecrosis,DOID:0080018,osteonecrosis disbárica
1,DOID:0080019,metaphyseal dysplasia,DOID:0080019,Displasia metafisaria
1,DOID:0080020,Jansen's metaphyseal chondrodysplasia,DOID:0080020,Condrodisplasia metafisaria de Jansen
1,DOID:0080021,Schmid metaphyseal chondrodysplasia,DOID:0080021,Condrodisplasia metafisaria chmid
1,DOID:0080026,"otospondylomegaepiphyseal dysplasia, autosomal recessive",DOID:0080026,"displasia otospondilomegaepifisaria, autosómica recesiva"
1,DOID:0080027,spondyloepimetaphyseal dysplasia,DOID:0080027,displasia espondiloepimetafisaria
1,DOID:0080028,"spondyloepimetaphyseal dysplasia, Strudwick type",DOID:0080028,"displasia espondiloepimetafisaria, tipo Strudwick"
1,DOID:0080029,autosomal recessive spinocerebellar ataxia 16,DOID:0080029,ataxia espinocerebelosa autosómica recesiva 16
1,DOID:0080030,"spondyloepimetaphyseal dysplasia, Missouri type",DOID:0080030,"displasia espondiloepimetafisaria, tipo Missouri"
1,DOID:0080031,fibrous dysplasia,DOID:0080031,displasia fibrosa
1,DOID:0080032,craniodiaphyseal dysplasia,DOID:0080032,displasia craniodiafisaria
1,DOID:0080033,craniometaphyseal dysplasia,DOID:0080033,Displasia craneometafisaria
1,DOID:0080036,SOST-related sclerosing bone dysplasia,DOID:0080036,Displasia ósea esclerosante relacionada con SOST
1,DOID:0080037,Worth syndrome,DOID:0080037,Síndrome de Worth
1,DOID:0080038,pycnodysostosis,DOID:0080038,picnodisostosis
1,DOID:0080039,axial osteomalacia,DOID:0080039,osteomalacia axial
1,DOID:0080040,fibrogenesis imperfecta ossium,DOID:0080040,fibrogenesis imperfecta ossium
1,DOID:0080041,hypochondroplasia,DOID:0080041,hipocondroplasia
1,DOID:0080042,autosomal recessive spinocerebellar ataxia 18,DOID:0080042,ataxia espinocerebelosa autosómica recesiva 18
1,DOID:0080043,achondrogenesis,DOID:0080043,acondrogénesis
1,DOID:0080044,hypochondrogenesis,DOID:0080044,hipocondrogénesis
1,DOID:0080045,Kniest dysplasia,DOID:0080045,Displasia de Kniest
1,DOID:0080046,Stickler syndrome,DOID:0080046,Síndrome de Stickler
1,DOID:0080047,pseudoachondroplasia,DOID:0080047,pseudoacondroplasia
1,DOID:0080049,acromesomelic dysplasia,DOID:0080049,displasia acromesomélica
1,DOID:0080050,"acromesomelic dysplasia, Maroteaux type",DOID:0080050,"displasia acromesomélica, tipo Maroteaux"
1,DOID:0080051,"acromesomelic dysplasia, Hunter-Thompson type",DOID:0080051,"Displasia acromesomélica, tipo Hunter-Thompson"
1,DOID:0080052,"acromesomelic dysplasia, Grebe type",DOID:0080052,"displasia acromesomélica, tipo Grebe"
1,DOID:0080053,Albright's hereditary osteodystrophy,DOID:0080053,Osteodistrofia hereditaria de Albright
1,DOID:0080054,achondrogenesis type IA,DOID:0080054,acondrogénesis de tipo IA
1,DOID:0080055,achondrogenesis type IB,DOID:0080055,acondrogénesis tipo IB
1,DOID:0080056,achondrogenesis type II,DOID:0080056,acondrogénesis tipo II
1,DOID:0080057,autosomal recessive spinocerebellar ataxia 15,DOID:0080057,ataxia espinocerebelosa autosómica recesiva 15
1,DOID:0080058,autosomal recessive spinocerebellar ataxia 14,DOID:0080058,ataxia espinocerebelosa autosómica recesiva 14
1,DOID:0080059,autosomal recessive spinocerebellar ataxia 7,DOID:0080059,ataxia espinocerebelosa autosómica recesiva 7
1,DOID:0080060,autosomal recessive spinocerebellar ataxia 12,DOID:0080060,ataxia espinocerebelosa autosómica recesiva 12
1,DOID:0080061,autosomal recessive spinocerebellar ataxia 2,DOID:0080061,autosomal recessive spinocerebellar ataxia 2
1,DOID:0080062,autosomal recessive spinocerebellar ataxia 13,DOID:0080062,ataxia espinocerebelosa autosómica recesiva 13
1,DOID:0080063,autosomal recessive spinocerebellar ataxia 11,DOID:0080063,ataxia espinocerebelosa autosómica recesiva 11
1,DOID:0080064,autosomal recessive spinocerebellar ataxia 17,DOID:0080064,ataxia espinocerebelosa autosómica recesiva 17
1,DOID:0080065,autosomal recessive spinocerebellar ataxia 19,DOID:0080065,ataxia espinocerebelosa autosómica recesiva 19
1,DOID:0080066,autosomal recessive spinocerebellar ataxia 20,DOID:0080066,ataxia espinocerebelosa autosómica recesiva 20
1,DOID:0080067,Charcot-Marie-Tooth disease type 5,DOID:0080067,Enfermedad de Charcot-Marie-Tooth tipo 5
1,DOID:0080068,Charcot-Marie-Tooth disease type 6,DOID:0080068,Enfermedad de Charcot-Marie-Tooth tipo 6
1,DOID:0080069,Charcot-Marie-Tooth disease type 7,DOID:0080069,#N/A
1,DOID:0080070,mucolipidosis II alpha/beta,DOID:0080070,mucolipidosis II alfa/beta
1,DOID:0080071,mucolipidosis III alpha/beta,DOID:0080071,mucolipidosis III alfa/beta
1,DOID:0080072,intestinal pseudo-obstruction,DOID:0080072,pseudoobstrucción intestinal
1,DOID:0080075,Neu-Laxova syndrome 2,DOID:0080075,Síndrome Neu-Laxova 2
1,DOID:0080076,Neu-Laxova syndrome 1,DOID:0080076,Síndrome Neu-Laxova 1
NA,DOID:0080077,hypophosphatemic nephrolithiasis/osteoporosis 1,DOID:0080077,NA
NA,DOID:0080078,hypophosphatemic nephrolithiasis/osteoporosis 2,DOID:0080078,NA
NA,DOID:0080089,tubular aggregate myopathy 1,DOID:0080089,NA
NA,DOID:0080090,reducing body myopathy 1A,DOID:0080090,NA
1,DOID:0080092,myofibrillar myopathy 1,DOID:0080092,miopatía miofibrilar 1
NA,DOID:0080093,myofibrillar myopathy 2,DOID:0080093,NA
1,DOID:0080094,myofibrillar myopathy 3,DOID:0080094,miopatía miofibrilar 3
NA,DOID:0080095,myofibrillar myopathy 4,DOID:0080095,NA
NA,DOID:0080096,myofibrillar myopathy 5,DOID:0080096,NA
NA,DOID:0080097,myofibrillar myopathy 6,DOID:0080097,NA
NA,DOID:0080098,myofibrillar myopathy 7,DOID:0080098,NA
NA,DOID:0080099,"myopathy, lactic acidosis, and sideroblastic anemia",DOID:0080099,NA
NA,DOID:0080103,cylindrical spirals myopathy,DOID:0080103,NA
NA,DOID:0080105,microcephaly and chorioretinopathy 1,DOID:0080105,NA
2,DOID:0080106,microcephaly and chorioretinopathy 2,DOID:0080106,microcefalia y coriorretinopatía 2
2,DOID:0080107,microcephaly and chorioretinopathy 3,DOID:0080107,microcefalia y coriorretinopatía 3
2,DOID:0080108,myoglobinuria,DOID:0080108,mioglobinuria
2,DOID:0080109,infantile myofibromatosis,DOID:0080109,miofibromatosis infantil
2,DOID:0080110,"contractures, pterygia, and spondylocarpotarsal fusion syndrome",DOID:0080110,"Síndrome de contracturas, pterigia y fusión espondilo-carpotarsal"
1,DOID:0080111,mitochondrial complex III deficiency nuclear type 1,DOID:0080111,deficiencia del complejo mitocondrial III nuclear tipo 1
1,DOID:0080112,mitochondrial complex III deficiency nuclear type 3,DOID:0080112,Deficiencia del complejo mitocondrial III nuclear tipo 3
1,DOID:0080113,mitochondrial complex III deficiency nuclear type 4,DOID:0080113,Deficiencia del complejo mitocondrial III nuclear tipo 4
1,DOID:0080114,mitochondrial complex III deficiency nuclear type 5,DOID:0080114,Deficiencia del complejo mitocondrial III nuclear tipo 5
1,DOID:0080115,mitochondrial complex III deficiency nuclear type 6,DOID:0080115,deficiencia del complejo mitocondrial III nuclear tipo 6
1,DOID:0080116,mitochondrial complex III deficiency nuclear type 7,DOID:0080116,Deficiencia del complejo III mitocondrial tipo nuclear 7
1,DOID:0080117,mitochondrial complex III deficiency nuclear type 8,DOID:0080117,deficiencia del complejo mitocondrial III tipo nuclear 8
1,DOID:0080118,mitochondrial complex III deficiency nuclear type 9,DOID:0080118,Deficiencia del complejo III mitocondrial tipo nuclear 9
1,DOID:0080119,mitochondrial DNA depletion syndrome 1,DOID:0080119,síndrome de depleción del ADN mitocondrial 1
1,DOID:0080120,mitochondrial DNA depletion syndrome 2,DOID:0080120,Síndrome de depleción del ADN mitocondrial 2
1,DOID:0080121,mitochondrial DNA depletion syndrome 3,DOID:0080121,Síndrome de depleción del ADN mitocondrial 3
1,DOID:0080122,Alpers-Huttenlocher syndrome,DOID:0080122,Síndrome de Alpers-Huttenlocher
1,DOID:0080123,mitochondrial DNA depletion syndrome 4b,DOID:0080123,Síndrome de depleción del ADN mitocondrial 4b
1,DOID:0080124,mitochondrial DNA depletion syndrome 5,DOID:0080124,síndrome de depleción del ADN mitocondrial 5
1,DOID:0080125,mitochondrial DNA depletion syndrome 6,DOID:0080125,Síndrome de depleción del ADN mitocondrial 6
1,DOID:0080126,mitochondrial DNA depletion syndrome 7,DOID:0080126,Síndrome de depleción del ADN mitocondrial 7
1,DOID:0080127,mitochondrial DNA depletion syndrome 8a,DOID:0080127,Síndrome de depleción del ADN mitocondrial 8a
1,DOID:0080128,mitochondrial DNA depletion syndrome 9,DOID:0080128,Síndrome de depleción del ADN mitocondrial 9
1,DOID:0080129,mitochondrial DNA depletion syndrome 11,DOID:0080129,Síndrome de depleción del ADN mitocondrial 11
1,DOID:0080130,mitochondrial DNA depletion syndrome 12a,DOID:0080130,Síndrome de depleción del ADN mitocondrial 12a
1,DOID:0080131,mitochondrial DNA depletion syndrome 13,DOID:0080131,Síndrome de depleción del ADN mitocondrial 13
1,DOID:0080132,Sengers syndrome,DOID:0080132,Síndrome de Sengers
1,DOID:0080133,multiple mitochondrial dysfunctions syndrome 1,DOID:0080133,Síndrome de disfunciones mitocondriales múltiples 1
1,DOID:0080134,multiple mitochondrial dysfunctions syndrome 2,DOID:0080134,síndrome de disfunciones mitocondriales múltiples 2
1,DOID:0080135,multiple mitochondrial dysfunctions syndrome 3,DOID:0080135,Síndrome de disfunciones mitocondriales múltiples 3
1,DOID:0080136,multiple mitochondrial dysfunctions syndrome 4,DOID:0080136,Síndrome de disfunciones mitocondriales múltiples 4
1,DOID:0080137,multiple endocrine neoplasia type 4,DOID:0080137,neoplasia endocrina múltiple de tipo 4
1,DOID:0080141,mosaic variegated aneuploidy syndrome 1,DOID:0080141,síndrome de aneuploidía variegada en mosaico 1
1,DOID:0080142,mosaic variegated aneuploidy syndrome 2,DOID:0080142,Síndrome de aneuploidía variegada en mosaico 2
1,DOID:0080144,childhood acute lymphocytic leukemia,DOID:0080144,leucemia linfocítica aguda infantil
1,DOID:0080145,childhood T-cell acute lymphoblastic leukemia,DOID:0080145,leucemia linfoblástica aguda de células T infantil
1,DOID:0080146,childhood B-cell acute lymphoblastic leukemia,DOID:0080146,leucemia linfoblástica aguda de células B infantil
1,DOID:0080147,lymphoblastic lymphoma,DOID:0080147,linfoma linfoblástico
1,DOID:0080148,T-cell childhood lymphoblastic lymphoma,DOID:0080148,Linfoma linfoblástico infantil de células T
1,DOID:0080149,adult acute monocytic leukemia,DOID:0080149,Leucemia monocítica aguda del adulto
1,DOID:0080150,adrenocorticotropic hormone deficiency,DOID:0080150,Deficiencia de hormona adrenocorticotrópica
1,DOID:0080153,medium chain acyl-CoA dehydrogenase deficiency,DOID:0080153,Deficiencia de acil-CoA deshidrogenasa de cadena media
1,DOID:0080154,short chain acyl-CoA dehydrogenase deficiency,DOID:0080154,Deficiencia de acil-CoA deshidrogenasa de cadena corta
1,DOID:0080155,very long chain acyl-CoA dehydrogenase deficiency,DOID:0080155,Deficiencia de acil-CoA deshidrogenasa de cadena muy larga
1,DOID:0080156,X-linked adrenal hypoplasia congenita,DOID:0080156,Hipoplasia suprarrenal congénita ligada al cromosoma X
1,DOID:0080158,herpes simplex virus keratitis,DOID:0080158,queratitis por virus herpes simple
1,DOID:0080159,Cryptococcal meningitis,DOID:0080159,Meningitis criptocócica
1,DOID:0080160,Cytomegalovirus retinitis,DOID:0080160,Retinitis por citomegalovirus
1,DOID:0080161,cutaneous candidiasis,DOID:0080161,Candidiasis cutánea
NA,DOID:0080162,lupus nephritis,DOID:0080162,NA
NA,DOID:0080163,otulipenia,DOID:0080163,NA
NA,DOID:0080164,"myeloid and lymphoid neoplasms with eosinophilia and abnormalities of PDGFRA, PDGFRB, and FGFR1",DOID:0080164,NA
1,DOID:0080165,myeloid and lymphoid neoplasms associated with PDGFRA rearrangement,DOID:0080165,neoplasias mieloides y linfoides asociadas con reordenamiento de PDGFRA
NA,DOID:0080166,myeloid and lymphoid neoplasms associated with PDGFRB rearrangement,DOID:0080166,NA
NA,DOID:0080167,myeloid and lymphoid neoplasms associated with FGFR1 abnormalities,DOID:0080167,NA
NA,DOID:0080169,tricuspid atresia,DOID:0080169,NA
NA,DOID:0080170,normophosphatemic familial tumoral calcinosis,DOID:0080170,NA
2,DOID:0080171,esophageal atresia/tracheoesophageal fistula,DOID:0080171,atresia esofágica/fístula traqueoesofágica
2,DOID:0080172,thiopurine S-methyltransferase deficiency,DOID:0080172,Deficiencia de tiopurina S-metiltransferasa
2,DOID:0080176,meningococcal meningitis,DOID:0080176,meningitis meningocócica
2,DOID:0080177,hepatic veno-occlusive disease,DOID:0080177,enfermedad venooclusiva hepática
2,DOID:0080178,mucositis,DOID:0080178,mucositis
2,DOID:0080179,haemophilus meningitis,DOID:0080179,meningitis por haemophilus
2,DOID:0080181,PHARC syndrome,DOID:0080181,Síndrome PHARC
2,DOID:0080182,mixed fibrolamellar hepatocellular carcinoma,DOID:0080182,Carcinoma hepatocelular fibrolamelar mixto
2,DOID:0080183,medullary colon carcinoma,DOID:0080183,Carcinoma de colon medular
2,DOID:0080184,mixed mucinous and nonmucinous bronchioloalveolar adenocarcinoma,DOID:0080184,adenocarcinoma bronquioloalveolar mixto mucinoso y no mucinoso
2,DOID:0080185,mucinous bronchioloalveolar adenocarcinoma,DOID:0080185,Adenocarcinoma bronquioloalveolar mucinoso
2,DOID:0080186,nonmucinous bronchioloalveolar adenocarcinoma,DOID:0080186,Adenocarcinoma bronquioloalveolar no mucinoso
2,DOID:0080187,chronic neutrophilic leukemia,DOID:0080187,leucemia neutrofílica crónica
2,DOID:0080188,chronic myelomonocytic leukemia,DOID:0080188,leucemia mielomonocítica crónica
2,DOID:0080189,malignant hemangioma,DOID:0080189,Hemangioma maligno
2,DOID:0080190,malignant epithelioid hemangioendothelioma,DOID:0080190,Hemangioendotelioma epitelioide maligno
2,DOID:0080191,PTEN hamartoma tumor syndrome,DOID:0080191,Síndrome de tumor hamartoma PTEN
2,DOID:0080192,relapsed/refractory diffuse large B-cell lymphoma,DOID:0080192,Linfoma difuso de células B grandes recidivante/refractario
2,DOID:0080193,superior semicircular canal dehiscence,DOID:0080193,dehiscencia del canal semicircular superior
2,DOID:0080194,Carey-Fineman-Ziter syndrome,DOID:0080194,Síndrome de Carey-Fineman-Ziter
2,DOID:0080195,Marinesco-Sjogren syndrome,DOID:0080195,Síndrome de Marinesco-Sjogren
2,DOID:0080196,"mandibulofacial dysostosis, Guion-Almeida type",DOID:0080196,"Disostosis mandibulofacial, tipo Guion-Almeida"
2,DOID:0080198,infantile histiocytoid cardiomyopathy,DOID:0080198,Miocardiopatía histiocitoide infantil
1,DOID:0080199,colorectal carcinoma,DOID:0080199,carcinoma colorrectal
2,DOID:0080200,bilateral renal aplasia,DOID:0080200,Aplasia renal bilateral
2,DOID:0080201,Peters plus syndrome,DOID:0080201,Síndrome de Peters plus
2,DOID:0080202,adenoid cystic carcinoma,DOID:0080202,Carcinoma adenoide quístico
2,DOID:0080204,renal hypoplasia,DOID:0080204,hipoplasia renal
2,DOID:0080205,CAKUT,DOID:0080205,CAKUT
2,DOID:0080206,CAKUT1,DOID:0080206,CAKUT1
2,DOID:0080207,CAKUT2,DOID:0080207,CAKUT2
2,DOID:0080208,metabolic dysfunction-associated steatotic liver disease,DOID:0080208,Enfermedad hepática esteatósica asociada a disfunción metabólica
1,DOID:0080209,"sideroblastic anemia with B-cell immunodeficiency, periodic fevers, and developmental delay",DOID:0080209,"Anemia sideroblástica con inmunodeficiencia de células B, fiebres periódicas y retraso del desarrollo"
NA,DOID:0080210,primary mediastinal B-cell lymphoma,DOID:0080210,NA
NA,DOID:0080211,nodal marginal zone lymphoma,DOID:0080211,NA
NA,DOID:0080212,polycystic kidney disease 4,DOID:0080212,NA
NA,DOID:0080213,punctate palmoplantar keratoderma type II,DOID:0080213,NA
2,DOID:0080214,punctate palmoplantar keratoderma type I,DOID:0080214,Queratodermia palmoplantar puntiforme tipo I
2,DOID:0080215,developmental and epileptic encephalopathy 8,DOID:0080215,encefalopatía epiléptica y del desarrollo 8
2,DOID:0080216,duodenal atresia,DOID:0080216,atresia duodenal
2,DOID:0080217,lysosomal acid lipase deficiency,DOID:0080217,Deficiencia de lipasa ácida lisosomal
2,DOID:0080218,primary spontaneous pneumothorax,DOID:0080218,Neumotórax espontáneo primario
2,DOID:0080219,dystransthyretinemic hyperthyroxinemia,DOID:0080219,Hipertiroxinemia distranstiretinémica
2,DOID:0080222,pseudohypoparathyroidism type IB,DOID:0080222,pseudohipoparatiroidismo tipo IB
2,DOID:0080223,epidermolytic palmoplantar keratoderma,DOID:0080223,Queratodermia palmoplantar epidermolítica
2,DOID:0080224,autosomal dominant dystrophic epidermolysis bullosa,DOID:0080224,Epidermólisis bullosa distrófica autosómica dominante
2,DOID:0080225,amyotrophic lateral sclerosis type 23,DOID:0080225,esclerosis lateral amiotrófica tipo 23
2,DOID:0080226,autosomal dominant intellectual developmental disorder 56,DOID:0080226,trastorno del desarrollo intelectual autosómico dominante 56
2,DOID:0080227,autosomal dominant intellectual developmental disorder 55,DOID:0080227,trastorno autosómico dominante del desarrollo intelectual 55
2,DOID:0080228,autosomal dominant intellectual developmental disorder 53,DOID:0080228,trastorno autosómico dominante del desarrollo intelectual 53
2,DOID:0080230,autosomal dominant intellectual developmental disorder 54,DOID:0080230,trastorno del desarrollo intelectual autosómico dominante 54
2,DOID:0080231,autosomal dominant intellectual developmental disorder 52,DOID:0080231,trastorno del desarrollo intelectual autosómico dominante 52
2,DOID:0080232,autosomal dominant intellectual developmental disorder 51,DOID:0080232,trastorno autosómico dominante del desarrollo intelectual 51
2,DOID:0080233,autosomal dominant intellectual developmental disorder 50,DOID:0080233,trastorno autosómico dominante del desarrollo intelectual 50
2,DOID:0080234,Clark-Baraitser syndrome,DOID:0080234,Síndrome de Clark-Baraitser
2,DOID:0080235,autosomal dominant intellectual developmental disorder 48,DOID:0080235,trastorno autosómico dominante del desarrollo intelectual 48
2,DOID:0080236,autosomal dominant intellectual developmental disorder 45,DOID:0080236,trastorno del desarrollo intelectual autosómico dominante 45
2,DOID:0080237,autosomal dominant intellectual developmental disorder 46,DOID:0080237,trastorno del desarrollo intelectual autosómico dominante 46
2,DOID:0080238,autosomal dominant intellectual developmental disorder 47,DOID:0080238,trastorno autosómico dominante del desarrollo intelectual 47
2,DOID:0080239,autosomal recessive intellectual developmental disorder 61,DOID:0080239,trastorno autosómico recesivo del desarrollo intelectual 61
2,DOID:0080240,non-syndromic X-linked intellectual disability 106,DOID:0080240,discapacidad intelectual no sindrómica ligada al cromosoma X 106
2,DOID:0080241,syndromic X-linked mental retardation 35,DOID:0080241,retraso mental sindrómico ligado al cromosoma X 35
2,DOID:0080242,syndromic X-linked mental retardation Hough type,DOID:0080242,retraso mental sindrómico ligado al cromosoma X tipo Hough
2,DOID:0080243,amelogenesis imperfecta type 3B,DOID:0080243,amelogénesis imperfecta de tipo 3B
2,DOID:0080244,Galloway-Mowat syndrome 2,DOID:0080244,Síndrome de Galloway-Mowat 2
2,DOID:0080245,Galloway-Mowat syndrome 3,DOID:0080245,Síndrome de Galloway-Mowat 3
2,DOID:0080246,Galloway-Mowat syndrome 4,DOID:0080246,Síndrome de Galloway-Mowat 4
2,DOID:0080247,Galloway-Mowat syndrome 5,DOID:0080247,Síndrome de Galloway-Mowat 5
2,DOID:0080248,erythrokeratodermia variabilis et progressiva 2,DOID:0080248,eritroqueratodermia variabilis et progressiva 2
2,DOID:0080249,erythrokeratodermia variabilis et progressiva 3,DOID:0080249,erythrokeratodermia variable progresiva 3
2,DOID:0080250,erythrokeratodermia variabilis et progressiva 4,DOID:0080250,erythrokeratodermia variable progresiva 4
2,DOID:0080251,erythrokeratodermia variabilis et progressiva 5,DOID:0080251,eritroqueratodermia varible progresiva 5
2,DOID:0080252,spastic ataxia 8,DOID:0080252,ataxia espástica 8
2,DOID:0080253,Meckel syndrome 13,DOID:0080253,Síndrome de Meckel 13
2,DOID:0080254,orofaciodigital syndrome XVI,DOID:0080254,Síndrome orofaciodigital XVI
2,DOID:0080255,Meier-Gorlin syndrome 8,DOID:0080255,Síndrome de Meier-Gorlin 8
2,DOID:0080256,Perrault syndrome 6,DOID:0080256,Síndrome de Perrault 6
2,DOID:0080259,autosomal recessive spinocerebellar ataxia 25,DOID:0080259,ataxia espinocerebelosa autosómica recesiva 25
2,DOID:0080260,autosomal recessive spinocerebellar ataxia 26,DOID:0080260,ataxia espinocerebelosa autosómica recesiva 26
2,DOID:0080261,autosomal recessive nonsyndromic deafness 106,DOID:0080261,Sordera autosómica recesiva no sindrómica 106
2,DOID:0080262,autosomal recessive nonsyndromic deafness 107,DOID:0080262,Sordera autosómica recesiva no sindrómica 107
2,DOID:0080263,autosomal recessive nonsyndromic deafness 108,DOID:0080263,sordera autosómica recesiva no sindrómica 108
2,DOID:0080264,exudative vitreoretinopathy 7,DOID:0080264,Vitreorretinopatía exudativa 7
2,DOID:0080265,nephrotic syndrome type 14,DOID:0080265,Síndrome nefrótico tipo 14
2,DOID:0080266,primary ciliary dyskinesia 37,DOID:0080266,discinesia ciliar primaria 37
2,DOID:0080267,autosomal dominant nonsyndromic deafness 71,DOID:0080267,sordera autosómica dominante no sindrómica 71
2,DOID:0080268,autosomal dominant nonsyndromic deafness 72,DOID:0080268,sordera autosómica dominante no sindrómica 72
2,DOID:0080269,autosomal dominant nonsyndromic deafness 73,DOID:0080269,sordera autosómica dominante no sindrómica 73
2,DOID:0080270,autosomal dominant nonsyndromic deafness 34,DOID:0080270,sordera autosómica dominante no sindrómica 34
2,DOID:0080271,nephrotic syndrome type 15,DOID:0080271,Síndrome nefrótico tipo 15
2,DOID:0080272,nephrotic syndrome type 16,DOID:0080272,Síndrome nefrótico tipo 16
2,DOID:0080273,polycystic kidney disease 5,DOID:0080273,Enfermedad renal poliquística 5
2,DOID:0080274,multiple mitochondrial dysfunctions syndrome 5,DOID:0080274,síndrome de disfunciones mitocondriales múltiples 5
2,DOID:0080275,Joubert syndrome 30,DOID:0080275,Síndrome de Joubert 30
2,DOID:0080276,Joubert syndrome 29,DOID:0080276,Síndrome de Joubert 29
2,DOID:0080277,Joubert syndrome 31,DOID:0080277,Síndrome de Joubert 31
2,DOID:0080278,Joubert syndrome 32,DOID:0080278,Síndrome de Joubert 32
2,DOID:0080279,Joubert syndrome 33,DOID:0080279,Síndrome de Joubert 33
2,DOID:0080280,gingival fibromatosis 5,DOID:0080280,Fibromatosis gingival 5
2,DOID:0080281,schizophrenia 19,DOID:0080281,esquizofrenia 19
2,DOID:0080282,developmental and epileptic encephalopathy 56,DOID:0080282,encefalopatía epiléptica y del desarrollo 56
2,DOID:0080283,developmental and epileptic encephalopathy 55,DOID:0080283,encefalopatía epiléptica y del desarrollo 55
2,DOID:0080284,developmental and epileptic encephalopathy 57,DOID:0080284,encefalopatía epiléptica y del desarrollo 57
2,DOID:0080285,developmental and epileptic encephalopathy 58,DOID:0080285,encefalopatía epiléptica y del desarrollo 58
2,DOID:0080286,spinocerebellar ataxia 44,DOID:0080286,ataxia espinocerebelosa 44
2,DOID:0080287,spinocerebellar ataxia 45,DOID:0080287,ataxia espinocerebelosa 45
2,DOID:0080288,spinocerebellar ataxia 46,DOID:0080288,ataxia espinocerebelosa 46
2,DOID:0080289,orofaciodigital syndrome XVII,DOID:0080289,Síndrome orofaciodigital XVII
2,DOID:0080290,familial erythrocytosis 5,DOID:0080290,Eritrocitosis familiar 5
2,DOID:0080291,developmental and epileptic encephalopathy 59,DOID:0080291,encefalopatía epiléptica y del desarrollo 59
2,DOID:0080292,retinitis pigmentosa 81,DOID:0080292,retinosis pigmentaria 81
2,DOID:0080293,short-rib thoracic dysplasia 18 with polydactyly,DOID:0080293,Displasia torácica de costillas cortas 18 con polidactilia
2,DOID:0080294,Charcot-Marie-Tooth disease dominant intermediate G,DOID:0080294,Enfermedad de Charcot-Marie-Tooth dominante intermedia G
2,DOID:0080295,short-rib thoracic dysplasia 19 with or without polydactyly,DOID:0080295,Displasia torácica de costillas cortas 19 con o sin polidactilia
2,DOID:0080296,hypomyelinating leukodystrophy 14,DOID:0080296,leucodistrofia hipomielinizante 14
2,DOID:0080297,Coffin-Siris syndrome 6,DOID:0080297,Síndrome de Coffin-Siris 6
1,DOID:0080298,complete generalized lipodystrophy,DOID:0080298,lipodistrofia generalizada completa
1,DOID:0080299,partial lipodystrophy,DOID:0080299,lipodistrofia parcial
2,DOID:0080300,acquired generalized lipodystrophy,DOID:0080300,Lipodistrofia generalizada adquirida
2,DOID:0080301,atypical hemolytic-uremic syndrome,DOID:0080301,Síndrome hemolítico-urémico atípico
2,DOID:0080302,mixed sleep apnea,DOID:0080302,Apnea mixta del sueño
2,DOID:0080303,mucinous lung adenocarcinoma,DOID:0080303,adenocarcinoma mucinoso de pulmón
2,DOID:0080304,lung mucinous cystadenocarcinoma,DOID:0080304,cistadenocarcinoma mucinoso de pulmón
2,DOID:0080305,signet ring lung adenocarcinoma,DOID:0080305,adenocarcinoma pulmonar en anillo de sello
2,DOID:0080306,solid adenocarcinoma with mucin production,DOID:0080306,adenocarcinoma sólido con producción de mucina
NA,DOID:0080307,myofibrillar myopathy,DOID:0080307,NA
2,DOID:0080308,myofibrillar myopathy 8,DOID:0080308,miopatía miofibrilar 8
2,DOID:0080309,fatal infantile hypertonic myofibrillar myopathy,DOID:0080309,miopatía miofibrilar hipertónica infantil mortal
2,DOID:0080311,X-linked mental retardation with cerebellar hypoplasia and distinctive facial appearance,DOID:0080311,Retraso mental ligado al cromosoma X con hipoplasia cerebelosa y aspecto facial distintivo
2,DOID:0080312,neurodevelopmental disorder with midbrain and hindbrain malformations,DOID:0080312,trastorno del neurodesarrollo con malformaciones del mesencéfalo y el rombencéfalo
2,DOID:0080314,cone-rod dystrophy 14,DOID:0080314,distrofia de conos y bastones 14
2,DOID:0080315,megalencephalic leukoencephalopathy with subcortical cysts,DOID:0080315,Leucoencefalopatía megalencefálica con quistes subcorticales
2,DOID:0080316,megalencephalic leukoencephalopathy with subcortical cysts 1,DOID:0080316,leucoencefalopatía megalencefálica con quistes subcorticales 1
2,DOID:0080317,megalencephalic leukoencephalopathy with subcortical cysts 2B,DOID:0080317,leucoencefalopatía megalencefálica con quistes subcorticales 2B
2,DOID:0080318,megalencephalic leukoencephalopathy with subcortical cysts 2A,DOID:0080318,leucoencefalopatía megalencefálica con quistes subcorticales 2A
2,DOID:0080319,"X-linked immunodeficiency with magnesium defect, Epstein-Barr virus infection, and neoplasia",DOID:0080319,"Inmunodeficiencia ligada al cromosoma X con defecto de magnesio, infección por el virus de Epstein-Barr y neoplasia"
2,DOID:0080320,peripheral nervous system benign neoplasm,DOID:0080320,Neoplasia benigna del sistema nervioso periférico
2,DOID:0080321,autonomic nervous system benign neoplasm,DOID:0080321,neoplasia benigna del sistema nervioso autónomo
2,DOID:0080322,polycystic kidney disease,DOID:0080322,Enfermedad renal poliquística
2,DOID:0080323,pancreatic squamous cell carcinoma,DOID:0080323,Carcinoma pancreático de células escamosas
2,DOID:0080324,tuberous sclerosis 1,DOID:0080324,esclerosis tuberosa 1
2,DOID:0080325,tuberous sclerosis 2,DOID:0080325,esclerosis tuberosa 2
2,DOID:0080326,familial hypertrophic cardiomyopathy,DOID:0080326,Miocardiopatía hipertrófica familiar
2,DOID:0080327,"multinucleated neurons, anhydramnios, renal dysplasia, cerebellar hypoplasia and hydranencephaly",DOID:0080327,"neuronas multinucleadas, anhidramnios, displasia renal, hipoplasia cerebelosa e hidranencefalia"
2,DOID:0080328,Culler-Jones syndrome,DOID:0080328,Síndrome de Culler-Jones
2,DOID:0080329,cold-induced sweating syndrome 1,DOID:0080329,Síndrome de sudoración inducida por frío 1
2,DOID:0080330,cold-induced sweating syndrome 2,DOID:0080330,Síndrome de sudoración inducida por frío 2
2,DOID:0080331,cold-induced sweating syndrome 3,DOID:0080331,Síndrome de sudoración inducida por frío 3
2,DOID:0080332,bicuspid aortic valve disease,DOID:0080332,Valvulopatía aórtica bicúspide
2,DOID:0080333,aortic valve disease 1,DOID:0080333,valvulopatía aórtica 1
2,DOID:0080334,aortic valve disease 2,DOID:0080334,valvulopatía aórtica 2
2,DOID:0080335,mitochondrial DNA depletion syndrome 12b,DOID:0080335,Síndrome de depleción del ADN mitocondrial 12b
2,DOID:0080336,mitochondrial DNA depletion syndrome 14,DOID:0080336,Síndrome de depleción del ADN mitocondrial 14
2,DOID:0080337,mitochondrial DNA depletion syndrome 15,DOID:0080337,Síndrome de depleción del ADN mitocondrial 15
2,DOID:0080338,familial erythrocytosis 3,DOID:0080338,Eritrocitosis familiar 3
2,DOID:0080339,familial erythrocytosis 4,DOID:0080339,Eritrocitosis familiar 4
2,DOID:0080342,Simpson-Golabi-Behmel syndrome type 2,DOID:0080342,Síndrome de Simpson-Golabi-Behmel tipo 2
2,DOID:0080343,autosomal recessive pyridoxine-refractory sideroblastic anemia 3,DOID:0080343,Anemia sideroblástica 3 autosómica recesiva refractaria a la piridoxina
2,DOID:0080344,blepharocheilodontic syndrome,DOID:0080344,Síndrome blefaroqueilodontico
2,DOID:0080345,blepharocheilodontic syndrome 1,DOID:0080345,Síndrome blefaroqueilodontal 1
2,DOID:0080346,blepharocheilodontic syndrome 2,DOID:0080346,Síndrome blefaroqueilodontal 2
1,DOID:0080347,malignant pheochromocytoma,DOID:0080347,feocromocitoma maligno
2,DOID:0080348,Alzheimer's disease 1,DOID:0080348,Enfermedad de Alzheimer 1
2,DOID:0080349,developmental and epileptic encephalopathy 39,DOID:0080349,encefalopatía epiléptica y del desarrollo 39
2,DOID:0080350,retinitis pigmentosa 77,DOID:0080350,retinosis pigmentaria 77
2,DOID:0080351,CLOVES syndrome,DOID:0080351,Síndrome CLOVES
2,DOID:0080352,X-linked chondrodysplasia punctata 2,DOID:0080352,Condrodisplasia punctata 2 ligada al cromosoma X
2,DOID:0080353,X-linked recessive hypophosphatemic rickets,DOID:0080353,Raquitismo hipofosfatémico recesivo ligado al cromosoma X
2,DOID:0080354,Phelan-McDermid syndrome,DOID:0080354,Síndrome de Phelan-McDermid
2,DOID:0080355,hepatobiliary system cancer,DOID:0080355,cáncer del sistema hepatobiliar
2,DOID:0080356,IgG4-related disease,DOID:0080356,IgG4-related disease
2,DOID:0080357,mitochondrial complex IV deficiency nuclear type 2,DOID:0080357,deficiencia del complejo mitocondrial IV nuclear tipo 2
2,DOID:0080358,mitochondrial complex IV deficiency nuclear type 6,DOID:0080358,deficiencia del complejo mitocondrial IV nuclear tipo 6
2,DOID:0080359,mitochondrial complex IV deficiency nuclear type 9,DOID:0080359,deficiencia del complejo mitocondrial IV nuclear tipo 9
2,DOID:0080360,mitochondrial complex IV deficiency nuclear type 13,DOID:0080360,deficiencia del complejo mitocondrial IV nuclear tipo 13
2,DOID:0080361,trimethylaminuria,DOID:0080361,Trimetilaminuria
2,DOID:0080362,X-linked spondyloepiphyseal dysplasia tarda,DOID:0080362,Displasia espondiloepifisaria tardía ligada al cromosoma X
2,DOID:0080363,mitochondrial pyruvate carrier deficiency,DOID:0080363,Deficiencia mitocondrial del transportador de piruvato
2,DOID:0080364,malignant adenoma,DOID:0080364,adenoma maligno
2,DOID:0080365,endometrial hyperplasia,DOID:0080365,hiperplasia endometrial
2,DOID:0080366,desmoid tumor,DOID:0080366,Tumor desmoide
2,DOID:0080367,chronic eosinophilic leukemia,DOID:0080367,leucemia eosinofílica crónica
2,DOID:0080368,sex cord-stromal benign neoplasm,DOID:0080368,Neoplasia benigna del estroma del cordón sexual
2,DOID:0080369,ovarian sex-cord stromal tumor,DOID:0080369,tumor del estroma del cordón sexual ovárico
2,DOID:0080370,ovarian sex cord-stromal benign neoplasm,DOID:0080370,neoplasia benigna del estroma del cordón sexual ovárico
2,DOID:0080371,testicular sex cord-stromal benign neoplasm,DOID:0080371,neoplasia benigna del estroma del cordón sexual testicular
2,DOID:0080372,epithelioid inflammatory myofibroblastic sarcoma,DOID:0080372,sarcoma miofibroblástico inflamatorio epitelioide
2,DOID:0080373,epididymis disease,DOID:0080373,Enfermedad del epidídimo
2,DOID:0080374,gastroesophageal cancer,DOID:0080374,Cáncer gastroesofágico
2,DOID:0080375,gastroesophageal adenocarcinoma,DOID:0080375,adenocarcinoma gastroesofágico
2,DOID:0080376,trichorhinophalangeal syndrome type III,DOID:0080376,Síndrome tricorrinofalángico tipo III
2,DOID:0080377,peroxisomal biogenesis disorder,DOID:0080377,trastorno de la biogénesis peroxisomal
2,DOID:0080379,nephrotic syndrome type 2,DOID:0080379,Síndrome nefrótico de tipo 2
2,DOID:0080380,nephrotic syndrome type 5,DOID:0080380,Síndrome nefrótico tipo 5
2,DOID:0080381,nephrotic syndrome type 13,DOID:0080381,Síndrome nefrótico de tipo 13
2,DOID:0080382,nephrotic syndrome type 3,DOID:0080382,Síndrome nefrótico de tipo 3
2,DOID:0080383,nephrotic syndrome type 4,DOID:0080383,Síndrome nefrótico tipo 4
2,DOID:0080384,nephrotic syndrome type 6,DOID:0080384,Síndrome nefrótico tipo 6
2,DOID:0080385,nephrotic syndrome type 11,DOID:0080385,Síndrome nefrótico de tipo 11
2,DOID:0080386,nephrotic syndrome type 10,DOID:0080386,Síndrome nefrótico tipo 10
2,DOID:0080387,nephrotic syndrome type 12,DOID:0080387,Síndrome nefrótico tipo 12
2,DOID:0080388,nephrotic syndrome type 7,DOID:0080388,Síndrome nefrótico de tipo 7
2,DOID:0080389,nephrotic syndrome type 8,DOID:0080389,Síndrome nefrótico de tipo 8
2,DOID:0080390,nephrotic syndrome type 1,DOID:0080390,Síndrome nefrótico de tipo 1
2,DOID:0080391,nephrotic syndrome type 9,DOID:0080391,Síndrome nefrótico de tipo 9
2,DOID:0080392,nephrotic syndrome type 17,DOID:0080392,Síndrome nefrótico tipo 17
2,DOID:0080393,nephrotic syndrome type 18,DOID:0080393,Síndrome nefrótico tipo 18
2,DOID:0080394,nephrotic syndrome type 19,DOID:0080394,Síndrome nefrótico tipo 19
2,DOID:0080409,familial adenomatous polyposis 1,DOID:0080409,poliposis adenomatosa familiar 1
2,DOID:0080410,familial adenomatous polyposis 2,DOID:0080410,Poliposis adenomatosa familiar 2
2,DOID:0080411,familial adenomatous polyposis 3,DOID:0080411,Poliposis adenomatosa familiar 3
2,DOID:0080412,familial adenomatous polyposis 4,DOID:0080412,poliposis adenomatosa familiar 4
2,DOID:0080413,developmental and epileptic encephalopathy 18,DOID:0080413,encefalopatía epiléptica y del desarrollo 18
2,DOID:0080414,developmental and epileptic encephalopathy 15,DOID:0080414,Encefalopatía epiléptica y del desarrollo 15
2,DOID:0080415,developmental and epileptic encephalopathy 23,DOID:0080415,encefalopatía epiléptica y del desarrollo 23
2,DOID:0080416,developmental and epileptic encephalopathy 32,DOID:0080416,encefalopatía epiléptica y del desarrollo 32
2,DOID:0080417,developmental and epileptic encephalopathy 38,DOID:0080417,encefalopatía epiléptica y del desarrollo 38
2,DOID:0080418,developmental and epileptic encephalopathy 54,DOID:0080418,encefalopatía epiléptica y del desarrollo 54
2,DOID:0080419,developmental and epileptic encephalopathy 50,DOID:0080419,encefalopatía epiléptica y del desarrollo 50
2,DOID:0080420,developmental and epileptic encephalopathy 62,DOID:0080420,encefalopatía epiléptica y del desarrollo 62
2,DOID:0080421,developmental and epileptic encephalopathy 11,DOID:0080421,developmental and epileptic encephalopathy 11
2,DOID:0080422,Dravet syndrome,DOID:0080422,Síndrome de Dravet
2,DOID:0080424,developmental and epileptic encephalopathy 44,DOID:0080424,encefalopatía epiléptica y del desarrollo 44
2,DOID:0080425,developmental and epileptic encephalopathy 47,DOID:0080425,encefalopatía epiléptica y del desarrollo 47
2,DOID:0080426,developmental and epileptic encephalopathy 63,DOID:0080426,encefalopatía epiléptica y del desarrollo 63
2,DOID:0080427,developmental and epileptic encephalopathy 40,DOID:0080427,Encefalopatía del desarrollo y epiléptica 40
2,DOID:0080428,developmental and epileptic encephalopathy 45,DOID:0080428,encefalopatía epiléptica y del desarrollo 45
2,DOID:0080429,developmental and epileptic encephalopathy 24,DOID:0080429,encefalopatía epiléptica y del desarrollo 24
2,DOID:0080430,developmental and epileptic encephalopathy 65,DOID:0080430,encefalopatía epiléptica y del desarrollo 65
2,DOID:0080431,developmental and epileptic encephalopathy 19,DOID:0080431,encefalopatía epiléptica y del desarrollo 19
2,DOID:0080432,developmental and epileptic encephalopathy 60,DOID:0080432,encefalopatía epiléptica y del desarrollo 60
2,DOID:0080433,developmental and epileptic encephalopathy 51,DOID:0080433,encefalopatía epiléptica y del desarrollo 51
2,DOID:0080434,developmental and epileptic encephalopathy 61,DOID:0080434,Encefalopatía epiléptica y del desarrollo 61
2,DOID:0080435,developmental and epileptic encephalopathy 37,DOID:0080435,encefalopatía epiléptica y del desarrollo 37
2,DOID:0080436,developmental and epileptic encephalopathy 4,DOID:0080436,Encefalopatía epiléptica y del desarrollo 4
2,DOID:0080437,developmental and epileptic encephalopathy 31A,DOID:0080437,Encefalopatía epiléptica y del desarrollo 31A
2,DOID:0080438,developmental and epileptic encephalopathy 5,DOID:0080438,Encefalopatía epiléptica y del desarrollo 31A
2,DOID:0080439,developmental and epileptic encephalopathy 14,DOID:0080439,encefalopatía epiléptica y del desarrollo 14
2,DOID:0080440,developmental and epileptic encephalopathy 3,DOID:0080440,encefalopatía epiléptica y del desarrollo 3
2,DOID:0080441,developmental and epileptic encephalopathy 49,DOID:0080441,encefalopatía epiléptica y del desarrollo 49
2,DOID:0080442,developmental and epileptic encephalopathy 41,DOID:0080442,encefalopatía epiléptica y del desarrollo 41
2,DOID:0080443,developmental and epileptic encephalopathy 21,DOID:0080443,encefalopatía epiléptica y del desarrollo 41
2,DOID:0080444,developmental and epileptic encephalopathy 27,DOID:0080444,encefalopatía epiléptica y del desarrollo 21
2,DOID:0080445,developmental and epileptic encephalopathy 13,DOID:0080445,encefalopatía epiléptica y del desarrollo 13
2,DOID:0080446,developmental and epileptic encephalopathy 66,DOID:0080446,encefalopatía epiléptica y del desarrollo 66
2,DOID:0080447,developmental and epileptic encephalopathy 43,DOID:0080447,encefalopatía epiléptica y del desarrollo 43
2,DOID:0080448,developmental and epileptic encephalopathy 48,DOID:0080448,encefalopatía epiléptica y del desarrollo 48
2,DOID:0080449,developmental and epileptic encephalopathy 16,DOID:0080449,encefalopatía epiléptica y del desarrollo 16
2,DOID:0080450,developmental and epileptic encephalopathy 17,DOID:0080450,encefalopatía epiléptica y del desarrollo 17
2,DOID:0080451,developmental and epileptic encephalopathy 29,DOID:0080451,encefalopatía epiléptica y del desarrollo 29
2,DOID:0080452,developmental and epileptic encephalopathy 28,DOID:0080452,encefalopatía epiléptica y del desarrollo 28
2,DOID:0080453,developmental and epileptic encephalopathy 25,DOID:0080453,encefalopatía epiléptica y del desarrollo 25
2,DOID:0080454,developmental and epileptic encephalopathy 42,DOID:0080454,encefalopatía epiléptica y del desarrollo 42
2,DOID:0080455,developmental and epileptic encephalopathy 52,DOID:0080455,encefalopatía epiléptica y del desarrollo 52
2,DOID:0080456,developmental and epileptic encephalopathy 46,DOID:0080456,encefalopatía epiléptica y del desarrollo 46
2,DOID:0080457,"microcephaly, seizures, and developmental delay",DOID:0080457,"microcefalia, convulsiones y retraso del desarrollo"
2,DOID:0080458,developmental and epileptic encephalopathy 35,DOID:0080458,encefalopatía epiléptica y del desarrollo 35
2,DOID:0080459,developmental and epileptic encephalopathy 12,DOID:0080459,encefalopatía epiléptica y del desarrollo 12
2,DOID:0080460,developmental and epileptic encephalopathy 34,DOID:0080460,encefalopatía epiléptica y del desarrollo 34
2,DOID:0080461,developmental and epileptic encephalopathy 26,DOID:0080461,encefalopatía epiléptica y del desarrollo 26
2,DOID:0080462,developmental and epileptic encephalopathy 7,DOID:0080462,encefalopatía epiléptica y del desarrollo 7
2,DOID:0080463,developmental and epileptic encephalopathy 33,DOID:0080463,encefalopatía epiléptica y del desarrollo 33
2,DOID:0080464,developmental and epileptic encephalopathy 53,DOID:0080464,encefalopatía epiléptica y del desarrollo 53
2,DOID:0080465,developmental and epileptic encephalopathy 30,DOID:0080465,encefalopatía epiléptica y del desarrollo 30
2,DOID:0080467,developmental and epileptic encephalopathy 2,DOID:0080467,encefalopatía epiléptica y del desarrollo 2
2,DOID:0080468,developmental and epileptic encephalopathy 1,DOID:0080468,Encefalopatía epiléptica y del desarrollo 1
2,DOID:0080470,developmental and epileptic encephalopathy 36,DOID:0080470,encefalopatía epiléptica y del desarrollo 36
2,DOID:0080471,developmental and epileptic encephalopathy 92,DOID:0080471,encefalopatía epiléptica y del desarrollo 92
2,DOID:0080472,developmental and epileptic encephalopathy 91,DOID:0080472,encefalopatía epiléptica y del desarrollo 91
2,DOID:0080473,developmental delay and seizures with or without movement abnormalities,DOID:0080473,retraso del desarrollo y convulsiones con o sin anomalías del movimiento
2,DOID:0080474,pustular psoriasis 14,DOID:0080474,psoriasis pustulosa 14
NA,DOID:0080475,psoriasis 2,DOID:0080475,NA
2,DOID:0080476,peroxisome biogenesis disorder 1A,DOID:0080476,Trastorno de la biogénesis peroxisomal 1A
2,DOID:0080477,peroxisome biogenesis disorder 2A,DOID:0080477,Trastorno de la biogénesis peroxisomal 2A
2,DOID:0080478,peroxisome biogenesis disorder 3A,DOID:0080478,Trastorno de la biogénesis peroxisomal 3A
2,DOID:0080479,peroxisome biogenesis disorder 4A,DOID:0080479,Trastorno de la biogénesis peroxisomal 4A
2,DOID:0080480,peroxisome biogenesis disorder 5A,DOID:0080480,Trastorno de la biogénesis peroxisomal 5A
2,DOID:0080481,peroxisome biogenesis disorder 6A,DOID:0080481,Trastorno de la biogénesis peroxisomal 6A
2,DOID:0080482,peroxisome biogenesis disorder 7A,DOID:0080482,Trastorno de la biogénesis peroxisomal 7A
2,DOID:0080483,peroxisome biogenesis disorder 8A,DOID:0080483,Trastorno de la biogénesis peroxisomal 8A
2,DOID:0080484,peroxisome biogenesis disorder 10A,DOID:0080484,Trastorno de la biogénesis peroxisomal 10A
2,DOID:0080485,peroxisome biogenesis disorder 11A,DOID:0080485,Trastorno de la biogénesis peroxisomal 11A
2,DOID:0080486,peroxisome biogenesis disorder 12A,DOID:0080486,Trastorno de la biogénesis peroxisomal 12A
2,DOID:0080487,peroxisome biogenesis disorder 13A,DOID:0080487,Trastorno de la biogénesis peroxisomal 13A
1,DOID:0080488,mucolipidosis,DOID:0080488,mucolipidosis
2,DOID:0080489,GM1 gangliosidosis type 3,DOID:0080489,Gangliosidosis GM1 tipo 3
2,DOID:0080490,mucolipidosis type IV,DOID:0080490,mucolipidosis tipo IV
2,DOID:0080491,cerebral cavernous malformation 1,DOID:0080491,malformación cavernosa cerebral 1
2,DOID:0080492,leukocyte adhesion deficiency 2,DOID:0080492,deficiencia de adhesión leucocitaria 2
2,DOID:0080493,ovarian dysgenesis 1,DOID:0080493,Disgenesia ovárica 1
2,DOID:0080494,ovarian dysgenesis 2,DOID:0080494,Disgenesia ovárica 2
2,DOID:0080495,ovarian dysgenesis 3,DOID:0080495,Disgenesia ovárica 3
2,DOID:0080496,ovarian dysgenesis 4,DOID:0080496,Disgenesia ovárica 4
2,DOID:0080497,ovarian dysgenesis 5,DOID:0080497,Disgenesia ovárica 5
2,DOID:0080498,ovarian dysgenesis 6,DOID:0080498,Disgenesia ovárica 6
2,DOID:0080499,ovarian dysgenesis 7,DOID:0080499,Disgenesia ovárica 7
2,DOID:0080500,ovarian dysgenesis 8,DOID:0080500,Disgenesia ovárica 8
2,DOID:0080501,GM1 gangliosidosis type 2,DOID:0080501,Gangliosidosis GM1 tipo 2
2,DOID:0080502,GM1 gangliosidosis type 1,DOID:0080502,Gangliosidosis GM1 tipo 1
2,DOID:0080504,Parkinson's disease 22,DOID:0080504,Enfermedad de Parkinson 22
2,DOID:0080505,Cornelia de Lange syndrome 1,DOID:0080505,Síndrome de Cornelia de Lange 1
2,DOID:0080506,Cornelia de Lange syndrome 2,DOID:0080506,Síndrome de Cornelia de Lange 2
2,DOID:0080507,Cornelia de Lange syndrome 3,DOID:0080507,Síndrome de Cornelia de Lange 3
2,DOID:0080508,Cornelia de Lange syndrome 4,DOID:0080508,Síndrome de Cornelia de Lange 4
2,DOID:0080509,Cornelia de Lange syndrome 5,DOID:0080509,Síndrome de Cornelia de Lange 5
2,DOID:0080510,epidermolysis bullosa simplex localized type,DOID:0080510,epidermólisis ampollosa simple de tipo localizado
2,DOID:0080511,epidermolysis bullosa simplex generalized type,DOID:0080511,epidermólisis ampollosa simple de tipo generalizado
2,DOID:0080512,Meier-Gorlin syndrome 1,DOID:0080512,Síndrome de Meier-Gorlin 1
2,DOID:0080513,Meier-Gorlin syndrome 2,DOID:0080513,Síndrome de Meier-Gorlin 2
2,DOID:0080514,Meier-Gorlin syndrome 3,DOID:0080514,Síndrome de Meier-Gorlin 3
2,DOID:0080515,Meier-Gorlin syndrome 4,DOID:0080515,Síndrome de Meier-Gorlin 4
2,DOID:0080516,Meier-Gorlin syndrome 5,DOID:0080516,Síndrome de Meier-Gorlin 5
2,DOID:0080517,Meier-Gorlin syndrome 6,DOID:0080517,Síndrome de Meier-Gorlin 6
2,DOID:0080518,Meier-Gorlin syndrome 7,DOID:0080518,Síndrome de Meier-Gorlin 7
2,DOID:0080519,PAPA syndrome,DOID:0080519,Síndrome PAPA
2,DOID:0080520,Tn polyagglutination syndrome,DOID:0080520,Síndrome de poliaglutinación Tn
2,DOID:0080521,lung non-squamous non-small cell carcinoma,DOID:0080521,Carcinoma pulmonar no escamoso de células no pequeñas
2,DOID:0080522,thyroid gland anaplastic carcinoma,DOID:0080522,carcinoma anaplásico de la glándula tiroides
2,DOID:0080523,adult-onset leukoencephalopathy with axonal spheroids and pigmented glia,DOID:0080523,Leucoencefalopatía de inicio en la edad adulta con esferoides axonales y glía pigmentada
2,DOID:0080524,thyroid gland adenocarcinoma,DOID:0080524,adenocarcinoma de la glándula tiroides
2,DOID:0080525,differentiated thyroid gland carcinoma,DOID:0080525,Carcinoma diferenciado de la glándula tiroides
2,DOID:0080526,bronchiectasis 1,DOID:0080526,Bronquiectasia 1
2,DOID:0080527,bronchiectasis 2,DOID:0080527,bronquiectasia 2
2,DOID:0080528,bronchiectasis 3,DOID:0080528,bronquiectasia 3
2,DOID:0080530,granular corneal dystrophy 1,DOID:0080530,distrofia corneal granular 1
2,DOID:0080531,dedifferentiated liposarcoma,DOID:0080531,Liposarcoma desdiferenciado
2,DOID:0080532,Smarca4-deficient sarcoma of thorax,DOID:0080532,Sarcoma de tórax con deficiencia de Smarca4
2,DOID:0080533,Carney-Stratakis syndrome,DOID:0080533,Síndrome de Carney-Stratakis
2,DOID:0080534,myxofibrosarcoma,DOID:0080534,mixofibrosarcoma
2,DOID:0080535,hypermanganesemia with dystonia,DOID:0080535,hipermanganesemia con distonía
2,DOID:0080536,hypermanganesemia with dystonia 1,DOID:0080536,hipermanganesemia con distonía 1
2,DOID:0080537,hypermanganesemia with dystonia 2,DOID:0080537,hipermanganesemia con distonía 2
2,DOID:0080538,Sweeney-Cox syndrome,DOID:0080538,Síndrome de Sweeney-Cox
2,DOID:0080539,PEHO syndrome,DOID:0080539,Síndrome PEHO
2,DOID:0080540,galactosialidosis,DOID:0080540,galactosialidosis
2,DOID:0080541,hyperprolinemia,DOID:0080541,hiperprolinemia
2,DOID:0080542,hyperprolinemia type 1,DOID:0080542,hiperprolinemia tipo 1
2,DOID:0080543,hyperprolinemia type 2,DOID:0080543,Hiperprolinemia tipo 2
1,DOID:0080544,hyper IgM syndrome,DOID:0080544,síndrome de hiper IgM
2,DOID:0080545,hyper IgE syndrome,DOID:0080545,Síndrome de hiper IgE
2,DOID:0080546,non-alcoholic fatty liver,DOID:0080546,Hígado graso no alcohólico
2,DOID:0080547,metabolic dysfunction-associated steatohepatitis,DOID:0080547,esteatohepatitis asociada a disfunción metabólica
2,DOID:0080548,Noonan syndrome with multiple lentigines 1,DOID:0080548,Síndrome de Noonan con lentigos múltiples 1
2,DOID:0080549,Noonan syndrome with multiple lentigines 2,DOID:0080549,Síndrome de Noonan con lentigos múltiples 2
2,DOID:0080550,Noonan syndrome with multiple lentigines 3,DOID:0080550,Síndrome de Noonan con lentigos múltiples 2
2,DOID:0080551,Naxos disease,DOID:0080551,Enfermedad de Naxos
2,DOID:0080575,Larsen-like syndrome B3GAT3 type,DOID:0080575,Síndrome de Larsen tipo B3GAT3
2,DOID:0080576,"spondyloepimetaphyseal dysplasia, Genevieve-type",DOID:0080576,"displasia espondiloepimetafisaria, tipo Genevieve"
2,DOID:0080577,polygenic disease,DOID:0080577,enfermedad poligénica
1,DOID:0080578,digenic disease,DOID:0080578,enfermedad digénica
2,DOID:0080579,3-Methylcrotonyl-CoA carboxylase 1 deficiency,DOID:0080579,Deficiencia de 3-metilcrotonil-CoA carboxilasa 1
2,DOID:0080580,3-Methylcrotonyl-CoA carboxylase 2 deficiency,DOID:0080580,Deficiencia de 3-metilcrotonil-CoA carboxilasa 2
2,DOID:0080581,hyperekplexia 4,DOID:0080581,hiperekplexia 4
2,DOID:0080582,hypotrichosis 14,DOID:0080582,hipotrichosis 14
2,DOID:0080583,"Wolfram syndrome, mitochondrial form",DOID:0080583,"Síndrome de Wolfram, forma mitocondrial"
2,DOID:0080584,autosomal dominant Wolfram syndrome,DOID:0080584,Síndrome de Wolfram autosómico dominante
2,DOID:0080585,Van Maldergem syndrome 1,DOID:0080585,Síndrome de Van Maldergem 1
2,DOID:0080586,Van Maldergem syndrome 2,DOID:0080586,Síndrome de Van Maldergem 2
2,DOID:0080588,agammaglobulinemia 5,DOID:0080588,agammaglobulinemia 5
2,DOID:0080594,hyper IgE recurrent infection syndrome 2,DOID:0080594,Síndrome de infección recurrente por hiper IgE 2
2,DOID:0080595,hyper IgE recurrent infection syndrome 3,DOID:0080595,Síndrome de infección recurrente por hiper IgE 3
2,DOID:0080596,hyper IgE recurrent infection syndrome 4,DOID:0080596,Síndrome de infección recurrente por hiper IgE 4
1,DOID:0080597,Kleefstra syndrome,DOID:0080597,síndrome de Kleefstra
2,DOID:0080598,Kleefstra syndrome 2,DOID:0080598,Síndrome de Kleefstra 2
2,DOID:0080599,Coronavirus infectious disease,DOID:0080599,Enfermedad infecciosa por Coronavirus
2,DOID:0080600,COVID-19,DOID:0080600,COVID-19
2,DOID:0080601,germ cell benign neoplasm,DOID:0080601,neoplasia benigna de células germinales
2,DOID:0080602,benign teratoma,DOID:0080602,Teratoma benigno
2,DOID:0080603,ankylosing spondylitis 1,DOID:0080603,espondilitis anquilosante 1
2,DOID:0080604,ankylosing spondylitis 2,DOID:0080604,espondilitis anquilosante 2
2,DOID:0080605,ankylosing spondylitis 3,DOID:0080605,espondilitis anquilosante 3
2,DOID:0080606,anterior segment dysgenesis 1,DOID:0080606,Disgenesia del segmento anterior 1
2,DOID:0080607,anterior segment dysgenesis 2,DOID:0080607,disgenesia del segmento anterior 2
2,DOID:0080608,anterior segment dysgenesis 3,DOID:0080608,Disgenesia del segmento anterior 3
2,DOID:0080609,anterior segment dysgenesis 4,DOID:0080609,Disgenesia del segmento anterior 4
2,DOID:0080610,anterior segment dysgenesis 5,DOID:0080610,Disgenesia del segmento anterior 5
2,DOID:0080611,anterior segment dysgenesis 6,DOID:0080611,Disgenesia del segmento anterior 6
2,DOID:0080612,anterior segment dysgenesis 7,DOID:0080612,Disgenesia del segmento anterior 7
2,DOID:0080613,anterior segment dysgenesis 8,DOID:0080613,Disgenesia del segmento anterior 8
2,DOID:0080614,oculocutaneous albinism type VI,DOID:0080614,Albinismo oculocutáneo tipo VI
2,DOID:0080615,nephroma,DOID:0080615,nefroma
2,DOID:0080616,kidney cortex disease,DOID:0080616,enfermedad de la corteza renal
2,DOID:0080617,lymph node benign neoplasm,DOID:0080617,neoplasia benigna de los ganglios linfáticos
1,DOID:0080618,lymph node carcinoma,DOID:0080618,carcinoma de los ganglios linfáticos
2,DOID:0080619,auditory system benign neoplasm,DOID:0080619,cáncer de ganglio linfático
2,DOID:0080620,familial glucocorticoid deficiency,DOID:0080620,Deficiencia familiar de glucocorticoides
2,DOID:0080621,glucocorticoid deficiency 1,DOID:0080621,deficiencia de glucocorticoides 1
2,DOID:0080622,peroxisome biogenesis disorder 2B,DOID:0080622,Trastorno de la biogénesis peroxisomal 2B
2,DOID:0080623,Heimler syndrome 1,DOID:0080623,Síndrome de Heimler 1
2,DOID:0080624,Heimler syndrome 2,DOID:0080624,Síndrome de Heimler 2
2,DOID:0080626,corticosterone methyloxidase deficiency 1,DOID:0080626,Deficiencia de corticosterona metiloxidasa 1
2,DOID:0080627,alopecia-mental retardation syndrome,DOID:0080627,Síndrome de alopecia-retraso mental
2,DOID:0080628,alopecia-mental retardation syndrome 1,DOID:0080628,Síndrome de alopecia-retraso mental 1
2,DOID:0080629,alopecia-mental retardation syndrome 2,DOID:0080629,Síndrome de alopecia-retraso mental 2
2,DOID:0080630,B-lymphoblastic leukemia/lymphoma,DOID:0080630,Leucemia/linfoma linfoblástico B
2,DOID:0080631,Elsahy-Waters syndrome,DOID:0080631,Síndrome de Elsahy-Waters
1,DOID:0080632,Fazio-Londe disease,DOID:0080632,Enfermedad de Fazio-Londe
1,DOID:0080634,nanophthalmos,DOID:0080634,nanoftalmos
1,DOID:0080635,optic disc anomalies with retinal and/or macular dystrophy,DOID:0080635,Anomalías del disco óptico con distrofia retiniana y/o macular
1,DOID:0080636,syndromic microphthalmia,DOID:0080636,microftalmia sindrómica
1,DOID:0080637,isolated microphthalmia,DOID:0080637,microftalmia aislada
2,DOID:0080638,B-cell acute lymphoblastic leukemia,DOID:0080638,Leucemia linfoblástica aguda de células B
1,DOID:0080639,bone sarcoma,DOID:0080639,sarcoma óseo
1,DOID:0080640,gallbladder benign neoplasm,DOID:0080640,neoplasia benigna de la vesícula biliar
1,DOID:0080641,tongue carcinoma,DOID:0080641,carcinoma de lengua
1,DOID:0080642,Middle East respiratory syndrome,DOID:0080642,Síndrome respiratorio de Oriente Medio
1,DOID:0080643,B-lymphoblastic leukemia/lymphoma with BCR-ABL1,DOID:0080643,Leucemia/linfoma linfoblástico B con BCR-ABL1
1,DOID:0080644,B-lymphoblastic leukemia/lymphoma MLL rearranged,DOID:0080644,Leucemia/linfoma linfoblástico B reordenado MLL
1,DOID:0080645,B-lymphoblastic leukemia/lymphoma with ETV6-RUNX1,DOID:0080645,Leucemia/linfoma linfoblástico B con ETV6-RUNX1
1,DOID:0080646,B-lymphoblastic leukemia/lymphoma with hyperdiploidy,DOID:0080646,Leucemia/linfoma linfoblástico B con hiperdiploidía
1,DOID:0080647,B-lymphoblastic leukemia/lymphoma with hypodiploidy,DOID:0080647,Leucemia/linfoma linfoblástico B con hipodiploidía
1,DOID:0080648,B-lymphoblastic leukemia/lymphoma with IL3-IGH,DOID:0080648,Leucemia/linfoma linfoblástico B con IL3-IGH
1,DOID:0080649,B-lymphoblastic leukemia/lymphoma with TCF3-PBX1,DOID:0080649,#N/A
1,DOID:0080650,"B-lymphoblastic leukemia/lymphoma, BCR-ABL1–like",DOID:0080650,"Leucemia/linfoma linfoblástico B, tipo BCR-ABL1"
NA,DOID:0080651,B-lymphoblastic leukemia/lymphoma with iAMP21,DOID:0080651,NA
NA,DOID:0080652,calcium oxalate nephrolithiasis,DOID:0080652,NA
NA,DOID:0080653,urolithiasis,DOID:0080653,NA
NA,DOID:0080654,uric acid urolithiasis,DOID:0080654,NA
NA,DOID:0080655,hypophosphatemic nephrolithiasis/osteoporosis,DOID:0080655,NA
NA,DOID:0080656,"45,X/46,XY mixed gonadal dysgenesis",DOID:0080656,NA
NA,DOID:0080661,nonsyndromic aplasia cutis congenita,DOID:0080661,NA
NA,DOID:0080662,atrial standstill 1,DOID:0080662,NA
NA,DOID:0080663,atrial standstill 2,DOID:0080663,NA
NA,DOID:0080664,diaphyseal medullary stenosis with malignant fibrous histiocytoma,DOID:0080664,NA
NA,DOID:0080665,warfarin resistance,DOID:0080665,NA
NA,DOID:0080666,warfarin sensitivity,DOID:0080666,NA
NA,DOID:0080667,spinal muscular atrophy type 0,DOID:0080667,NA
2,DOID:0080669,posterior polymorphous corneal dystrophy 4,DOID:0080669,distrofia corneal polimorfa posterior 4
2,DOID:0080670,Meesmann corneal dystrophy 1,DOID:0080670,Distrofia corneal de Meesmann 1
2,DOID:0080671,Meesmann corneal dystrophy 2,DOID:0080671,Distrofia corneal de Meesmann 2
2,DOID:0080672,fibrochondrogenesis 1,DOID:0080672,fibrocondrogénesis 1
2,DOID:0080673,fibrochondrogenesis 2,DOID:0080673,fibrocondrogénesis 2
2,DOID:0080674,luminal breast carcinoma B,DOID:0080674,Carcinoma luminal de mama B
2,DOID:0080675,Stickler syndrome 2,DOID:0080675,Síndrome de Stickler 2
2,DOID:0080676,Stickler syndrome 1,DOID:0080676,Síndrome de Stickler 1
2,DOID:0080677,"otospondylomegaepiphyseal dysplasia, autosomal dominant",DOID:0080677,"Displasia otospondilomegaepifisaria, autosómica dominante"
2,DOID:0080678,mucolipidosis III gamma,DOID:0080678,mucolipidosis III gamma
2,DOID:0080679,neuronal intestinal dysplasia type A,DOID:0080679,Displasia neuronal intestinal de tipo A
2,DOID:0080680,neuronal intestinal dysplasia type B,DOID:0080680,Displasia intestinal neuronal de tipo B
2,DOID:0080681,X-linked chronic idiopathic intestinal pseudo-obstruction,DOID:0080681,Seudoobstrucción intestinal idiopática crónica ligada al cromosoma X
2,DOID:0080682,autosomal dominant familial visceral neuropathy,DOID:0080682,Neuropatía visceral familiar autosómica dominante
2,DOID:0080684,"diffuse midline glioma, H3 K27M-mutant",DOID:0080684,Glioma difuso de la línea media
2,DOID:0080685,aortic dissection,DOID:0080685,disección aórtica
2,DOID:0080686,tubular aggregate myopathy 2,DOID:0080686,Miopatía de agregados tubulares 2
2,DOID:0080687,reducing body myopathy 1B,DOID:0080687,Miopatía de cuerpos reductores 1B
1,DOID:0080688,mosaic variegated aneuploidy syndrome,DOID:0080688,Síndrome de aneuploidía variegada en mosaico
2,DOID:0080689,mosaic variegated aneuploidy syndrome 3,DOID:0080689,Síndrome de aneuploidía variegada en mosaico 3
1,DOID:0080690,RASopathy,DOID:0080690,rasopatía
2,DOID:0080691,Noonan syndrome-like disorder with loose anagen hair,DOID:0080691,Trastorno similar al síndrome de Noonan con pelo anágeno suelto
2,DOID:0080692,Noonan syndrome-like disorder with loose anagen hair 1,DOID:0080692,Trastorno similar al síndrome de Noonan con pelo anágeno suelto 1
2,DOID:0080693,Noonan syndrome-like disorder with loose anagen hair 2,DOID:0080693,Trastorno similar al síndrome de Noonan con pelo anágeno suelto 2
1,DOID:0080694,Galloway-Mowat syndrome,DOID:0080694,síndrome de Galloway-Mowat
2,DOID:0080695,Burn-McKeown syndrome,DOID:0080695,Síndrome de Burn-McKeown
2,DOID:0080696,Winchester syndrome,DOID:0080696,Síndrome de Winchester
2,DOID:0080697,Opitz GBBB syndrome,DOID:0080697,Síndrome de Opitz GBBB
2,DOID:0080698,Teebi hypertelorism syndrome 1,DOID:0080698,Síndrome de hipertelorismo de Teebi 1
2,DOID:0080699,glutathione synthetase deficiency,DOID:0080699,Deficiencia de glutatión sintetasa
2,DOID:0080701,prothrombin thrombophilia,DOID:0080701,Trombofilia protrombínica
2,DOID:0080702,medulloblastoma WNT activated,DOID:0080702,meduloblastoma activado por WNT
2,DOID:0080703,medulloblastoma SHH activated,DOID:0080703,meduloblastoma SHH activado
2,DOID:0080704,medulloblastoma SHH activated and TP53 mutant,DOID:0080704,meduloblastoma SHH activado y TP53 mutante
2,DOID:0080705,medulloblastoma SHH activated and TP53 wild-type,DOID:0080705,meduloblastoma SHH activado y TP53 de tipo salvaje
2,DOID:0080706,medulloblastoma non-WNT/non-SHH,DOID:0080706,meduloblastoma no WNT/no SHH
2,DOID:0080707,medulloblastoma non-WNT/non-SHH group 3,DOID:0080707,meduloblastoma no-WNT/no-SHH grupo 3
2,DOID:0080708,medulloblastoma non-WNT/non-SHH group 4,DOID:0080708,meduloblastoma no-WNT/no-SHH grupo 4
2,DOID:0080709,NK cell deficiency,DOID:0080709,Deficiencia de células NK
2,DOID:0080710,T cell and NK cell immunodeficiency,DOID:0080710,Inmunodeficiencia de células T y células NK
2,DOID:0080711,multisystem inflammatory syndrome in children,DOID:0080711,Síndrome inflamatorio multisistémico en niños
2,DOID:0080712,gene duplication disease,DOID:0080712,enfermedad por duplicación de genes
2,DOID:0080714,hereditary alpha tryptasemia syndrome,DOID:0080714,Síndrome de triptasemia alfa hereditaria
2,DOID:0080715,developmental and epileptic encephalopathy 82,DOID:0080715,encefalopatía epiléptica y del desarrollo 82
2,DOID:0080716,infantile liver failure syndrome,DOID:0080716,Síndrome de insuficiencia hepática infantil
2,DOID:0080717,infantile liver failure syndrome 1,DOID:0080717,Síndrome de insuficiencia hepática infantil 1
2,DOID:0080718,GNE myopathy,DOID:0080718,Miopatía GNE
2,DOID:0080719,congenital myopathy 6,DOID:0080719,miopatía congénita 6
2,DOID:0080721,calvarial doughnut lesions with bone fragility,DOID:0080721,lesiones calvariales en forma de rosquilla con fragilidad ósea
2,DOID:0080722,Kenny-Caffey syndrome type 1,DOID:0080722,Síndrome de Kenny-Caffey tipo 1
2,DOID:0080723,Kenny-Caffey syndrome type 2,DOID:0080723,Síndrome de Kenny-Caffey tipo 2
2,DOID:0080724,Kenny-Caffey syndrome,DOID:0080724,Síndrome de Kenny-Caffey
2,DOID:0080725,BASAN syndrome,DOID:0080725,Síndrome de BASAN
2,DOID:0080726,Ehlers-Danlos syndrome classic type 2,DOID:0080726,Síndrome de Ehlers-Danlos clásico tipo 2
2,DOID:0080727,Ehlers-Danlos syndrome arthrochalasia type 1,DOID:0080727,Síndrome de Ehlers-Danlos artrocalasia tipo 1
2,DOID:0080728,Ehlers-Danlos syndrome arthrochalasia type 2,DOID:0080728,Síndrome de Ehlers-Danlos artrocalasia tipo 2
2,DOID:0080729,brittle cornea syndrome 2,DOID:0080729,Síndrome de córnea frágil 2
2,DOID:0080730,Ehlers-Danlos syndrome cardiac valvular type,DOID:0080730,Síndrome de Ehlers-Danlos de tipo valvular cardíaco
2,DOID:0080731,Ehlers-Danlos syndrome classic-like 1,DOID:0080731,Síndrome de Ehlers-Danlos classic-like 1
2,DOID:0080732,Ehlers-Danlos syndrome classic-like 2,DOID:0080732,Síndrome de Ehlers-Danlos clásico-like 2
2,DOID:0080733,Ehlers-Danlos syndrome dermatosparaxis type,DOID:0080733,Síndrome de Ehlers-Danlos tipo dermatosparaxis
2,DOID:0080734,Ehlers-Danlos syndrome kyphoscoliotic type 1,DOID:0080734,Síndrome de Ehlers-Danlos cifoescoliótico tipo 1
2,DOID:0080735,Ehlers-Danlos syndrome kyphoscoliotic type 2,DOID:0080735,Síndrome de Ehlers-Danlos cifoescoliótico tipo 2
2,DOID:0080736,Ehlers-Danlos syndrome musculocontractural type 1,DOID:0080736,Síndrome de Ehlers-Danlos musculocontractural tipo 1
2,DOID:0080737,Ehlers-Danlos syndrome musculocontractural type 2,DOID:0080737,Síndrome de Ehlers-Danlos musculocontractural tipo 2
1,DOID:0080738,Ehlers-Danlos syndrome spondylodysplastic type 1,DOID:0080738,#N/A
1,DOID:0080739,Ehlers-Danlos syndrome spondylodysplastic type 3,DOID:0080739,Síndrome de Ehlers-Danlos espondilodisplásico tipo 3
1,DOID:0080740,Libman-Sacks endocarditis,DOID:0080740,Endocarditis de Libman-Sacks
1,DOID:0080741,limbic encephalitis,DOID:0080741,Encefalitis límbica
1,DOID:0080742,autoimmune cholangitis,DOID:0080742,colangitis autoinmune
1,DOID:0080743,transverse myelitis,DOID:0080743,mielitis transversa
1,DOID:0080744,antisynthetase syndrome,DOID:0080744,Síndrome antisintetasa
1,DOID:0080745,polymyositis,DOID:0080745,polimiositis
1,DOID:0080746,Sweet syndrome,DOID:0080746,Síndrome de Sweet
1,DOID:0080747,chronic urticaria,DOID:0080747,Urticaria crónica
1,DOID:0080748,chronic inducible urticaria,DOID:0080748,urticaria crónica inducible
1,DOID:0080749,chronic spontaneous urticaria,DOID:0080749,urticaria crónica espontánea
1,DOID:0080750,erythema nodosum,DOID:0080750,eritema nodoso
1,DOID:0080751,keratosis pilaris atrophicans,DOID:0080751,Queratosis pilar atrofiante
1,DOID:0080752,keratosis pilaris atrophicans faciei,DOID:0080752,queratosis pilaris atroficans faciei
1,DOID:0080753,keratosis follicularis spinulosa decalvans,DOID:0080753,queratosis folicular espinulosa decalvans
1,DOID:0080754,X-linked keratosis follicularis spinulosa decalvans,DOID:0080754,Queratosis folicular espinosa decalvante ligada al cromosoma X
1,DOID:0080755,autosomal dominant keratosis follicularis spinulosa decalvans,DOID:0080755,queratosis folicular espinulosa decalvans autosómica dominante
1,DOID:0080756,atrophoderma vermiculata,DOID:0080756,atrofodermia vermiculada
1,DOID:0080757,Fanconi renotubular syndrome 1,DOID:0080757,Síndrome renotubular de Fanconi 1
1,DOID:0080758,Fanconi renotubular syndrome 2,DOID:0080758,Síndrome renotubular de Fanconi 2
1,DOID:0080759,Fanconi renotubular syndrome 3,DOID:0080759,Síndrome renotubular de Fanconi 3
1,DOID:0080760,Fanconi renotubular syndrome 4,DOID:0080760,Síndrome renotubular de Fanconi 4
1,DOID:0080761,Fanconi renotubular syndrome 5,DOID:0080761,Síndrome renotubular de Fanconi 5
1,DOID:0080762,autosomal recessive limb-girdle muscular dystrophy type 2Z,DOID:0080762,Distrofia muscular de cinturas de extremidades autosómica recesiva de tipo 2Z
1,DOID:0080763,diffuse gastric cancer,DOID:0080763,Cáncer gástrico difuso
1,DOID:0080764,hereditary diffuse gastric cancer,DOID:0080764,Cáncer gástrico difuso hereditario
1,DOID:0080765,autosomal recessive intellectual developmental disorder 72,DOID:0080765,trastorno autosómico recesivo del desarrollo intelectual 72
1,DOID:0080766,erythrokeratodermia variabilis et progressiva 6,DOID:0080766,Eritroqueratodermia variable y progresiva 6
1,DOID:0080767,autoimmune myocarditis,DOID:0080767,miocarditis autoinmune
1,DOID:0080768,pyridoxine-dependent epilepsy,DOID:0080768,Epilepsia dependiente de piridoxina
1,DOID:0080769,early-onset vitamin B6-dependent epilepsy 1,DOID:0080769,Epilepsia de aparición precoz dependiente de la vitamina B6 1
1,DOID:0080770,autosomal dominant  beta thalassemia,DOID:0080770,beta talasemia autosómica dominante
1,DOID:0080771,beta-thalassemia major,DOID:0080771,beta-talasemia mayor
1,DOID:0080772,beta-thalassemia intermedia,DOID:0080772,beta-talasemia intermedia
1,DOID:0080773,delta beta-thalassemia,DOID:0080773,delta beta-talasemia
1,DOID:0080774,thalassemia minor,DOID:0080774,talasemia menor
1,DOID:0080775,complete androgen insensitivity syndrome,DOID:0080775,Síndrome de insensibilidad androgénica completa
1,DOID:0080776,partial androgen insensitivity syndrome,DOID:0080776,Síndrome de insensibilidad parcial a los andrógenos
1,DOID:0080777,lung sarcomatoid carcinoma,DOID:0080777,carcinoma sarcomatoide de pulmón
1,DOID:0080778,transient infantile liver failure,DOID:0080778,insuficiencia hepática infantil transitoria
1,DOID:0080779,plasmablastic lymphoma,DOID:0080779,Linfoma plasmablástico
1,DOID:0080780,acute erythroid leukemia,DOID:0080780,leucemia eritroide aguda
1,DOID:0080781,benign exocrine pancreas neoplasm,DOID:0080781,Neoplasia benigna del páncreas exocrino
1,DOID:0080782,mucinous pancreas adenocarcinoma,DOID:0080782,adenocarcinoma mucinoso de páncreas
1,DOID:0080784,urinary tract infection,DOID:0080784,infección del tracto urinario
1,DOID:0080785,Brown-Vialetto-Van Laere syndrome 1,DOID:0080785,Síndrome de Brown-Vialetto-Van Laere 1
1,DOID:0080786,Brown-Vialetto-Van Laere syndrome 2,DOID:0080786,Síndrome de Brown-Vialetto-Van Laere 2
1,DOID:0080787,proximal symphalangism 1,DOID:0080787,sinfalangismo proximal 1
1,DOID:0080788,proximal symphalangism 2,DOID:0080788,sinfalangismo proximal 2
1,DOID:0080789,Treacher Collins syndrome 1,DOID:0080789,Síndrome de Treacher Collins 1
1,DOID:0080790,Treacher Collins syndrome 2,DOID:0080790,Síndrome de Treacher Collins 2
1,DOID:0080791,Treacher Collins syndrome 3,DOID:0080791,Síndrome de Treacher Collins 3
1,DOID:0080792,Treacher Collins syndrome 4,DOID:0080792,Síndrome de Treacher Collins 4
1,DOID:0080794,childhood acute megakaryoblastic leukemia,DOID:0080794,childhood acute megakaryoblastic leukemia
1,DOID:0080795,acute basophilic leukemia,DOID:0080795,leucemia basófila aguda
1,DOID:0080796,core binding factor acute myeloid leukemia,DOID:0080796,leucemia mieloide aguda con factor de unión al núcleo
NA,DOID:0080797,nasal type extranodal NK/T-cell lymphoma,DOID:0080797,NA
NA,DOID:0080798,myeloid leukemia associated with Down Syndrome,DOID:0080798,NA
NA,DOID:0080799,sinonasal undifferentiated carcinoma,DOID:0080799,NA
NA,DOID:0080800,salivary gland mucinous adenocarcinoma,DOID:0080800,NA
NA,DOID:0080801,autosomal dominant craniometaphyseal dysplasia,DOID:0080801,NA
NA,DOID:0080802,autosomal recessive craniometaphyseal dysplasia,DOID:0080802,NA
NA,DOID:0080803,cranioectodermal dysplasia 1,DOID:0080803,NA
NA,DOID:0080804,cranioectodermal dysplasia 2,DOID:0080804,NA
NA,DOID:0080805,cranioectodermal dysplasia 3,DOID:0080805,NA
NA,DOID:0080806,cranioectodermal dysplasia 4,DOID:0080806,NA
NA,DOID:0080807,autosomal dominant craniodiaphyseal dysplasia,DOID:0080807,NA
NA,DOID:0080808,mammary analogue secretory carcinoma,DOID:0080808,NA
NA,DOID:0080809,chronic asthma,DOID:0080809,NA
NA,DOID:0080810,acute asthma,DOID:0080810,NA
NA,DOID:0080811,extrinsic asthma,DOID:0080811,NA
2,DOID:0080812,intermittent asthma,DOID:0080812,asma intermitente
2,DOID:0080813,persistent mild asthma,DOID:0080813,asma leve persistente
2,DOID:0080814,persistent moderate asthma,DOID:0080814,Asma moderada persistente
2,DOID:0080815,childhood-onset asthma,DOID:0080815,asma de inicio en la infancia
2,DOID:0080816,adult-onset severe asthma,DOID:0080816,asma grave de inicio en la edad adulta
2,DOID:0080817,T2-high asthma,DOID:0080817,Asma T2-alta
2,DOID:0080818,T2-low asthma,DOID:0080818,Asma T2-bajo
2,DOID:0080819,environmental induced asthma,DOID:0080819,asma inducida por el medio ambiente
2,DOID:0080820,occupational asthma,DOID:0080820,asma ocupacional
2,DOID:0080821,exercise-induced bronchoconstriction,DOID:0080821,Broncoconstricción inducida por el ejercicio
2,DOID:0080822,aspirin-induced respiratory disease,DOID:0080822,Enfermedad respiratoria inducida por aspirina
2,DOID:0080823,near-fatal asthma,DOID:0080823,Asma casi mortal
2,DOID:0080824,persistent severe asthma,DOID:0080824,Asma grave persistente
2,DOID:0080825,thunderstorm triggered asthma,DOID:0080825,asma desencadenada por tormentas eléctricas
2,DOID:0080826,nocturnal asthma,DOID:0080826,Asma nocturna
2,DOID:0080827,human cytomegalovirus infection,DOID:0080827,Infección por citomegalovirus humano
2,DOID:0080828,VEXAS syndrome,DOID:0080828,Síndrome VEXAS
2,DOID:0080829,low grade glioma,DOID:0080829,Glioma de bajo grado
2,DOID:0080830,childhood low-grade glioma,DOID:0080830,Glioma infantil de bajo grado
2,DOID:0080831,subjective cognitive decline,DOID:0080831,deterioro cognitivo subjetivo
2,DOID:0080832,mild cognitive impairment,DOID:0080832,Deterioro cognitivo leve
2,DOID:0080834,acquired laryngomalacia,DOID:0080834,Laringomalacia adquirida
2,DOID:0080836,growth hormone insensitivity syndrome with immune dysregulation 1,DOID:0080836,Síndrome de insensibilidad a la hormona del crecimiento con desregulación inmunitaria 1
2,DOID:0080837,growth hormone insensitivity syndrome with immune dysregulation 2,DOID:0080837,Síndrome de insensibilidad a la hormona de crecimiento con desregulación inmunitaria 2
2,DOID:0080839,X-linked warfarin sensitivity,DOID:0080839,Sensibilidad a la warfarina ligada al cromosoma X
2,DOID:0080840,optic atrophy 12,DOID:0080840,Atrofia óptica 12
2,DOID:0080841,pemphigoid,DOID:0080841,penfigoide
2,DOID:0080842,intracranial meningioma,DOID:0080842,Meningioma intracraneal
2,DOID:0080843,supratentorial meningioma,DOID:0080843,Meningioma supratentorial
2,DOID:0080844,omodysplasia 1,DOID:0080844,OMODISPLASIA 1
2,DOID:0080845,omodysplasia 2,DOID:0080845,omodisplasia 2
2,DOID:0080846,latent autoimmune diabetes in adults,DOID:0080846,diabetes autoinmune latente en adultos
2,DOID:0080848,long COVID,DOID:0080848,COVID largo
2,DOID:0080849,"ocular motor apraxia, Cogan type",DOID:0080849,"apraxia motora ocular, tipo Cogan"
2,DOID:0080850,pemphigus foliaceus,DOID:0080850,Pénfigo foliáceo
2,DOID:0080851,IgA pemphigus,DOID:0080851,Pénfigo IgA
2,DOID:0080852,paraneoplastic pemphigus,DOID:0080852,Pénfigo paraneoplásico
2,DOID:0080854,anaplastic pleomorphic xanthoastrocytoma,DOID:0080854,xantoastrocitoma pleomórfico anaplásico
2,DOID:0080855,Parkinsonism,DOID:0080855,Parkinsonismo
2,DOID:0080856,vascular Parkinsonism,DOID:0080856,Parkinsonismo vascular
2,DOID:0080857,primary ovarian insufficiency 1,DOID:0080857,insuficiencia ovárica primaria 1
2,DOID:0080858,primary ovarian insufficiency 2A,DOID:0080858,Insuficiencia ovárica primaria 2A
2,DOID:0080859,primary ovarian insufficiency 2B,DOID:0080859,Insuficiencia ovárica primaria 2B
2,DOID:0080860,primary ovarian insufficiency 3,DOID:0080860,Insuficiencia ovárica primaria 3
2,DOID:0080861,primary ovarian insufficiency 4,DOID:0080861,Insuficiencia ovárica primaria 4
2,DOID:0080862,primary ovarian insufficiency 5,DOID:0080862,Insuficiencia ovárica primaria 5
2,DOID:0080863,primary ovarian insufficiency 6,DOID:0080863,Insuficiencia ovárica primaria 6
2,DOID:0080864,primary ovarian insufficiency 7,DOID:0080864,Insuficiencia ovárica primaria 6
2,DOID:0080865,primary ovarian insufficiency 8,DOID:0080865,Insuficiencia ovárica primaria 8
2,DOID:0080866,primary ovarian insufficiency 9,DOID:0080866,Insuficiencia ovárica primaria 9
2,DOID:0080867,primary ovarian insufficiency 10,DOID:0080867,insuficiencia ovárica primaria 10
2,DOID:0080868,primary ovarian insufficiency 11,DOID:0080868,insuficiencia ovárica primaria 11
2,DOID:0080869,primary ovarian insufficiency 12,DOID:0080869,Insuficiencia ovárica primaria 12
2,DOID:0080870,primary ovarian insufficiency 13,DOID:0080870,Insuficiencia ovárica primaria 13
2,DOID:0080871,primary ovarian insufficiency 14,DOID:0080871,Insuficiencia ovárica primaria 14
2,DOID:0080872,primary ovarian insufficiency 15,DOID:0080872,insuficiencia ovárica primaria 15
2,DOID:0080873,primary ovarian insufficiency 16,DOID:0080873,insuficiencia ovárica primaria 16
2,DOID:0080874,primary ovarian insufficiency 17,DOID:0080874,insuficiencia ovárica primaria 17
2,DOID:0080875,IDH-mutant anaplastic astrocytoma,DOID:0080875,Astrocitoma anaplásico con mutaciones IDH
2,DOID:0080876,IDH-wildtype anaplastic astrocytoma,DOID:0080876,Astrocitoma anaplásico de tipo IDH salvaje
2,DOID:0080877,"astrocytoma, IDH-mutant, grade 4",DOID:0080877,"Astrocitoma, IDH-mutante, grado 4"
2,DOID:0080878,IDH-wildtype glioblastoma,DOID:0080878,Glioblastoma de tipo salvaje IDH
2,DOID:0080879,histone mutated tumor,DOID:0080879,tumor con mutación de histonas
2,DOID:0080880,"diffuse glioma, H3 G34 mutant",DOID:0080880,"Glioma difuso, mutante H3 G34"
2,DOID:0080881,pleomorphic xanthoastrocytoma BRAF mutant,DOID:0080881,xantoastrocitoma pleomórfico mutante en BRAF
2,DOID:0080882,IDH-mutant and 1p/19q-codeleted oligodendroglioma,DOID:0080882,Oligodendroglioma con mutación IDH y codeleción 1p/19q
2,DOID:0080883,vitamin D-dependent rickets,DOID:0080883,raquitismo dependiente de la vitamina D
2,DOID:0080884,vitamin D-dependent rickets type 2A,DOID:0080884,raquitismo dependiente de la vitamina D tipo 2A
2,DOID:0080885,vitamin D-dependent rickets type 2B,DOID:0080885,Raquitismo dependiente de la vitamina D tipo 2B
2,DOID:0080886,vitamin D-dependent rickets type 1A,DOID:0080886,raquitismo dependiente de la vitamina D tipo 1A
2,DOID:0080887,vitamin D-dependent rickets type 1B,DOID:0080887,raquitismo dependiente de la vitamina D tipo 1B
2,DOID:0080888,"spinal ependymoma, MYCN-amplified",DOID:0080888,Ependimoma espinal
2,DOID:0080889,posterior fossa ependymoma,DOID:0080889,Ependimoma de la fosa posterior
2,DOID:0080890,supratentorial ependymoma,DOID:0080890,Ependimoma supratentorial
NA,DOID:0080891,YAP1-MAMLD1 fusion-positive supratentorial ependymoma,DOID:0080891,NA
NA,DOID:0080892,RELA fusion-positive ependymoma,DOID:0080892,NA
NA,DOID:0080893,Bainbridge-Ropers syndrome,DOID:0080893,NA
NA,DOID:0080894,lipofibromatosis-like neural tumor,DOID:0080894,NA
NA,DOID:0080896,pericytoma with t(7;12),DOID:0080896,NA
NA,DOID:0080897,solitary fibrous tumor/hemangiopericytoma,DOID:0080897,NA
NA,DOID:0080898,cerebellofaciodental syndrome,DOID:0080898,NA
NA,DOID:0080899,lung pleomorphic carcinoma,DOID:0080899,NA
2,DOID:0080900,oral rhabdomyosarcoma,DOID:0080900,Rabdomiosarcoma oral
2,DOID:0080901,bladder sarcomatoid transitional cell carcinoma,DOID:0080901,Carcinoma sarcomatoide de células transicionales de vejiga
2,DOID:0080902,bladder small cell carcinoma,DOID:0080902,carcinoma vesical de células pequeñas
2,DOID:0080903,"embryonal tumor with multilayered rosettes, C19MC-altered",DOID:0080903,"Tumor embrionario con rosetas multicapa, alteración de C19MC"
2,DOID:0080904,"astroblastoma, MN1-altered",DOID:0080904,"Astroblastoma, MN1-alterado"
2,DOID:0080905,central nervous system neuroblastoma,DOID:0080905,neuroblastoma del sistema nervioso central
2,DOID:0080906,CNS neuroblastoma with FOXR2 activation,DOID:0080906,Neuroblastoma del SNC con activación de FOXR2
2,DOID:0080907,Cockayne syndrome A,DOID:0080907,Síndrome de Cockayne A
2,DOID:0080908,Cockayne syndrome B,DOID:0080908,Síndrome de Cockayne B
2,DOID:0080909,castration-resistant prostate carcinoma,DOID:0080909,Carcinoma de próstata resistente a la castración
2,DOID:0080910,cerebrooculofacioskeletal syndrome,DOID:0080910,Síndrome cerebrooculofacioesquelético
2,DOID:0080911,cerebrooculofacioskeletal syndrome 1,DOID:0080911,Síndrome cerebrooculofacioesquelético 1
2,DOID:0080912,cerebrooculofacioskeletal syndrome 2,DOID:0080912,Síndrome cerebrooculofacioesquelético 2
2,DOID:0080913,cerebrooculofacioskeletal syndrome 3,DOID:0080913,Síndrome cerebrooculofacioesquelético 3
2,DOID:0080914,cerebrooculofacioskeletal syndrome 4,DOID:0080914,Síndrome cerebrooculofacioesquelético 4
2,DOID:0080915,histiocytic sarcoma,DOID:0080915,sarcoma histiocítico
2,DOID:0080916,erythroleukemia,DOID:0080916,eritroleucemia
2,DOID:0080917,sporatic amyotrophic lateral sclerosis,DOID:0080917,Esclerosis lateral amiotrófica esporádica
2,DOID:0080918,polymicrogyria,DOID:0080918,polimicrogiria
2,DOID:0080919,unilateral focal polymicrogyria,DOID:0080919,polimicrogiria focal unilateral
2,DOID:0080920,bilateral generalized polymicrogyria,DOID:0080920,polimicrogiria bilateral generalizada
2,DOID:0080921,bilateral frontal polymicrogyria,DOID:0080921,polimicrogiria frontal bilateral
2,DOID:0080922,bilateral frontoparietal polymicrogyria,DOID:0080922,polimicrogiria frontoparietal bilateral
2,DOID:0080923,bilateral parasagittal parieto-occipital polymicrogyria,DOID:0080923,polimicrogiria parietooccipital parasagital bilateral
2,DOID:0080924,bilateral perisylvian polymicrogyria,DOID:0080924,Polimicrogiria perisilviana bilateral
2,DOID:0080925,cytochrome P450 oxidoreductase deficiency,DOID:0080925,deficiencia de citocromo p450 oxidorreductasa
2,DOID:0080926,7q11.23 duplication syndrome,DOID:0080926,7q11. 23 síndrome de duplicación
2,DOID:0080927,apolipoprotein A-IV associated amyloidosis,DOID:0080927,Amiloidosis asociada a apolipoproteína A-IV
2,DOID:0080928,dialysis-related amyloidosis,DOID:0080928,amiloidosis relacionada con la diálisis
2,DOID:0080929,variant ABeta2M amyloidosis,DOID:0080929,amiloidosis variante ABeta2M
2,DOID:0080930,primary localized cutaneous amyloidosis 1,DOID:0080930,amiloidosis cutánea primaria localizada 1
2,DOID:0080931,primary localized cutaneous amyloidosis 2,DOID:0080931,amiloidosis cutánea primaria localizada 2
2,DOID:0080932,primary localized cutaneous amyloidosis 3,DOID:0080932,Amiloidosis cutánea localizada primaria 3
2,DOID:0080933,immunoglobulin light chain amyloidosis,DOID:0080933,amiloidosis de cadenas ligeras de inmunoglobulinas
2,DOID:0080934,immunoglobulin heavy chain amyloidosis,DOID:0080934,amiloidosis de cadena pesada de inmunoglobulina
2,DOID:0080935,immunoglobulin heavy-and-light chain,DOID:0080935,inmunoglobulina de cadena pesada y ligera
2,DOID:0080936,serum amyloid A amyloidosis,DOID:0080936,amiloidosis amiloide sérica A
2,DOID:0080937,wild-type amyloidosis,DOID:0080937,amiloidosis de tipo salvaje
2,DOID:0080938,nonobstructive coronary artery disease,DOID:0080938,Enfermedad arterial coronaria no obstructiva
2,DOID:0080939,hereditary angioedema type I,DOID:0080939,Angioedema hereditario de tipo I
2,DOID:0080940,hereditary angioedema type III,DOID:0080940,Angioedema hereditario de tipo III
2,DOID:0080941,acquired angioedema,DOID:0080941,Angioedema adquirido
1,DOID:0080942,anauxetic dysplasia,DOID:0080942,displasia anauxética
2,DOID:0080943,"46,XX sex reversal 5",DOID:0080943,"Inversión del sexo 46,XX 5"
2,DOID:0080944,familial Behcet-like autoinflammatory syndrome,DOID:0080944,Síndrome autoinflamatorio familiar de tipo Behcet
2,DOID:0080945,abdominal obesity-metabolic syndrome 4,DOID:0080945,Síndrome de obesidad abdominal-metabólica 4
2,DOID:0080946,retinal dystrophy with leukodystrophy,DOID:0080946,Distrofia retiniana con leucodistrofia
2,DOID:0080947,acute flaccid myelitis,DOID:0080947,mielitis flácida aguda
2,DOID:0080948,"agenesis of corpus callosum, cardiac, ocular, and genital syndrome",DOID:0080948,"Síndrome de agenesia del cuerpo calloso, cardíaco, ocular y genital"
2,DOID:0080949,alcoholic ketoacidosis,DOID:0080949,Cetoacidosis alcohólica
2,DOID:0080950,alopecia-mental retardation syndrome 4,DOID:0080950,Síndrome de alopecia-retraso mental 4
2,DOID:0080951,alopecia-mental retardation syndrome 3,DOID:0080951,Síndrome de alopecia-retraso mental 3
2,DOID:0080952,AMED syndrome,DOID:0080952,Síndrome AMED
2,DOID:0080953,amelogenesis imperfecta type 1J,DOID:0080953,amelogénesis imperfecta tipo 1J
2,DOID:0080956,"childhood supratentorial embryonal tumor with multilayered rosettes, C19MC-altered",DOID:0080956,"tumor embrionario supratentorial infantil con rosetas multicapa, C19MC-alterado"
2,DOID:0080957,primary hypoalphalipoproteinemia 1,DOID:0080957,hipolipoproteinemia primaria 1
2,DOID:0080958,primary hypoalphalipoproteinemia 2,DOID:0080958,hipoalfalipoproteinemia primaria 2
2,DOID:0080959,arrhythmogenic right ventricular dysplasia 14,DOID:0080959,displasia ventricular derecha arritmogénica 14
2,DOID:0080960,amelogenesis imperfecta type 2A6,DOID:0080960,amelogénesis imperfecta tipo 2A6
2,DOID:0080962,anauxetic dysplasia 2,DOID:0080962,displasia anauxética 2
2,DOID:0080963,anauxetic dysplasia 3,DOID:0080963,displasia anauxética 3
2,DOID:0080964,intracranial berry aneurysm 1,DOID:0080964,aneurisma intracraneal de baya 1
2,DOID:0080965,intracranial berry aneurysm 2,DOID:0080965,aneurisma intracraneal de baya 2
2,DOID:0080966,intracranial berry aneurysm 3,DOID:0080966,aneurisma intracraneal de baya 3
2,DOID:0080967,intracranial berry aneurysm 4,DOID:0080967,aneurisma intracraneal de baya 4
2,DOID:0080968,intracranial berry aneurysm 5,DOID:0080968,aneurisma intracraneal de baya 5
2,DOID:0080969,intracranial berry aneurysm 6,DOID:0080969,aneurisma intracraneal de baya 6
2,DOID:0080970,intracranial berry aneurysm 7,DOID:0080970,aneurisma intracraneal de baya 7
2,DOID:0080971,intracranial berry aneurysm 8,DOID:0080971,aneurisma intracraneal en baya 8
2,DOID:0080972,intracranial berry aneurysm 9,DOID:0080972,aneurisma intracraneal de baya 9
2,DOID:0080973,intracranial berry aneurysm 10,DOID:0080973,aneurisma intracraneal de baya 10
2,DOID:0080974,intracranial berry aneurysm 11,DOID:0080974,aneurisma intracraneal de baya 11
2,DOID:0080975,intracranial berry aneurysm 12,DOID:0080975,aneurisma intracraneal en baya 12
2,DOID:0080976,acute myeloid leukemia with BCR-ABL1,DOID:0080976,Leucemia mieloide aguda con BCR-ABL1
2,DOID:0080977,aortic valve disease 3,DOID:0080977,valvulopatía aórtica 3
2,DOID:0080982,X-linked mental retardation-hypotonic facies syndrome-1,DOID:0080982,Síndrome de retraso mental ligado al cromosoma X-facies hipotónica-1
2,DOID:0080984,X-linked intellectual developmental disorder 109,DOID:0080984,Trastorno del desarrollo intelectual ligado al cromosoma X 109
2,DOID:0080985,syndromic X-linked intellectual disorder Lujan-Fryns-type,DOID:0080985,Trastorno intelectual sindrómico ligado al cromosoma X tipo Lujan-Fryns
2,DOID:0080986,Ehlers-Danlos syndrome periodontal type 1,DOID:0080986,Síndrome de Ehlers-Danlos periodontal tipo 1
2,DOID:0080987,Ehlers-Danlos syndrome periodontal type 2,DOID:0080987,Síndrome de Ehlers-Danlos periodontal tipo 2
2,DOID:0080988,pretibial dystrophic epidermolysis bullosa,DOID:0080988,Epidermólisis bullosa distrófica pretibial
2,DOID:0080990,King Denborough syndrome,DOID:0080990,Síndrome de King Denborough
2,DOID:0080991,congenital myopathy 1B,DOID:0080991,miopatía congénita 1B
2,DOID:0080992,rhabdomyolysis-myalgia syndrome,DOID:0080992,Síndrome rabdomiólisis-mialgia
2,DOID:0080994,autoimmune epilepsy,DOID:0080994,epilepsia autoinmune
2,DOID:0080995,tuberculous encephalopathy,DOID:0080995,Encefalopatía tuberculosa
2,DOID:0080996,diffuse large B-cell lymphoma activated B-cell type,DOID:0080996,Linfoma difuso de células B grandes tipo B activado
2,DOID:0080997,diffuse large B-cell lymphoma germinal center B-cell type,DOID:0080997,Linfoma difuso de células B grandes tipo centro germinal de células B
2,DOID:0080998,acute necrotizing pancreatitis,DOID:0080998,Pancreatitis necrotizante aguda
2,DOID:0080999,acute hemorrhagic pancreatitis,DOID:0080999,Pancreatitis hemorrágica aguda
2,DOID:0081000,Cowden syndrome 4,DOID:0081000,Síndrome de Cowden 4
2,DOID:0081001,Cowden syndrome 5,DOID:0081001,Síndrome de Cowden 5
2,DOID:0081002,Cowden syndrome 6,DOID:0081002,Síndrome de Cowden 6
2,DOID:0081003,Cowden syndrome 7,DOID:0081003,Síndrome de Cowden 7
2,DOID:0081004,high-grade B-cell lymphoma double-hit/triple-hit,DOID:0081004,"Linfoma de células B de alto grado , doble hit/triple hit"
NA,DOID:0081005,parsley allergy,DOID:0081005,NA
NA,DOID:0081006,dill allergy,DOID:0081006,NA
NA,DOID:0081007,RNASET2-deficient cystic leukoencephalopathy,DOID:0081007,NA
NA,DOID:0081008,intellectual developmental disorder with cardiac arrhythmia,DOID:0081008,NA
NA,DOID:0081009,Bardet-Biedl syndrome 20,DOID:0081009,NA
2,DOID:0081010,Bardet-Biedl syndrome 21,DOID:0081010,Síndrome de Bardet-Biedl 21
2,DOID:0081011,Bardet-Biedl syndrome 22,DOID:0081011,Síndrome de Bardet-Biedl 22
2,DOID:0081012,critical COVID-19,DOID:0081012,COVID-19 crítico
2,DOID:0081013,severe COVID-19,DOID:0081013,COVID-19 grave
2,DOID:0081014,non-severe COVID-19,DOID:0081014,COVID-19 no grave
2,DOID:0081022,retinal cone dystrophy 3B,DOID:0081022,Distrofia de conos de retina 3B
2,DOID:0081023,retinal cone dystrophy 4,DOID:0081023,Distrofia de conos de retina 4
2,DOID:0081024,retinal cone dystrophy 1,DOID:0081024,Distrofia de conos de retina 1
2,DOID:0081025,retinal cone dystrophy 3A,DOID:0081025,distrofia de conos de retina 3A
2,DOID:0081026,benign peritoneal solitary fibrous tumor,DOID:0081026,Tumor fibroso solitario peritoneal benigno
2,DOID:0081028,glycogen-rich carcinoma,DOID:0081028,Carcinoma rico en glucógeno
2,DOID:0081030,central conducting lymphatic anomaly,DOID:0081030,anomalía linfática de conducción central
2,DOID:0081031,generalized lymphatic anomaly,DOID:0081031,Anomalía linfática generalizada
2,DOID:0081034,glutatione synthetase deficiency with 5-oxoprolinuria,DOID:0081034,Deficiencia de glutatión sintetasa con 5-oxoprolinuria
2,DOID:0081036,mixed phenotype acute leukemia with BCR-ABL1,DOID:0081036,leucemia aguda de fenotipo mixto con BCR-ABL1
2,DOID:0081037,mixed phenotype acute leukemia with MLL rearranged,DOID:0081037,Leucemia aguda de fenotipo mixto con MLL reordenado
2,DOID:0081038,"mixed phenotype acute leukemia, B/myeloid",DOID:0081038,"Leucemia aguda de fenotipo mixto, B/mieloide"
2,DOID:0081039,"mixed phenotype acute leukemia, T/myeloid",DOID:0081039,"Leucemia aguda de fenotipo mixto, T/mieloide"
2,DOID:0081041,B-cell prolymphocytic leukemia,DOID:0081041,Leucemia prolinfocítica de células B
2,DOID:0081042,T-cell prolymphocytic leukemia,DOID:0081042,Leucemia prolinfocítica de células T
2,DOID:0081043,fetal akinesia deformation sequence syndrome X-linked,DOID:0081043,Síndrome de secuencia de deformación acinesia fetal ligado al cromosoma X
2,DOID:0081044,frontonasal dysplasia,DOID:0081044,Displasia frontonasal
2,DOID:0081045,frontonasal dysplasia 1,DOID:0081045,displasia frontonasal 1
2,DOID:0081046,frontonasal dysplasia 2,DOID:0081046,displasia frontonasal 2
2,DOID:0081047,frontonasal dysplasia 3,DOID:0081047,displasia frontonasal 3
2,DOID:0081048,congenital limbs-face contractures-hypotonia-developmental delay syndrome,DOID:0081048,síndrome de contracturas congénitas de las extremidades y la cara-hipotonía-retraso del desarrollo
2,DOID:0081049,hepatosplenic T-cell lymphoma,DOID:0081049,Linfoma hepatoesplénico de células T
2,DOID:0081050,primary cutaneous gamma-delta T-cell lymphoma,DOID:0081050,linfoma cutáneo primario de células T gamma-delta
2,DOID:0081051,"microcephaly, growth deficiency, seizures, and brain malformations",DOID:0081051,"microcefalia, retraso del crecimiento, convulsiones y malformaciones cerebrales"
2,DOID:0081052,neurobehavioral disorder with prenatal alcohol exposure,DOID:0081052,Trastorno neuroconductual con exposición prenatal al alcohol
2,DOID:0081055,central diabetes insipidus,DOID:0081055,diabetes insípida central
2,DOID:0081057,gestational diabetes insipidus,DOID:0081057,Diabetes insípida gestacional
2,DOID:0081058,dipsogenic diabetes insipidus,DOID:0081058,Diabetes insípida dipsogénica
2,DOID:0081059,X-linked central diabetes insipidus,DOID:0081059,Diabetes insípida central ligada al cromosoma X
2,DOID:0081060,X-linked nephrogenic diabetes insipidus,DOID:0081060,Diabetes insípida nefrogénica ligada al cromosoma X
2,DOID:0081061,nephrogenic diabetes insipidus type 2,DOID:0081061,Diabetes insípida nefrogénica de tipo 2
2,DOID:0081063,DICER1 syndrome,DOID:0081063,Síndrome DICER1
2,DOID:0081064,BN2 diffuse large B-cell lymphoma,DOID:0081064,Linfoma difuso de células B grandes BN2
2,DOID:0081065,EZB diffuse large B-cell lymphoma,DOID:0081065,Linfoma difuso de células B grandes EZB
2,DOID:0081066,MCD diffuse large B-cell lymphoma,DOID:0081066,Linfoma difuso de células B grandes MCD
2,DOID:0081067,N1 diffuse large B-cell lymphoma,DOID:0081067,Linfoma difuso de células B grandes N1
2,DOID:0081068,ST2 diffuse large B-cell lymphoma,DOID:0081068,Linfoma difuso de células B grandes ST2
2,DOID:0081069,A53 diffuse large B-cell lymphoma,DOID:0081069,Linfoma difuso de células B grandes A53
2,DOID:0081070,EZB-MYC+ diffuse large B-cell lymphoma,DOID:0081070,Linfoma difuso de células B grandes EZB-MYC+
2,DOID:0081071,EZB-MYC- diffuse large B-cell lymphoma,DOID:0081071,Linfoma difuso de células B grandes EZB-MYC
2,DOID:0081072,"craniofacial dysmorphism, skeletal anomalies, and mental retardation syndrome",DOID:0081072,"Síndrome de dismorfismo craneofacial, anomalías esqueléticas y retraso mental"
2,DOID:0081073,Teebi hypertelorism syndrome,DOID:0081073,Síndrome de hipertelorismo de Teebi
2,DOID:0081074,Teebi hypertelorism syndrome 2,DOID:0081074,Síndrome de hipertelorismo de Teebi 2
2,DOID:0081075,Marsili syndrome,DOID:0081075,Síndrome de Marsili
NA,DOID:0081076,blastic plasmacytoid dendritic cell neoplasm,DOID:0081076,NA
2,DOID:0081077,ectodermal dysplasia and immune deficiency,DOID:0081077,displasia ectodérmica e inmunodeficiencia
2,DOID:0081078,ectodermal dysplasia and immunodeficiency 1,DOID:0081078,displasia ectodérmica e inmunodeficiencia 1
2,DOID:0081079,ectodermal dysplasia and immunodeficiency 2,DOID:0081079,displasia ectodérmica e inmunodeficiencia 2
2,DOID:0081080,acute myeloid leukemia with t(6;9) (p23;q34.1),DOID:0081080,leucemia mieloide aguda con t(6;9) (p23;q34.1)
1,DOID:0081081,acute promyelocytic leukemia with PML-RARA,DOID:0081081,leucemia promielocítica aguda con PML-RARA
NA,DOID:0081082,acute myelomonocytic leukemia,DOID:0081082,NA
NA,DOID:0081083,acute myeloid leukemia with inv(3) (q21.3;q26.2) or t(3;3) (q21.3;q26.2),DOID:0081083,NA
1,DOID:0081084,acute myeloid leukemia with inv(16)(p13.1q22) or t(16;16)(p13.1;q22),DOID:0081084,leucemia mieloide aguda con inv(16)(p13.1q22) o t(16
1,DOID:0081085,acute myeloid leukemia with minimal differentiation,DOID:0081085,Leucemia mieloide aguda con diferenciación mínima
1,DOID:0081086,acute myeloid leukemia without maturation,DOID:0081086,leucemia mieloide aguda sin maduración
1,DOID:0081087,acute myeloid leukemia with maturation,DOID:0081087,leucemia mieloide aguda con maduración
1,DOID:0081088,"chronic myelogenous leukemia, BCR-ABL1 positive",DOID:0081088,"Leucemia mielógena crónica, BCR-ABL1 positivo"
1,DOID:0081089,acute myeloid leukemia with mutated NPM1,DOID:0081089,Leucemia mieloide aguda con NPM1 mutado
1,DOID:0081090,acute myeloid leukemia with biallelic mutation of CEBPA,DOID:0081090,Leucemia mieloide aguda con mutación bialélica de CEBPA
1,DOID:0081091,acute myeloid leukemia with mutated RUNX1,DOID:0081091,Leucemia mieloide aguda con RUNX1 mutado
1,DOID:0081092,acute myeloid leukemia with myelodysplasia-related changes,DOID:0081092,leucemia mieloide aguda con cambios relacionados con la mielodisplasia
1,DOID:0081093,acute myeloid leukemia with t(8;21); (q22; q22.1),DOID:0081093,leucemia mieloide aguda con t(8
1,DOID:0081094,acute myeloid leukemia with MLL rearrangement,DOID:0081094,Leucemia mieloide aguda con reordenamiento MLL
1,DOID:0081095,acute myeloid leukemia with mutated CEBPA,DOID:0081095,Leucemia mieloide aguda con CEBPA mutado
1,DOID:0081096,acute myeloid leukemia with t(1;22)(p13;q13),DOID:0081096,leucemia mieloide aguda con t(1
1,DOID:0081097,Rafiq syndrome,DOID:0081097,Síndrome de Rafiq
1,DOID:0081098,autosomal recessive intellectual developmental disorder 13,DOID:0081098,trastorno autosómico recesivo del desarrollo intelectual 13
1,DOID:0081099,"neurodevelopmental disorder with brain abnormalities, poor growth, and dysmorphic facies",DOID:0081099,"Trastorno del neurodesarrollo con anomalías cerebrales, crecimiento deficiente y facies dismórfica"
1,DOID:0081100,spastic paraplegia with deafness,DOID:0081100,paraplejia espástica con sordera
1,DOID:0081101,nonautoimmune hyperthyroidism,DOID:0081101,Hipertiroidismo no autoinmune
1,DOID:0081102,familial gestational hyperthyroidism,DOID:0081102,Hipertiroidismo familiar gestacional
1,DOID:0081104,hot water epilepsy,DOID:0081104,Epilepsia por agua caliente
1,DOID:0081105,keratosis palmoplantaris striata,DOID:0081105,queratosis palmoplantar estriada
1,DOID:0081106,hot water epilepsy 1,DOID:0081106,epilepsia de agua caliente 1
1,DOID:0081107,hot water epilepsy 2,DOID:0081107,epilepsia de agua caliente 2
1,DOID:0081108,keratosis palmoplantaris striata 1,DOID:0081108,queratosis palmoplantar estriada 1
1,DOID:0081109,keratosis palmoplantaris striata 2,DOID:0081109,queratosis palmoplantar estriada 2
1,DOID:0081110,keratosis palmoplantaris striata 3,DOID:0081110,queratosis palmoplantar estriada 3
1,DOID:0081111,osteosclerotic metaphyseal dysplasia,DOID:0081111,displasia metafisaria osteosclerótica
1,DOID:0081112,Baraitser-Winter syndrome 1,DOID:0081112,Síndrome de Baraitser-Winter 1
1,DOID:0081113,Baraitser-Winter syndrome 2,DOID:0081113,Síndrome de Baraitser-Winter 2
1,DOID:0081114,benign familial infantile seizures 1,DOID:0081114,epilepsia infantil familiar benigna 1
1,DOID:0081115,benign familial infantile seizures 2,DOID:0081115,epilepsia infantil familiar benigna 2
1,DOID:0081116,benign familial infantile seizures 3,DOID:0081116,epilepsia infantil familiar benigna 3
1,DOID:0081117,benign familial infantile seizures 4,DOID:0081117,epilepsia infantil familiar benigna 4
1,DOID:0081118,benign familial infantile seizures 5,DOID:0081118,epilepsia infantil familiar benigna 5
1,DOID:0081119,benign familial infantile seizures 6,DOID:0081119,epilepsia infantil familiar benigna 6
1,DOID:0081120,Graves ophthalmopathy,DOID:0081120,Oftalmopatía de Graves
1,DOID:0081121,inclusion body myopathy and brain white matter abnormalities,DOID:0081121,miopatía por cuerpos de inclusión y anomalías de la sustancia blanca cerebral
1,DOID:0081122,Catel Manzke syndrome,DOID:0081122,Síndrome de Catel Manzke
1,DOID:0081123,X-linked mental retardation Gustavson type,DOID:0081123,Retraso mental ligado al cromosoma X tipo Gustavson
1,DOID:0081124,"craniofacial dysmorphism, skeletal anomalies, and impaired intellectual development syndrome 1",DOID:0081124,"síndrome de dismorfismo craneofacial, anomalías esqueléticas y retraso del desarrollo intelectual 1"
1,DOID:0081125,"craniofacial dysmorphism, skeletal anomalies, and impaired intellectual development syndrome 2",DOID:0081125,"síndrome de dismorfismo craneofacial, anomalías esqueléticas y retraso del desarrollo intelectual 2"
1,DOID:0081126,DeSanto-Shinawi syndrome,DOID:0081126,Síndrome de DeSanto-Shinawi
1,DOID:0081127,mandibuloacral dysplasia,DOID:0081127,Displasia mandibuloacral
1,DOID:0081128,mandibuloacral dysplasia type A lipodystrophy,DOID:0081128,displasia mandibuloacral lipodistrofia tipo A
1,DOID:0081129,mandibuloacral dysplasia type B lipodystrophy,DOID:0081129,Displasia mandibuloacral lipodistrofia de tipo B
1,DOID:0081130,BH4-deficient hyperphenylalaninemia C,DOID:0081130,Hiperfenilalaninemia por deficiencia de BH4 C
1,DOID:0081131,BH4-deficient hyperphenylalaninemia D,DOID:0081131,Hiperfenilalaninemia por deficiencia de BH4 D
1,DOID:0081132,tetrahydrobiopterin (BH4)-deficient hyperphenylalaninemia,DOID:0081132,Hiperfenilalaninemia por deficiencia de tetrahidrobiopterina (BH4)
1,DOID:0081133,3-methylglutaconic aciduria type 7a,DOID:0081133,Aciduria 3-metilglutacónica tipo 7a
1,DOID:0081134,3-methylglutaconic aciduria type 7b,DOID:0081134,Aciduria 3-metilglutacónica tipo 7b
1,DOID:0081135,agammaglobulinemia 2,DOID:0081135,agammaglobulinemia 2
1,DOID:0081136,agammaglobulinemia 1,DOID:0081136,agammaglobulinemia 1
1,DOID:0081137,agammaglobulinemia 3,DOID:0081137,agammaglobulinemia 3
1,DOID:0081138,agammaglobulinemia 6,DOID:0081138,agammaglobulinemia 6
1,DOID:0081139,agammaglobulinemia 7,DOID:0081139,agammaglobulinemia 7
1,DOID:0081140,agammaglobulinemia 8A,DOID:0081140,agammaglobulinemia 8A
1,DOID:0081141,agammaglobulinemia 9,DOID:0081141,agammaglobulinemia 9
1,DOID:0081142,agammaglobulinemia 10,DOID:0081142,agammaglobulinemia 10
1,DOID:0081143,agammaglobulinemia 8B,DOID:0081143,agammaglobulinemia 8B
1,DOID:0081144,common variable immunodeficiency 1,DOID:0081144,Inmunodeficiencia variable común 1
1,DOID:0081145,common variable immunodeficiency 2,DOID:0081145,Inmunodeficiencia variable común 2
1,DOID:0081146,common variable immunodeficiency 3,DOID:0081146,Inmunodeficiencia variable común 3
1,DOID:0081147,common variable immunodeficiency 4,DOID:0081147,inmunodeficiencia variable común 4
1,DOID:0081148,common variable immunodeficiency 5,DOID:0081148,Inmunodeficiencia variable común 5
1,DOID:0081149,common variable immunodeficiency 6,DOID:0081149,Inmunodeficiencia variable común 6
1,DOID:0081150,common variable immunodeficiency 7,DOID:0081150,Inmunodeficiencia variable común 7
1,DOID:0081151,common variable immunodeficiency 8,DOID:0081151,Inmunodeficiencia variable común 8
1,DOID:0081152,common variable immunodeficiency 10,DOID:0081152,Inmunodeficiencia variable común 10
1,DOID:0081153,common variable immunodeficiency 11,DOID:0081153,Inmunodeficiencia variable común 11
1,DOID:0081154,common variable immunodeficiency 12,DOID:0081154,Inmunodeficiencia variable común 12
1,DOID:0081155,common variable immunodeficiency 13,DOID:0081155,inmunodeficiencia variable común 13
1,DOID:0081156,common variable immunodeficiency 14,DOID:0081156,Inmunodeficiencia variable común 14
1,DOID:0081157,dilated cardiomyopathy 1LL,DOID:0081157,cardiomiopatía dilatada 1LL
1,DOID:0081158,dilated cardiomyopathy 1MM,DOID:0081158,Miocardiopatía dilatada 1MM
1,DOID:0081159,dilated cardiomyopathy 2C,DOID:0081159,miocardiopatía dilatada 2C
1,DOID:0081160,dilated cardiomyopathy 2D,DOID:0081160,Miocardiopatía dilatada 2D
1,DOID:0081161,dilated cardiomyopathy 2E,DOID:0081161,Miocardiopatía dilatada 2E
1,DOID:0081162,dilated cardiomyopathy 2F,DOID:0081162,Miocardiopatía dilatada 2F
1,DOID:0081163,dilated cardiomyopathy 2G,DOID:0081163,Miocardiopatía dilatada 2G
1,DOID:0081164,dilated cardiomyopathy 3B,DOID:0081164,cardiomiopatía dilatada 3B
1,DOID:0081168,HMG-CoA synthase 2 deficiency,DOID:0081168,Deficiencia de HMG-CoA sintasa 2
1,DOID:0081175,"short stature, hearing loss, retinitis pigmentosa, and distinctive facies",DOID:0081175,"estatura baja, pérdida de audición, retinosis pigmentaria y facies distintiva"
1,DOID:0081176,"hypotonia, ataxia, and delayed development syndrome",DOID:0081176,"Síndrome de hipotonía, ataxia y retraso del desarrollo"
1,DOID:0081177,autosomal recessive intellectual developmental disorder 1,DOID:0081177,trastorno autosómico recesivo del desarrollo intelectual 1
1,DOID:0081178,autosomal recessive intellectual developmental disorder 2,DOID:0081178,trastorno autosómico recesivo del desarrollo intelectual 2
1,DOID:0081179,autosomal recessive intellectual developmental disorder 3,DOID:0081179,Trastorno autosómico recesivo del desarrollo intelectual 3
1,DOID:0081180,autosomal recessive intellectual developmental disorder 12,DOID:0081180,Trastorno autosómico recesivo del desarrollo intelectual 12
1,DOID:0081181,autosomal recessive intellectual developmental disorder 5,DOID:0081181,trastorno autosómico recesivo del desarrollo intelectual 5
1,DOID:0081182,autosomal recessive intellectual developmental disorder 6,DOID:0081182,trastorno autosómico recesivo del desarrollo intelectual 6
1,DOID:0081183,autosomal recessive intellectual developmental disorder 7,DOID:0081183,Trastorno autosómico recesivo del desarrollo intelectual 7
1,DOID:0081184,autosomal recessive intellectual developmental disorder 9/26,DOID:0081184,trastorno del desarrollo intelectual autosómico recesivo 9/26
1,DOID:0081185,autosomal recessive intellectual developmental disorder 10/20,DOID:0081185,trastorno autosómico recesivo del desarrollo intelectual 10/20
1,DOID:0081186,autosomal recessive intellectual developmental disorder 11,DOID:0081186,trastorno autosómico recesivo del desarrollo intelectual 11
1,DOID:0081187,autosomal recessive intellectual developmental disorder 4,DOID:0081187,trastorno autosómico recesivo del desarrollo intelectual 4
1,DOID:0081188,autosomal recessive intellectual developmental disorder 14,DOID:0081188,trastorno autosómico recesivo del desarrollo intelectual 14
1,DOID:0081189,autosomal recessive intellectual developmental disorder 16,DOID:0081189,trastorno autosómico recesivo del desarrollo intelectual 16
1,DOID:0081190,autosomal recessive intellectual developmental disorder 18,DOID:0081190,Trastorno autosómico recesivo del desarrollo intelectual 18
1,DOID:0081191,autosomal recessive intellectual developmental disorder 31,DOID:0081191,trastorno autosómico recesivo del desarrollo intelectual 31
1,DOID:0081192,autosomal recessive intellectual developmental disorder 29,DOID:0081192,trastorno autosómico recesivo del desarrollo intelectual 29
1,DOID:0081193,autosomal recessive intellectual developmental disorder 27,DOID:0081193,trastorno del desarrollo intelectual autosómico recesivo 27
1,DOID:0081194,autosomal recessive intellectual developmental disorder 33,DOID:0081194,trastorno autosómico recesivo del desarrollo intelectual 33
1,DOID:0081195,autosomal recessive intellectual developmental disorder 30,DOID:0081195,trastorno autosómico recesivo del desarrollo intelectual 30
1,DOID:0081196,autosomal recessive intellectual developmental disorder 23,DOID:0081196,trastorno autosómico recesivo del desarrollo intelectual 23
1,DOID:0081197,autosomal recessive intellectual developmental disorder 24,DOID:0081197,trastorno autosómico recesivo del desarrollo intelectual 24
1,DOID:0081198,autosomal recessive intellectual developmental disorder 25,DOID:0081198,trastorno autosómico recesivo del desarrollo intelectual 25
1,DOID:0081199,autosomal recessive intellectual developmental disorder 28,DOID:0081199,trastorno autosómico recesivo del desarrollo intelectual 28
1,DOID:0081200,autosomal recessive intellectual developmental disorder 34,DOID:0081200,Trastorno autosómico recesivo del desarrollo intelectual 34
1,DOID:0081201,autosomal recessive intellectual developmental disorder 35,DOID:0081201,trastorno autosómico recesivo del desarrollo intelectual 35
1,DOID:0081202,autosomal recessive intellectual developmental disorder 37,DOID:0081202,trastorno autosómico recesivo del desarrollo intelectual 37
1,DOID:0081203,autosomal recessive intellectual developmental disorder 38,DOID:0081203,trastorno autosómico recesivo del desarrollo intelectual 38
1,DOID:0081204,autosomal recessive intellectual developmental disorder 39,DOID:0081204,trastorno autosómico recesivo del desarrollo intelectual 39
1,DOID:0081205,autosomal recessive intellectual developmental disorder 40,DOID:0081205,trastorno autosómico recesivo del desarrollo intelectual 40
1,DOID:0081206,autosomal recessive intellectual developmental disorder 41,DOID:0081206,Trastorno autosómico recesivo del desarrollo intelectual 41
1,DOID:0081207,autosomal recessive intellectual developmental disorder 43,DOID:0081207,trastorno del desarrollo intelectual autosómico recesivo 43
1,DOID:0081208,autosomal recessive intellectual developmental disorder 44,DOID:0081208,trastorno del desarrollo intelectual autosómico recesivo 44
1,DOID:0081209,autosomal recessive intellectual developmental disorder 45,DOID:0081209,trastorno autosómico recesivo del desarrollo intelectual 45
1,DOID:0081210,autosomal recessive intellectual developmental disorder 46,DOID:0081210,trastorno autosómico recesivo del desarrollo intelectual 46
1,DOID:0081211,autosomal recessive intellectual developmental disorder 47,DOID:0081211,trastorno autosómico recesivo del desarrollo intelectual 47
1,DOID:0081212,autosomal recessive intellectual developmental disorder 48,DOID:0081212,trastorno autosómico recesivo del desarrollo intelectual 48
1,DOID:0081213,autosomal recessive intellectual developmental disorder 50,DOID:0081213,trastorno autosómico recesivo del desarrollo intelectual 50
1,DOID:0081214,autosomal recessive intellectual developmental disorder 51,DOID:0081214,Trastorno autosómico recesivo del desarrollo intelectual 51
1,DOID:0081215,autosomal recessive intellectual developmental disorder 52,DOID:0081215,trastorno autosómico recesivo del desarrollo intelectual 52
1,DOID:0081216,autosomal recessive intellectual developmental disorder 54,DOID:0081216,trastorno autosómico recesivo del desarrollo intelectual 54
1,DOID:0081217,autosomal recessive intellectual developmental disorder 56,DOID:0081217,trastorno autosómico recesivo del desarrollo intelectual 56
1,DOID:0081218,autosomal recessive intellectual developmental disorder 74,DOID:0081218,trastorno del desarrollo intelectual autosómico recesivo 74
1,DOID:0081219,autosomal recessive intellectual developmental disorder 57,DOID:0081219,trastorno autosómico recesivo del desarrollo intelectual 57
1,DOID:0081220,autosomal recessive intellectual developmental disorder 58,DOID:0081220,Trastorno autosómico recesivo del desarrollo intelectual 58
1,DOID:0081221,autosomal recessive intellectual developmental disorder 59,DOID:0081221,trastorno autosómico recesivo del desarrollo intelectual 59
1,DOID:0081222,autosomal recessive intellectual developmental disorder 60,DOID:0081222,trastorno autosómico recesivo del desarrollo intelectual 60
1,DOID:0081223,glycosylphosphatidylinositol biosynthesis defect 16,DOID:0081223,Defecto de la biosíntesis del glucosilfosfatidilinositol 16
1,DOID:0081224,autosomal recessive intellectual developmental disorder 63,DOID:0081224,trastorno autosómico recesivo del desarrollo intelectual 63
1,DOID:0081225,autosomal recessive intellectual developmental disorder 64,DOID:0081225,trastorno autosómico recesivo del desarrollo intelectual 64
1,DOID:0081226,autosomal recessive intellectual developmental disorder 65,DOID:0081226,trastorno autosómico recesivo del desarrollo intelectual 65
1,DOID:0081227,autosomal recessive intellectual developmental disorder 66,DOID:0081227,trastorno del desarrollo intelectual autosómico recesivo 66
1,DOID:0081228,autosomal recessive intellectual developmental disorder 67,DOID:0081228,Trastorno autosómico recesivo del desarrollo intelectual 67
1,DOID:0081229,autosomal recessive intellectual developmental disorder 68,DOID:0081229,trastorno autosómico recesivo del desarrollo intelectual 68
1,DOID:0081230,autosomal recessive intellectual developmental disorder 69,DOID:0081230,trastorno autosómico recesivo del desarrollo intelectual 69
1,DOID:0081231,autosomal recessive intellectual developmental disorder 70,DOID:0081231,Trastorno autosómico recesivo del desarrollo intelectual 70
1,DOID:0081232,autosomal recessive intellectual developmental disorder 71,DOID:0081232,trastorno autosómico recesivo del desarrollo intelectual 71
1,DOID:0081233,autosomal recessive intellectual developmental disorder 73,DOID:0081233,trastorno del desarrollo intelectual autosómico recesivo 73
1,DOID:0081234,autosomal recessive intellectual developmental disorder 75,DOID:0081234,trastorno autosómico recesivo del desarrollo intelectual 75
1,DOID:0081235,autosomal recessive intellectual developmental disorder 76,DOID:0081235,trastorno autosómico recesivo del desarrollo intelectual 76
1,DOID:0081236,autosomal recessive intellectual developmental disorder 77,DOID:0081236,trastorno autosómico recesivo del desarrollo intelectual 77
1,DOID:0081237,acromesomelic dysplasia-3,DOID:0081237,displasia acromesomélica-3
1,DOID:0081238,acromesomelic dysplasia-4,DOID:0081238,Displasia acromesomélica-4
1,DOID:0081239,injection anthrax,DOID:0081239,carbunco por inyección
1,DOID:0081240,peroxisome biogenesis disorder 1B,DOID:0081240,Trastorno de la biogénesis peroxisomal 1B
1,DOID:0081241,peroxisome biogenesis disorder 3B,DOID:0081241,Trastorno de la biogénesis peroxisomal 3B
1,DOID:0081242,"autoimmune interstitial lung, joint, and kidney disease",DOID:0081242,"enfermedad pulmonar intersticial autoinmune, articular y renal"
1,DOID:0081243,rhizomelic chondrodysplasia punctate type 4,DOID:0081243,Condrodisplasia rizomélica puntiforme tipo 4
1,DOID:0081244,pituitary blastoma,DOID:0081244,blastoma hipofisario
1,DOID:0081245,cauda equina neuroendocrine tumor,DOID:0081245,Tumor neuroendocrino de la cauda equina
1,DOID:0081246,teratoma with somatic-type malignancy,DOID:0081246,teratoma con malignidad de tipo somático
1,DOID:0081247,dedifferentiated chondrosarcoma,DOID:0081247,Condrosarcoma desdiferenciado
1,DOID:0081248,pineocytoma,DOID:0081248,pineocitoma
1,DOID:0081249,EWSR1-negative small round cell tumor,DOID:0081249,Tumor de células pequeñas redondas EWSR1 negativo
1,DOID:0081250,CIC-rearranged sarcoma,DOID:0081250,Sarcoma con reordenamiento CIC
NA,DOID:0081251,papillary tumor of the pineal region,DOID:0081251,NA
NA,DOID:0081252,"supratentorial ependymoma, ZFTA fusion–positive",DOID:0081252,NA
NA,DOID:0081253,"supratentorial ependymoma, YAP1 fusion–positive",DOID:0081253,NA
NA,DOID:0081254,posterior fossa group A ependymoma,DOID:0081254,NA
NA,DOID:0081255,posterior fossa group B ependymoma,DOID:0081255,NA
2,DOID:0081256,"astrocytoma, IDH-mutant, grade 2",DOID:0081256,"Astrocitoma, mutante IDH, grado 2"
2,DOID:0081257,"astrocytoma, IDH-mutant, grade 3",DOID:0081257,"Astrocitoma, mutante IDH, grado 3"
2,DOID:0081259,desmoplastic infantile ganglioglioma / desmoplastic infantile astrocytoma,DOID:0081259,Ganglioglioma desmoplásico infantil / astrocitoma desmoplásico infantil
2,DOID:0081260,"diffuse low-grade glioma, MAPK pathway–altered",DOID:0081260,"Glioma difuso de bajo grado, alteración de la vía MAPK"
2,DOID:0081261,angiocentric glioma,DOID:0081261,Glioma angiocéntrico
2,DOID:0081262,"intellectual developmental disorder with hypotonia, impaired speech, and dysmorphic facies",DOID:0081262,"Trastorno del desarrollo intelectual con hipotonía, alteración del habla y rasgos dismórficos"
2,DOID:0081263,"neurodevelopmental disorder with microcephaly, cataracts, and renal abnormalities",DOID:0081263,"Trastorno del neurodesarrollo con microcefalia, cataratas y anomalías renales"
2,DOID:0081264,"developmental delay, hypotrophy, and dysmorphic features without Moebius syndrome",DOID:0081264,"retraso del desarrollo, hipotrofia y rasgos dismórficos sin síndrome de Moebius"
2,DOID:0081265,"intellectual developmental disorder with abnormal behavior, microcephaly, and short stature",DOID:0081265,"Trastorno del desarrollo intelectual con comportamiento anómalo, microcefalia y baja estatura"
2,DOID:0081267,graft-versus-host disease,DOID:0081267,enfermedad de injerto contra huésped
2,DOID:0081268,pulmonary venoocclusive disease 1,DOID:0081268,Enfermedad venooclusiva pulmonar 1
2,DOID:0081269,pulmonary venoocclusive disease 2,DOID:0081269,enfermedad venooclusiva pulmonar 2
2,DOID:0081270,Smith-McCort dysplasia 1,DOID:0081270,Displasia de Smith-McCort 1
2,DOID:0081271,Smith-McCort dysplasia 2,DOID:0081271,Displasia de Smith-McCort 2
2,DOID:0081272,Sandestig-Stefanova syndrome,DOID:0081272,Síndrome de Sandestig-Stefanova
2,DOID:0081273,Siddiqi syndrome,DOID:0081273,Síndrome de Siddiqi
2,DOID:0081274,peroxisome biogenesis disorder 14B,DOID:0081274,trastorno de la biogénesis peroxisomal 14B
2,DOID:0081275,neurodevelopmental disorder with eye movement abnormalities and ataxia,DOID:0081275,Trastorno del neurodesarrollo con anomalías del movimiento ocular y ataxia
2,DOID:0081276,"cerebellar atrophy, visual impairment, and psychomotor retardation",DOID:0081276,"atrofia cerebelosa, deficiencia visual y retraso psicomotor"
2,DOID:0081277,"diffuse pediatric-type high-grade glioma, H3-wildtype and IDH-wildtype",DOID:0081277,"glioma difuso de alto grado de tipo pediátrico, tipo H3-salvaje y tipo IDH-salvaje"
2,DOID:0081278,infant-type hemispheric glioma,DOID:0081278,Glioma hemisférico de tipo infantil
2,DOID:0081279,"diffuse astrocytoma, MYB- or MYBL1-altered",DOID:0081279,"Astrocitoma difuso, alterado en MYB o MYBL1"
2,DOID:0081280,pituicytoma,DOID:0081280,pituicitoma
2,DOID:0081281,"oligodendroglioma, IDH-mutant and 1p/19q-codeleted grade 2",DOID:0081281,"oligodendroglioma, mutante IDH y 1p/19q codificado de grado 2"
2,DOID:0081282,"oligodendroglioma, IDH-mutant and 1p/19q-codeleted, grade 3",DOID:0081282,"oligodendroglioma, mutante IDH y 1p/19q-codificado, grado 3"
2,DOID:0081283,papillary glioneuronal tumor,DOID:0081283,tumor glioneuronal papilar
2,DOID:0081284,rosette-forming glioneuronal tumor,DOID:0081284,tumor glioneuronal formador de rosetas
2,DOID:0081285,myxoid glioneuronal tumor,DOID:0081285,Tumor glioneuronal mixoide
2,DOID:0081286,embryonal tumor with multilayered rosettes,DOID:0081286,Tumor embrionario con rosetas multicapa
2,DOID:0081287,white sponge nevus 1,DOID:0081287,Nevus esponjoso blanco 1
2,DOID:0081288,white sponge nevus 2,DOID:0081288,nevus en esponja blanca 2
1,DOID:0081289,Antley-Bixler syndrome,DOID:0081289,síndrome de Antley-Bixler
2,DOID:0081290,Antley-Bixler syndrome without disordered steroidogenesis,DOID:0081290,Síndrome de Antley-Bixler sin esteroidogénesis alterada
2,DOID:0081291,chronic traumatic encephalopathy,DOID:0081291,encefalopatía traumática crónica
2,DOID:0081292,traumatic brain injury,DOID:0081292,traumatismo craneoencefálico
2,DOID:0081293,salivary gland mucoepidermoid carcinoma,DOID:0081293,carcinoma mucoepidermoide de glándula salival
2,DOID:0081294,neuronal intranuclear inclusion disease,DOID:0081294,enfermedad de inclusión intranuclear neuronal
2,DOID:0081295,essential tremor 6,DOID:0081295,Temblor esencial 6
2,DOID:0081296,oculopharyngodistal myopathy,DOID:0081296,miopatía oculofaringodistal
2,DOID:0081297,oculopharyngodistal myopathy 1,DOID:0081297,miopatía oculofaringodistal 1
2,DOID:0081298,oculopharyngodistal myopathy 2,DOID:0081298,miopatía oculofaringodistal 2
2,DOID:0081299,oculopharyngodistal myopathy 3,DOID:0081299,miopatía oculofaringodistal 3
2,DOID:0081300,oculopharyngodistal myopathy 4,DOID:0081300,miopatía oculofaringodistal 4
2,DOID:0081301,intellectual developmental disorder with ocular anomalies and distinctive facial features,DOID:0081301,Trastorno del desarrollo intelectual con anomalías oculares y rasgos faciales característicos
2,DOID:0081302,diffuse leptomeningeal glioneuronal tumor,DOID:0081302,Tumor glioneuronal leptomeníngeo difuso
2,DOID:0081303,multinodular and vacuolating neuronal tumor,DOID:0081303,Tumor neuronal multinodular y vacuolado
2,DOID:0081304,high-grade astrocytoma with piloid features,DOID:0081304,Astrocitoma de alto grado con rasgos piloides
2,DOID:0081305,polymorphous low grade neuroepithelial tumour of the young,DOID:0081305,Tumor neuroepitelial polimorfo de bajo grado de la juventud
2,DOID:0081306,spindle cell oncocytoma,DOID:0081306,oncocitoma de células fusiformes
2,DOID:0081307,lymphomatoid granulomatosis,DOID:0081307,Granulomatosis linfomatoide
2,DOID:0081308,grade I lymphomatoid granulomatosis,DOID:0081308,Granulomatosis linfomatoide de grado I
2,DOID:0081309,grade II lymphomatoid granulomatosis,DOID:0081309,granulomatosis linfomatoide de grado II
2,DOID:0081310,grade III lymphomatoid granulomatosis,DOID:0081310,Granulomatosis linfomatoide de grado III
2,DOID:0081311,intravascular large B-cell lymphoma,DOID:0081311,Linfoma intravascular de células B grandes
1,DOID:0081312,T-cell non-Hodgkin lymphoma,DOID:0081312,linfoma no Hodgkin de células T
2,DOID:0081313,primary diffuse large B-cell lymphoma of the central nervous system,DOID:0081313,linfoma primario difuso de células B grandes del sistema nervioso central
2,DOID:0081314,extraventricular neurocytoma,DOID:0081314,neurocitoma extraventricular
2,DOID:0081315,central nervous system tumor with BCOR internal tandem duplication,DOID:0081315,tumor del sistema nervioso central con duplicación interna en tándem BCOR
2,DOID:0081316,"primary intracranial sarcoma, DICER1-mutant",DOID:0081316,"Sarcoma intracraneal primario, mutante para DICER1"
2,DOID:0081317,multiple synostoses syndrome 1,DOID:0081317,Síndrome de sinostosis múltiple 1
2,DOID:0081318,multiple synostoses syndrome 2,DOID:0081318,Síndrome de sinostosis múltiple 2
1,DOID:0081319,multiple synostoses syndrome 3,DOID:0081319,síndrome de sinostosis múltiple 3
1,DOID:0081320,multiple synostoses syndrome 4,DOID:0081320,síndrome de sinostosis múltiple 4
1,DOID:0081321,"contractures, pterygia, and spondylocarpotarsal fusion syndrome 1A",DOID:0081321,"síndrome de contracturas, pterigia y fusión espondilocarpotarsal 1A"
1,DOID:0081322,"contractures, pterygia, and spondylocarpotarsal fusion syndrome 1B",DOID:0081322,"Síndrome de contracturas, pterigia y fusión espondilocarpotarsal 1B"
1,DOID:0081323,breast implant illness,DOID:0081323,enfermedad de los implantes mamarios
1,DOID:0081324,"neurodevelopmental disorder with poor growth, spastic tetraplegia, and hearing loss",DOID:0081324,"Trastorno del neurodesarrollo con crecimiento deficiente, tetraplejia espástica y pérdida de audición"
1,DOID:0081325,developmental and epileptic encephalopathy 94,DOID:0081325,encefalopatía epiléptica y del desarrollo 94
1,DOID:0081326,oxoglutarate dehydrogenase deficiency,DOID:0081326,deficiencia de oxoglutarato deshidrogenasa
1,DOID:0081327,"neurodevelopmental disorder with regression, abnormal movements, loss of speech, and seizures",DOID:0081327,"Trastorno del neurodesarrollo con regresión, movimientos anormales, pérdida del habla y convulsiones"
1,DOID:0081328,familial hyperinsulinemic hypoglycemia 8,DOID:0081328,hipoglucemia hiperinsulinémica familiar 8
1,DOID:0081329,glycogen storage disease I,DOID:0081329,Enfermedad por almacenamiento de glucógeno I
1,DOID:0081330,glycogen storage disease Ib,DOID:0081330,Enfermedad por almacenamiento de glucógeno Ib
1,DOID:0081331,glycogen storage disease Ic,DOID:0081331,Enfermedad por almacenamiento de glucógeno Ic
1,DOID:0081332,progeroid syndrome,DOID:0081332,síndrome progeroide
1,DOID:0081333,Wiedemann-Rautenstrauch syndrome,DOID:0081333,Síndrome de Wiedemann-Rautenstrauch
1,DOID:0081334,Nestor-Guillermo progeria syndrome,DOID:0081334,Síndrome de progeria Nestor-Guillermo
1,DOID:0081337,congenital myopathy,DOID:0081337,miopatía congénita
1,DOID:0081338,myofibrillar myopathy 11,DOID:0081338,miopatía miofibrilar 11
1,DOID:0081339,congenital myopathy 2B,DOID:0081339,miopatía congénita 2B
1,DOID:0081340,congenital myopathy 2C,DOID:0081340,Miopatía congénita 2C
1,DOID:0081341,congenital myopathy 5,DOID:0081341,miopatía congénita 5
1,DOID:0081342,congenital myopathy 8,DOID:0081342,miopatía congénita 8
1,DOID:0081343,congenital myopathy 9A,DOID:0081343,miopatía congénita 9A
1,DOID:0081344,congenital myopathy 9B,DOID:0081344,miopatía congénita 9B
1,DOID:0081345,congenital myopathy 10B,DOID:0081345,miopatia congénita 10B
1,DOID:0081346,congenital myopathy 14,DOID:0081346,miopatía congénita 14
1,DOID:0081347,congenital myopathy 15,DOID:0081347,miopatía congénita 15
1,DOID:0081348,congenital myopathy 16,DOID:0081348,miopatía congénita 16
1,DOID:0081349,congenital myopathy 17,DOID:0081349,miopatía congénita 17
1,DOID:0081350,congenital myopathy 18,DOID:0081350,miopatía congénita 18
1,DOID:0081351,congenital myopathy 19,DOID:0081351,miopatía congénita 19
1,DOID:0081352,congenital myopathy 20,DOID:0081352,miopatía congénita 20
1,DOID:0081353,congenital myopathy 21,DOID:0081353,miopatía congénita 21
1,DOID:0081354,congenital myopathy 22A,DOID:0081354,Miopatía congénita 22A
1,DOID:0081355,congenital myopathy 22B,DOID:0081355,miopatía congénita 22B
1,DOID:0081356,"spinal muscular atrophy, Jokela type",DOID:0081356,"Atrofia muscular espinal, tipo Jokela"
1,DOID:0081357,isolated mitochondrial myopathy,DOID:0081357,miopatía mitocondrial aislada
1,DOID:0081358,epidermolytic hyperkeratosis 1,DOID:0081358,Hiperqueratosis epidermolítica 1
1,DOID:0081359,epidermolytic hyperkeratosis 2,DOID:0081359,hiperqueratosis epidermolítica 2
1,DOID:0081360,spastic quadriplegic cerebral palsy 2,DOID:0081360,Parálisis cerebral tetrapléjica espástica 2
1,DOID:0081361,spastic quadriplegic cerebral palsy 3,DOID:0081361,Parálisis cerebral tetrapléjica espástica 3
1,DOID:0081362,Pierpont syndrome,DOID:0081362,Síndrome de Pierpont
1,DOID:0081363,distal myopathy with rimmed vacuoles,DOID:0081363,miopatía distal con vacuolas ribeteadas
1,DOID:0081364,"neurodegeneration with ataxia, dystonia, and gaze palsy, childhood-onset",DOID:0081364,"neurodegeneración con ataxia, distonía y parálisis de la mirada, de inicio en la infancia"
1,DOID:0081365,Paget's disease of bone 2,DOID:0081365,Enfermedad de Paget ósea 2
1,DOID:0081366,Paget's disease of bone 3,DOID:0081366,Enfermedad de Paget ósea 3
1,DOID:0081367,Paget's disease of bone 4,DOID:0081367,Enfermedad de Paget ósea 4
1,DOID:0081368,Paget's disease of bone 5,DOID:0081368,Enfermedad de Paget ósea 5
1,DOID:0081369,Paget's disease of bone 6,DOID:0081369,Enfermedad de Paget ósea 6
1,DOID:0081370,LADD syndrome,DOID:0081370,síndrome LADD
1,DOID:0081371,lacrimoauriculodentodigital syndrome 2,DOID:0081371,síndrome lacrimoauriculodentodigital 2
1,DOID:0081372,lacrimoauriculodentodigital syndrome 3,DOID:0081372,síndrome lacrimoauriculodentodigital 3
1,DOID:0081373,disabling pansclerotic morphea,DOID:0081373,morfea pansclerótica incapacitante
1,DOID:0081374,nemaline myopathy 5B,DOID:0081374,miopatía nemalínica 5B
1,DOID:0081375,nemaline myopathy 5C,DOID:0081375,miopatía nemalínica 5C
1,DOID:0081377,"COX deficiency, benign infantile mitochondrial myopathy",DOID:0081377,"deficiencia de COX, miopatía mitocondrial infantil benigna"
1,DOID:0081378,amyotrophic lateral sclerosis type 24,DOID:0081378,esclerosis lateral amiotrófica tipo 24
1,DOID:0081379,amyotrophic lateral sclerosis type 25,DOID:0081379,esclerosis lateral amiotrófica tipo 25
1,DOID:0081380,amyotrophic lateral sclerosis type 26,DOID:0081380,esclerosis lateral amiotrófica tipo 26
1,DOID:0081381,juvenile amyotrophic lateral sclerosis type 27,DOID:0081381,esclerosis lateral amiotrófica juvenil tipo 27
1,DOID:0081382,amyotrophic lateral sclerosis type 28,DOID:0081382,esclerosis lateral amiotrófica tipo 28
1,DOID:0081383,ataxia-oculomotor apraxia type 4,DOID:0081383,ataxia-oculomotora apraxia tipo 4
1,DOID:0081384,ataxia-telangiectasia-like disorder-1,DOID:0081384,ataxia-telangiectasia-like disorder-1
1,DOID:0081385,ataxia-telangiectasia-like disorder-2,DOID:0081385,trastorno similar a la ataxia-telangiectasia
1,DOID:0081386,TANGO2-related metabolic encephalopathy and arrythmias,DOID:0081386,Encefalopatía metabólica y arritmias relacionadas con TANGO2
1,DOID:0081387,"neurodevelopmental disorder with motor and language delay, ocular defects, and brain abnormalities",DOID:0081387,"Trastorno del neurodesarrollo con retraso motor y del lenguaje, defectos oculares y anomalías cerebrales"
1,DOID:0081388,primary progressive aphasia,DOID:0081388,afasia primaria progresiva
1,DOID:0081389,logopenic progressive aphasia,DOID:0081389,Afasia progresiva logopénica
1,DOID:0081390,progressive non-fluent aphasia,DOID:0081390,afasia progresiva no fluente
1,DOID:0081391,semantic dementia,DOID:0081391,demencia semántica
1,DOID:0081392,corticobasal degeneration syndrome,DOID:0081392,Síndrome de degeneración corticobasal
1,DOID:0081393,organophosphate-induced delayed polyneuropathy,DOID:0081393,Polineuropatía retardada inducida por organofosforados
1,DOID:0081394,Caroli syndrome,DOID:0081394,Síndrome de Caroli
1,DOID:0081395,Harel-Yoon syndrome,DOID:0081395,Síndrome de Harel-Yoon
1,DOID:0081396,"neonatal lethal pontocerebellar hypoplasia, hypotonia, and respiratory insufficiency syndrome",DOID:0081396,"Síndrome neonatal letal de hipoplasia pontocerebelosa, hipotonía e insuficiencia respiratoria"
1,DOID:0081397,Vissers-Bodmer syndrome,DOID:0081397,Síndrome de Vissers-Bodmer
1,DOID:0081399,autosomal dominant distal hereditary motor neuronopathy 10,DOID:0081399,Neuronopatía motora hereditaria distal autosómica dominante 10
1,DOID:0081400,autosomal dominant distal hereditary motor neuronopathy 11,DOID:0081400,neuronopatía motora hereditaria distal autosómica dominante 11
1,DOID:0081401,autosomal dominant distal hereditary motor neuronopathy 13,DOID:0081401,neuronopatía motora hereditaria distal autosómica dominante 13
1,DOID:0081402,sarcoma with BCOR genetic alterations,DOID:0081402,Sarcoma con alteraciones genéticas BCOR
1,DOID:0081403,BCOR ITD sarcoma,DOID:0081403,Sarcoma BCOR ITD
1,DOID:0081404,BCOR-CCNB3 sarcoma,DOID:0081404,Sarcoma BCOR-CCNB3
1,DOID:0081405,childhood sarcoma with BCOR genetic alterations,DOID:0081405,sarcoma infantil con alteraciones genéticas BCOR
1,DOID:0081406,round cell sarcoma with EWSR1-non-ETS fusion,DOID:0081406,Sarcoma de células redondas con fusión EWSR1-no ETS
1,DOID:0081407,childhood round cell sarcoma with EWSR1-non-ETS fusion,DOID:0081407,childhood round cell sarcoma with EWSR1-non-ETS fusion
1,DOID:0081408,round cell sarcoma with EWSR1-NFATC2 gene fusion,DOID:0081408,sarcoma de células redondas con fusión génica EWSR1-NFATC2
1,DOID:0081409,round cell sarcoma with EWSR1-PATZ1 gene fusion,DOID:0081409,sarcoma de células redondas con fusión génica EWSR1-PATZ1
1,DOID:0081410,round cell sarcoma with FUS-NFATC2 gene fusion,DOID:0081410,sarcoma de células redondas con fusión génica FUS-NFATC2
1,DOID:0081411,B acute lymphoblastic leukemia with PAX5 P80R mutation,DOID:0081411,B Leucemia linfoblástica aguda con mutación PAX5 P80R
1,DOID:0081412,B acute lymphoblastic leukemia with DUX4 rearrangement,DOID:0081412,Leucemia linfoblástica aguda B con reordenamiento DUX4
1,DOID:0081413,renal cell carcinoma with MiT translocations,DOID:0081413,Carcinoma de células renales con translocaciones MiT
1,DOID:0081414,TFEB-rearranged renal cell carcinoma,DOID:0081414,Carcinoma de células renales con reordenamiento TFEB
1,DOID:0081415,TFE3-rearranged renal cell carcinoma,DOID:0081415,Carcinoma de células renales con reordenación TFE3
1,DOID:0081416,childhood renal cell carcinoma with MiT translocations,DOID:0081416,Carcinoma de células renales infantil con translocaciones MiT
1,DOID:0081417,poorly differentiated chordoma,DOID:0081417,Cordoma poco diferenciado
1,DOID:0081418,anaplastic sarcoma of the kidney,DOID:0081418,sarcoma anaplásico del riñón
1,DOID:0081419,childhood-onset dystonia with optic atrophy and basal ganglia abnormalities,DOID:0081419,Distonía de inicio en la infancia con atrofia óptica y anomalías de los ganglios basales
1,DOID:0081420,familial focal epilepsy with variable foci,DOID:0081420,epilepsia focal familiar con focos variables
1,DOID:0081421,familial focal epilepsy with variable foci 1,DOID:0081421,Epilepsia focal familiar con focos variables 1
1,DOID:0081422,familial focal epilepsy with variable foci 2,DOID:0081422,epilepsia focal familiar con focos variables 2
1,DOID:0081423,familial focal epilepsy with variable foci 3,DOID:0081423,epilepsia focal familiar con focos variables 3
1,DOID:0081424,familial focal epilepsy with variable foci 4,DOID:0081424,epilepsia focal familiar con focos variables 4
1,DOID:0081425,autosomal recessive distal hereditary motor neuronopathy 6,DOID:0081425,Neuronopatía motora hereditaria distal autosómica recesiva 6
1,DOID:0081426,autosomal recessive distal hereditary motor neuronopathy 7,DOID:0081426,Neuronopatía motora hereditaria distal autosómica recesiva 7
1,DOID:0081427,autosomal recessive distal hereditary motor neuronopathy 8,DOID:0081427,Neuronopatía motora hereditaria distal autosómica recesiva 8
1,DOID:0081428,autosomal recessive distal hereditary motor neuronopathy 9,DOID:0081428,neuronopatía motora hereditaria distal autosómica recesiva 9
1,DOID:0081429,autosomal recessive distal hereditary motor neuronopathy 10,DOID:0081429,Neuronopatía motora hereditaria distal autosómica recesiva 10
1,DOID:0081430,"intellectual developmental disorder with autistic features and language delay, with or without seizures",DOID:0081430,"Trastorno del desarrollo intelectual con rasgos autistas y retraso del lenguaje, con o sin convulsiones"
1,DOID:0090001,Fraser syndrome,DOID:0090001,Síndrome de Fraser
1,DOID:0090002,Tietz syndrome,DOID:0090002,Síndrome de Tietz
1,DOID:0090003,agenesis of the corpus callosum with peripheral neuropathy,DOID:0090003,agenesia del cuerpo calloso con neuropatía periférica
1,DOID:0090004,progressive pseudorheumatoid arthropathy of childhood,DOID:0090004,artropatía pseudorreumatoide progresiva de la infancia
1,DOID:0090005,Schwartz-Jampel syndrome 1,DOID:0090005,Síndrome de Schwartz-Jampel 1
1,DOID:0090006,renal coloboma syndrome,DOID:0090006,Síndrome de coloboma renal
1,DOID:0090007,immunodeficiency-centromeric instability-facial anomalies syndrome,DOID:0090007,Síndrome de inmunodeficiencia-inestabilidad centromérica-anomalías faciales
1,DOID:0090008,immunodeficiency-centromeric instability-facial anomalies syndrome 1,DOID:0090008,iSíndrome de inmunodeficiencia-inestabilidad centromérica-anomalías faciales 1
1,DOID:0090009,immunodeficiency-centromeric instability-facial anomalies syndrome 2,DOID:0090009,síndrome de inmunodeficiencia-inestabilidad centromérica-anomalías faciales 2
1,DOID:0090010,immunodeficiency-centromeric instability-facial anomalies syndrome 3,DOID:0090010,síndrome de inmunodeficiencia-inestabilidad centromérica-anomalías faciales 3
1,DOID:0090011,immunodeficiency-centromeric instability-facial anomalies syndrome 4,DOID:0090011,síndrome de inmunodeficiencia-inestabilidad centromérica-anomalías faciales 4
1,DOID:0090012,severe combined immunodeficiency with sensitivity to ionizing radiation,DOID:0090012,Inmunodeficiencia combinada grave con sensibilidad a las radiaciones ionizantes
1,DOID:0090013,"severe combined immunodeficiency, autosomal recessive, T cell-negative, B cell-negative, Nk cell-positive",DOID:0090013,"Inmunodeficiencia combinada grave, autosómica recesiva, células T negativas, células B negativas, células Nk positivas"
1,DOID:0090014,"severe combined immunodeficiency, autosomal recessive, T cell-negative, B cell-positive, Nk cell-positive",DOID:0090014,"Inmunodeficiencia combinada grave, autosómica recesiva, células T negativas, células B positivas, células Nk positivas"
1,DOID:0090015,Cenani-Lenz syndactyly syndrome,DOID:0090015,Síndrome de sindactilia de Cenani-Lenz
1,DOID:0090016,chromosome 5q deletion syndrome,DOID:0090016,Síndrome de deleción del cromosoma 5q
1,DOID:0090017,epidermolysis bullosa simplex with muscular dystrophy,DOID:0090017,Epidermólisis bullosa simple con distrofia muscular
1,DOID:0090018,autosomal dominant familial periodic fever,DOID:0090018,Fiebre periódica familiar autosómica dominante
1,DOID:0090019,sitosterolemia,DOID:0090019,sitosterolemia
1,DOID:0090020,split hand-foot malformation,DOID:0090020,malformación escindida mano-pie
1,DOID:0090021,split hand-foot malformation 1,DOID:0090021,malformación mano-pie dividida 1
1,DOID:0090022,split hand-foot malformation 5,DOID:0090022,malformación mano-pie dividida 5
1,DOID:0090023,split hand-foot malformation 4,DOID:0090023,malformación mano-pie dividida 4
1,DOID:0090024,split hand-foot malformation 1 with sensorineural hearing loss,DOID:0090024,malformación mano-pie dividida 1 con hipoacusia neurosensorial
1,DOID:0090025,split hand-foot malformation 3,DOID:0090025,malformación mano-pie dividida 3
1,DOID:0090026,split hand-foot malformation 6,DOID:0090026,malformación mano-pie dividida 6
1,DOID:0090027,split hand-foot malformation 2,DOID:0090027,malformación mano-pie dividida 2
1,DOID:0090028,familial isolated deficiency of vitamin E,DOID:0090028,Deficiencia familiar aislada de vitamina E
1,DOID:0090029,CINCA Syndrome,DOID:0090029,Síndrome CINCA
1,DOID:0090030,corticosteroid-binding globulin deficiency,DOID:0090030,Deficiencia de globulina fijadora de corticosteroides
1,DOID:0090031,D-bifunctional protein deficiency,DOID:0090031,Deficiencia de proteína D-bifuncional
1,DOID:0090032,Silverman-Handmaker type dyssegmental dysplasia,DOID:0090032,Displasia disegmental tipo Silverman-Handmaker
1,DOID:0090033,myoclonic dystonia,DOID:0090033,Distonía mioclónica
1,DOID:0090034,myoclonic dystonia 11,DOID:0090034,distonía mioclónica 11
1,DOID:0090035,myoclonic dystonia 15,DOID:0090035,distonía mioclónica 15
1,DOID:0090036,myoclonic dystonia 26,DOID:0090036,distonía mioclónica 26
1,DOID:0090037,torsion dystonia 13,DOID:0090037,distonía de torsión 13
1,DOID:0090038,torsion dystonia 2,DOID:0090038,distonía de torsión 2
1,DOID:0090039,torsion dystonia 6,DOID:0090039,Distonía de torsión 6
1,DOID:0090040,torsion dystonia 7,DOID:0090040,Distonía de torsión 7
1,DOID:0090041,torsion dystonia 4,DOID:0090041,distonía de torsión 4
1,DOID:0090042,torsion dystonia 17,DOID:0090042,distonía de torsión 17
1,DOID:0090043,dystonia 5,DOID:0090043,distonía 5
1,DOID:0090044,dystonia 9,DOID:0090044,distonía 9
1,DOID:0090045,childhood onset GLUT1 deficiency syndrome 2,DOID:0090045,Síndrome de deficiencia de GLUT1 de aparición en la infancia 2
1,DOID:0090046,dystonia 21,DOID:0090046,Distonía 21
1,DOID:0090047,paroxysmal nonkinesigenic dyskinesia 2,DOID:0090047,discinesia paroxística no cinesigénica 2
1,DOID:0090048,dystonia 16,DOID:0090048,distonía 16
1,DOID:0090049,paroxysmal nonkinesigenic dyskinesia 1,DOID:0090049,discinesia paroxística no cinesigénica 1
1,DOID:0090050,dystonia 27,DOID:0090050,distonía 27
1,DOID:0090051,dystonia 23,DOID:0090051,Distonía 23
1,DOID:0090052,dystonia 24,DOID:0090052,distonía 24
1,DOID:0090053,episodic kinesigenic dyskinesia 1,DOID:0090053,disquinesia cinesigénica episódica 1
1,DOID:0090054,episodic kinesigenic dyskinesia 2,DOID:0090054,disquinesia cinesigénica episódica 2
1,DOID:0090055,dystonia 25,DOID:0090055,distonía 25
1,DOID:0090056,dystonia 12,DOID:0090056,distonía 12
1,DOID:0090057,X-linked dystonia-parkinsonism,DOID:0090057,Distonía-parkinsonismo ligada al cromosoma X
1,DOID:0090058,torsion dystonia with onset in infancy,DOID:0090058,distonía de torsión de aparición en la infancia
1,DOID:0090059,enhanced S-cone syndrome,DOID:0090059,síndrome del cono S mejorado
1,DOID:0090060,Wolcott-Rallison syndrome,DOID:0090060,Síndrome de Wolcott-Rallison
1,DOID:0090061,familial cold autoinflammatory syndrome,DOID:0090061,Síndrome autoinflamatorio familiar por frío
1,DOID:0090062,familial cold autoinflammatory syndrome 1,DOID:0090062,Síndrome autoinflamatorio familiar por frío 1
1,DOID:0090063,familial cold autoinflammatory syndrome 2,DOID:0090063,Síndrome autoinflamatorio familiar por frío 2
1,DOID:0090064,familial cold autoinflammatory syndrome 3,DOID:0090064,síndrome autoinflamatorio familiar por frío 3
1,DOID:0090065,familial cold autoinflammatory syndrome 4,DOID:0090065,síndrome autoinflamatorio familiar por frío 4
1,DOID:0090066,Fanconi-like syndrome,DOID:0090066,Síndrome de Fanconi-like
1,DOID:0090067,Fuhrmann syndrome,DOID:0090067,Síndrome de Fuhrmann
1,DOID:0090068,giant axonal neuropathy 1,DOID:0090068,neuropatía axonal gigante 1
1,DOID:0090069,giant axonal neuropathy 2,DOID:0090069,neuropatía axonal gigante 2
1,DOID:0090070,hypogonadotropic hypogonadism,DOID:0090070,Hipogonadismo hipogonadotrópico
1,DOID:0090071,hypogonadotropic hypogonadism 11 with or without anosmia,DOID:0090071,hipogonadismo hipogonadotrópico 11 con o sin anosmia
1,DOID:0090072,hypogonadotropic hypogonadism 12 with or without anosmia,DOID:0090072,hipogonadismo hipogonadotrópico 12 con o sin anosmia
1,DOID:0090073,hypogonadotropic hypogonadism 13 with or without anosmia,DOID:0090073,Hipogonadismo hipogonadotrópico 13 con o sin anosmia
1,DOID:0090074,hypogonadotropic hypogonadism 8 with or without anosmia,DOID:0090074,hipogonadismo hipogonadotrópico 8 con o sin anosmia
1,DOID:0090075,hypogonadotropic hypogonadism 15 with or without anosmia,DOID:0090075,hipogonadismo hipogonadotrópico 15 con o sin anosmia
1,DOID:0090076,hypogonadotropic hypogonadism 18 with or without anosmia,DOID:0090076,hipogonadismo hipogonadotrópico 18 con o sin anosmia
1,DOID:0090077,hypogonadotropic hypogonadism 4 with or without anosmia,DOID:0090077,hipogonadismo hipogonadotrópico 4 con o sin anosmia
1,DOID:0090078,hypogonadotropic hypogonadism 7 with or without anosmia,DOID:0090078,hipogonadismo hipogonadotrópico 7 con o sin anosmia
1,DOID:0090079,hypogonadotropic hypogonadism 17 with or without anosmia,DOID:0090079,hipogonadismo hipogonadotrópico 17 con o sin anosmia
1,DOID:0090080,hypogonadotropic hypogonadism 16 with or without anosmia,DOID:0090080,hipogonadismo hipogonadotrópico 16 con o sin anosmia
1,DOID:0090081,hypogonadotropic hypogonadism 22 with or without anosmia,DOID:0090081,Hipogonadismo hipogonadotrópico 22 con o sin anosmia
1,DOID:0090082,hypogonadotropic hypogonadism 20 with or without anosmia,DOID:0090082,hipogonadismo hipogonadotrópico 20 con o sin anosmia
1,DOID:0090083,hypogonadotropic hypogonadism 2 with or without anosmia,DOID:0090083,hipogonadismo hipogonadotrópico 2 con o sin anosmia
1,DOID:0090084,hypogonadotropic hypogonadism 5 with or without anosmia,DOID:0090084,Hipogonadismo hipogonadotrópico 5 con o sin anosmia
1,DOID:0090085,hypogonadotropic hypogonadism 9 with or without anosmia,DOID:0090085,hipogonadismo hipogonadotrópico 9 con o sin anosmia
1,DOID:0090086,hypogonadotropic hypogonadism 6 with or without anosmia,DOID:0090086,hipogonadismo hipogonadotrópico 6 con o sin anosmia
1,DOID:0090087,hypogonadotropic hypogonadism 14 with or without anosmia,DOID:0090087,Hipogonadismo hipogonadotrópico 14 con o sin anosmia
1,DOID:0090088,hypogonadotropic hypogonadism 24 without anosmia,DOID:0090088,hipogonadismo hipogonadotrópico 24 sin anosmia
1,DOID:0090089,hypogonadotropic hypogonadism 10 with or without anosmia,DOID:0090089,hipogonadismo hipogonadotrópico 10 con o sin anosmia
1,DOID:0090090,hypogonadotropic hypogonadism 19 with or without anosmia,DOID:0090090,hipogonadismo hipogonadotrópico 19 con o sin anosmia
1,DOID:0090091,hypogonadotropic hypogonadism 23 with or without anosmia,DOID:0090091,Hipogonadismo hipogonadotrópico 23 con o sin anosmia
1,DOID:0090092,hypogonadotropic hypogonadism 3 with or without anosmia,DOID:0090092,hipogonadismo hipogonadotrópico 3 con o sin anosmia
1,DOID:0090093,hypogonadotropic hypogonadism 21 with or without anosmia,DOID:0090093,hipogonadismo hipogonadotrópico 21 con o sin anosmia
1,DOID:0090094,hypogonadotropic hypogonadism 1 with or without anosmia,DOID:0090094,hipogonadismo hipogonadotrópico 1 con o sin anosmia
1,DOID:0090100,ocular albinism with sensorineural deafness,DOID:0090100,albinismo ocular con sordera neurosensorial
1,DOID:0090102,autosomal dominant macrothrombocytopenia TUBB1-related,DOID:0090102,Macrotrombocitopenia autosómica dominante relacionada con TUBB1
1,DOID:0090103,Huntington's disease-like 1,DOID:0090103,"Enfermedad de Huntington similar a 1""Enfermedad priónica que se caracteriza por una fenocopia de la enfermedad de Huntington (movimientos coreaticos no deseados"
1,DOID:0090104,Huntington's disease-like 2,DOID:0090104,enfermedad similar a Huntington 2
1,DOID:0090105,autosomal recessive hypercholesterolemia,DOID:0090105,Hipercolesterolemia autosómica recesiva
1,DOID:0090106,BH4-deficient hyperphenylalaninemia A,DOID:0090106,Hiperfenilalaninemia por deficiencia de BH4 A
1,DOID:0090107,autosomal dominant hypocalcemia 1,DOID:0090107,Hipocalcemia autosómica dominante 1
1,DOID:0090108,autosomal dominant hypocalcemia 2,DOID:0090108,Hipocalcemia autosómica dominante 2
1,DOID:0090109,autosomal dominant hypocalcemia,DOID:0090109,hipocalcemia autosómica dominante
1,DOID:0090110,immune dysregulation-polyendocrinopathy-enteropathy-X-linked syndrome,DOID:0090110,síndrome de desregulación inmunitaria-polielendocrinopatía-enteropatía ligada al X
1,DOID:0090111,PCWH syndrome,DOID:0090111,Síndrome PCWH
NA,DOID:0090112,Nasu-Hakola disease,DOID:0090112,NA
NA,DOID:0090113,RIDDLE syndrome,DOID:0090113,NA
NA,DOID:0090114,Sorsby's fundus dystrophy,DOID:0090114,NA
NA,DOID:0090115,spinocerebellar ataxia with axonal neuropathy 1,DOID:0090115,NA
NA,DOID:0090116,spondylocarpotarsal synostosis syndrome,DOID:0090116,NA
2,DOID:0090117,thiamine-responsive megaloblastic anemia syndrome,DOID:0090117,Síndrome de anemia megaloblástica sensible a la tiamina
2,DOID:0090119,ankyloblepharon-ectodermal defects-cleft lip/palate syndrome,DOID:0090119,síndrome de anquiloblefaron-defectos ectodérmicos-labio hendido/paladar hendido
2,DOID:0090120,hereditary neutrophilia,DOID:0090120,neutrofilia hereditaria
2,DOID:0090122,aromatase excess syndrome,DOID:0090122,Síndrome de exceso de aromatasa
2,DOID:0090123,aromatic L-amino acid decarboxylase deficiency,DOID:0090123,Deficiencia de L-aminoácido descarboxilasa aromática
2,DOID:0090125,brain small vessel disease 1,DOID:0090125,enfermedad de los vasos sanguíneos cerebrales pequeños 1
2,DOID:0090126,branched-chain keto acid dehydrogenase kinase deficiency,DOID:0090126,deficiencia de cetoácido deshidrogenasa cinasa de cadena ramificada
2,DOID:0090127,camptodactyly-arthropathy-coxa vara-pericarditis syndrome,DOID:0090127,síndrome de camptodactilia-artropatía-coxa vara-pericarditis
2,DOID:0090128,Carvajal syndrome,DOID:0090128,Síndrome de Carvajal
2,DOID:0090129,carnitine palmitoyltransferase I deficiency,DOID:0090129,deficiencia de carnitina palmitoiltransferasa I
2,DOID:0090130,cortical dysplasia-focal epilepsy syndrome,DOID:0090130,síndrome de displasia cortical-epilepsia focal
2,DOID:0090131,complex cortical dysplasia with other brain malformations,DOID:0090131,displasia cortical compleja con otras malformaciones cerebrales
2,DOID:0090132,complex cortical dysplasia with other brain malformations 7,DOID:0090132,Displasia cortical compleja con otras malformaciones cerebrales 7
2,DOID:0090133,complex cortical dysplasia with other brain malformations 2,DOID:0090133,Displasia cortical compleja con otras malformaciones cerebrales 2
2,DOID:0090134,complex cortical dysplasia with other brain malformations 3,DOID:0090134,Displasia cortical compleja con otras malformaciones cerebrales 3
2,DOID:0090135,complex cortical dysplasia with other brain malformations 5,DOID:0090135,displasia cortical compleja con otras malformaciones cerebrales 5
2,DOID:0090136,complex cortical dysplasia with other brain malformations 6,DOID:0090136,Displasia cortical compleja con otras malformaciones cerebrales 6
2,DOID:0090137,complex cortical dysplasia with other brain malformations 1,DOID:0090137,displasia cortical compleja con otras malformaciones cerebrales 1
2,DOID:0090138,complex cortical dysplasia with other brain malformations 4,DOID:0090138,displasia cortical compleja con otras malformaciones cerebrales 4
2,DOID:0090139,cortisone reductase deficiency,DOID:0090139,Deficiencia de cortisona reductasa
2,DOID:0090140,cortisone reductase deficiency 2,DOID:0090140,deficiencia de cortisona reductasa 2
2,DOID:0090141,cortisone reductase deficiency 1,DOID:0090141,Deficiencia de cortisona reductasa 1
NA,DOID:0090142,cystathioninuria,DOID:0090142,NA
NA,DOID:0090143,brachyolmia-amelogenesis imperfecta syndrome,DOID:0090143,NA
NA,DOID:0090144,Donnai-Barrow syndrome,DOID:0090144,NA
NA,DOID:0090145,dopamine beta-hydroxylase deficiency,DOID:0090145,NA
2,DOID:0110000,3-methylglutaconic aciduria type 5,DOID:0110000,Aciduria 3-metilglutacónica tipo 5
2,DOID:0110001,"3-methylglutaconic aciduria with deafness, encephalopathy, and Leigh-like syndrome",DOID:0110001,"Aciduria 3-metilglutacónica con sordera, encefalopatía y síndrome de Leigh-like"
2,DOID:0110002,3-methylglutaconic aciduria type 1,DOID:0110002,Aciduria 3-metilglutacónica tipo 1
1,DOID:0110003,"3-methylglutaconic aciduria with cataracts, neurologic involvement and neutropenia",DOID:0110003,"Aciduria 3-metilglutacónica con cataratas, afectación neurológica y neutropenia"
2,DOID:0110004,3-methylglutaconic aciduria type 3,DOID:0110004,Aciduria 3-metilglutacónica tipo 3
2,DOID:0110006,3-methylglutaconic aciduria type 4,DOID:0110006,Aciduria 3-metilglutacónica tipo 4
2,DOID:0110007,achromatopsia 2,DOID:0110007,acromatopsia 2
2,DOID:0110008,achromatopsia 3,DOID:0110008,acromatopsia 3
2,DOID:0110009,achromatopsia 7,DOID:0110009,acromatopsia 7
2,DOID:0110010,achromatopsia 4,DOID:0110010,acromatopsia 4
2,DOID:0110011,advanced sleep phase syndrome 1,DOID:0110011,Síndrome de fase de sueño avanzada 1
2,DOID:0110012,advanced sleep phase syndrome 2,DOID:0110012,Síndrome de fase de sueño avanzada 2
2,DOID:0110013,advanced sleep phase syndrome 3,DOID:0110013,Síndrome de fase de sueño avanzada 3
2,DOID:0110014,age related macular degeneration 1,DOID:0110014,degeneración macular relacionada con la edad 1
2,DOID:0110015,age related macular degeneration 2,DOID:0110015,degeneración macular asociada a la edad 2
2,DOID:0110017,age related macular degeneration 4,DOID:0110017,degeneración macular relacionada con la edad 4
2,DOID:0110018,age related macular degeneration 6,DOID:0110018,Degeneración macular relacionada con la edad 6
2,DOID:0110019,age related macular degeneration 7,DOID:0110019,degeneración macular relacionada con la edad 7
2,DOID:0110020,age related macular degeneration 8,DOID:0110020,Degeneración macular relacionada con la edad 8
2,DOID:0110021,age related macular degeneration 9,DOID:0110021,degeneración macular relacionada con la edad 9
2,DOID:0110022,age related macular degeneration 10,DOID:0110022,degeneración macular relacionada con la edad 10
2,DOID:0110023,age related macular degeneration 11,DOID:0110023,degeneración macular relacionada con la edad 11
2,DOID:0110024,age related macular degeneration 12,DOID:0110024,degeneración macular relacionada con la edad 12
2,DOID:0110025,age related macular degeneration 13,DOID:0110025,degeneración macular relacionada con la edad 13
2,DOID:0110026,age related macular degeneration 14,DOID:0110026,degeneración macular relacionada con la edad 14
2,DOID:0110027,age related macular degeneration 15,DOID:0110027,Degeneración macular relacionada con la edad 15
2,DOID:0110028,age related macular degeneration 5,DOID:0110028,Degeneración macular asociada a la edad 5
2,DOID:0110029,alpha thalassemia-intellectual disability syndrome type 1,DOID:0110029,Síndrome de alfa talasemia-discapacidad intelectual tipo 1
2,DOID:0110030,alpha thalassemia-X-linked intellectual disability syndrome,DOID:0110030,Síndrome de discapacidad intelectual ligada a la alfa talasemia-X
2,DOID:0110031,hemoglobin H disease,DOID:0110031,Enfermedad de la hemoglobina H
2,DOID:0110032,autosomal dominant Alport syndrome,DOID:0110032,Síndrome de Alport autosómico dominante
2,DOID:0110033,autosomal recessive Alport syndrome,DOID:0110033,Síndrome de Alport autosómico recesivo
2,DOID:0110034,X-linked Alport syndrome,DOID:0110034,Síndrome de Alport ligado al cromosoma X
2,DOID:0110035,Alzheimer's disease 2,DOID:0110035,Enfermedad de Alzheimer 2
2,DOID:0110036,Alzheimer's disease 16,DOID:0110036,Enfermedad de Alzheimer 16
2,DOID:0110037,Alzheimer's disease 5,DOID:0110037,Enfermedad de Alzheimer 5
2,DOID:0110038,Alzheimer's disease 6,DOID:0110038,Enfermedad de Alzheimer 6
2,DOID:0110039,Alzheimer's disease 7,DOID:0110039,Enfermedad de Alzheimer 7
2,DOID:0110040,Alzheimer's disease 4,DOID:0110040,Enfermedad de Alzheimer 4
2,DOID:0110041,Alzheimer's disease 8,DOID:0110041,Enfermedad de Alzheimer 8
2,DOID:0110042,Alzheimer's disease 3,DOID:0110042,Enfermedad de Alzheimer 3
2,DOID:0110043,Alzheimer's disease 10,DOID:0110043,Enfermedad de Alzheimer 10
2,DOID:0110044,Alzheimer's disease 11,DOID:0110044,Enfermedad de Alzheimer 11
2,DOID:0110045,Alzheimer's disease 12,DOID:0110045,Enfermedad de Alzheimer 12
2,DOID:0110046,Alzheimer's disease 13,DOID:0110046,Enfermedad de Alzheimer 13
2,DOID:0110047,Alzheimer's disease 14,DOID:0110047,Enfermedad de Alzheimer 14
2,DOID:0110048,Alzheimer's disease 15,DOID:0110048,Enfermedad de Alzheimer 15
2,DOID:0110049,Alzheimer's disease 17,DOID:0110049,Enfermedad de Alzheimer 17
2,DOID:0110050,Alzheimer's disease 18,DOID:0110050,Enfermedad de Alzheimer 18
2,DOID:0110051,Alzheimer's disease 19,DOID:0110051,Enfermedad de Alzheimer 19
2,DOID:0110052,amelogenesis imperfecta type 1B,DOID:0110052,Amelogénesis imperfecta tipo 1B
2,DOID:0110053,amelogenesis imperfecta type 4,DOID:0110053,amelogénesis imperfecta tipo 4
2,DOID:0110054,amelogenesis imperfecta type 1A,DOID:0110054,Amelogénesis imperfecta tipo 1A
2,DOID:0110055,amelogenesis imperfecta type 3A,DOID:0110055,amelogénesis imperfecta tipo 3A
2,DOID:0110056,amelogenesis imperfecta type 1C,DOID:0110056,amelogénesis imperfecta tipo 1C
2,DOID:0110057,amelogenesis imperfecta type 2A1,DOID:0110057,Amelogénesis imperfecta tipo 2A1
2,DOID:0110058,amelogenesis imperfecta type 1E,DOID:0110058,amelogénesis imperfecta tipo 1E
2,DOID:0110059,X-linked amelogenesis imperfecta hypoplastic/hypomaturation 2,DOID:0110059,Amelogénesis imperfecta hipoplásica/hipomaduración 2 ligada al cromosoma X
2,DOID:0110060,amelogenesis imperfecta hypomaturation type 2A2,DOID:0110060,Amelogénesis imperfecta hipomadura tipo 2A2
2,DOID:0110061,amelogenesis imperfecta hypomaturation type 2A3,DOID:0110061,amelogénesis imperfecta hipomaduración tipo 2A3
2,DOID:0110062,amelogenesis imperfecta hypomaturation type 2A4,DOID:0110062,amelogénesis imperfecta hipomaturación tipo 2A4
2,DOID:0110063,amelogenesis imperfecta hypomaturation type 2A5,DOID:0110063,Amelogénesis imperfecta hipomaturación tipo 2A5
2,DOID:0110064,amelogenesis imperfecta type 1H,DOID:0110064,Amelogénesis imperfecta tipo 1H
2,DOID:0110065,amelogenesis imperfecta type 1F,DOID:0110065,amelogénesis imperfecta tipo 1F
2,DOID:0110066,amelogenesis imperfecta type 1G,DOID:0110066,amelogénesis imperfecta tipo 1G
2,DOID:0110067,juvenile amyotrophic lateral sclerosis with dementia,DOID:0110067,Esclerosis lateral amiotrófica juvenil con demencia
2,DOID:0110068,frontotemporal dementia and/or amyotrophic lateral sclerosis-3,DOID:0110068,Demencia frontotemporal y/o esclerosis lateral amiotrófica-3
2,DOID:0110069,frontotemporal dementia and/or amyotrophic lateral sclerosis-4,DOID:0110069,Demencia frontotemporal y/o esclerosis lateral amiotrófica-4
2,DOID:0110070,arrhythmogenic right ventricular dysplasia 1,DOID:0110070,Displasia arritmogénica del ventrículo derecho 1
2,DOID:0110072,arrhythmogenic right ventricular dysplasia 3,DOID:0110072,displasia arritmogénica del ventrículo derecho 3
2,DOID:0110073,arrhythmogenic right ventricular dysplasia 4,DOID:0110073,displasia arritmogénica del ventrículo derecho 4
2,DOID:0110074,arrhythmogenic right ventricular dysplasia 5,DOID:0110074,Displasia arritmogénica del ventrículo derecho 5
2,DOID:0110075,arrhythmogenic right ventricular dysplasia 6,DOID:0110075,displasia arritmogénica del ventrículo derecho 6
2,DOID:0110076,arrhythmogenic right ventricular dysplasia 8,DOID:0110076,Displasia arritmogénica del ventrículo derecho 8
2,DOID:0110077,arrhythmogenic right ventricular dysplasia 9,DOID:0110077,Displasia arritmogénica del ventrículo derecho 9
2,DOID:0110081,arrhythmogenic right ventricular dysplasia 10,DOID:0110081,Displasia arritmogénica del ventrículo derecho 10
2,DOID:0110082,arrhythmogenic right ventricular dysplasia 11,DOID:0110082,displasia arritmogénica del ventrículo derecho 11
2,DOID:0110083,arrhythmogenic right ventricular dysplasia 12,DOID:0110083,Displasia arritmogénica del ventrículo derecho 12
2,DOID:0110084,arrhythmogenic right ventricular dysplasia 13,DOID:0110084,Displasia arritmogénica del ventrículo derecho 13
2,DOID:0110085,asphyxiating thoracic dystrophy 1,DOID:0110085,Distrofia torácica asfixiante 1
2,DOID:0110086,asphyxiating thoracic dystrophy 2,DOID:0110086,Distrofia torácica asfixiante 2
2,DOID:0110087,asphyxiating thoracic dystrophy 3,DOID:0110087,Distrofia torácica asfixiante 3
2,DOID:0110088,asphyxiating thoracic dystrophy 4,DOID:0110088,Distrofia torácica asfixiante 4
2,DOID:0110089,asphyxiating thoracic dystrophy 5,DOID:0110089,Distrofia torácica asfixiante 5
2,DOID:0110090,short-rib thoracic dysplasia 7 with or without polydactyly,DOID:0110090,Displasia torácica de costillas cortas 7 con o sin polidactilia
2,DOID:0110091,short-rib thoracic dysplasia 10 with or without polydactyly,DOID:0110091,Displasia torácica de costillas cortas 10 con o sin polidactilia
2,DOID:0110092,short-rib thoracic dysplasia 6 with or without polydactyly,DOID:0110092,Displasia torácica de costillas cortas 6 con o sin polidactilia
2,DOID:0110093,short-rib thoracic dysplasia 13 with or without polydactyly,DOID:0110093,Displasia torácica de costillas cortas 13 con o sin polidactilia
2,DOID:0110094,short-rib thoracic dysplasia 8 with or without polydactyly,DOID:0110094,Displasia torácica de costillas cortas 8 con o sin polidactilia
2,DOID:0110095,short-rib thoracic dysplasia 11 with or without polydactyly,DOID:0110095,Displasia torácica de costillas cortas 11 con o sin polidactilia
2,DOID:0110096,short-rib thoracic dysplasia 14 with polydactyly,DOID:0110096,Displasia torácica de costillas cortas 14 con polidactilia
2,DOID:0110097,short-rib thoracic dysplasia 9 with or without polydactyly,DOID:0110097,Displasia torácica de costillas cortas 9 con o sin polidactilia
2,DOID:0110098,atopic dermatitis 2,DOID:0110098,dermatitis atópica 2
2,DOID:0110099,atopic dermatitis 3,DOID:0110099,dermatitis atópica 3
2,DOID:0110100,atopic dermatitis 4,DOID:0110100,dermatitis atópica 4
2,DOID:0110101,atopic dermatitis 5,DOID:0110101,dermatitis atópica 5
2,DOID:0110102,atopic dermatitis 6,DOID:0110102,dermatitis atópica 6
2,DOID:0110103,atopic dermatitis 7,DOID:0110103,dermatitis atópica 7
2,DOID:0110104,atopic dermatitis 8,DOID:0110104,dermatitis atópica 8
2,DOID:0110105,atopic dermatitis 9,DOID:0110105,dermatitis atópica 9
2,DOID:0110115,autoimmune lymphoproliferative syndrome type 2A,DOID:0110115,Síndrome linfoproliferativo autoinmune tipo 2A
2,DOID:0110116,autoimmune lymphoproliferative syndrome type 2B,DOID:0110116,Síndrome linfoproliferativo autoinmune tipo 2B
2,DOID:0110117,autoimmune lymphoproliferative syndrome type 4,DOID:0110117,Síndrome linfoproliferativo autoinmune de tipo 4
2,DOID:0110119,autoimmune lymphoproliferative syndrome type 3,DOID:0110119,Síndrome linfoproliferativo autoinmune de tipo 3
2,DOID:0110120,Axenfeld-Rieger syndrome type 1,DOID:0110120,Síndrome de Axenfeld-Rieger tipo 1
2,DOID:0110121,Axenfeld-Rieger syndrome type 2,DOID:0110121,Síndrome de Axenfeld-Rieger tipo 2
2,DOID:0110122,Axenfeld-Rieger syndrome type 3,DOID:0110122,Síndrome de Axenfeld-Rieger tipo 3
2,DOID:0110123,Bardet-Biedl syndrome 1,DOID:0110123,Síndrome de Bardet-Biedl 1
2,DOID:0110124,Bardet-Biedl syndrome 2,DOID:0110124,Síndrome de Bardet-Biedl 2
2,DOID:0110125,Bardet-Biedl syndrome 3,DOID:0110125,Síndrome de Bardet-Biedl 3
2,DOID:0110126,Bardet-Biedl syndrome 4,DOID:0110126,Síndrome de Bardet-Biedl 4
2,DOID:0110127,Bardet-Biedl syndrome 5,DOID:0110127,Síndrome de Bardet-Biedl 5
2,DOID:0110128,Bardet-Biedl syndrome 6,DOID:0110128,Síndrome de Bardet-Biedl 6
2,DOID:0110129,Bardet-Biedl syndrome 7,DOID:0110129,Síndrome de Bardet-Biedl 7
2,DOID:0110130,Bardet-Biedl syndrome 8,DOID:0110130,Síndrome de Bardet-Biedl 8
2,DOID:0110131,Bardet-Biedl syndrome 9,DOID:0110131,Síndrome de Bardet-Biedl 9
2,DOID:0110132,Bardet-Biedl syndrome 10,DOID:0110132,Síndrome de Bardet-Biedl 10
2,DOID:0110133,Bardet-Biedl syndrome 11,DOID:0110133,Síndrome de Bardet-Biedl 11
2,DOID:0110134,Bardet-Biedl syndrome 12,DOID:0110134,Síndrome de Bardet-Biedl 12
2,DOID:0110135,Bardet-Biedl syndrome 13,DOID:0110135,Síndrome de Bardet-Biedl 13
2,DOID:0110136,Bardet-Biedl syndrome 14,DOID:0110136,Síndrome de Bardet-Biedl 14
2,DOID:0110137,Bardet-Biedl syndrome 15,DOID:0110137,Síndrome de Bardet-Biedl 15
2,DOID:0110138,Bardet-Biedl syndrome 16,DOID:0110138,Síndrome de Bardet-Biedl 16
2,DOID:0110139,Bardet-Biedl syndrome 17,DOID:0110139,Síndrome de Bardet-Biedl 17
2,DOID:0110140,Bardet-Biedl syndrome 18,DOID:0110140,Síndrome de Bardet-Biedl 18
2,DOID:0110141,Bardet-Biedl syndrome 19,DOID:0110141,Síndrome de Bardet-Biedl 19
2,DOID:0110142,Bartter disease type 1,DOID:0110142,Enfermedad de Bartter tipo 1
2,DOID:0110143,Bartter disease type 2,DOID:0110143,Enfermedad de Bartter tipo 2
2,DOID:0110144,Bartter disease type 3,DOID:0110144,Enfermedad de Bartter tipo 3
2,DOID:0110145,Bartter disease type 4a,DOID:0110145,Enfermedad de Bartter tipo 4a
2,DOID:0110146,Bartter disease type 4b,DOID:0110146,Enfermedad de Bartter tipo 4b
2,DOID:0110147,Bartter disease type 5,DOID:0110147,Enfermedad de Bartter tipo 5
2,DOID:0110148,Charcot-Marie-Tooth disease type 1A,DOID:0110148,Enfermedad de Charcot-Marie-Tooth tipo 1A
2,DOID:0110149,Charcot-Marie-Tooth disease type 1F,DOID:0110149,Enfermedad de Charcot-Marie-Tooth tipo 1F
2,DOID:0110150,Charcot-Marie-Tooth disease type 1D,DOID:0110150,Enfermedad de Charcot-Marie-Tooth tipo 1D
2,DOID:0110151,Charcot-Marie-Tooth disease type 1C,DOID:0110151,Enfermedad de Charcot-Marie-Tooth tipo 1C
2,DOID:0110152,Charcot-Marie-Tooth disease type 1B,DOID:0110152,Enfermedad de Charcot-Marie-Tooth tipo 1B
2,DOID:0110153,Charcot-Marie-Tooth disease type 1E,DOID:0110153,Enfermedad de Charcot-Marie-Tooth tipo 1E
2,DOID:0110154,Charcot-Marie-Tooth disease type 2A1,DOID:0110154,Enfermedad de Charcot-Marie-Tooth tipo 2A1
2,DOID:0110155,Charcot-Marie-Tooth disease type 2A2A,DOID:0110155,Enfermedad de Charcot-Marie-Tooth tipo 2A2A
2,DOID:0110156,Charcot-Marie-Tooth disease type 2B1,DOID:0110156,Enfermedad de Charcot-Marie-Tooth tipo 2B1
2,DOID:0110157,Charcot-Marie-Tooth disease type 2J,DOID:0110157,Enfermedad de Charcot-Marie-Tooth tipo 2J
2,DOID:0110158,Charcot-Marie-Tooth disease type 2I,DOID:0110158,Enfermedad de Charcot-Marie-Tooth tipo 2I
2,DOID:0110159,Charcot-Marie-Tooth disease type 2B,DOID:0110159,Enfermedad de Charcot-Marie-Tooth tipo 2B
2,DOID:0110160,Charcot-Marie-Tooth disease axonal type 2T,DOID:0110160,Enfermedad de Charcot-Marie-Tooth axonal tipo 2T
2,DOID:0110161,Charcot-Marie-Tooth disease type 2R,DOID:0110161,Enfermedad de Charcot-Marie-Tooth tipo 2R
2,DOID:0110162,"Charcot-Marie-Tooth disease, axonal type 2W",DOID:0110162,"Enfermedad de Charcot-Marie-Tooth, tipo axonal 2W"
2,DOID:0110163,Charcot-Marie-Tooth disease axonal type 2F,DOID:0110163,Enfermedad de Charcot-Marie-Tooth axonal tipo 2F
2,DOID:0110164,Charcot-Marie-Tooth disease type 2D,DOID:0110164,Enfermedad de Charcot-Marie-Tooth tipo 2D
2,DOID:0110165,Charcot-Marie-Tooth disease type 2E,DOID:0110165,Enfermedad de Charcot-Marie-Tooth tipo 2E
2,DOID:0110166,Charcot-Marie-Tooth disease axonal type 2H,DOID:0110166,Enfermedad de Charcot-Marie-Tooth axonal tipo 2H
2,DOID:0110167,Charcot-Marie-Tooth disease axonal type 2K,DOID:0110167,Enfermedad de Charcot-Marie-Tooth axonal tipo 2K
2,DOID:0110168,Charcot-Marie-Tooth disease type 2Y,DOID:0110168,Enfermedad de Charcot-Marie-Tooth tipo 2Y
2,DOID:0110169,Charcot-Marie-Tooth disease axonal type 2P,DOID:0110169,Enfermedad de Charcot-Marie-Tooth axonal tipo 2P
2,DOID:0110170,Charcot-Marie-Tooth disease axonal type 2Q,DOID:0110170,Enfermedad de Charcot-Marie-Tooth axonal tipo 2Q
2,DOID:0110171,Charcot-Marie-Tooth disease axonal type 2S,DOID:0110171,Enfermedad de Charcot-Marie-Tooth axonal tipo 2S
2,DOID:0110173,Charcot-Marie-Tooth disease axonal type 2U,DOID:0110173,Enfermedad de Charcot-Marie-Tooth axonal tipo 2U
2,DOID:0110174,Charcot-Marie-Tooth disease axonal type 2L,DOID:0110174,Enfermedad de Charcot-Marie-Tooth axonal tipo 2L
2,DOID:0110175,Charcot-Marie-Tooth disease axonal type 2O,DOID:0110175,Enfermedad de Charcot-Marie-Tooth axonal tipo 2O
2,DOID:0110176,Charcot-Marie-Tooth disease axonal type 2X,DOID:0110176,Enfermedad de Charcot-Marie-Tooth axonal tipo 2X
2,DOID:0110177,Charcot-Marie-Tooth disease axonal type 2N,DOID:0110177,Enfermedad de Charcot-Marie-Tooth axonal tipo 2N
2,DOID:0110178,Charcot-Marie-Tooth disease axonal type 2V,DOID:0110178,Enfermedad de Charcot-Marie-Tooth axonal tipo 2V
2,DOID:0110179,Charcot-Marie-Tooth disease type 2B2,DOID:0110179,Enfermedad de Charcot-Marie-Tooth tipo 2B2
2,DOID:0110180,Charcot-Marie-Tooth disease axonal type 2CC,DOID:0110180,Enfermedad de Charcot-Marie-Tooth axonal tipo 2CC
2,DOID:0110181,Charcot-Marie-Tooth disease axonal type 2Z,DOID:0110181,Enfermedad de Charcot-Marie-Tooth axonal tipo 2Z
2,DOID:0110182,Charcot-Marie-Tooth disease axonal type 2C,DOID:0110182,Enfermedad de Charcot-Marie-Tooth axonal tipo 2C
2,DOID:0110183,Charcot-Marie-Tooth disease type 4C,DOID:0110183,Enfermedad de Charcot-Marie-Tooth tipo 4C
2,DOID:0110184,Charcot-Marie-Tooth disease type 4J,DOID:0110184,Enfermedad de Charcot-Marie-Tooth tipo 4J
2,DOID:0110185,Charcot-Marie-Tooth disease type 4A,DOID:0110185,Enfermedad de Charcot-Marie-Tooth tipo 4A
2,DOID:0110186,Charcot-Marie-Tooth disease type 4D,DOID:0110186,Enfermedad de Charcot-Marie-Tooth tipo 4D
2,DOID:0110187,Charcot-Marie-Tooth disease type 4K,DOID:0110187,Enfermedad de Charcot-Marie-Tooth tipo 4K
2,DOID:0110190,Charcot-Marie-Tooth disease type 4B2,DOID:0110190,Enfermedad de Charcot-Marie-Tooth tipo 4B2
2,DOID:0110191,Charcot-Marie-Tooth disease type 4B1,DOID:0110191,Enfermedad de Charcot-Marie-Tooth tipo 4B1
2,DOID:0110192,Charcot-Marie-Tooth disease type 4H,DOID:0110192,Enfermedad de Charcot-Marie-Tooth tipo 4H
2,DOID:0110193,Charcot-Marie-Tooth disease type 4F,DOID:0110193,Enfermedad de Charcot-Marie-Tooth tipo 4F
2,DOID:0110194,Charcot-Marie-Tooth disease type 4B3,DOID:0110194,Enfermedad de Charcot-Marie-Tooth tipo 4B3
2,DOID:0110195,Charcot-Marie-Tooth disease type 4E,DOID:0110195,Enfermedad de Charcot-Marie-Tooth tipo 4E
2,DOID:0110196,Charcot-Marie-Tooth disease type 4G,DOID:0110196,Enfermedad de Charcot-Marie-Tooth tipo 4G
2,DOID:0110197,Charcot-Marie-Tooth disease dominant intermediate B,DOID:0110197,Enfermedad de Charcot-Marie-Tooth dominante intermedia B
2,DOID:0110198,Charcot-Marie-Tooth disease recessive intermediate C,DOID:0110198,Enfermedad de Charcot-Marie-Tooth recesiva intermedia C
2,DOID:0110199,Charcot-Marie-Tooth disease dominant intermediate C,DOID:0110199,Enfermedad de Charcot-Marie-Tooth dominante intermedia C
2,DOID:0110200,Charcot-Marie-Tooth disease dominant intermediate D,DOID:0110200,Enfermedad de Charcot-Marie-Tooth dominante intermedia D
2,DOID:0110201,Charcot-Marie-Tooth disease recessive intermediate A,DOID:0110201,Enfermedad de Charcot-Marie-Tooth recesiva intermedia A
2,DOID:0110202,Charcot-Marie-Tooth disease dominant intermediate A,DOID:0110202,Enfermedad de Charcot-Marie-Tooth dominante intermedia A
2,DOID:0110203,Charcot-Marie-Tooth disease recessive intermediate D,DOID:0110203,Enfermedad de Charcot-Marie-Tooth recesiva intermedia D
2,DOID:0110204,Charcot-Marie-Tooth disease recessive intermediate B,DOID:0110204,Enfermedad de Charcot-Marie-Tooth recesiva intermedia B
2,DOID:0110205,Charcot-Marie-Tooth disease dominant intermediate E,DOID:0110205,Enfermedad de Charcot-Marie-Tooth dominante intermedia E
2,DOID:0110206,Charcot-Marie-Tooth disease dominant intermediate F,DOID:0110206,Enfermedad de Charcot-Marie-Tooth dominante intermedia F
2,DOID:0110207,Charcot-Marie-Tooth disease X-linked dominant 6,DOID:0110207,Enfermedad de Charcot-Marie-Tooth dominante ligada al cromosoma X 6
2,DOID:0110208,Charcot-Marie-Tooth disease X-linked recessive 2,DOID:0110208,Enfermedad de Charcot-Marie-Tooth recesiva ligada al cromosoma X 2
2,DOID:0110209,Charcot-Marie-Tooth disease X-linked dominant 1,DOID:0110209,Enfermedad de Charcot-Marie-Tooth dominante ligada al cromosoma X 1
2,DOID:0110210,Charcot-Marie-Tooth disease X-linked recessive 5,DOID:0110210,Enfermedad de Charcot-Marie-Tooth recesiva ligada al cromosoma X 5
2,DOID:0110211,Charcot-Marie-Tooth disease X-linked recessive 3,DOID:0110211,Enfermedad de Charcot-Marie-Tooth recesiva ligada al cromosoma X 3
2,DOID:0110212,Charcot-Marie-Tooth disease X-linked recessive 4,DOID:0110212,Enfermedad de Charcot-Marie-Tooth recesiva ligada al cromosoma X 4
2,DOID:0110218,Brugada syndrome 1,DOID:0110218,Síndrome de Brugada 1
2,DOID:0110219,Brugada syndrome 2,DOID:0110219,Síndrome de Brugada 2
2,DOID:0110220,Brugada syndrome 3,DOID:0110220,Síndrome de Brugada 3
2,DOID:0110221,Brugada syndrome 4,DOID:0110221,Síndrome de Brugada 4
2,DOID:0110222,Brugada syndrome 5,DOID:0110222,Síndrome de Brugada 5
2,DOID:0110223,Brugada syndrome 6,DOID:0110223,Síndrome de Brugada 6
2,DOID:0110224,Brugada syndrome 7,DOID:0110224,Síndrome de Brugada 7
2,DOID:0110225,Brugada syndrome 8,DOID:0110225,Síndrome de Brugada 8
2,DOID:0110226,Brugada syndrome 9,DOID:0110226,Síndrome de Brugada 9
2,DOID:0110227,cataract 32 multiple types,DOID:0110227,catarata 32 tipos múltiples
2,DOID:0110228,cataract 8 multiple types,DOID:0110228,catarata 8 tipos múltiples
2,DOID:0110229,cataract 6 multiple types,DOID:0110229,catarata 6 tipos múltiples
2,DOID:0110230,cataract 34 multiple types,DOID:0110230,catarata 34 tipos múltiples
2,DOID:0110231,cataract 1 multiple types,DOID:0110231,catarata 1 múltiples tipos
2,DOID:0110232,cataract 29,DOID:0110232,catarata 29
2,DOID:0110233,cataract 27,DOID:0110233,catarata 27
2,DOID:0110234,cataract 4 multiple types,DOID:0110234,catarata 4 tipos múltiples
2,DOID:0110235,cataract 2 multiple types,DOID:0110235,catarata 2 tipos múltiples
2,DOID:0110236,cataract 39 multiple types,DOID:0110236,catarata 39 tipos múltiples
2,DOID:0110237,cataract 42,DOID:0110237,catarata 42
2,DOID:0110238,cataract 18,DOID:0110238,Catarata 18
2,DOID:0110239,cataract 12 multiple types,DOID:0110239,catarata 12 tipos múltiples
2,DOID:0110240,cataract 20 multiple types,DOID:0110240,catarata 20 tipos múltiples
2,DOID:0110241,cataract 41,DOID:0110241,Catarata 41
2,DOID:0110242,cataract 13 with adult i phenotype,DOID:0110242,catarata 13 con fenotipo adulto i
2,DOID:0110243,cataract 46 juvenile-onset,DOID:0110243,catarata 46 de aparición juvenil
2,DOID:0110244,cataract 28,DOID:0110244,catarata 28
2,DOID:0110245,cataract 38,DOID:0110245,cataract 38
2,DOID:0110246,cataract 26 multiple types,DOID:0110246,catarata 26 tipos múltiples
2,DOID:0110247,cataract 36,DOID:0110247,catarata 36
2,DOID:0110248,cataract 30,DOID:0110248,catarata 30
2,DOID:0110249,cataract 11 multiple types,DOID:0110249,catarata 11 tipos múltiples
2,DOID:0110250,cataract 16 multiple types,DOID:0110250,catarata 16 tipos múltiples
2,DOID:0110251,cataract 15 multiple types,DOID:0110251,catarata 15 tipos múltiples
2,DOID:0110252,cataract 37,DOID:0110252,catarata 37
2,DOID:0110253,cataract 14 multiple types,DOID:0110253,catarata 14 tipos múltiples
2,DOID:0110254,cataract 25,DOID:0110254,catarata 25
2,DOID:0110255,cataract 5 multiple types,DOID:0110255,catarata 25
2,DOID:0110256,cataract 21 multiple types,DOID:0110256,catarata 21 tipos múltiples
2,DOID:0110257,cataract 24,DOID:0110257,catarata 24
2,DOID:0110258,cataract 10 multiple types,DOID:0110258,catarata 10 tipos múltiples
2,DOID:0110259,cataract 43,DOID:0110259,catarata 43
2,DOID:0110260,cataract 7,DOID:0110260,catarata 7
2,DOID:0110261,cataract 35,DOID:0110261,catarata 35
2,DOID:0110262,cataract 45,DOID:0110262,catarata 45
2,DOID:0110263,cataract 19 multiple types,DOID:0110263,catarata 19 tipos múltiples
2,DOID:0110264,cataract 33,DOID:0110264,catarata 33
2,DOID:0110265,cataract 31 multiple types,DOID:0110265,catarata 31 tipos múltiples
2,DOID:0110266,cataract 9 multiple types,DOID:0110266,catarata 9 tipos múltiples
2,DOID:0110267,cataract 44,DOID:0110267,catarata 44
2,DOID:0110268,cataract 22 multiple types,DOID:0110268,catarata 22 tipos múltiples
2,DOID:0110269,cataract 3 multiple types,DOID:0110269,catarata 3 tipos múltiples
2,DOID:0110270,cataract 17 multiple types,DOID:0110270,catarata 17 tipos múltiples
2,DOID:0110271,cataract 23,DOID:0110271,catarata 23
2,DOID:0110272,cataract 40,DOID:0110272,catarata 40
2,DOID:0110273,autosomal dominant limb-girdle muscular dystrophy,DOID:0110273,Distrofia muscular de cinturas autosómica dominante
1,DOID:0110274,autosomal recessive limb-girdle muscular dystrophy,DOID:0110274,distrofia muscular de cinturas autosómica recesiva
2,DOID:0110275,autosomal recessive limb-girdle muscular dystrophy type 2A,DOID:0110275,Distrofia muscular de cinturas autosómica recesiva de tipo 2A
2,DOID:0110276,autosomal recessive limb-girdle muscular dystrophy type 2B,DOID:0110276,Distrofia muscular de cinturas autosómica recesiva de tipo 2B
2,DOID:0110277,autosomal recessive limb-girdle muscular dystrophy type 2C,DOID:0110277,Distrofia muscular de cinturas autosómica recesiva de tipo 2C
2,DOID:0110278,autosomal recessive limb-girdle muscular dystrophy type 2D,DOID:0110278,Distrofia muscular de cinturas autosómica recesiva de tipo 2D
2,DOID:0110279,autosomal recessive limb-girdle muscular dystrophy type 2E,DOID:0110279,Distrofia muscular de cinturas autosómica recesiva de tipo 2E
2,DOID:0110280,autosomal recessive limb-girdle muscular dystrophy type 2F,DOID:0110280,Distrofia muscular de cinturas autosómica recesiva de tipo 2F
2,DOID:0110281,autosomal recessive limb-girdle muscular dystrophy type 2G,DOID:0110281,Distrofia muscular de cinturas autosómica recesiva de tipo 2G
2,DOID:0110282,autosomal recessive limb-girdle muscular dystrophy type 2H,DOID:0110282,Distrofia muscular de cinturas autosómica recesiva de tipo 2H
2,DOID:0110283,autosomal recessive limb-girdle muscular dystrophy type 2J,DOID:0110283,Distrofia muscular de cinturas autosómica recesiva de tipo 2J
2,DOID:0110284,autosomal recessive limb-girdle muscular dystrophy type 2L,DOID:0110284,Distrofia muscular de cinturas autosómica recesiva de tipo 2L
2,DOID:0110285,autosomal recessive limb-girdle muscular dystrophy type 2Q,DOID:0110285,Distrofia muscular de cinturas autosómica recesiva de tipo 2Q
2,DOID:0110287,autosomal recessive limb-girdle muscular dystrophy type 2S,DOID:0110287,Distrofia muscular de cinturas autosómica recesiva de tipo 2S
2,DOID:0110288,autosomal recessive limb-girdle muscular dystrophy type 2W,DOID:0110288,Distrofia muscular de cinturas autosómica recesiva tipo 2W
2,DOID:0110289,autosomal recessive limb-girdle muscular dystrophy type 2Y,DOID:0110289,Distrofia muscular de cinturas autosómica recesiva de tipo 2Y
2,DOID:0110290,autosomal recessive limb-girdle muscular dystrophy type 2X,DOID:0110290,Distrofia muscular de cinturas autosómica recesiva de tipo 2X
2,DOID:0110292,autosomal recessive limb-girdle muscular dystrophy type 2O,DOID:0110292,Distrofia muscular de cinturas autosómica recesiva de tipo 2O
2,DOID:0110293,autosomal recessive limb-girdle muscular dystrophy type 2P,DOID:0110293,Distrofia muscular de cinturas autosómica recesiva de tipo 2P
2,DOID:0110294,autosomal recessive limb-girdle muscular dystrophy type 2T,DOID:0110294,Distrofia muscular de cinturas autosómica recesiva de tipo 2T
2,DOID:0110295,autosomal recessive limb-girdle muscular dystrophy type 2U,DOID:0110295,Distrofia muscular de cinturas autosómica recesiva de tipo 2U
2,DOID:0110296,autosomal recessive limb-girdle muscular dystrophy type 2M,DOID:0110296,Distrofia muscular de cinturas autosómica recesiva de tipo 2M
2,DOID:0110297,autosomal recessive limb-girdle muscular dystrophy type 2K,DOID:0110297,Distrofia muscular de cinturas autosómica recesiva de tipo 2K
2,DOID:0110298,autosomal recessive limb-girdle muscular dystrophy type 2N,DOID:0110298,Distrofia muscular de cinturas autosómica recesiva de tipo 2N
2,DOID:0110299,autosomal recessive limb-girdle muscular dystrophy type 2I,DOID:0110299,Distrofia muscular de cinturas autosómica recesiva de tipo 2I
2,DOID:0110303,autosomal dominant limb-girdle muscular dystrophy type 1H,DOID:0110303,Distrofia muscular de cinturas autosómica dominante tipo 1H
2,DOID:0110304,autosomal dominant limb-girdle muscular dystrophy type 2,DOID:0110304,Distrofia muscular de cinturas autosómica dominante de tipo 2
2,DOID:0110305,autosomal dominant limb-girdle muscular dystrophy type 1,DOID:0110305,Distrofia muscular de cinturas autosómica dominante de tipo 1
2,DOID:0110306,autosomal dominant limb-girdle muscular dystrophy type 3,DOID:0110306,Distrofia muscular de cinturas autosómica dominante de tipo 3
2,DOID:0110307,hypertrophic cardiomyopathy 1,DOID:0110307,Miocardiopatía hipertrófica 1
2,DOID:0110308,hypertrophic cardiomyopathy 2,DOID:0110308,Miocardiopatía hipertrófica 2
2,DOID:0110309,hypertrophic cardiomyopathy 3,DOID:0110309,cardiomiopatía hipertrófica 3
2,DOID:0110310,hypertrophic cardiomyopathy 4,DOID:0110310,cardiomiopatía hipertrófica 4
2,DOID:0110311,hypertrophic cardiomyopathy 21,DOID:0110311,cardiomiopatía hipertrófica 21
2,DOID:0110312,hypertrophic cardiomyopathy 6,DOID:0110312,Miocardiopatía hipertrófica 6
2,DOID:0110313,hypertrophic cardiomyopathy 7,DOID:0110313,Miocardiopatía hipertrófica 7
2,DOID:0110314,hypertrophic cardiomyopathy 8,DOID:0110314,Miocardiopatía hipertrófica 8
2,DOID:0110315,hypertrophic cardiomyopathy 9,DOID:0110315,Miocardiopatía hipertrófica 9
2,DOID:0110316,hypertrophic cardiomyopathy 10,DOID:0110316,cardiomiopatía hipertrófica 10
2,DOID:0110317,hypertrophic cardiomyopathy 11,DOID:0110317,Miocardiopatía hipertrófica 11
2,DOID:0110318,hypertrophic cardiomyopathy 12,DOID:0110318,Miocardiopatía hipertrófica 12
2,DOID:0110319,hypertrophic cardiomyopathy 13,DOID:0110319,cardiomiopatía hipertrófica 13
2,DOID:0110320,hypertrophic cardiomyopathy 14,DOID:0110320,cardiomiopatía hipertrófica 14
2,DOID:0110321,hypertrophic cardiomyopathy 15,DOID:0110321,cardiomiopatía hipertrófica 15
2,DOID:0110322,hypertrophic cardiomyopathy 16,DOID:0110322,cardiomiopatía hipertrófica 16
2,DOID:0110323,hypertrophic cardiomyopathy 17,DOID:0110323,cardiomiopatía hipertrófica 17
2,DOID:0110324,hypertrophic cardiomyopathy 18,DOID:0110324,cardiomiopatía hipertrófica 18
2,DOID:0110326,hypertrophic cardiomyopathy 20,DOID:0110326,Miocardiopatía hipertrófica 20
2,DOID:0110327,hypertrophic cardiomyopathy 26,DOID:0110327,Miocardiopatía hipertrófica 26
2,DOID:0110328,hypertrophic cardiomyopathy 25,DOID:0110328,Miocardiopatía hipertrófica 25
2,DOID:0110334,osteogenesis imperfecta type 1,DOID:0110334,osteogénesis imperfecta tipo 1
2,DOID:0110335,"osteogenesis imperfecta with opalescent teeth, blue sclerae and wormian bones but without fractures",DOID:0110335,"osteogénesis imperfecta con dientes opalescentes, escleróticas azules y huesos wormianos pero sin fracturas"
2,DOID:0110336,osteogenesis imperfecta type 8,DOID:0110336,osteogénesis imperfecta tipo 8
2,DOID:0110337,osteogenesis imperfecta type 7,DOID:0110337,osteogénesis imperfecta tipo 7
2,DOID:0110338,osteogenesis imperfecta type 17,DOID:0110338,osteogénesis imperfecta tipo 17
2,DOID:0110339,osteogenesis imperfecta type 3,DOID:0110339,osteogénesis imperfecta tipo 3
2,DOID:0110340,osteogenesis imperfecta type 4,DOID:0110340,osteogénesis imperfecta tipo 4
2,DOID:0110341,osteogenesis imperfecta type 2,DOID:0110341,osteogénesis imperfecta de tipo 2
2,DOID:0110342,osteogenesis imperfecta type 13,DOID:0110342,osteogénesis imperfecta tipo 13
2,DOID:0110343,osteogenesis imperfecta type 14,DOID:0110343,osteogénesis imperfecta tipo 14
2,DOID:0110344,osteogenesis imperfecta type 5,DOID:0110344,osteogénesis imperfecta tipo 5
2,DOID:0110345,osteogenesis imperfecta type 16,DOID:0110345,osteogénesis imperfecta tipo 16
2,DOID:0110346,osteogenesis imperfecta type 10,DOID:0110346,osteogénesis imperfecta tipo 10
2,DOID:0110347,osteogenesis imperfecta type 15,DOID:0110347,osteogénesis imperfecta tipo 15
2,DOID:0110348,osteogenesis imperfecta type 12,DOID:0110348,osteogénesis imperfecta tipo 12
2,DOID:0110349,osteogenesis imperfecta type 9,DOID:0110349,osteogénesis imperfecta tipo 9
2,DOID:0110350,osteogenesis imperfecta type 6,DOID:0110350,osteogénesis imperfecta tipo 6
2,DOID:0110351,osteogenesis imperfecta type 11,DOID:0110351,osteogénesis imperfecta tipo 11
2,DOID:0110352,retinitis pigmentosa 59,DOID:0110352,retinosis pigmentaria 59
2,DOID:0110353,retinitis pigmentosa 20,DOID:0110353,retinosis pigmentaria 20
2,DOID:0110354,retinitis pigmentosa 19,DOID:0110354,retinosis pigmentaria 19
2,DOID:0110355,retinitis pigmentosa 32,DOID:0110355,retinosis pigmentaria 32
2,DOID:0110356,retinitis pigmentosa 18,DOID:0110356,retinosis pigmentaria 18
2,DOID:0110357,retinitis pigmentosa 35,DOID:0110357,retinosis pigmentaria 35
2,DOID:0110358,retinitis pigmentosa 12,DOID:0110358,retinosis pigmentaria 12
2,DOID:0110359,retinitis pigmentosa 67,DOID:0110359,retinosis pigmentaria 67
2,DOID:0110360,retinitis pigmentosa 39,DOID:0110360,retinosis pigmentaria 39
2,DOID:0110361,retinitis pigmentosa 75,DOID:0110361,retinosis pigmentaria 75
2,DOID:0110362,retinitis pigmentosa 58,DOID:0110362,retinosis pigmentaria 58
2,DOID:0110363,retinitis pigmentosa 71,DOID:0110363,retinosis pigmentaria 71
2,DOID:0110364,retinitis pigmentosa 54,DOID:0110364,retinosis pigmentaria 54
2,DOID:0110365,retinitis pigmentosa 28,DOID:0110365,retinosis pigmentaria 28
2,DOID:0110366,retinitis pigmentosa 33,DOID:0110366,retinosis pigmentaria 33
2,DOID:0110367,retinitis pigmentosa 38,DOID:0110367,retinosis pigmentaria 38
2,DOID:0110368,retinitis pigmentosa 26,DOID:0110368,retinosis pigmentaria 26
2,DOID:0110369,retinitis pigmentosa 47,DOID:0110369,retinosis pigmentaria 47
2,DOID:0110370,retinitis pigmentosa 55,DOID:0110370,retinosis pigmentaria 55
2,DOID:0110371,retinitis pigmentosa 56,DOID:0110371,retinosis pigmentaria 56
2,DOID:0110372,retinitis pigmentosa 4,DOID:0110372,retinosis pigmentaria 4
2,DOID:0110373,retinitis pigmentosa 61,DOID:0110373,retinosis pigmentaria 61
2,DOID:0110374,retinitis pigmentosa 68,DOID:0110374,retinosis pigmentaria 68
2,DOID:0110375,retinitis pigmentosa 40,DOID:0110375,retinosis pigmentaria 40
2,DOID:0110376,retinitis pigmentosa 41,DOID:0110376,retinosis pigmentaria 41
2,DOID:0110377,retinitis pigmentosa 49,DOID:0110377,retinosis pigmentaria 49
2,DOID:0110378,retinitis pigmentosa 29,DOID:0110378,retinosis pigmentaria 29
2,DOID:0110379,retinitis pigmentosa 43,DOID:0110379,retinosis pigmentaria 43
2,DOID:0110380,retinitis pigmentosa 62,DOID:0110380,retinosis pigmentaria 62
2,DOID:0110381,retinitis pigmentosa 14,DOID:0110381,retinosis pigmentaria 14
2,DOID:0110382,retinitis pigmentosa 48,DOID:0110382,retinosis pigmentaria 48
2,DOID:0110383,retinitis pigmentosa 7,DOID:0110383,retinosis pigmentaria 7
2,DOID:0110384,retinitis pigmentosa 25,DOID:0110384,retinosis pigmentaria 25
2,DOID:0110385,retinitis pigmentosa 63,DOID:0110385,retinosis pigmentaria 63
2,DOID:0110386,retinitis pigmentosa 42,DOID:0110386,retinosis pigmentaria 42
2,DOID:0110387,retinitis pigmentosa 9,DOID:0110387,retinosis pigmentaria 9
2,DOID:0110388,retinitis pigmentosa 10,DOID:0110388,retinosis pigmentaria 10
2,DOID:0110389,retinitis pigmentosa 73,DOID:0110389,retinosis pigmentaria 73
2,DOID:0110390,retinitis pigmentosa 1,DOID:0110390,retinosis pigmentaria 1
2,DOID:0110391,retinitis pigmentosa 31,DOID:0110391,retinosis pigmentaria 31
2,DOID:0110392,retinitis pigmentosa 70,DOID:0110392,retinosis pigmentaria 70
2,DOID:0110393,retinitis pigmentosa 66,DOID:0110393,retinosis pigmentaria 66
2,DOID:0110394,retinitis pigmentosa 44,DOID:0110394,retinosis pigmentaria 44
2,DOID:0110395,retinitis pigmentosa 72,DOID:0110395,retinosis pigmentaria 72
2,DOID:0110396,retinitis pigmentosa 50,DOID:0110396,retinosis pigmentaria 50
2,DOID:0110397,retinitis pigmentosa 27,DOID:0110397,retinosis pigmentaria 27
2,DOID:0110398,retinitis pigmentosa 51,DOID:0110398,retinosis pigmentaria 51
2,DOID:0110399,retinitis pigmentosa 37,DOID:0110399,retinosis pigmentaria 37
2,DOID:0110400,retinitis pigmentosa 22,DOID:0110400,retinosis pigmentaria 22
2,DOID:0110401,retinitis pigmentosa 74,DOID:0110401,retinosis pigmentaria 74
2,DOID:0110402,retinitis pigmentosa 45,DOID:0110402,retinosis pigmentaria 45
2,DOID:0110403,retinitis pigmentosa 13,DOID:0110403,retinitis pigmentosa 13
2,DOID:0110404,retinitis pigmentosa 17,DOID:0110404,retinosis pigmentaria 17
2,DOID:0110405,retinitis pigmentosa 36,DOID:0110405,retinosis pigmentaria 36
2,DOID:0110406,retinitis pigmentosa 30,DOID:0110406,retinosis pigmentaria 30
2,DOID:0110407,retinitis pigmentosa 57,DOID:0110407,retinosis pigmentaria 57
2,DOID:0110408,retinitis pigmentosa 11,DOID:0110408,retinosis pigmentaria 11
2,DOID:0110409,retinitis pigmentosa 46,DOID:0110409,retinosis pigmentaria 46
2,DOID:0110410,retinitis pigmentosa 69,DOID:0110410,retinosis pigmentaria 69
2,DOID:0110411,retinitis pigmentosa 60,DOID:0110411,retinosis pigmentaria 60
2,DOID:0110412,retinitis pigmentosa 23,DOID:0110412,retinosis pigmentaria 23
2,DOID:0110413,retinitis pigmentosa 6,DOID:0110413,retinosis pigmentaria 6
2,DOID:0110414,retinitis pigmentosa 3,DOID:0110414,retinosis pigmentaria 3
2,DOID:0110415,retinitis pigmentosa 2,DOID:0110415,retinosis pigmentaria 2
2,DOID:0110416,retinitis pigmentosa 24,DOID:0110416,retinosis pigmentaria 24
2,DOID:0110417,retinitis pigmentosa 34,DOID:0110417,retinosis pigmentaria 34
2,DOID:0110418,retinitis pigmentosa Y-linked,DOID:0110418,retinosis pigmentaria ligada al cromosoma Y
2,DOID:0110419,retinitis pigmentosa with or without situs inversus,DOID:0110419,retinosis pigmentaria con o sin situs inversus
2,DOID:0110420,dominant pericentral pigmentary retinopathy,DOID:0110420,Retinopatía pigmentaria pericentral dominante
2,DOID:0110421,late-adult onset retinitis pigmentosa,DOID:0110421,Retinosis pigmentaria de aparición tardía en adultos
2,DOID:0110422,autosomal recessive pericentral pigmentary retinopathy,DOID:0110422,retinopatía pigmentaria pericentral autosómica recesiva
2,DOID:0110423,dilated cardiomyopathy 1C,DOID:0110423,cardiomiopatía dilatada 1C
2,DOID:0110424,dilated cardiomyopathy 1CC,DOID:0110424,Miocardiopatía dilatada 1CC
2,DOID:0110425,dilated cardiomyopathy 1A,DOID:0110425,Miocardiopatía dilatada 1A
2,DOID:0110426,dilated cardiomyopathy 1D,DOID:0110426,cardiomiopatía dilatada 1D
2,DOID:0110427,dilated cardiomyopathy 1V,DOID:0110427,Miocardiopatía dilatada 1V
2,DOID:0110428,dilated cardiomyopathy 1AA,DOID:0110428,Miocardiopatía dilatada 1AA
2,DOID:0110429,dilated cardiomyopathy 1H,DOID:0110429,cardiomiopatía dilatada 1H
2,DOID:0110430,dilated cardiomyopathy 1G,DOID:0110430,Miocardiopatía dilatada 1G
2,DOID:0110431,dilated cardiomyopathy 1I,DOID:0110431,cardiomiopatía dilatada 1I
2,DOID:0110432,dilated cardiomyopathy 1NN,DOID:0110432,cardiomiopatía dilatada 1NN
2,DOID:0110433,dilated cardiomyopathy 1E,DOID:0110433,Miocardiopatía dilatada 1E
2,DOID:0110434,dilated cardiomyopathy 1Z,DOID:0110434,Miocardiopatía dilatada 1Z
2,DOID:0110435,dilated cardiomyopathy 1GG,DOID:0110435,cardiomiopatía dilatada 1GG
2,DOID:0110436,dilated cardiomyopathy 1L,DOID:0110436,cardiomiopatía dilatada 1L
2,DOID:0110437,dilated cardiomyopathy 1K,DOID:0110437,cardiomiopatía dilatada 1K
2,DOID:0110438,dilated cardiomyopathy 1JJ,DOID:0110438,cardiomiopatía dilatada 1JJ
2,DOID:0110439,dilated cardiomyopathy 1P,DOID:0110439,Miocardiopatía dilatada 1P
2,DOID:0110440,dilated cardiomyopathy 1J,DOID:0110440,cardiomiopatía dilatada 1J
2,DOID:0110441,dilated cardiomyopathy 2B,DOID:0110441,cardiomiopatía dilatada 2B
2,DOID:0110442,dilated cardiomyopathy 1Q,DOID:0110442,Miocardiopatía dilatada 1Q
2,DOID:0110443,dilated cardiomyopathy 1B,DOID:0110443,cardiomiopatía dilatada 1B
2,DOID:0110444,dilated cardiomyopathy 1X,DOID:0110444,cardiomiopatía dilatada 1X
2,DOID:0110445,dilated cardiomyopathy 1KK,DOID:0110445,Miocardiopatía dilatada 1KK
2,DOID:0110446,dilated cardiomyopathy 1W,DOID:0110446,cardiomiopatía dilatada 1W
2,DOID:0110447,dilated cardiomyopathy 1DD,DOID:0110447,cardiomiopatía dilatada 1DD
2,DOID:0110448,dilated cardiomyopathy 1HH,DOID:0110448,cardiomiopatía dilatada 1HH
2,DOID:0110449,dilated cardiomyopathy 1M,DOID:0110449,cardiomiopatía dilatada 1M
2,DOID:0110450,dilated cardiomyopathy 1II,DOID:0110450,cardiomiopatía dilatada 1II
2,DOID:0110451,dilated cardiomyopathy 1O,DOID:0110451,cardiomiopatía dilatada 1O
2,DOID:0110452,dilated cardiomyopathy 1T,DOID:0110452,Miocardiopatía dilatada 1T
2,DOID:0110453,dilated cardiomyopathy 1EE,DOID:0110453,cardiomiopatía dilatada 1EE
2,DOID:0110454,dilated cardiomyopathy 1S,DOID:0110454,cardiomiopatía dilatada 1EE
2,DOID:0110455,dilated cardiomyopathy 1U,DOID:0110455,cardiomiopatía dilatada 1EE
2,DOID:0110456,dilated cardiomyopathy 1R,DOID:0110456,cardiomiopatía dilatada 1R
2,DOID:0110457,dilated cardiomyopathy 1Y,DOID:0110457,cardiomiopatía dilatada 1Y
2,DOID:0110458,dilated cardiomyopathy 1BB,DOID:0110458,cardiomiopatía dilatada 1BB
2,DOID:0110459,dilated cardiomyopathy 1FF,DOID:0110459,Miocardiopatía dilatada 1FF
2,DOID:0110460,dilated cardiomyopathy 2A,DOID:0110460,cardiomiopatía dilatada 2A
2,DOID:0110461,X-linked dilated cardiomyopathy,DOID:0110461,Miocardiopatía dilatada ligada al cromosoma X
2,DOID:0110462,autosomal recessive nonsyndromic deafness 101,DOID:0110462,sordera autosómica recesiva no sindrómica 101
2,DOID:0110463,autosomal recessive nonsyndromic deafness 102,DOID:0110463,sordera autosómica recesiva no sindrómica 102
2,DOID:0110464,autosomal recessive nonsyndromic deafness 103,DOID:0110464,sordera autosómica recesiva no sindrómica 103
2,DOID:0110465,autosomal recessive nonsyndromic deafness 104,DOID:0110465,sordera autosómica recesiva no sindrómica 104
2,DOID:0110467,autosomal recessive nonsyndromic deafness 12,DOID:0110467,sordera autosómica recesiva no sindrómica 12
2,DOID:0110468,autosomal recessive nonsyndromic deafness 13,DOID:0110468,sordera autosómica recesiva no sindrómica 13
2,DOID:0110469,autosomal recessive nonsyndromic deafness 14,DOID:0110469,sordera autosómica recesiva no sindrómica 14
2,DOID:0110470,autosomal recessive nonsyndromic deafness 15,DOID:0110470,sordera autosómica recesiva no sindrómica 15
2,DOID:0110471,autosomal recessive nonsyndromic deafness 16,DOID:0110471,sordera autosómica recesiva no sindrómica 16
2,DOID:0110472,autosomal recessive nonsyndromic deafness 17,DOID:0110472,Sordera autosómica recesiva no sindrómica 17
2,DOID:0110473,autosomal recessive nonsyndromic deafness 18A,DOID:0110473,sordera autosómica recesiva no sindrómica 18A
2,DOID:0110474,autosomal recessive nonsyndromic deafness 18B,DOID:0110474,sordera autosómica recesiva no sindrómica 18B
2,DOID:0110475,autosomal recessive nonsyndromic deafness 1A,DOID:0110475,sordera autosómica recesiva no sindrómica 1A
2,DOID:0110476,autosomal recessive nonsyndromic deafness 1B,DOID:0110476,autosomal recessive nonsyndromic deafness 1B
2,DOID:0110477,autosomal recessive nonsyndromic deafness 2,DOID:0110477,Sordera autosómica recesiva no sindrómica 2
2,DOID:0110478,autosomal recessive nonsyndromic deafness 20,DOID:0110478,sordera autosómica recesiva no sindrómica 20
2,DOID:0110479,autosomal recessive nonsyndromic deafness 21,DOID:0110479,sordera autosómica recesiva no sindrómica 21
2,DOID:0110480,autosomal recessive nonsyndromic deafness 22,DOID:0110480,Sordera autosómica recesiva no sindrómica 22
2,DOID:0110481,autosomal recessive nonsyndromic deafness 23,DOID:0110481,sordera autosómica recesiva no sindrómica 23
2,DOID:0110482,autosomal recessive nonsyndromic deafness 24,DOID:0110482,sordera autosómica recesiva no sindrómica 24
2,DOID:0110483,autosomal recessive nonsyndromic deafness 25,DOID:0110483,sordera autosómica recesiva no sindrómica 25
2,DOID:0110484,autosomal recessive nonsyndromic deafness 26,DOID:0110484,sordera autosómica recesiva no sindrómica 26
2,DOID:0110485,autosomal recessive nonsyndromic deafness 27,DOID:0110485,sordera autosómica recesiva no sindrómica 27
2,DOID:0110486,autosomal recessive nonsyndromic deafness 28,DOID:0110486,sordera autosómica recesiva no sindrómica 28
2,DOID:0110487,autosomal recessive nonsyndromic deafness 29,DOID:0110487,sordera autosómica recesiva no sindrómica 29
2,DOID:0110488,autosomal recessive nonsyndromic deafness 3,DOID:0110488,sordera autosómica recesiva no sindrómica 3
2,DOID:0110489,autosomal recessive nonsyndromic deafness 30,DOID:0110489,sordera autosómica recesiva no sindrómica 30
2,DOID:0110490,autosomal recessive nonsyndromic deafness 31,DOID:0110490,Sordera autosómica recesiva no sindrómica 31
2,DOID:0110491,autosomal recessive nonsyndromic deafness 32,DOID:0110491,sordera autosómica recesiva no sindrómica 32
2,DOID:0110492,autosomal recessive nonsyndromic deafness 33,DOID:0110492,sordera autosómica recesiva no sindrómica 33
2,DOID:0110493,autosomal recessive nonsyndromic deafness 35,DOID:0110493,Sordera autosómica recesiva no sindrómica 35
2,DOID:0110494,autosomal recessive nonsyndromic deafness 36,DOID:0110494,Sordera autosómica recesiva no sindrómica 36
2,DOID:0110495,autosomal recessive nonsyndromic deafness 37,DOID:0110495,Sordera autosómica recesiva no sindrómica 37
2,DOID:0110496,autosomal recessive nonsyndromic deafness 38,DOID:0110496,sordera autosómica recesiva no sindrómica 38
2,DOID:0110497,autosomal recessive nonsyndromic deafness 39,DOID:0110497,sordera autosómica recesiva no sindrómica 39
2,DOID:0110498,autosomal recessive nonsyndromic deafness 4,DOID:0110498,Sordera autosómica recesiva no sindrómica 4
2,DOID:0110499,autosomal recessive nonsyndromic deafness 40,DOID:0110499,sordera autosómica recesiva no sindrómica 40
2,DOID:0110500,autosomal recessive nonsyndromic deafness 42,DOID:0110500,sordera autosómica recesiva no sindrómica 42
2,DOID:0110501,autosomal recessive nonsyndromic deafness 44,DOID:0110501,sordera autosómica recesiva no sindrómica 44
2,DOID:0110502,autosomal recessive nonsyndromic deafness 45,DOID:0110502,sordera autosómica recesiva no sindrómica 45
2,DOID:0110503,autosomal recessive nonsyndromic deafness 46,DOID:0110503,sordera autosómica recesiva no sindrómica 46
2,DOID:0110504,autosomal recessive nonsyndromic deafness 47,DOID:0110504,sordera autosómica recesiva no sindrómica 47
2,DOID:0110505,autosomal recessive nonsyndromic deafness 48,DOID:0110505,sordera autosómica recesiva no sindrómica 48
2,DOID:0110506,autosomal recessive nonsyndromic deafness 49,DOID:0110506,sordera autosómica recesiva no sindrómica 49
2,DOID:0110507,autosomal recessive nonsyndromic deafness 5,DOID:0110507,Sordera autosómica recesiva no sindrómica 5
2,DOID:0110508,autosomal recessive nonsyndromic deafness 51,DOID:0110508,Sordera autosómica recesiva no sindrómica 5
2,DOID:0110509,autosomal recessive nonsyndromic deafness 53,DOID:0110509,sordera autosómica recesiva no sindrómica 53
2,DOID:0110510,autosomal recessive nonsyndromic deafness 55,DOID:0110510,sordera autosómica recesiva no sindrómica 53
2,DOID:0110511,autosomal recessive nonsyndromic deafness 59,DOID:0110511,sordera autosómica recesiva no sindrómica 59
2,DOID:0110512,autosomal recessive nonsyndromic deafness 6,DOID:0110512,sordera autosómica recesiva no sindrómica 6
2,DOID:0110513,autosomal recessive nonsyndromic deafness 61,DOID:0110513,sordera autosómica recesiva no sindrómica 61
2,DOID:0110514,autosomal recessive nonsyndromic deafness 62,DOID:0110514,sordera autosómica recesiva no sindrómica 62
2,DOID:0110515,autosomal recessive nonsyndromic deafness 63,DOID:0110515,sordera autosómica recesiva no sindrómica 63
2,DOID:0110516,autosomal recessive nonsyndromic deafness 65,DOID:0110516,sordera autosómica recesiva no sindrómica 65
2,DOID:0110517,autosomal recessive nonsyndromic deafness 66,DOID:0110517,Sordera autosómica recesiva no sindrómica 66
2,DOID:0110518,autosomal recessive nonsyndromic deafness 67,DOID:0110518,sordera autosómica recesiva no sindrómica 67
2,DOID:0110519,autosomal recessive nonsyndromic deafness 68,DOID:0110519,sordera autosómica recesiva no sindrómica 68
2,DOID:0110520,autosomal recessive nonsyndromic deafness 7,DOID:0110520,sordera autosómica recesiva no sindrómica 7
2,DOID:0110521,autosomal recessive nonsyndromic deafness 70,DOID:0110521,sordera autosómica recesiva no sindrómica 70
2,DOID:0110522,autosomal recessive nonsyndromic deafness 71,DOID:0110522,sordera autosómica recesiva no sindrómica 71
2,DOID:0110523,autosomal recessive nonsyndromic deafness 74,DOID:0110523,sordera autosómica recesiva no sindrómica 74
2,DOID:0110524,autosomal recessive nonsyndromic deafness 76,DOID:0110524,sordera autosómica recesiva no sindrómica 76
2,DOID:0110525,autosomal recessive nonsyndromic deafness 77,DOID:0110525,sordera autosómica recesiva no sindrómica 77
2,DOID:0110526,autosomal recessive nonsyndromic deafness 79,DOID:0110526,sordera autosómica recesiva no sindrómica 79
2,DOID:0110527,autosomal recessive nonsyndromic deafness 8,DOID:0110527,sordera autosómica recesiva no sindrómica 8
2,DOID:0110528,autosomal recessive nonsyndromic deafness 83,DOID:0110528,sordera autosómica recesiva no sindrómica 83
2,DOID:0110529,autosomal recessive nonsyndromic deafness 84A,DOID:0110529,sordera autosómica recesiva no sindrómica 84A
2,DOID:0110530,autosomal recessive nonsyndromic deafness 84B,DOID:0110530,sordera autosómica recesiva no sindrómica 84B
2,DOID:0110531,autosomal recessive nonsyndromic deafness 85,DOID:0110531,sordera autosómica recesiva no sindrómica 85
2,DOID:0110532,autosomal recessive nonsyndromic deafness 86,DOID:0110532,sordera autosómica recesiva no sindrómica 86
2,DOID:0110533,autosomal recessive nonsyndromic deafness 88,DOID:0110533,sordera autosómica recesiva no sindrómica 88
2,DOID:0110534,autosomal recessive nonsyndromic deafness 89,DOID:0110534,sordera autosómica recesiva no sindrómica 89
2,DOID:0110535,autosomal recessive nonsyndromic deafness 9,DOID:0110535,sordera autosómica recesiva no sindrómica 9
2,DOID:0110536,autosomal recessive nonsyndromic deafness 91,DOID:0110536,sordera autosómica recesiva no sindrómica 91
2,DOID:0110537,autosomal recessive nonsyndromic deafness 93,DOID:0110537,sordera autosómica recesiva no sindrómica 93
2,DOID:0110538,autosomal recessive nonsyndromic deafness 96,DOID:0110538,Sordera autosómica recesiva no sindrómica 96
2,DOID:0110539,autosomal recessive nonsyndromic deafness 97,DOID:0110539,Sordera autosómica recesiva no sindrómica 97
2,DOID:0110540,autosomal recessive nonsyndromic deafness 98,DOID:0110540,sordera autosómica recesiva no sindrómica 98
2,DOID:0110541,autosomal dominant nonsyndromic deafness 1,DOID:0110541,Sordera autosómica dominante no sindrómica 1
2,DOID:0110542,autosomal dominant nonsyndromic deafness 10,DOID:0110542,Sordera autosómica dominante no sindrómica 10
2,DOID:0110543,autosomal dominant nonsyndromic deafness 11,DOID:0110543,Sordera autosómica dominante no sindrómica 11
2,DOID:0110544,autosomal dominant nonsyndromic deafness 12,DOID:0110544,Sordera autosómica dominante no sindrómica 12
2,DOID:0110545,autosomal dominant nonsyndromic deafness 13,DOID:0110545,Sordera autosómica dominante no sindrómica 13
2,DOID:0110546,autosomal dominant nonsyndromic deafness 15,DOID:0110546,Sordera autosómica dominante no sindrómica 15
2,DOID:0110547,autosomal dominant nonsyndromic deafness 16,DOID:0110547,Sordera autosómica dominante no sindrómica 16
2,DOID:0110548,autosomal dominant nonsyndromic deafness 17,DOID:0110548,Sordera autosómica dominante no sindrómica 17
2,DOID:0110549,autosomal dominant nonsyndromic deafness 18,DOID:0110549,Sordera autosómica dominante no sindrómica 18
2,DOID:0110550,autosomal dominant nonsyndromic deafness 20,DOID:0110550,Sordera autosómica dominante no sindrómica 20
2,DOID:0110551,autosomal dominant nonsyndromic deafness 21,DOID:0110551,Sordera autosómica dominante no sindrómica 21
2,DOID:0110552,autosomal dominant nonsyndromic deafness 22,DOID:0110552,Sordera autosómica dominante no sindrómica 22
2,DOID:0110553,autosomal dominant nonsyndromic deafness 23,DOID:0110553,Sordera autosómica dominante no sindrómica 23
2,DOID:0110554,autosomal dominant nonsyndromic deafness 24,DOID:0110554,Sordera autosómica dominante no sindrómica 24
2,DOID:0110555,autosomal dominant nonsyndromic deafness 25,DOID:0110555,Sordera autosómica dominante no sindrómica 25
2,DOID:0110556,autosomal dominant nonsyndromic deafness 27,DOID:0110556,Sordera autosómica dominante no sindrómica 27
2,DOID:0110557,autosomal dominant nonsyndromic deafness 28,DOID:0110557,Sordera autosómica dominante no sindrómica 28
2,DOID:0110558,autosomal dominant nonsyndromic deafness 2A,DOID:0110558,Sordera autosómica dominante no sindrómica 2A
2,DOID:0110559,autosomal dominant nonsyndromic deafness 2B,DOID:0110559,Sordera autosómica dominante no sindrómica 2B
2,DOID:0110560,autosomal dominant nonsyndromic deafness 30,DOID:0110560,Sordera autosómica dominante no sindrómica 30
2,DOID:0110561,autosomal dominant nonsyndromic deafness 31,DOID:0110561,Sordera autosómica dominante no sindrómica 31
2,DOID:0110562,autosomal dominant nonsyndromic deafness 33,DOID:0110562,Sordera autosómica dominante no sindrómica 33
2,DOID:0110563,autosomal dominant nonsyndromic deafness 36,DOID:0110563,Sordera autosómica dominante no sindrómica 36
2,DOID:0110564,autosomal dominant nonsyndromic deafness 3A,DOID:0110564,Sordera autosómica dominante no sindrómica 3A
2,DOID:0110565,autosomal dominant nonsyndromic deafness 3B,DOID:0110565,Sordera autosómica dominante no sindrómica 3B
2,DOID:0110566,autosomal dominant nonsyndromic deafness 40,DOID:0110566,Sordera autosómica dominante no sindrómica 40
2,DOID:0110567,autosomal dominant nonsyndromic deafness 41,DOID:0110567,Sordera autosómica dominante no sindrómica 41
2,DOID:0110568,autosomal dominant nonsyndromic deafness 43,DOID:0110568,Sordera autosómica dominante no sindrómica 43
2,DOID:0110569,autosomal dominant nonsyndromic deafness 44,DOID:0110569,Sordera autosómica dominante no sindrómica 44
2,DOID:0110570,autosomal dominant nonsyndromic deafness 47,DOID:0110570,Sordera autosómica dominante no sindrómica 47
2,DOID:0110571,autosomal dominant nonsyndromic deafness 48,DOID:0110571,Sordera autosómica dominante no sindrómica 48
2,DOID:0110572,autosomal dominant nonsyndromic deafness 49,DOID:0110572,Sordera autosómica dominante no sindrómica 49
2,DOID:0110573,autosomal dominant nonsyndromic deafness 4A,DOID:0110573,Sordera autosómica dominante no sindrómica 4A
2,DOID:0110574,autosomal dominant nonsyndromic deafness 4B,DOID:0110574,Sordera autosómica dominante no sindrómica 4B
2,DOID:0110575,autosomal dominant nonsyndromic deafness 5,DOID:0110575,sordera autosómica dominante no sindrómica 5
2,DOID:0110576,autosomal dominant nonsyndromic deafness 50,DOID:0110576,Sordera autosómica dominante no sindrómica 50
2,DOID:0110577,autosomal dominant nonsyndromic deafness 51,DOID:0110577,Sordera autosómica dominante no sindrómica 51
2,DOID:0110578,autosomal dominant nonsyndromic deafness 52,DOID:0110578,Sordera autosómica dominante no sindrómica 52
2,DOID:0110579,autosomal dominant nonsyndromic deafness 53,DOID:0110579,Sordera autosómica dominante no sindrómica 53
2,DOID:0110580,autosomal dominant nonsyndromic deafness 54,DOID:0110580,Sordera autosómica dominante no sindrómica 54
2,DOID:0110581,autosomal dominant nonsyndromic deafness 56,DOID:0110581,Sordera autosómica dominante no sindrómica 56
2,DOID:0110582,autosomal dominant nonsyndromic deafness 58,DOID:0110582,Sordera autosómica dominante no sindrómica 58
2,DOID:0110583,autosomal dominant nonsyndromic deafness 59,DOID:0110583,Sordera autosómica dominante no sindrómica 59
2,DOID:0110584,autosomal dominant nonsyndromic deafness 6,DOID:0110584,Sordera autosómica dominante no sindrómica 6
2,DOID:0110585,autosomal dominant nonsyndromic deafness 64,DOID:0110585,Sordera autosómica dominante no sindrómica 64
2,DOID:0110586,autosomal dominant nonsyndromic deafness 65,DOID:0110586,Sordera autosómica dominante no sindrómica 65
2,DOID:0110587,autosomal dominant nonsyndromic deafness 66,DOID:0110587,Sordera autosómica dominante no sindrómica 66
2,DOID:0110588,autosomal dominant nonsyndromic deafness 67,DOID:0110588,Sordera autosómica dominante no sindrómica 67
2,DOID:0110589,autosomal dominant nonsyndromic deafness 68,DOID:0110589,Sordera autosómica dominante no sindrómica 68
2,DOID:0110590,autosomal dominant nonsyndromic deafness 69,DOID:0110590,Sordera autosómica dominante no sindrómica 69
2,DOID:0110591,autosomal dominant nonsyndromic deafness 7,DOID:0110591,Sordera autosómica dominante no sindrómica 7
2,DOID:0110592,autosomal dominant nonsyndromic deafness 70,DOID:0110592,Sordera autosómica dominante no sindrómica 70
2,DOID:0110593,autosomal dominant nonsyndromic deafness 9,DOID:0110593,Sordera autosómica dominante no sindrómica 9
2,DOID:0110594,primary ciliary dyskinesia 1,DOID:0110594,discinesia ciliar primaria 1
2,DOID:0110595,Stromme syndrome,DOID:0110595,Síndrome de Stromme
2,DOID:0110596,primary ciliary dyskinesia 21,DOID:0110596,discinesia ciliar primaria 21
2,DOID:0110597,primary ciliary dyskinesia 22,DOID:0110597,discinesia ciliar primaria 22
1,DOID:0110598,primary ciliary dyskinesia 14,DOID:0110598,discinesia ciliar primaria 14
1,DOID:0110599,primary ciliary dyskinesia 3,DOID:0110599,discinesia ciliar primaria 3
1,DOID:0110600,primary ciliary dyskinesia 29,DOID:0110600,discinesia ciliar primaria 29
1,DOID:0110601,primary ciliary dyskinesia 12,DOID:0110601,discinesia ciliar primaria 12
1,DOID:0110602,primary ciliary dyskinesia 11,DOID:0110602,discinesia ciliar primaria 11
1,DOID:0110603,primary ciliary dyskinesia 32,DOID:0110603,discinesia ciliar primaria 32
1,DOID:0110604,primary ciliary dyskinesia 18,DOID:0110604,discinesia ciliar primaria 18
1,DOID:0110605,primary ciliary dyskinesia 7,DOID:0110605,discinesia ciliar primaria 7
1,DOID:0110606,primary ciliary dyskinesia 6,DOID:0110606,Discinesia ciliar primaria 6
1,DOID:0110607,primary ciliary dyskinesia 28,DOID:0110607,discinesia ciliar primaria 28
1,DOID:0110608,primary ciliary dyskinesia 19,DOID:0110608,discinesia ciliar primaria 19
1,DOID:0110609,primary ciliary dyskinesia 23,DOID:0110609,discinesia ciliar primaria 23
1,DOID:0110610,primary ciliary dyskinesia 34,DOID:0110610,Disquinesia ciliar primaria 34
1,DOID:0110611,primary ciliary dyskinesia 27,DOID:0110611,discinesia ciliar primaria 27
1,DOID:0110612,primary ciliary dyskinesia 10,DOID:0110612,discinesia ciliar primaria 10
1,DOID:0110613,primary ciliary dyskinesia 16,DOID:0110613,discinesia ciliar primaria 16
1,DOID:0110614,primary ciliary dyskinesia 4,DOID:0110614,Discinesia ciliar primaria 4
1,DOID:0110615,primary ciliary dyskinesia 25,DOID:0110615,discinesia ciliar primaria 25
1,DOID:0110616,primary ciliary dyskinesia 8,DOID:0110616,discinesia ciliar primaria 8
1,DOID:0110617,primary ciliary dyskinesia 5,DOID:0110617,discinesia ciliar primaria 8
1,DOID:0110618,primary ciliary dyskinesia 13,DOID:0110618,discinesia ciliar primaria 13
1,DOID:0110619,primary ciliary dyskinesia 33,DOID:0110619,Disquinesia ciliar primaria 33
1,DOID:0110620,primary ciliary dyskinesia 35,DOID:0110620,discinesia ciliar primaria 35
1,DOID:0110621,primary ciliary dyskinesia 17,DOID:0110621,discinesia ciliar primaria 17
1,DOID:0110622,primary ciliary dyskinesia 9,DOID:0110622,discinesia ciliar primaria 9
1,DOID:0110623,primary ciliary dyskinesia 15,DOID:0110623,discinesia ciliar primaria 15
1,DOID:0110623,primary ciliary dyskinesia 15,DOID:0110623,discinesia ciliar primaria 15
1,DOID:0110624,primary ciliary dyskinesia 30,DOID:0110624,discinesia ciliar primaria 30
1,DOID:0110624,primary ciliary dyskinesia 30,DOID:0110624,discinesia ciliar primaria 30
1,DOID:0110625,primary ciliary dyskinesia 20,DOID:0110625,discinesia ciliar primaria 20
1,DOID:0110625,primary ciliary dyskinesia 20,DOID:0110625,discinesia ciliar primaria 20
1,DOID:0110626,primary ciliary dyskinesia 2,DOID:0110626,discinesia ciliar primaria 2
1,DOID:0110626,primary ciliary dyskinesia 2,DOID:0110626,discinesia ciliar primaria 2
1,DOID:0110627,primary ciliary dyskinesia 26,DOID:0110627,discinesia ciliar primaria 26
1,DOID:0110627,primary ciliary dyskinesia 26,DOID:0110627,discinesia ciliar primaria 26
1,DOID:0110628,primary ciliary dyskinesia 24,DOID:0110628,discinesia ciliar primaria 24
1,DOID:0110629,Wolfram syndrome 1,DOID:0110629,síndrome de Wolfram 1
1,DOID:0110630,Wolfram syndrome 2,DOID:0110630,síndrome de Wolfram 2
1,DOID:0110644,long QT syndrome 1,DOID:0110644,síndrome de QT largo 1
1,DOID:0110645,long QT syndrome 2,DOID:0110645,síndrome de QT largo 2
1,DOID:0110646,long QT syndrome 3,DOID:0110646,síndrome de QT largo 3
1,DOID:0110647,long QT syndrome 5,DOID:0110647,síndrome de QT largo 5
1,DOID:0110648,long QT syndrome 6,DOID:0110648,síndrome de QT largo 6
1,DOID:0110649,long QT syndrome 8,DOID:0110649,síndrome de QT largo 8
1,DOID:0110650,long QT syndrome 9,DOID:0110650,síndrome de QT largo 9
1,DOID:0110651,long QT syndrome 10,DOID:0110651,síndrome de QT largo 10
1,DOID:0110652,long QT syndrome 11,DOID:0110652,síndrome de QT largo 11
1,DOID:0110653,long QT syndrome 12,DOID:0110653,síndrome de QT largo 12
1,DOID:0110654,long QT syndrome 13,DOID:0110654,síndrome de QT largo 13
1,DOID:0110655,long QT syndrome 14,DOID:0110655,síndrome de QT largo 14
1,DOID:0110656,long QT syndrome 15,DOID:0110656,síndrome de QT largo 15
1,DOID:0110698,hypotrichosis 1,DOID:0110698,hipotricosis 1
1,DOID:0110699,hypotrichosis 2,DOID:0110699,hipotricosis 2
1,DOID:0110700,hypotrichosis 3,DOID:0110700,hipotricosis 3
1,DOID:0110701,hypotrichosis 4,DOID:0110701,hipotricosis 4
1,DOID:0110702,hypotrichosis 5,DOID:0110702,hipotricosis 5
1,DOID:0110703,hypotrichosis 6,DOID:0110703,hipotricosis 6
1,DOID:0110704,hypotrichosis 7,DOID:0110704,hipotricosis 7
1,DOID:0110705,hypotrichosis 8,DOID:0110705,hipotricosis 8
1,DOID:0110706,hypotrichosis 9,DOID:0110706,hipotricosis 9
1,DOID:0110707,hypotrichosis 10,DOID:0110707,hipotricosis 10
1,DOID:0110708,hypotrichosis 11,DOID:0110708,hipotricosis 11
1,DOID:0110709,hypotrichosis 12,DOID:0110709,hipotricosis 12
1,DOID:0110710,hypotrichosis 13,DOID:0110710,hipotricosis 13
1,DOID:0110716,Warburg micro syndrome 1,DOID:0110716,microsíndrome de Warburg 1
1,DOID:0110717,Warburg micro syndrome 2,DOID:0110717,Microsíndrome de Warburg 2
1,DOID:0110718,Warburg micro syndrome 3,DOID:0110718,Microsíndrome de Warburg 3
1,DOID:0110719,Warburg micro syndrome 4,DOID:0110719,microsíndrome de Warburg 4
1,DOID:0110720,neuronal ceroid lipofuscinosis 4,DOID:0110720,lipofuscinosis ceroide neuronal 4
1,DOID:0110721,neuronal ceroid lipofuscinosis 1,DOID:0110721,lipofuscinosis ceroide neuronal 1
1,DOID:0110722,neuronal ceroid lipofuscinosis 7,DOID:0110722,lipofuscinosis ceroide neuronal 7
1,DOID:0110723,neuronal ceroid lipofuscinosis 8,DOID:0110723,lipofuscinosis ceroide neuronal 8
1,DOID:0110724,neuronal ceroid lipofuscinosis 8 northern epilepsy variant,DOID:0110724,lipofuscinosis ceroide neuronal 8 variante epilepsia septentrional
1,DOID:0110725,neuronal ceroid lipofuscinosis 10,DOID:0110725,lipofuscinosis ceroide neuronal 10
1,DOID:0110726,neuronal ceroid lipofuscinosis 2,DOID:0110726,lipofuscinosis ceroide neuronal 2
1,DOID:0110727,neuronal ceroid lipofuscinosis 13,DOID:0110727,lipofuscinosis ceroide neuronal 13
1,DOID:0110728,neuronal ceroid lipofuscinosis 5,DOID:0110728,lipofuscinosis ceroide neuronal 5
1,DOID:0110729,neuronal ceroid lipofuscinosis 6A,DOID:0110729,lipofuscinosis ceroide neuronal 6A
1,DOID:0110730,neuronal ceroid lipofuscinosis 6B,DOID:0110730,lipofuscinosis ceroide neuronal 6B
1,DOID:0110731,neuronal ceroid lipofuscinosis 3,DOID:0110731,lipofuscinosis ceroide neuronal 3
1,DOID:0110732,neuronal ceroid lipofuscinosis 11,DOID:0110732,lipofuscinosis ceroide neuronal 11
1,DOID:0110733,neuronal ceroid lipofuscinosis 9,DOID:0110733,lipofuscinosis ceroide neuronal 9
1,DOID:0110734,neurodegeneration with brain iron accumulation,DOID:0110734,neurodegeneración con acumulación de hierro cerebral
1,DOID:0110735,neurodegeneration with brain iron accumulation 2a,DOID:0110735,neurodegeneración con acumulación de hierro cerebral 2a
1,DOID:0110736,neurodegeneration with brain iron accumulation 2b,DOID:0110736,neurodegeneración con acumulación de hierro cerebral 2b
1,DOID:0110737,neurodegeneration with brain iron accumulation 3,DOID:0110737,neurodegeneración con acumulación cerebral de hierro 3
1,DOID:0110738,neurodegeneration with brain iron accumulation 4,DOID:0110738,neurodegeneración con acumulación de hierro cerebral 4
1,DOID:0110739,neurodegeneration with brain iron accumulation 5,DOID:0110739,neurodegeneración con acumulación cerebral de hierro 5
1,DOID:0110740,neurodegeneration with brain iron accumulation 6,DOID:0110740,neurodegeneración con acumulación cerebral de hierro 6
1,DOID:0110741,type 1 diabetes mellitus 2,DOID:0110741,diabetes mellitus tipo 1 2
1,DOID:0110742,type 1 diabetes mellitus 3,DOID:0110742,diabetes mellitus tipo 1 3
1,DOID:0110743,type 1 diabetes mellitus 4,DOID:0110743,diabetes mellitus tipo 1 4
1,DOID:0110744,type 1 diabetes mellitus 5,DOID:0110744,diabetes mellitus tipo 1 5
1,DOID:0110745,type 1 diabetes mellitus 6,DOID:0110745,diabetes mellitus tipo 1 6
1,DOID:0110746,type 1 diabetes mellitus 7,DOID:0110746,diabetes mellitus tipo 1 7
1,DOID:0110747,type 1 diabetes mellitus 8,DOID:0110747,diabetes mellitus tipo 1 8
1,DOID:0110749,type 1 diabetes mellitus 10,DOID:0110749,diabetes mellitus tipo 1 10
1,DOID:0110750,type 1 diabetes mellitus 11,DOID:0110750,diabetes mellitus tipo 1 11
1,DOID:0110751,type 1 diabetes mellitus 12,DOID:0110751,diabetes mellitus tipo 1 12
1,DOID:0110752,type 1 diabetes mellitus 13,DOID:0110752,diabetes mellitus tipo 1 13
1,DOID:0110753,type 1 diabetes mellitus 15,DOID:0110753,diabetes mellitus tipo 1 15
1,DOID:0110754,type 1 diabetes mellitus 17,DOID:0110754,diabetes mellitus tipo 1 17
1,DOID:0110755,type 1 diabetes mellitus 18,DOID:0110755,diabetes mellitus tipo 1 18
1,DOID:0110756,type 1 diabetes mellitus 19,DOID:0110756,diabetes mellitus tipo 1 19
1,DOID:0110757,type 1 diabetes mellitus 20,DOID:0110757,diabetes mellitus tipo 1 20
1,DOID:0110758,type 1 diabetes mellitus 21,DOID:0110758,diabetes mellitus tipo 1 21
1,DOID:0110759,type 1 diabetes mellitus 22,DOID:0110759,diabetes mellitus tipo 1 22
1,DOID:0110760,type 1 diabetes mellitus 23,DOID:0110760,diabetes mellitus tipo 1 23
1,DOID:0110761,type 1 diabetes mellitus 24,DOID:0110761,diabetes mellitus tipo 1 24
1,DOID:0110763,hereditary spastic paraplegia 10,DOID:0110763,paraplejia espástica hereditaria 10
1,DOID:0110764,hereditary spastic paraplegia 11,DOID:0110764,paraplejia espástica hereditaria 11
1,DOID:0110765,hereditary spastic paraplegia 12,DOID:0110765,paraplejia espástica hereditaria 12
1,DOID:0110766,hereditary spastic paraplegia 13,DOID:0110766,paraplejia espástica hereditaria 13
1,DOID:0110767,hereditary spastic paraplegia 14,DOID:0110767,paraplejia espástica hereditaria 14
1,DOID:0110768,hereditary spastic paraplegia 15,DOID:0110768,paraplejia espástica hereditaria 15
1,DOID:0110769,hereditary spastic paraplegia 16,DOID:0110769,paraplejia espástica hereditaria 16
1,DOID:0110770,hereditary spastic paraplegia 17,DOID:0110770,paraplejia espástica hereditaria 17
1,DOID:0110771,hereditary spastic paraplegia 18,DOID:0110771,paraplejia espástica hereditaria 18
1,DOID:0110772,hereditary spastic paraplegia 19,DOID:0110772,paraplejia espástica hereditaria 19
1,DOID:0110773,hereditary spastic paraplegia 2,DOID:0110773,paraplejia espástica hereditaria 2
1,DOID:0110774,hereditary spastic paraplegia 23,DOID:0110774,paraplejia espástica hereditaria 23
1,DOID:0110775,hereditary spastic paraplegia 24,DOID:0110775,paraplejia espástica hereditaria 24
1,DOID:0110776,hereditary spastic paraplegia 25,DOID:0110776,paraplejia espástica hereditaria 25
1,DOID:0110777,hereditary spastic paraplegia 26,DOID:0110777,paraplejia espástica hereditaria 26
1,DOID:0110778,hereditary spastic paraplegia 27,DOID:0110778,paraplejia espástica hereditaria 27
1,DOID:0110779,hereditary spastic paraplegia 28,DOID:0110779,paraplejia espástica hereditaria 28
1,DOID:0110780,hereditary spastic paraplegia 29,DOID:0110780,paraplejia espástica hereditaria 29
1,DOID:0110781,hereditary spastic paraplegia 30,DOID:0110781,paraplejia espástica hereditaria 30
1,DOID:0110782,hereditary spastic paraplegia 31,DOID:0110782,paraplejia espástica hereditaria 31
1,DOID:0110783,hereditary spastic paraplegia 32,DOID:0110783,paraplejia espástica hereditaria 32
1,DOID:0110784,hereditary spastic paraplegia 33,DOID:0110784,paraplejia espástica hereditaria 33
1,DOID:0110785,hereditary spastic paraplegia 34,DOID:0110785,paraplejia espástica hereditaria 34
1,DOID:0110786,hereditary spastic paraplegia 35,DOID:0110786,paraplejia espástica hereditaria 35
1,DOID:0110787,hereditary spastic paraplegia 36,DOID:0110787,paraplejia espástica hereditaria 36
1,DOID:0110788,hereditary spastic paraplegia 37,DOID:0110788,paraplejia espástica hereditaria 37
1,DOID:0110789,hereditary spastic paraplegia 38,DOID:0110789,paraplejia espástica hereditaria 38
1,DOID:0110790,hereditary spastic paraplegia 39,DOID:0110790,paraplejia espástica hereditaria 39
1,DOID:0110791,hereditary spastic paraplegia 3A,DOID:0110791,paraplejia espástica hereditaria 3A
1,DOID:0110792,hereditary spastic paraplegia 4,DOID:0110792,paraplejia espástica hereditaria 4
1,DOID:0110793,hereditary spastic paraplegia 41,DOID:0110793,paraplejia espástica hereditaria 41
1,DOID:0110794,hereditary spastic paraplegia 42,DOID:0110794,paraplejia espástica hereditaria 42
1,DOID:0110795,hereditary spastic paraplegia 43,DOID:0110795,paraplejia espástica hereditaria 43
1,DOID:0110796,hereditary spastic paraplegia 44,DOID:0110796,paraplejia espástica hereditaria 44
1,DOID:0110797,hereditary spastic paraplegia 45,DOID:0110797,paraplejia espástica hereditaria 45
1,DOID:0110798,hereditary spastic paraplegia 46,DOID:0110798,paraplejia espástica hereditaria 46
1,DOID:0110799,hereditary spastic paraplegia 47,DOID:0110799,paraplejia espástica hereditaria 47
1,DOID:0110800,hereditary spastic paraplegia 48,DOID:0110800,paraplejia espástica hereditaria 48
1,DOID:0110801,hereditary spastic paraplegia 49,DOID:0110801,paraplejia espástica hereditaria 49
1,DOID:0110802,hereditary spastic paraplegia 50,DOID:0110802,paraplejia espástica hereditaria 50
1,DOID:0110803,hereditary spastic paraplegia 51,DOID:0110803,paraplejia espástica hereditaria 51
1,DOID:0110804,hereditary spastic paraplegia 52,DOID:0110804,paraplejia espástica hereditaria 52
1,DOID:0110805,hereditary spastic paraplegia 53,DOID:0110805,paraplejia espástica hereditaria 53
1,DOID:0110806,hereditary spastic paraplegia 54,DOID:0110806,paraplejia espástica hereditaria 54
1,DOID:0110807,hereditary spastic paraplegia 55,DOID:0110807,paraplejia espástica hereditaria 55
1,DOID:0110808,hereditary spastic paraplegia 56,DOID:0110808,paraplejia espástica hereditaria 56
1,DOID:0110809,hereditary spastic paraplegia 57,DOID:0110809,paraplejia espástica hereditaria 57
1,DOID:0110810,hereditary spastic paraplegia 5A,DOID:0110810,paraplejia espástica hereditaria 5A
1,DOID:0110811,hereditary spastic paraplegia 6,DOID:0110811,paraplejia espástica hereditaria 6
1,DOID:0110812,hereditary spastic paraplegia 61,DOID:0110812,paraplejia espástica hereditaria 61
1,DOID:0110813,hereditary spastic paraplegia 62,DOID:0110813,paraplejia espástica hereditaria 62
1,DOID:0110814,hereditary spastic paraplegia 63,DOID:0110814,paraplejia espástica hereditaria 63
1,DOID:0110815,hereditary spastic paraplegia 64,DOID:0110815,paraplejia espástica hereditaria 64
1,DOID:0110816,hereditary spastic paraplegia 7,DOID:0110816,paraplejia espástica hereditaria 7
1,DOID:0110817,hereditary spastic paraplegia 72A,DOID:0110817,paraplejia espástica hereditaria 72A
1,DOID:0110818,hereditary spastic paraplegia 73,DOID:0110818,paraplejia espástica hereditaria 73
1,DOID:0110819,hereditary spastic paraplegia 74,DOID:0110819,paraplejia espástica hereditaria 74
1,DOID:0110820,hereditary spastic paraplegia 75,DOID:0110820,paraplejia espástica hereditaria 75
1,DOID:0110821,hereditary spastic paraplegia 76,DOID:0110821,paraplejia espástica hereditaria 76
1,DOID:0110822,hereditary spastic paraplegia 77,DOID:0110822,paraplejia espástica hereditaria 77
1,DOID:0110823,hereditary spastic paraplegia 8,DOID:0110823,paraplejia espástica hereditaria 8
1,DOID:0110824,hereditary spastic paraplegia 9A,DOID:0110824,paraplejia espástica hereditaria 9A
1,DOID:0110825,hereditary spastic paraplegia 9B,DOID:0110825,paraplejia espástica hereditaria 9B
1,DOID:0110826,Usher syndrome type 1,DOID:0110826,síndrome de Usher tipo 1
1,DOID:0110827,Usher syndrome type 2,DOID:0110827,síndrome de Usher tipo 2
1,DOID:0110828,Usher syndrome type 3,DOID:0110828,síndrome de Usher tipo 3
1,DOID:0110829,retinitis pigmentosa-deafness syndrome,DOID:0110829,síndrome de retinosis pigmentaria-sordera
1,DOID:0110830,Usher syndrome type 1C,DOID:0110830,síndrome de Usher tipo 1C
1,DOID:0110831,Usher syndrome type 1D,DOID:0110831,síndrome de Usher tipo 1D
1,DOID:0110832,Usher syndrome type 1F,DOID:0110832,síndrome de Usher tipo 1F
1,DOID:0110833,Usher syndrome type 1E,DOID:0110833,síndrome de Usher tipo 1E
1,DOID:0110834,Usher syndrome type 1G,DOID:0110834,síndrome de Usher tipo 1G
1,DOID:0110835,Usher syndrome type 1H,DOID:0110835,síndrome de Usher tipo 1H
1,DOID:0110836,Usher syndrome type 1J,DOID:0110836,síndrome de Usher tipo 1J
1,DOID:0110837,Usher syndrome type 1K,DOID:0110837,síndrome de Usher tipo 1K
1,DOID:0110838,Usher syndrome type 2A,DOID:0110838,síndrome de Usher tipo 2A
1,DOID:0110839,Usher syndrome type 2C,DOID:0110839,síndrome de Usher tipo 2C
1,DOID:0110840,Usher syndrome type 2D,DOID:0110840,síndrome de Usher tipo 2D
1,DOID:0110841,Usher syndrome type 3A,DOID:0110841,síndrome de Usher tipo 3A
1,DOID:0110842,Usher syndrome type 3B,DOID:0110842,síndrome de Usher tipo 3B
1,DOID:0110843,xeroderma pigmentosum group A,DOID:0110843,xeroderma pigmentoso grupo A
1,DOID:0110844,xeroderma pigmentosum group C,DOID:0110844,xeroderma pigmentoso grupo C
1,DOID:0110845,xeroderma pigmentosum group D,DOID:0110845,xeroderma pigmentoso grupo D
1,DOID:0110846,xeroderma pigmentosum group E,DOID:0110846,xeroderma pigmentoso grupo E
1,DOID:0110847,xeroderma pigmentosum variant type,DOID:0110847,xeroderma pigmentoso tipo variante
1,DOID:0110848,xeroderma pigmentosum group F,DOID:0110848,xeroderma pigmentoso grupo F
1,DOID:0110849,xeroderma pigmentosum group G,DOID:0110849,xeroderma pigmentoso grupo G
1,DOID:0110850,xeroderma pigmentosum group B,DOID:0110850,xeroderma pigmentoso grupo B
1,DOID:0110851,rhizomelic chondrodysplasia punctata type 1,DOID:0110851,condrodisplasia punctata rizomélica tipo 1
1,DOID:0110852,rhizomelic chondrodysplasia punctata type 2,DOID:0110852,condrodisplasia punctata rizomélica tipo 2
1,DOID:0110853,rhizomelic chondrodysplasia punctata type 3,DOID:0110853,condrodisplasia punctata rizomélica tipo 3
1,DOID:0110854,rhizomelic chondrodysplasia punctata type 5,DOID:0110854,condrodisplasia punctata rizomélica tipo 5
1,DOID:0110855,posterior polymorphous corneal dystrophy 1,DOID:0110855,distrofia corneal polimorfa posterior 1
1,DOID:0110856,posterior polymorphous corneal dystrophy 2,DOID:0110856,distrofia corneal polimorfa posterior 2
1,DOID:0110857,posterior polymorphous corneal dystrophy 3,DOID:0110857,distrofia corneal polimorfa posterior 3
1,DOID:0110858,polycystic kidney disease 1,DOID:0110858,enfermedad renal poliquística 1
1,DOID:0110859,polycystic kidney disease 2,DOID:0110859,poliquistosis renal 2
1,DOID:0110860,polycystic kidney disease 3,DOID:0110860,enfermedad renal poliquística 3
NA,DOID:0110861,autosomal recessive polycystic kidney disease,DOID:0110861,NA
1,DOID:0110882,inflammatory bowel disease 7,DOID:0110882,enfermedad inflamatoria intestinal 7
1,DOID:0110883,inflammatory bowel disease 17,DOID:0110883,enfermedad inflamatoria intestinal 17
1,DOID:0110884,inflammatory bowel disease 23,DOID:0110884,enfermedad inflamatoria intestinal 23
1,DOID:0110885,inflammatory bowel disease 10,DOID:0110885,enfermedad inflamatoria intestinal 10
1,DOID:0110886,inflammatory bowel disease 9,DOID:0110886,enfermedad inflamatoria intestinal 9
1,DOID:0110887,inflammatory bowel disease 12,DOID:0110887,enfermedad inflamatoria intestinal 12
1,DOID:0110888,inflammatory bowel disease 18,DOID:0110888,enfermedad inflamatoria intestinal 18
1,DOID:0110889,inflammatory bowel disease 5,DOID:0110889,enfermedad inflamatoria intestinal 5
1,DOID:0110890,inflammatory bowel disease 19,DOID:0110890,enfermedad inflamatoria intestinal 19
1,DOID:0110891,inflammatory bowel disease 3,DOID:0110891,La enfermedad inflamatoria intestinal 3
1,DOID:0110892,inflammatory bowel disease 1,DOID:0110892,enfermedad inflamatoria intestinal 1
1,DOID:0110893,inflammatory bowel disease 13,DOID:0110893,enfermedad inflamatoria intestinal 13
1,DOID:0110894,inflammatory bowel disease 11,DOID:0110894,enfermedad inflamatoria intestinal 11
1,DOID:0110895,inflammatory bowel disease 14,DOID:0110895,enfermedad inflamatoria intestinal 14
1,DOID:0110896,inflammatory bowel disease 16,DOID:0110896,enfermedad inflamatoria intestinal 16
1,DOID:0110897,inflammatory bowel disease 15,DOID:0110897,enfermedad inflamatoria intestinal 15
1,DOID:0110898,inflammatory bowel disease 20,DOID:0110898,enfermedad inflamatoria intestinal 20
1,DOID:0110899,inflammatory bowel disease 28,DOID:0110899,enfermedad inflamatoria intestinal 28
1,DOID:0110900,inflammatory bowel disease 2,DOID:0110900,enfermedad inflamatoria intestinal 2
1,DOID:0110901,inflammatory bowel disease 26,DOID:0110901,enfermedad inflamatoria intestinal 26
1,DOID:0110902,inflammatory bowel disease 27,DOID:0110902,enfermedad inflamatoria intestinal 27
1,DOID:0110903,inflammatory bowel disease 4,DOID:0110903,enfermedad inflamatoria intestinal 4
1,DOID:0110904,inflammatory bowel disease 8,DOID:0110904,enfermedad inflamatoria intestinal 8
1,DOID:0110905,inflammatory bowel disease 22,DOID:0110905,enfermedad inflamatoria intestinal 22
1,DOID:0110906,inflammatory bowel disease 21,DOID:0110906,enfermedad inflamatoria intestinal 21
1,DOID:0110907,inflammatory bowel disease 6,DOID:0110907,enfermedad inflamatoria intestinal 6
1,DOID:0110908,inflammatory bowel disease 24,DOID:0110908,enfermedad inflamatoria intestinal 24
1,DOID:0110909,inflammatory bowel disease 25,DOID:0110909,enfermedad inflamatoria intestinal 25
1,DOID:0110910,leukocyte adhesion deficiency 1,DOID:0110910,deficiencia de adhesión leucocitaria 1
1,DOID:0110912,leukocyte adhesion deficiency 3,DOID:0110912,deficiencia de adhesión leucocitaria 3
1,DOID:0110913,adult hypophosphatasia,DOID:0110913,hipofosfatasia del adulto
1,DOID:0110914,infantile hypophosphatasia,DOID:0110914,hipofosfatasia infantil
1,DOID:0110915,childhood hypophosphatasia,DOID:0110915,hipofosfatasia infantil
1,DOID:0110921,familial hemophagocytic lymphohistiocytosis 1,DOID:0110921,linfohistiocitosis hemofagocítica familiar 1
1,DOID:0110922,familial hemophagocytic lymphohistiocytosis 2,DOID:0110922,linfohistiocitosis hemofagocítica familiar 2
1,DOID:0110923,familial hemophagocytic lymphohistiocytosis 3,DOID:0110923,linfohistiocitosis hemofagocítica familiar 3
1,DOID:0110924,familial hemophagocytic lymphohistiocytosis 4,DOID:0110924,linfohistiocitosis hemofagocítica familiar 4
1,DOID:0110925,familial hemophagocytic lymphohistiocytosis 5,DOID:0110925,linfohistiocitosis hemofagocítica familiar 5
1,DOID:0110926,nemaline myopathy 1,DOID:0110926,miopatía nemalínica 1
1,DOID:0110927,nemaline myopathy 3,DOID:0110927,miopatía nemalínica 3
1,DOID:0110928,nemaline myopathy 2,DOID:0110928,miopatía nemalínica 2
1,DOID:0110929,nemaline myopathy 9,DOID:0110929,miopatía nemalínica 9
1,DOID:0110930,nemaline myopathy 8,DOID:0110930,miopatía nemalínica 8
1,DOID:0110931,nemaline myopathy 10,DOID:0110931,miopatía nemalínica 10
1,DOID:0110932,nemaline myopathy 4,DOID:0110932,miopatía nemalínica 4
1,DOID:0110933,nemaline myopathy 11,DOID:0110933,miopatía nemalínica 11
1,DOID:0110934,nemaline myopathy 7,DOID:0110934,miopatía nemalínica 7
1,DOID:0110935,nemaline myopathy 6,DOID:0110935,miopatía nemalínica 6
1,DOID:0110936,nemaline myopathy 5A,DOID:0110936,miopatía nemalínica 5A
1,DOID:0110937,autosomal dominant osteopetrosis 1,DOID:0110937,osteopetrosis 1 autosómica dominante
1,DOID:0110938,autosomal dominant osteopetrosis 2,DOID:0110938,osteopetrosis autosómica dominante 2
1,DOID:0110939,autosomal recessive osteopetrosis 5,DOID:0110939,osteopetrosis 5 autosómica recesiva
1,DOID:0110940,autosomal recessive osteopetrosis 8,DOID:0110940,osteopetrosis autosómica recesiva 8
1,DOID:0110941,autosomal recessive osteopetrosis 3,DOID:0110941,osteopetrosis autosómica recesiva 3
1,DOID:0110942,autosomal recessive osteopetrosis 1,DOID:0110942,osteopetrosis autosómica recesiva 1
1,DOID:0110943,autosomal recessive osteopetrosis 2,DOID:0110943,osteopetrosis autosómica recesiva 2
1,DOID:0110944,autosomal recessive osteopetrosis 4,DOID:0110944,osteopetrosis autosómica recesiva 4
1,DOID:0110945,autosomal recessive osteopetrosis 6,DOID:0110945,osteopetrosis 6 autosómica recesiva
1,DOID:0110946,autosomal recessive osteopetrosis 7,DOID:0110946,osteopetrosis autosómica recesiva 7
1,DOID:0110947,Waardenburg syndrome type 2B,DOID:0110947,síndrome de Waardenburg tipo 2B
1,DOID:0110948,Waardenburg syndrome type 1,DOID:0110948,síndrome de Waardenburg tipo 1
1,DOID:0110949,Waardenburg syndrome type 3,DOID:0110949,síndrome de Waardenburg tipo 3
1,DOID:0110950,Waardenburg syndrome type 2A,DOID:0110950,síndrome de Waardenburg tipo 2A
1,DOID:0110951,Waardenburg syndrome type 2C,DOID:0110951,síndrome de Waardenburg tipo 2C
1,DOID:0110953,Waardenburg syndrome type 4A,DOID:0110953,síndrome de Waardenburg tipo 4A
1,DOID:0110954,Waardenburg syndrome type 4B,DOID:0110954,síndrome de Waardenburg tipo 4B
1,DOID:0110955,Waardenburg syndrome type 4C,DOID:0110955,síndrome de Waardenburg tipo 4C
1,DOID:0110956,Waardenburg syndrome type 2E,DOID:0110956,síndrome de Waardenburg tipo 2E
1,DOID:0110957,Gaucher's disease type I,DOID:0110957,enfermedad de Gaucher tipo I
1,DOID:0110958,Gaucher's disease type II,DOID:0110958,enfermedad de Gaucher tipo II
1,DOID:0110959,Gaucher's disease type III,DOID:0110959,enfermedad de Gaucher tipo III
1,DOID:0110960,Gaucher's disease perinatal lethal,DOID:0110960,enfermedad de Gaucher letal perinatal
1,DOID:0110961,atypical Gaucher's disease due to saposin c deficiency,DOID:0110961,enfermedad de Gaucher atípica por deficiencia de saposina c
1,DOID:0110962,brachydactyly-preaxial hallux varus syndrome,DOID:0110962,braquidactilia-síndrome de hallux varus preaxial
1,DOID:0110963,Ballard syndrome,DOID:0110963,síndrome de Ballard
1,DOID:0110964,brachydactyly type A1,DOID:0110964,braquidactilia tipo A1
1,DOID:0110965,brachydactyly type A2,DOID:0110965,braquidactilia tipo A2
1,DOID:0110966,brachydactyly type A3,DOID:0110966,braquidactilia tipo A3
1,DOID:0110967,brachydactyly type A4,DOID:0110967,braquidactilia tipo A4
1,DOID:0110968,brachydactyly type A6,DOID:0110968,braquidactilia tipo A6
1,DOID:0110969,brachydactyly type B1,DOID:0110969,braquidactilia tipo B1
1,DOID:0110970,brachydactyly type C,DOID:0110970,braquidactilia tipo C
1,DOID:0110971,brachydactyly type D,DOID:0110971,braquidactilia tipo D
1,DOID:0110972,brachydactyly type E1,DOID:0110972,braquidactilia tipo E1
1,DOID:0110973,Mononen-Karnes-Senac syndrome,DOID:0110973,síndrome de Mononen-Karnes-Senac
1,DOID:0110974,brachydactyly type A1B,DOID:0110974,braquidactilia tipo A1B
1,DOID:0110975,brachydactyly type B2,DOID:0110975,braquidactilia tipo B2
1,DOID:0110976,brachydactyly type E2,DOID:0110976,braquidactilia tipo E2
1,DOID:0110977,brachydactyly type A1C,DOID:0110977,braquidactilia tipo A1C
1,DOID:0110978,brachydactyly type A1D,DOID:0110978,braquidactilia tipo A1D
1,DOID:0110979,Sugarman brachydactyly,DOID:0110979,Braquidactilia de Sugarman
1,DOID:0110980,Joubert syndrome 1,DOID:0110980,síndrome de Joubert 1
1,DOID:0110981,Joubert syndrome 10,DOID:0110981,síndrome de Joubert 10
1,DOID:0110982,Joubert syndrome 13,DOID:0110982,síndrome de Joubert 13
1,DOID:0110983,Joubert syndrome 14,DOID:0110983,síndrome de Joubert 14
1,DOID:0110984,Joubert syndrome 15,DOID:0110984,síndrome de Joubert 15
1,DOID:0110985,Joubert syndrome 16,DOID:0110985,síndrome de Joubert 16
1,DOID:0110986,Joubert syndrome 17,DOID:0110986,síndrome de Joubert 17
1,DOID:0110987,Joubert syndrome 18,DOID:0110987,síndrome de Joubert 18
1,DOID:0110988,Joubert syndrome 2,DOID:0110988,síndrome de Joubert 2
1,DOID:0110989,Joubert syndrome 20,DOID:0110989,síndrome de Joubert 20
1,DOID:0110990,Joubert syndrome 21,DOID:0110990,síndrome de Joubert 21
1,DOID:0110991,Joubert syndrome 22,DOID:0110991,síndrome de Joubert 22
1,DOID:0110992,Joubert syndrome 23,DOID:0110992,síndrome de Joubert 23
1,DOID:0110993,Joubert syndrome 24,DOID:0110993,síndrome de Joubert 24
1,DOID:0110994,Joubert syndrome 25,DOID:0110994,síndrome de Joubert 25
1,DOID:0110995,Joubert syndrome 26,DOID:0110995,síndrome de Joubert 26
1,DOID:0110996,Joubert syndrome 27,DOID:0110996,síndrome de Joubert 27
1,DOID:0110997,Joubert syndrome 28,DOID:0110997,síndrome de Joubert 28
1,DOID:0110998,Joubert syndrome 3,DOID:0110998,síndrome de Joubert 3
1,DOID:0110999,Joubert syndrome 4,DOID:0110999,síndrome de Joubert 4
1,DOID:0111000,Joubert syndrome 5,DOID:0111000,síndrome de Joubert 5
1,DOID:0111001,Joubert syndrome 6,DOID:0111001,síndrome de Joubert 6
1,DOID:0111002,Joubert syndrome 7,DOID:0111002,síndrome de Joubert 7
1,DOID:0111003,Joubert syndrome 8,DOID:0111003,síndrome de Joubert 8
1,DOID:0111004,Joubert syndrome 9,DOID:0111004,síndrome de Joubert 9
1,DOID:0111005,cone-rod dystrophy 2,DOID:0111005,distrofia de conos y bastones 2
1,DOID:0111006,X-linked cone-rod dystrophy 2,DOID:0111006,distrofia de conos y bastones 2 ligada al X
1,DOID:0111007,X-linked cone-rod dystrophy 3,DOID:0111007,distrofia de conos y bastones 3 ligada al X
1,DOID:0111008,X-linked cone-rod dystrophy 1,DOID:0111008,distrofia de conos y bastones 1 ligada al X
1,DOID:0111009,cone-rod dystrophy 1,DOID:0111009,distrofia de conos y bastones 1
1,DOID:0111010,cone-rod dystrophy 5,DOID:0111010,distrofia de conos y bastones 5
1,DOID:0111011,cone-rod dystrophy 6,DOID:0111011,distrofia de conos y bastones 6
1,DOID:0111012,cone-rod dystrophy 7,DOID:0111012,distrofia de conos y bastones 7
1,DOID:0111013,cone-rod dystrophy 3,DOID:0111013,distrofia de conos y bastones 3
1,DOID:0111014,cone-rod dystrophy 8,DOID:0111014,distrofia de conos y bastones 8
1,DOID:0111015,Newfoundland cone-rod dystrophy,DOID:0111015,distrofia de bastones cónicos de Terranova
1,DOID:0111016,cone-rod dystrophy 13,DOID:0111016,distrofia de conos de varilla 13
1,DOID:0111017,cone-rod dystrophy 10,DOID:0111017,distrofia de conos y bastones 10
1,DOID:0111018,cone-rod dystrophy 11,DOID:0111018,distrofia de conos y bastones 11
1,DOID:0111019,cone-rod dystrophy 12,DOID:0111019,distrofia de conos y bastones 12
1,DOID:0111020,cone-rod dystrophy 9,DOID:0111020,distrofia de conos y bastones 9
1,DOID:0111021,cone-rod dystrophy 15,DOID:0111021,distrofia de conos de varilla 15
1,DOID:0111022,cone-rod dystrophy 16,DOID:0111022,distrofia de conos y bastones 16
1,DOID:0111023,cone-rod dystrophy 17,DOID:0111023,distrofia de conos y bastones 17
1,DOID:0111024,cone-rod dystrophy 18,DOID:0111024,distrofia de conos y bastones 18
1,DOID:0111025,cone-rod dystrophy 19,DOID:0111025,distrofia de conos y bastones 19
1,DOID:0111026,cone-rod dystrophy 20,DOID:0111026,distrofia de conos y bastones 20
1,DOID:0111027,hemochromatosis type 2A,DOID:0111027,hemocromatosis tipo 2A
1,DOID:0111028,hemochromatosis type 4,DOID:0111028,hemocromatosis tipo 4
1,DOID:0111029,hemochromatosis type 1,DOID:0111029,hemocromatosis tipo 1
1,DOID:0111030,hemochromatosis type 3,DOID:0111030,hemocromatosis tipo 3
1,DOID:0111031,hemochromatosis type 5,DOID:0111031,hemocromatosis tipo 5
1,DOID:0111032,hemochromatosis type 2B,DOID:0111032,hemocromatosis tipo 2B
1,DOID:0111033,African iron overload,DOID:0111033,sobrecarga de hierro africana
1,DOID:0111034,hemochromatosis type 2,DOID:0111034,hemocromatosis tipo 2
1,DOID:0111035,CADASIL 1,DOID:0111035,CADASIL 1
1,DOID:0111036,CADASIL 2,DOID:0111036,CADASIL 2
1,DOID:0111037,glycine N-methyltransferase deficiency,DOID:0111037,deficiencia de glicina N-metiltransferasa
1,DOID:0111038,hypermethioninemia due to adenosine kinase deficiency,DOID:0111038,hipermetioninemia por deficiencia de adenosina cinasa
1,DOID:0111039,hypermethioninemia with deficiency of S-adenosylhomocysteine hydrolase,DOID:0111039,hipermetioninemia con deficiencia de S-adenosilhomocisteína hidrolasa
1,DOID:0111040,glycogen storage disease IXd,DOID:0111040,enfermedad por almacenamiento de glucógeno IXd
1,DOID:0111041,glycogen storage disease IXb,DOID:0111041,enfermedad por almacenamiento de glucógeno IXb
1,DOID:0111042,glycogen storage disease IXa,DOID:0111042,enfermedad por almacenamiento de glucógeno IXa
1,DOID:0111043,glycogen storage disease IXc,DOID:0111043,enfermedad por almacenamiento de glucógeno IXc
1,DOID:0111044,gray platelet syndrome,DOID:0111044,síndrome de la plaqueta gris
1,DOID:0111045,platelet-type bleeding disorder 9,DOID:0111045,trastorno hemorrágico de tipo plaquetario 9
1,DOID:0111046,platelet-type bleeding disorder 10,DOID:0111046,trastorno hemorrágico de tipo plaquetario 10
1,DOID:0111047,platelet-type bleeding disorder 14,DOID:0111047,trastorno hemorrágico de tipo plaquetario 14
1,DOID:0111048,platelet-type bleeding disorder 19,DOID:0111048,trastorno hemorrágico de tipo plaquetario 19
1,DOID:0111049,platelet-type bleeding disorder 17,DOID:0111049,trastorno hemorrágico de tipo plaquetario 17
1,DOID:0111050,Quebec platelet disorder,DOID:0111050,trastorno plaquetario de Quebec
1,DOID:0111051,platelet-type bleeding disorder 18,DOID:0111051,trastorno hemorrágico de tipo plaquetario 18
1,DOID:0111052,Scott syndrome,DOID:0111052,síndrome de Scott
1,DOID:0111053,platelet-type bleeding disorder 15,DOID:0111053,trastorno hemorrágico de tipo plaquetario 15
1,DOID:0111054,von Willebrand's disease 3,DOID:0111054,enfermedad de von Willebrand 3
1,DOID:0111055,platelet-type bleeding disorder 20,DOID:0111055,trastorno hemorrágico de tipo plaquetario 20
1,DOID:0111056,platelet-type bleeding disorder 3,DOID:0111056,trastorno hemorrágico de tipo plaquetario 3
1,DOID:0111057,platelet-type bleeding disorder 11,DOID:0111057,trastorno hemorrágico de tipo plaquetario 11
1,DOID:0111058,platelet-type bleeding disorder 12,DOID:0111058,trastorno hemorrágico de tipo plaquetario 12
1,DOID:0111059,Bernard-Soulier syndrome type A2,DOID:0111059,síndrome de Bernard-Soulier tipo A2
1,DOID:0111060,Ambras type hypertrichosis universalis congenita,DOID:0111060,hipertricosis universalis congénita tipo Ambras
1,DOID:0111061,familial hypobetalipoproteinemia 2,DOID:0111061,hipobetalipoproteinemia familiar 2
1,DOID:0111062,familial hypobetalipoproteinemia 1,DOID:0111062,hipobetalipoproteinemia familiar 1
1,DOID:0111063,hyperphosphatemic familial tumoral calcinosis,DOID:0111063,calcinosis tumoral familiar hiperfosfatémica
1,DOID:0111064,autosomal recessive distal hereditary motor neuronopathy 1,DOID:0111064,neuronopatía motora hereditaria distal autosómica recesiva 1
1,DOID:0111065,autosomal recessive distal hereditary motor neuronopathy 2,DOID:0111065,neuronopatía motora hereditaria distal autosómica recesiva 2
1,DOID:0111072,myostatin-related muscle hypertrophy,DOID:0111072,hipertrofia muscular relacionada con la miostatina
1,DOID:0111073,progressive familial heart block,DOID:0111073,bloqueo cardiaco familiar progresivo
1,DOID:0111074,progressive familial heart block type IA,DOID:0111074,bloqueo cardiaco familiar progresivo tipo IA
1,DOID:0111075,progressive familial heart block type II,DOID:0111075,bloqueo cardiaco familiar progresivo tipo II
1,DOID:0111076,progressive familial heart block type IB,DOID:0111076,bloqueo cardiaco familiar progresivo tipo IB
1,DOID:0111078,tibial muscular dystrophy,DOID:0111078,distrofia muscular tibial
1,DOID:0111079,birdshot chorioretinopathy,DOID:0111079,coriorretinopatía en perdigonada
1,DOID:0111099,maturity-onset diabetes of the young type 1,DOID:0111099,diabetes de inicio en la madurez del joven tipo 1
1,DOID:0111100,maturity-onset diabetes of the young type 2,DOID:0111100,diabetes juvenil de inicio en la madurez de tipo 2
1,DOID:0111101,maturity-onset diabetes of the young type 5,DOID:0111101,diabetes de inicio en la madurez del joven tipo 5
1,DOID:0111102,maturity-onset diabetes of the young type 3,DOID:0111102,diabetes de aparición en la madurez de los jóvenes tipo 3
1,DOID:0111103,maturity-onset diabetes of the young type 4,DOID:0111103,diabetes juvenil de inicio en la madurez de tipo 4
1,DOID:0111104,maturity-onset diabetes of the young type 6,DOID:0111104,diabetes juvenil de inicio en la madurez de tipo 6
1,DOID:0111105,maturity-onset diabetes of the young type 8,DOID:0111105,diabetes juvenil de inicio en la madurez de tipo 8
1,DOID:0111106,maturity-onset diabetes of the young type 7,DOID:0111106,diabetes juvenil de inicio en la madurez de tipo 7
1,DOID:0111107,maturity-onset diabetes of the young type 9,DOID:0111107,diabetes juvenil de inicio con la madurez de tipo 9
1,DOID:0111108,maturity-onset diabetes of the young type 10,DOID:0111108,diabetes juvenil de inicio en la madurez tipo 10
1,DOID:0111109,maturity-onset diabetes of the young type 11,DOID:0111109,diabetes juvenil de inicio con la madurez de tipo 11
1,DOID:0111110,maturity-onset diabetes of the young type 13,DOID:0111110,diabetes juvenil de inicio con la madurez de tipo 13
1,DOID:0111111,maturity-onset diabetes of the young type 14,DOID:0111111,diabetes juvenil de inicio con la madurez tipo 14
1,DOID:0111112,nephronophthisis 1,DOID:0111112,nefronoptisis 1
1,DOID:0111113,nephronophthisis 2,DOID:0111113,nefronoptisis 2
1,DOID:0111114,nephronophthisis 3,DOID:0111114,nefronophthisis 3
1,DOID:0111115,nephronophthisis 4,DOID:0111115,nefronoptisis 4
1,DOID:0111116,nephronophthisis 7,DOID:0111116,nefronoptisis 7
1,DOID:0111117,nephronophthisis-like nephropathy 1,DOID:0111117,nefropatía similar a la nefronoptisis 1
1,DOID:0111118,nephronophthisis 11,DOID:0111118,nefronoptisis 11
1,DOID:0111119,nephronophthisis 12,DOID:0111119,nefronophthisis 12
1,DOID:0111120,nephronophthisis 9,DOID:0111120,nefronophthisis 9
1,DOID:0111121,nephronophthisis 13,DOID:0111121,nefronoptisis 13
1,DOID:0111122,nephronophthisis 14,DOID:0111122,nefronophthisis 14
1,DOID:0111123,nephronophthisis 15,DOID:0111123,nefronophthisis 15
1,DOID:0111124,nephronophthisis 16,DOID:0111124,nefronophthisis 16
1,DOID:0111125,nephronophthisis 18,DOID:0111125,nefronoptisis 18
1,DOID:0111126,nephronophthisis 19,DOID:0111126,nefronophthisis 19
1,DOID:0111127,nephronophthisis 20,DOID:0111127,nefronoptisis 20
1,DOID:0111128,focal segmental glomerulosclerosis 1,DOID:0111128,glomeruloesclerosis segmentaria focal 1
1,DOID:0111129,focal segmental glomerulosclerosis 2,DOID:0111129,glomeruloesclerosis segmentaria focal 2
1,DOID:0111130,focal segmental glomerulosclerosis 5,DOID:0111130,glomeruloesclerosis segmentaria focal 5
1,DOID:0111131,focal segmental glomerulosclerosis 6,DOID:0111131,glomeruloesclerosis segmentaria focal 6
1,DOID:0111132,focal segmental glomerulosclerosis 7,DOID:0111132,glomeruloesclerosis segmentaria focal 7
1,DOID:0111133,focal segmental glomerulosclerosis 8,DOID:0111133,glomeruloesclerosis segmentaria focal 8
1,DOID:0111134,focal segmental glomerulosclerosis 9,DOID:0111134,glomeruloesclerosis segmentaria focal 9
1,DOID:0111139,mitochondrial complex III deficiency,DOID:0111139,deficiencia del complejo mitocondrial III
1,DOID:0111140,IGSF1 deficiency syndrome,DOID:0111140,síndrome de deficiencia de IGSF1
1,DOID:0111141,delayed sleep phase syndrome,DOID:0111141,síndrome de la fase retrasada del sueño
1,DOID:0111142,oligomeganephronia,DOID:0111142,oligomeganefronía
1,DOID:0111143,mitochondrial complex V (ATP synthase) deficiency,DOID:0111143,deficiencia del complejo mitocondrial V (ATP sintasa)
1,DOID:0111144,preterm premature rupture of the membranes,DOID:0111144,rotura prematura de membranas pretérmino
1,DOID:0111145,ureteropelvic junction obstruction,DOID:0111145,obstrucción de la unión ureteropélvica
1,DOID:0111146,acquired von Willebrand syndrome,DOID:0111146,síndrome de von Willebrand adquirido
1,DOID:0111147,angioimmunoblastic T-cell lymphoma,DOID:0111147,linfoma angioinmunoblástico de células T
1,DOID:0111148,isolated ectopia lentis,DOID:0111148,ectopia lentis aislada
1,DOID:0111149,autosomal recessive isolated ectopia lentis 2,DOID:0111149,ectopia lentis aislada autosómica recesiva 2
1,DOID:0111150,autosomal dominant isolated ectopia lentis 1,DOID:0111150,ectopia lentis aislada autosómica dominante 1
1,DOID:0111151,Prinzmetal angina,DOID:0111151,angina de Prinzmetal
1,DOID:0111152,multicentric Castleman disease,DOID:0111152,enfermedad de Castleman multicéntrica
1,DOID:0111154,postural orthostatic tachycardia syndrome,DOID:0111154,síndrome de taquicardia ortostática postural
1,DOID:0111155,autosomal recessive spinocerebellar ataxia 21,DOID:0111155,ataxia espinocerebelosa autosómica recesiva 21
1,DOID:0111156,spermatogenic failure 9,DOID:0111156,fallo espermatogénico 9
1,DOID:0111157,Castleman disease,DOID:0111157,enfermedad de Castleman
1,DOID:0111158,SADDAN,DOID:0111158,SADDAN
1,DOID:0111159,partial trisomy distal 4q,DOID:0111159,trisomía parcial distal 4q
1,DOID:0111160,camptodactyly-tall stature-scoliosis-hearing loss syndrome,DOID:0111160,síndrome de camptodactilia-talla alta-escoliosis-pérdida auditiva
1,DOID:0111161,Crouzon syndrome-acanthosis nigricans syndrome,DOID:0111161,síndrome de Crouzon-síndrome de acantosis nigricans
1,DOID:0111162,epidermal nevus,DOID:0111162,nevus epidérmico
1,DOID:0111163,molybdenum cofactor deficiency type B,DOID:0111163,deficiencia del cofactor de molibdeno tipo B
1,DOID:0111164,molybdenum cofactor deficiency type A,DOID:0111164,deficiencia del cofactor de molibdeno tipo A
1,DOID:0111165,molybdenum cofactor deficiency,DOID:0111165,deficiencia del cofactor molibdeno
1,DOID:0111166,molybdenum cofactor deficiency type C,DOID:0111166,deficiencia de cofactor de molibdeno tipo C
1,DOID:0111167,Dyggve-Melchior-Clausen disease,DOID:0111167,enfermedad de Dyggve-Melchior-Clausen
1,DOID:0111168,sepiapterin reductase deficiency,DOID:0111168,deficiencia de sepiapterina reductasa
1,DOID:0111170,autosomal dominant sensory ataxia 1,DOID:0111170,ataxia sensorial autosómica dominante 1
1,DOID:0111180,French Canadian Leigh disease,DOID:0111180,enfermedad de Leigh francocanadiense
1,DOID:0111181,familial hemiplegic migraine 1,DOID:0111181,migraña hemipléjica familiar 1
1,DOID:0111182,familial hemiplegic migraine 2,DOID:0111182,migraña hemipléjica familiar 2
1,DOID:0111183,familial hemiplegic migraine 3,DOID:0111183,migraña hemipléjica familiar 3
1,DOID:0111184,"myopathy, lactic acidosis, and sideroblastic anemia 3",DOID:0111184,"miopatía  acidosis láctica y anemia sideroblástica 3"""
1,DOID:0111185,"myopathy, lactic acidosis, and sideroblastic anemia 1",DOID:0111185,"miopatía  acidosis láctica y anemia sideroblástica 1"""
1,DOID:0111186,"myopathy, lactic acidosis, and sideroblastic anemia 2",DOID:0111186,"miopatía  acidosis láctica y anemia sideroblástica 2"""
1,DOID:0111187,distal myopathy with anterior tibial onset,DOID:0111187,miopatía distal con inicio tibial anterior
1,DOID:0111188,myofibrillar myopathy 9,DOID:0111188,miopatía miofibrilar 9
1,DOID:0111189,distal myopathy 3,DOID:0111189,miopatía distal 3
1,DOID:0111190,distal myopathy 4,DOID:0111190,miopatía distal 4
1,DOID:0111191,distal myopathy Tateyama type,DOID:0111191,miopatía distal tipo Tateyama
1,DOID:0111192,facioscapulohumeral muscular dystrophy 1,DOID:0111192,distrofia muscular facioescapulohumeral 1
1,DOID:0111193,facioscapulohumeral muscular dystrophy 2,DOID:0111193,distrofia muscular facioescapulohumeral 2
1,DOID:0111194,autosomal dominant adult-onset proximal spinal muscular atrophy,DOID:0111194,atrofia muscular espinal proximal autosómica dominante de aparición en la edad adulta
1,DOID:0111195,erythrokeratodermia variabilis et progressiva 1,DOID:0111195,eritroqueratodermia variabilis et progressiva 1
1,DOID:0111196,X-linked distal spinal muscular atrophy 3,DOID:0111196,atrofia muscular espinal distal 3 ligada al cromosoma X
1,DOID:0111197,autosomal recessive distal hereditary motor neuronopathy,DOID:0111197,Neuronopatía motora distal hereditaria autosómica recesiva
1,DOID:0111198,autosomal dominant distal hereditary motor neuronopathy,DOID:0111198,neuronopatía motora distal hereditaria autosómica dominante
1,DOID:0111199,autosomal dominant distal hereditary motor neuronopathy 7,DOID:0111199,neuronopatía motora hereditaria distal autosómica dominante 7
1,DOID:0111200,autosomal dominant distal hereditary motor neuronopathy 1,DOID:0111200,neuronopatía motora hereditaria distal autosómica dominante 1
1,DOID:0111202,autosomal dominant distal hereditary motor neuronopathy 14,DOID:0111202,neuronopatía motora hereditaria distal autosómica dominante 14
1,DOID:0111203,autosomal dominant distal hereditary motor neuronopathy 5,DOID:0111203,neuronopatía motora hereditaria distal autosómica dominante 5
1,DOID:0111205,autosomal dominant distal hereditary motor neuronopathy 12,DOID:0111205,neuronopatía motora hereditaria distal autosómica dominante 12
1,DOID:0111206,autosomal dominant distal hereditary motor neuronopathy 2,DOID:0111206,neuronopatía motora hereditaria distal autosómica dominante 2
1,DOID:0111207,autosomal dominant distal hereditary motor neuronopathy 3,DOID:0111207,neuronopatía motora hereditaria distal autosómica dominante 3
1,DOID:0111209,autosomal dominant distal hereditary motor neuronopathy 4,DOID:0111209,neuronopatía motora hereditaria distal autosómica dominante 4
1,DOID:0111210,autosomal dominant distal hereditary motor neuronopathy 6,DOID:0111210,neuronopatía motora hereditaria distal autosómica dominante 6
1,DOID:0111211,autosomal recessive distal hereditary motor neuronopathy 3,DOID:0111211,neuronopatía motora hereditaria distal autosómica recesiva 3
1,DOID:0111212,autosomal dominant distal hereditary motor neuronopathy 9,DOID:0111212,neuronopatía motora hereditaria distal autosómica dominante 9
1,DOID:0111213,autosomal recessive distal hereditary motor neuronopathy 4,DOID:0111213,neuronopatía motora hereditaria distal autosómica recesiva 4
1,DOID:0111214,autosomal recessive distal hereditary motor neuronopathy 5,DOID:0111214,neuronopatía motora hereditaria distal autosómica recesiva 5
1,DOID:0111215,autosomal dominant distal hereditary motor neuronopathy 8,DOID:0111215,neuronopatía motora hereditaria distal autosómica dominante 8
1,DOID:0111218,Friedreich ataxia 1,DOID:0111218,ataxia de Friedreich 1
1,DOID:0111219,Friedreich ataxia 2,DOID:0111219,ataxia de Friedreich 2
1,DOID:0111227,chromosome 3-linked frontotemporal dementia,DOID:0111227,demencia frontotemporal ligada al cromosoma 3
1,DOID:0111228,Sveinsson chorioretinal atrophy,DOID:0111228,atrofia coriorretiniana de Sveinsson
1,DOID:0111243,acromicric dysplasia,DOID:0111243,displasia acromícrica
1,DOID:0111246,amyotrophic lateral sclerosis-parkinsonism/dementia complex 1,DOID:0111246,esclerosis lateral amiotrófica-complejo parkinsonismo-demencia 1
1,DOID:0111247,hypertension and brachydactyly syndrome,DOID:0111247,hipertensión y síndrome de braquidactilia
1,DOID:0111248,cerebrocostomandibular syndrome,DOID:0111248,síndrome cerebrocostomandibular
1,DOID:0111249,uveal coloboma-cleft lip and palate-intellectual disability,DOID:0111249,coloboma uveal-labio y paladar hendidos-discapacidad intelectual
1,DOID:0111250,Parkinson's disease 3,DOID:0111250,enfermedad de Parkinson 3
1,DOID:0111251,Parkinson's disease 21,DOID:0111251,enfermedad de Parkinson 21
1,DOID:0111252,vestibular schwannomatosis,DOID:0111252,schwannomatosis vestibular
1,DOID:0111253,neurofibromatosis 1,DOID:0111253,neurofibromatosis 1
1,DOID:0111254,glutaric acidemia I,DOID:0111254,acidemia glutárica I
1,DOID:0111255,McKusick-Kaufman syndrome,DOID:0111255,síndrome de McKusick-Kaufman
1,DOID:0111256,hyperferritinemia-cataract syndrome,DOID:0111256,síndrome de hiperferritinemia-cataratas
1,DOID:0111257,gamma-glutamyl transpeptidase deficiency,DOID:0111257,deficiencia de gamma-glutamil transpeptidasa
1,DOID:0111258,pentosuria,DOID:0111258,pentosuria
1,DOID:0111259,postaxial acrofacial dysostosis,DOID:0111259,disostosis acrofacial postaxial
1,DOID:0111260,phosphoribosylpyrophosphate synthetase superactivity,DOID:0111260,superactividad de la fosforibosilpirofosfato sintetasa
1,DOID:0111261,fumarase deficiency,DOID:0111261,deficiencia de fumarasa
1,DOID:0111262,infantile cerebral and cerebellar atrophy with postnatal progressive microcephaly,DOID:0111262,atrofia cerebral y cerebelosa infantil con microcefalia progresiva postnatal
1,DOID:0111263,combined malonic and methylmalonic acidemia,DOID:0111263,acidemia combinada malónica y metilmalónica
1,DOID:0111264,Ruijs-Aalfs syndrome,DOID:0111264,síndrome de Ruijs-Aalfs
1,DOID:0111265,Boucher-Neuhauser syndrome,DOID:0111265,síndrome de Boucher-Neuhauser
1,DOID:0111266,geroderma osteodysplasticum,DOID:0111266,geroderma osteodysplasticum
1,DOID:0111267,hyaline body myopathy,DOID:0111267,miopatía de cuerpos hialinos
1,DOID:0111268,autosomal recessive hyaline body myopathy,DOID:0111268,miopatía autosómica recesiva de cuerpos hialinos
1,DOID:0111269,autosomal dominant hyaline body myopathy,DOID:0111269,miopatía autosómica dominante del cuerpo hialino
1,DOID:0111270,isolated sulfite oxidase deficiency,DOID:0111270,deficiencia aislada de sulfito oxidasa
1,DOID:0111271,Oliver-McFarlane syndrome,DOID:0111271,síndrome de Oliver-McFarlane
1,DOID:0111272,occipital horn syndrome,DOID:0111272,síndrome del cuerno occipital
1,DOID:0111273,NARP syndrome,DOID:0111273,síndrome NARP
1,DOID:0111274,CODAS syndrome,DOID:0111274,síndrome CODAS
1,DOID:0111275,speech-language disorder-1,DOID:0111275,trastorno del habla-lenguaje-1
1,DOID:0111276,"sensory ataxic neuropathy, dysarthria, and ophthalmoparesis",DOID:0111276,"neuropatía atáxica sensorial  disartria y oftalmoparesia"""
1,DOID:0111277,mitochondrial trifunctional protein deficiency,DOID:0111277,deficiencia de proteína trifuncional mitocondrial
1,DOID:0111278,histiocytosis-lymphadenopathy plus syndrome,DOID:0111278,síndrome de histiocitosis-linfadenopatía plus
1,DOID:0111279,psoriasis 7,DOID:0111279,psoriasis 7
1,DOID:0111280,psoriasis 4,DOID:0111280,psoriasis 4
1,DOID:0111281,psoriasis 15,DOID:0111281,psoriasis 15
1,DOID:0111282,psoriasis 5,DOID:0111282,psoriasis 5
1,DOID:0111283,psoriasis 3,DOID:0111283,psoriasis 3
1,DOID:0111284,psoriasis 9,DOID:0111284,psoriasis 9
1,DOID:0111285,psoriasis 11,DOID:0111285,psoriasis 11
1,DOID:0111286,psoriasis 1,DOID:0111286,psoriasis 1
1,DOID:0111287,psoriasis 13,DOID:0111287,psoriasis 13
1,DOID:0111288,psoriasis 8,DOID:0111288,psoriasis 8
1,DOID:0111289,psoriasis 10,DOID:0111289,psoriasis 10
1,DOID:0111290,psoriasis 6,DOID:0111290,psoriasis 6
1,DOID:0111291,psoriasis 12,DOID:0111291,psoriasis 12
1,DOID:0111292,idiopathic generalized epilepsy 10,DOID:0111292,epilepsia generalizada idiopática 10
1,DOID:0111293,generalized epilepsy with febrile seizures plus 4,DOID:0111293,epilepsia generalizada con convulsiones febriles plus 4
1,DOID:0111294,generalized epilepsy with febrile seizures plus 2,DOID:0111294,epilepsia generalizada con convulsiones febriles plus 2
1,DOID:0111295,generalized epilepsy with febrile seizures plus 7,DOID:0111295,epilepsia generalizada con convulsiones febriles plus 7
1,DOID:0111296,generalized epilepsy with febrile seizures plus 10,DOID:0111296,epilepsia generalizada con convulsiones febriles plus 10
1,DOID:0111297,familial febrile seizures,DOID:0111297,convulsiones febriles familiares
1,DOID:0111298,familial febrile seizures 8,DOID:0111298,convulsiones febriles familiares 8
1,DOID:0111299,generalized epilepsy with febrile seizures plus 8,DOID:0111299,epilepsia generalizada con convulsiones febriles plus 8
1,DOID:0111300,generalized epilepsy with febrile seizures plus 6,DOID:0111300,epilepsia generalizada con convulsiones febriles plus 6
1,DOID:0111301,generalized epilepsy with febrile seizures plus 9,DOID:0111301,epilepsia generalizada con convulsiones febriles plus 9
1,DOID:0111302,generalized epilepsy with febrile seizures plus 1,DOID:0111302,epilepsia generalizada con convulsiones febriles plus 1
1,DOID:0111303,familial febrile seizures 9,DOID:0111303,convulsiones febriles familiares 9
1,DOID:0111304,familial febrile seizures 10,DOID:0111304,convulsiones febriles familiares 10
1,DOID:0111305,familial febrile seizures 4,DOID:0111305,convulsiones febriles familiares 4
1,DOID:0111306,familial febrile seizures 5,DOID:0111306,convulsiones febriles familiares 5
1,DOID:0111307,familial febrile seizures 1,DOID:0111307,convulsiones febriles familiares 1
1,DOID:0111308,familial febrile seizures 11,DOID:0111308,convulsiones febriles familiares 11
1,DOID:0111309,familial febrile seizures 6,DOID:0111309,convulsiones febriles familiares 6
1,DOID:0111310,familial febrile seizures 2,DOID:0111310,convulsiones febriles familiares 2
1,DOID:0111311,familial febrile seizures 7,DOID:0111311,convulsiones febriles familiares 7
1,DOID:0111312,idiopathic generalized epilepsy 11,DOID:0111312,epilepsia generalizada idiopática 11
1,DOID:0111313,idiopathic generalized epilepsy 12,DOID:0111313,epilepsia generalizada idiopática 12
1,DOID:0111314,idiopathic generalized epilepsy 13,DOID:0111314,epilepsia generalizada idiopática 13
1,DOID:0111315,idiopathic generalized epilepsy 14,DOID:0111315,epilepsia generalizada idiopática 14
1,DOID:0111316,idiopathic generalized epilepsy 15,DOID:0111316,epilepsia generalizada idiopática 15
1,DOID:0111317,idiopathic generalized epilepsy 2,DOID:0111317,epilepsia generalizada idiopática 2
1,DOID:0111318,idiopathic generalized epilepsy 3,DOID:0111318,epilepsia generalizada idiopática 3
1,DOID:0111319,idiopathic generalized epilepsy 4,DOID:0111319,epilepsia generalizada idiopática 4
1,DOID:0111320,idiopathic generalized epilepsy 5,DOID:0111320,epilepsia generalizada idiopática 5
1,DOID:0111321,idiopathic generalized epilepsy 7,DOID:0111321,epilepsia generalizada idiopática 7
1,DOID:0111322,idiopathic generalized epilepsy 8,DOID:0111322,epilepsia generalizada idiopática 8
1,DOID:0111323,idiopathic generalized epilepsy 9,DOID:0111323,epilepsia generalizada idiopática 9
1,DOID:0111324,juvenile absence epilepsy 1,DOID:0111324,epilepsia de ausencia juvenil 1
1,DOID:0111325,juvenile myoclonic epilepsy 10,DOID:0111325,epilepsia mioclónica juvenil 10
1,DOID:0111326,juvenile myoclonic epilepsy 3,DOID:0111326,epilepsia mioclónica juvenil 3
1,DOID:0111327,juvenile myoclonic epilepsy 4,DOID:0111327,epilepsia mioclónica juvenil 4
1,DOID:0111328,juvenile myoclonic epilepsy 9,DOID:0111328,epilepsia mioclónica juvenil 9
1,DOID:0111329,pyridoxamine 5'-phosphate oxidase deficiency,DOID:0111329,deficiencia de piridoxamina 5'-fosfato oxidasa
1,DOID:0111330,combined saposin deficiency,DOID:0111330,deficiencia combinada de saposina
1,DOID:0111331,intellectual disability-severe speech delay-mild dysmorphism syndrome,DOID:0111331,síndrome de discapacidad intelectual-retraso grave del habla-dismorfismo leve
1,DOID:0111332,Pitt-Hopkins-like syndrome 2,DOID:0111332,síndrome Pitt-Hopkins-like 2
1,DOID:0111333,early-onset myopathy-areflexia-respiratory distress-dysphagia syndrome,DOID:0111333,síndrome de miopatía-areflexia-dificultad respiratoria-disfagia de inicio precoz
1,DOID:0111335,myopathy with extrapyramidal signs,DOID:0111335,miopatía con signos extrapiramidales
1,DOID:0111336,craniofacial-deafness-hand syndrome,DOID:0111336,síndrome craneofacial-sordera-mano
1,DOID:0111337,Jackson-Weiss syndrome,DOID:0111337,síndrome de Jackson-Weiss
1,DOID:0111338,isolated elevated serum creatine phosphokinase levels,DOID:0111338,niveles elevados aislados de creatina fosfocinasa en suero
1,DOID:0111339,Vohwinkel syndrome,DOID:0111339,síndrome de Vohwinkel
1,DOID:0111340,dominant optic atrophy plus syndrome,DOID:0111340,síndrome de atrofia óptica dominante plus
1,DOID:0111341,primary failure of tooth eruption,DOID:0111341,fallo primario de la erupción dental
1,DOID:0111342,dermatopathia pigmentosa reticularis,DOID:0111342,dermatopathia pigmentosa reticularis
1,DOID:0111343,lateral meningocele syndrome,DOID:0111343,síndrome de meningocele lateral
1,DOID:0111344,myeloproliferative disorder with eosinophilia,DOID:0111344,trastorno mieloproliferativo con eosinofilia
1,DOID:0111345,transient bullous dermolysis of the newborn,DOID:0111345,dermólisis bullosa transitoria del recién nacido
1,DOID:0111346,epidermolysis bullosa simplex with mottled pigmentation,DOID:0111346,epidermólisis ampollosa simple con pigmentación moteada
1,DOID:0111348,multiple epiphyseal dysplasia with myopia and deafness,DOID:0111348,displasia epifisaria múltiple con miopía y sordera
1,DOID:0111349,hereditary desmoid disease,DOID:0111349,enfermedad desmoide hereditaria
1,DOID:0111350,Laurin-Sandrow syndrome,DOID:0111350,síndrome de Laurin-Sandrow
1,DOID:0111351,D-2-hydroxyglutaric aciduria 1,DOID:0111351,aciduria D-2-hidroxiglutárica 1
1,DOID:0111352,D-2-hydroxyglutaric aciduria 2,DOID:0111352,aciduria D-2-hidroxiglutárica 2
1,DOID:0111353,"arthrogryposis, renal dysfunction, and cholestasis 1",DOID:0111353,"artrogriposis  disfunción renal y colestasis 1"""
1,DOID:0111354,"arthrogryposis, renal dysfunction, and cholestasis 2",DOID:0111354,"artrogriposis  disfunción renal y colestasis 2"""
1,DOID:0111355,hydrolethalus syndrome 1,DOID:0111355,síndrome hidrotálico 1
1,DOID:0111356,hydrolethalus syndrome 2,DOID:0111356,síndrome hidrotálico 2
1,DOID:0111357,adermatoglyphia,DOID:0111357,adermatoglifia
1,DOID:0111358,Floating-Harbor syndrome,DOID:0111358,síndrome de Floating-Harbor
1,DOID:0111360,hypotrichosis-lymphedema-telangiectasia-renal defect syndrome,DOID:0111360,síndrome de hipotricosis-linfedema-telangiectasia-defecto renal
1,DOID:0111361,hypotrichosis-lymphedema-telangiectasia syndrome,DOID:0111361,síndrome de hipotricosis-linfedema-telangiectasia
1,DOID:0111362,hawkinsinuria,DOID:0111362,hawkinsinuria
1,DOID:0111364,Alzheimer's disease 9,DOID:0111364,enfermedad de Alzheimer 9
1,DOID:0111365,benign familial hematuria,DOID:0111365,hematuria familiar benigna
1,DOID:0111366,familial hepatic adenoma,DOID:0111366,adenoma hepático familiar
1,DOID:0111367,Beukes hip dysplasia,DOID:0111367,displasia de cadera de Beukes
1,DOID:0111368,cholesterol-ester transfer protein deficiency,DOID:0111368,deficiencia de proteína de transferencia éster-colesterol
1,DOID:0111369,hyperalphalipoproteinemia 1,DOID:0111369,hiperalphalipoproteinemia 1
1,DOID:0111370,apolipoprotein C-III deficiency,DOID:0111370,deficiencia de apolipoproteína C-III
1,DOID:0111371,isolated hyperchlorhidrosis,DOID:0111371,hiperclorhidrosis aislada
1,DOID:0111373,familial progressive hyperpigmentation with or without hypopigmentation,DOID:0111373,hiperpigmentación progresiva familiar con o sin hipopigmentación
1,DOID:0111374,selective pituitary thyroid hormone resistance,DOID:0111374,resistencia selectiva a la hormona tiroidea hipofisaria
2,DOID:0111375,fetal akinesia deformation sequence syndrome,DOID:0111375,síndrome de secuencia de deformación acinesia fetal
1,DOID:0111376,fetal akinesia deformation sequence syndrome 3,DOID:0111376,síndrome de secuencia de deformación acinesia fetal 3
1,DOID:0111377,fetal akinesia deformation sequence syndrome 1,DOID:0111377,síndrome de secuencia de deformación acinesia fetal 1
1,DOID:0111378,fetal akinesia deformation sequence syndrome 2,DOID:0111378,síndrome de secuencia de deformación acinesia fetal 2
1,DOID:0111379,fetal akinesia deformation sequence syndrome 4,DOID:0111379,síndrome de secuencia de deformación acinesia fetal 4
1,DOID:0111380,solitary median maxillary central incisor,DOID:0111380,incisivo central maxilar mediano solitario
1,DOID:0111381,IVIC syndrome,DOID:0111381,síndrome IVIC
1,DOID:0111382,ischiocoxopodopatellar syndrome,DOID:0111382,síndrome isquiocoxopodopatelar
1,DOID:0111383,autosomal dominant keratitis,DOID:0111383,queratitis autosómica dominante
1,DOID:0111384,inclusion body myopathy with early-onset Paget disease of bone with or without frontotemporal dementia 2,DOID:0111384,miopatía de cuerpos de inclusión con enfermedad ósea de Paget de aparición temprana con o sin demencia frontotemporal 2
1,DOID:0111385,inclusion body myopathy with early-onset Paget disease of bone with or without frontotemporal dementia 1,DOID:0111385,miopatía de cuerpos de inclusión con enfermedad ósea de Paget de aparición temprana con o sin demencia frontotemporal 1
1,DOID:0111386,inclusion body myopathy with early-onset Paget disease of bone with or without frontotemporal dementia 3,DOID:0111386,miopatía de cuerpos de inclusión con enfermedad ósea de Paget de aparición temprana con o sin demencia frontotemporal 3
1,DOID:0111387,familial isolated hypoparathyroidism,DOID:0111387,hipoparatiroidismo familiar aislado
1,DOID:0111388,X-linked hypoparathyroidism,DOID:0111388,hipoparatiroidismo ligado al cromosoma X
1,DOID:0111389,mucopolysaccharidosis Ih/s,DOID:0111389,mucopolisacaridosis Ih/s
1,DOID:0111390,mucopolysaccharidosis Ih,DOID:0111390,mucopolisacaridosis Ih
1,DOID:0111391,mucopolysaccharidosis IVA,DOID:0111391,mucopolisacaridosis IVA
1,DOID:0111392,mucopolysaccharidosis type IVB,DOID:0111392,mucopolisacaridosis tipo IVB
1,DOID:0111393,mucopolysaccharidosis type IIIC,DOID:0111393,mucopolisacaridosis tipo IIIC
1,DOID:0111394,mucopolysaccharidosis type IIIB,DOID:0111394,mucopolisacaridosis tipo IIIB
1,DOID:0111395,mucopolysaccharidosis type IIIA,DOID:0111395,mucopolisacaridosis tipo IIIA
1,DOID:0111402,mucopolysaccharidosis type IIID,DOID:0111402,mucopolisacaridosis tipo IIID
1,DOID:0111403,mega-corpus-callosum syndrome with cerebellar hypoplasia and cortical malformations,DOID:0111403,síndrome megacorpus-callosum con hipoplasia cerebelosa y malformaciones corticales
1,DOID:0111404,Jalili syndrome,DOID:0111404,síndrome de Jalili
1,DOID:0111405,Fraser syndrome 1,DOID:0111405,síndrome de Fraser 1
1,DOID:0111406,Fraser syndrome 3,DOID:0111406,síndrome de Fraser 3
1,DOID:0111407,Fraser syndrome 2,DOID:0111407,síndrome de Fraser 2
1,DOID:0111408,exudative vitreoretinopathy 5,DOID:0111408,vitreorretinopatía exudativa 5
1,DOID:0111409,exudative vitreoretinopathy 3,DOID:0111409,vitreorretinopatía exudativa 3
1,DOID:0111410,exudative vitreoretinopathy 6,DOID:0111410,vitreorretinopatía exudativa 6
1,DOID:0111411,exudative vitreoretinopathy 4,DOID:0111411,vitreorretinopatía exudativa 4
1,DOID:0111412,exudative vitreoretinopathy 1,DOID:0111412,vitreorretinopatía exudativa 1
1,DOID:0111413,X-linked exudative vitreoretinopathy 2,DOID:0111413,vitreorretinopatía exudativa ligada al cromosoma X 2
1,DOID:0111414,trichohepatoenteric syndrome,DOID:0111414,síndrome tricohepatoentérico
1,DOID:0111415,trichohepatoenteric syndrome 1,DOID:0111415,síndrome tricohepatoentérico 1
1,DOID:0111416,trichohepatoenteric syndrome 2,DOID:0111416,síndrome tricohepatoentérico 2
1,DOID:0111417,familial chylomicronemia syndrome,DOID:0111417,síndrome de quilomicronemia familiar
1,DOID:0111418,familial apolipoprotein C-II deficiency,DOID:0111418,deficiencia familiar de apolipoproteína C-II
1,DOID:0111419,familial chylomicronemia due to inhibition of lipoprotein lipase activity,DOID:0111419,quilomicronemia familiar por inhibición de la actividad de la lipoproteinlipasa
1,DOID:0111420,familial GPIHBP1 deficiency,DOID:0111420,deficiencia familiar de GPIHBP1
1,DOID:0111421,familial apolipoprotein A5 deficiency,DOID:0111421,deficiencia familiar de apolipoproteína A5
1,DOID:0111422,familial lipase maturation factor 1 deficiency,DOID:0111422,deficiencia familiar del factor 1 de maduración de la lipasa
1,DOID:0111423,branchiootorenal syndrome 1,DOID:0111423,síndrome branquiootorrenal 1
1,DOID:0111424,branchiootorenal syndrome 2,DOID:0111424,síndrome branquiootorrenal 2
1,DOID:0111425,restrictive cardiomyopathy 1,DOID:0111425,cardiomiopatía restrictiva 1
1,DOID:0111426,restrictive cardiomyopathy 2,DOID:0111426,miocardiopatía restrictiva 2
1,DOID:0111427,restrictive cardiomyopathy 3,DOID:0111427,miocardiopatía restrictiva 3
1,DOID:0111428,essential tremor 1,DOID:0111428,temblor esencial 1
1,DOID:0111429,essential tremor 2,DOID:0111429,temblor esencial 2
1,DOID:0111430,essential tremor 3,DOID:0111430,temblor esencial 3
1,DOID:0111431,essential tremor 4,DOID:0111431,temblor esencial 4
1,DOID:0111432,essential tremor 5,DOID:0111432,temblor esencial 5
1,DOID:0111433,optic atrophy 3,DOID:0111433,atrofia óptica 3
1,DOID:0111434,optic atrophy 10,DOID:0111434,atrofia óptica 10
1,DOID:0111435,optic atrophy 6,DOID:0111435,atrofia óptica 6
1,DOID:0111436,optic atrophy 11,DOID:0111436,atrofia óptica 11
1,DOID:0111437,optic atrophy 7,DOID:0111437,atrofia óptica 7
1,DOID:0111438,optic atrophy 5,DOID:0111438,atrofia óptica 5
1,DOID:0111439,optic atrophy 8,DOID:0111439,atrofia óptica 8
1,DOID:0111440,optic atrophy 4,DOID:0111440,atrofia óptica 4
1,DOID:0111441,optic atrophy 1,DOID:0111441,atrofia óptica 1
1,DOID:0111442,optic atrophy 9,DOID:0111442,atrofia óptica 9
1,DOID:0111443,optic atrophy 2,DOID:0111443,atrofia óptica 2
1,DOID:0111444,progressive myoclonus epilepsy 4,DOID:0111444,epilepsia mioclónica progresiva 4
1,DOID:0111445,progressive myoclonus epilepsy 10,DOID:0111445,epilepsia mioclónica progresiva 10
1,DOID:0111446,progressive myoclonus epilepsy 3,DOID:0111446,epilepsia mioclónica progresiva 3
1,DOID:0111447,progressive myoclonus epilepsy 7,DOID:0111447,epilepsia mioclónica progresiva 7
1,DOID:0111448,progressive myoclonus epilepsy 1B,DOID:0111448,epilepsia mioclónica progresiva 1B
1,DOID:0111449,progressive myoclonus epilepsy 6,DOID:0111449,epilepsia mioclónica progresiva 6
1,DOID:0111450,progressive myoclonus epilepsy 9,DOID:0111450,epilepsia mioclónica progresiva 9
1,DOID:0111451,progressive myoclonus epilepsy 8,DOID:0111451,epilepsia mioclónica progresiva 8
1,DOID:0111452,progressive myoclonus epilepsy 1A,DOID:0111452,epilepsia mioclónica progresiva 1A
1,DOID:0111453,2-aminoadipic 2-oxoadipic aciduria,DOID:0111453,aciduria 2-aminoadípica 2-oxoadípica
1,DOID:0111454,SHORT syndrome,DOID:0111454,síndrome SHORT
1,DOID:0111455,GRACILE syndrome,DOID:0111455,síndrome GRACILE
1,DOID:0111456,Kaufman oculocerebrofacial syndrome,DOID:0111456,síndrome oculocerebrofacial de Kaufman
1,DOID:0111457,STING-associated vasculopathy with onset in infancy,DOID:0111457,vasculopatía asociada a STING con inicio en la infancia
1,DOID:0111458,galactose epimerase deficiency,DOID:0111458,deficiencia de galactosa epimerasa
1,DOID:0111459,classic galactosemia,DOID:0111459,galactosemia clásica
1,DOID:0111460,cardiofaciocutaneous syndrome 1,DOID:0111460,síndrome cardiofaciocutáneo 1
1,DOID:0111461,cardiofaciocutaneous syndrome 2,DOID:0111461,síndrome cardiofaciocutáneo 2
1,DOID:0111462,cardiofaciocutaneous syndrome 3,DOID:0111462,síndrome cardiofaciocutáneo 3
1,DOID:0111463,cardiofaciocutaneous syndrome 4,DOID:0111463,síndrome cardiofaciocutáneo 4
1,DOID:0111464,combined oxidative phosphorylation deficiency 35,DOID:0111464,deficiencia combinada de la fosforilación oxidativa 35
1,DOID:0111465,combined oxidative phosphorylation deficiency 21,DOID:0111465,deficiencia combinada de fosforilación oxidativa 21
1,DOID:0111466,combined oxidative phosphorylation deficiency 38,DOID:0111466,deficiencia combinada de la fosforilación oxidativa 38
1,DOID:0111467,combined oxidative phosphorylation deficiency 13,DOID:0111467,deficiencia combinada de fosforilación oxidativa 13
1,DOID:0111468,combined oxidative phosphorylation deficiency 25,DOID:0111468,deficiencia combinada de la fosforilación oxidativa 25
1,DOID:0111469,combined oxidative phosphorylation deficiency 16,DOID:0111469,deficiencia combinada de fosforilación oxidativa 16
1,DOID:0111470,combined oxidative phosphorylation deficiency 28,DOID:0111470,deficiencia combinada de fosforilación oxidativa 28
1,DOID:0111471,combined oxidative phosphorylation deficiency 30,DOID:0111471,deficiencia combinada de fosforilación oxidativa 30
1,DOID:0111472,combined oxidative phosphorylation deficiency 9,DOID:0111472,deficiencia combinada de fosforilación oxidativa 9
1,DOID:0111473,combined oxidative phosphorylation deficiency 5,DOID:0111473,deficiencia combinada de fosforilación oxidativa 5
1,DOID:0111474,combined oxidative phosphorylation deficiency 1,DOID:0111474,deficiencia combinada de la fosforilación oxidativa 1
1,DOID:0111475,combined oxidative phosphorylation deficiency 39,DOID:0111475,deficiencia combinada de fosforilación oxidativa 39
1,DOID:0111476,combined oxidative phosphorylation deficiency 19,DOID:0111476,deficiencia combinada de fosforilación oxidativa 19
1,DOID:0111477,combined oxidative phosphorylation deficiency 14,DOID:0111477,deficiencia combinada de la fosforilación oxidativa 14
1,DOID:0111478,combined oxidative phosphorylation deficiency 20,DOID:0111478,deficiencia combinada de la fosforilación oxidativa 20
1,DOID:0111479,combined oxidative phosphorylation deficiency 8,DOID:0111479,deficiencia combinada de fosforilación oxidativa 8
1,DOID:0111480,combined oxidative phosphorylation deficiency 10,DOID:0111480,deficiencia combinada de fosforilación oxidativa 10
1,DOID:0111481,combined oxidative phosphorylation deficiency 11,DOID:0111481,deficiencia combinada de la fosforilación oxidativa 11
1,DOID:0111482,combined oxidative phosphorylation deficiency 36,DOID:0111482,deficiencia combinada de la fosforilación oxidativa 36
1,DOID:0111483,combined oxidative phosphorylation deficiency 2,DOID:0111483,deficiencia combinada de fosforilación oxidativa 2
1,DOID:0111484,combined oxidative phosphorylation deficiency 18,DOID:0111484,deficiencia combinada de fosforilación oxidativa 18
1,DOID:0111485,combined oxidative phosphorylation deficiency 24,DOID:0111485,deficiencia combinada de la fosforilación oxidativa 24
1,DOID:0111486,combined oxidative phosphorylation deficiency 3,DOID:0111486,deficiencia combinada de la fosforilación oxidativa 3
1,DOID:0111487,combined oxidative phosphorylation deficiency 7,DOID:0111487,deficiencia combinada de fosforilación oxidativa 7
1,DOID:0111488,combined oxidative phosphorylation deficiency 31,DOID:0111488,deficiencia combinada de la fosforilación oxidativa 31
1,DOID:0111489,combined oxidative phosphorylation deficiency 27,DOID:0111489,deficiencia combinada de fosforilación oxidativa 27
1,DOID:0111490,combined oxidative phosphorylation deficiency 26,DOID:0111490,deficiencia combinada de fosforilación oxidativa 26
1,DOID:0111491,combined oxidative phosphorylation deficiency 15,DOID:0111491,deficiencia combinada de fosforilación oxidativa 15
1,DOID:0111492,combined oxidative phosphorylation deficiency 32,DOID:0111492,deficiencia combinada de la fosforilación oxidativa 32
1,DOID:0111493,combined oxidative phosphorylation deficiency 12,DOID:0111493,deficiencia combinada de la fosforilación oxidativa 12
1,DOID:0111494,combined oxidative phosphorylation deficiency 4,DOID:0111494,deficiencia combinada de la fosforilación oxidativa 4
1,DOID:0111495,combined oxidative phosphorylation deficiency 33,DOID:0111495,deficiencia combinada de fosforilación oxidativa 33
1,DOID:0111496,combined oxidative phosphorylation deficiency 17,DOID:0111496,deficiencia combinada de fosforilación oxidativa 17
1,DOID:0111497,combined oxidative phosphorylation deficiency 34,DOID:0111497,deficiencia combinada de la fosforilación oxidativa 34
1,DOID:0111498,combined oxidative phosphorylation deficiency 22,DOID:0111498,deficiencia combinada de la fosforilación oxidativa 22
1,DOID:0111499,combined oxidative phosphorylation deficiency 37,DOID:0111499,deficiencia combinada de la fosforilación oxidativa 37
1,DOID:0111500,combined oxidative phosphorylation deficiency 23,DOID:0111500,deficiencia combinada de la fosforilación oxidativa 23
1,DOID:0111501,combined oxidative phosphorylation deficiency 29,DOID:0111501,deficiencia combinada de la fosforilación oxidativa 29
1,DOID:0111502,combined oxidative phosphorylation deficiency 6,DOID:0111502,deficiencia combinada de fosforilación oxidativa 6
1,DOID:0111503,Li-Fraumeni syndrome 1,DOID:0111503,síndrome de Li-Fraumeni 1
1,DOID:0111504,Li-Fraumeni syndrome 2,DOID:0111504,síndrome de Li-Fraumeni 2
1,DOID:0111505,palmoplantar keratoderma-deafness syndrome,DOID:0111505,síndrome de queratodermia palmoplantar-sordera
1,DOID:0111506,palmoplantar keratoderma-esophageal carcinoma syndrome,DOID:0111506,síndrome de queratodermia palmoplantar-carcinoma esofágico
1,DOID:0111507,Lenz-Majewski hyperostotic dwarfism,DOID:0111507,Enanismo hiperostótico de Lenz-Majewski
1,DOID:0111508,Torrance type platyspondylic dysplasia,DOID:0111508,displasia platispondílica tipo Torrance
1,DOID:0111509,lymphedema-distichiasis syndrome,DOID:0111509,síndrome de linfedema-distiquiasis
1,DOID:0111510,Marshall syndrome,DOID:0111510,síndrome de Marshall
1,DOID:0111511,melanoma and neural system tumor syndrome,DOID:0111511,síndrome de melanoma y tumor del sistema neural
1,DOID:0111512,metachondromatosis,DOID:0111512,metacondromatosis
1,DOID:0111513,metaphyseal dysplasia-maxillary hypoplasia-brachydactyly syndrome,DOID:0111513,displasia metafisaria-hipoplasia maxilar-síndrome de braquidactilia
1,DOID:0111514,metatropic dysplasia,DOID:0111514,displasia metatrópica
1,DOID:0111515,autosomal recessive progressive external ophthalmoplegia with mitochondrial DNA deletions 2,DOID:0111515,oftalmoplejia externa progresiva autosómica recesiva con deleciones de ADN mitocondrial 2
1,DOID:0111516,autosomal recessive progressive external ophthalmoplegia with mitochondrial DNA deletions 4,DOID:0111516,oftalmoplejia externa progresiva autosómica recesiva con deleciones de ADN mitocondrial 4
1,DOID:0111517,autosomal dominant progressive external ophthalmoplegia with mitochondrial DNA deletions 2,DOID:0111517,oftalmoplejia externa progresiva autosómica dominante con deleciones de ADN mitocondrial 2
1,DOID:0111518,autosomal dominant progressive external ophthalmoplegia with mitochondrial DNA deletions 5,DOID:0111518,oftalmoplejia externa progresiva autosómica dominante con deleciones de ADN mitocondrial 5
1,DOID:0111519,autosomal dominant progressive external ophthalmoplegia with mitochondrial DNA deletions 6,DOID:0111519,oftalmoplejia externa progresiva autosómica dominante con deleciones de ADN mitocondrial 6
1,DOID:0111520,autosomal dominant progressive external ophthalmoplegia with mitochondrial DNA deletions 3,DOID:0111520,oftalmoplejia externa progresiva autosómica dominante con deleciones de ADN mitocondrial 3
1,DOID:0111521,autosomal dominant progressive external ophthalmoplegia 1,DOID:0111521,oftalmoplejia externa progresiva autosómica dominante 1
1,DOID:0111522,autosomal recessive progressive external ophthalmoplegia 1,DOID:0111522,oftalmoplejia externa progresiva autosómica recesiva 1
1,DOID:0111523,autosomal recessive progressive external ophthalmoplegia with mitochondrial DNA deletions 3,DOID:0111523,oftalmoplejia externa progresiva autosómica recesiva con deleciones de ADN mitocondrial 3
1,DOID:0111524,autosomal recessive progressive external ophthalmoplegia with mitochondrial DNA deletions 5,DOID:0111524,oftalmoplejia externa progresiva autosómica recesiva con deleciones de ADN mitocondrial 5
1,DOID:0111525,autosomal dominant progressive external ophthalmoplegia with mitochondrial DNA deletions 4,DOID:0111525,Oftalmoplejia externa progresiva autosómica dominante con deleciones de ADN mitocondrial 4
1,DOID:0111526,Mullerian aplasia and hyperandrogenism,DOID:0111526,aplasia mülleriana e hiperandrogenismo
1,DOID:0111527,spinal muscular atrophy with progressive myoclonic epilepsy,DOID:0111527,atrofia muscular espinal con epilepsia mioclónica progresiva
1,DOID:0111528,Naegeli-Franceschetti-Jadassohn syndrome,DOID:0111528,síndrome de Naegeli-Franceschetti-Jadassohn
1,DOID:0111529,familial multiple nevi flammei,DOID:0111529,nevus flamígero múltiple familiar
1,DOID:0111530,linear nevus sebaceous syndrome,DOID:0111530,síndrome del nevo sebáceo lineal
1,DOID:0111531,bilateral optic nerve hypoplasia,DOID:0111531,hipoplasia bilateral del nervio óptico
1,DOID:0111532,osteoglophonic dysplasia,DOID:0111532,displasia osteoglofónica
1,DOID:0111533,gnathodiaphyseal dysplasia,DOID:0111533,displasia gnatodiafisaria
1,DOID:0111534,multicentric carpotarsal osteolysis syndrome,DOID:0111534,síndrome de osteólisis carpotarsiana multicéntrica
1,DOID:0111535,progressive osseous heteroplasia,DOID:0111535,heteroplasia ósea progresiva
1,DOID:0111536,Buschke-Ollendorff syndrome,DOID:0111536,síndrome de Buschke-Ollendorff
1,DOID:0111537,paroxysmal extreme pain disorder,DOID:0111537,trastorno paroxístico del dolor extremo
1,DOID:0111538,paramyotonia congenita of Von Eulenburg,DOID:0111538,paramiotonía congénita de Von Eulenburg
1,DOID:0111539,parastremmatic dwarfism,DOID:0111539,enanismo parastremático
1,DOID:0111540,prolidase deficiency,DOID:0111540,deficiencia de prolidasa
1,DOID:0111541,pigmented paravenous chorioretinal atrophy,DOID:0111541,atrofia coriorretiniana paravenosa pigmentada
1,DOID:0111542,familial expansile osteolysis,DOID:0111542,osteólisis expansiva familiar
1,DOID:0111543,juvenile polyposis-hereditary hemorrhagic telangiectasia syndrome,DOID:0111543,síndrome de poliposis juvenil-telangiectasia hemorrágica hereditaria
1,DOID:0111544,Guttmacher syndrome,DOID:0111544,síndrome de Guttmacher
1,DOID:0111545,familial male-limited precocious puberty,DOID:0111545,pubertad precoz limitada masculina familiar
1,DOID:0111546,Currarino syndrome,DOID:0111546,síndrome de Currarino
1,DOID:0111547,retinal arterial tortuosity,DOID:0111547,tortuosidad arterial retiniana
1,DOID:0111548,ring dermoid of cornea,DOID:0111548,dermoide anular de la córnea
1,DOID:0111549,aplasia of lacrimal and salivary glands,DOID:0111549,aplasia de las glándulas lagrimales y salivales
1,DOID:0111550,scalp-ear-nipple syndrome,DOID:0111550,síndrome cuero cabelludo-orejas-pezón
1,DOID:0111551,neurogenic scapuloperoneal syndrome Kaeser type,DOID:0111551,síndrome escapuloperoneal neurogénico tipo Kaeser
1,DOID:0111552,scapuloperoneal spinal muscular atrophy,DOID:0111552,atrofia muscular espinal escapuloperoneal
1,DOID:0111553,spondyloepiphyseal dysplasia Maroteaux type,DOID:0111553,displasia espondiloepifisaria tipo Maroteaux
1,DOID:0111554,spondylometaphyseal dysplasia Kozlowski type,DOID:0111554,displasia espondilometafisaria tipo Kozlowski
1,DOID:0111555,Alkuraya-Kucinskas syndrome,DOID:0111555,síndrome de Alkuraya-Kucinskas
1,DOID:0111556,steatocystoma multiplex,DOID:0111556,esteatocistoma multiplex
1,DOID:0111557,Charcot-Marie-Tooth disease type 2A2B,DOID:0111557,enfermedad de Charcot-Marie-Tooth tipo 2A2B
1,DOID:0111558,Charcot-Marie-Tooth disease type 2DD,DOID:0111558,enfermedad de Charcot-Marie-Tooth tipo 2DD
1,DOID:0111559,Charcot-Marie-Tooth disease type 2EE,DOID:0111559,enfermedad de Charcot-Marie-Tooth tipo 2EE
1,DOID:0111560,Charcot-Marie-Tooth disease type 1G,DOID:0111560,enfermedad de Charcot-Marie-Tooth tipo 1G
1,DOID:0111561,stiff skin syndrome,DOID:0111561,síndrome de la piel rígida
1,DOID:0111562,overhydrated hereditary stomatocytosis,DOID:0111562,estomatocitosis hereditaria sobrehidratada
1,DOID:0111563,Sturge-Weber syndrome,DOID:0111563,síndrome de Sturge-Weber
1,DOID:0111564,hypoplastic or aplastic tibia with polydactyly,DOID:0111564,tibia hipoplásica o aplásica con polidactilia
1,DOID:0111565,trichodontoosseous syndrome,DOID:0111565,síndrome tricodontoóseo
1,DOID:0111566,familial isolated trichomegaly,DOID:0111566,tricomegalia familiar aislada
1,DOID:0111567,retinal vasculopathy with cerebral leukodystrophy,DOID:0111567,vasculopatía retiniana con leucodistrofia cerebral
1,DOID:0111569,autosomal dominant vitreoretinochoroidopathy,DOID:0111569,vitreoretinocoroidopatía autosómica dominante
1,DOID:0111570,snowflake vitreoretinal degeneration,DOID:0111570,degeneración vitreorretiniana en copo de nieve
1,DOID:0111571,Weyers acrofacial dysostosis,DOID:0111571,disostosis acrofacial de Weyers
1,DOID:0111572,familial woolly hair syndrome,DOID:0111572,síndrome del cabello lanudo familiar
1,DOID:0111573,autosomal dominant woolly hair,DOID:0111573,pelo lanudo autosómico dominante
1,DOID:0111574,autosomal recessive woolly hair 3,DOID:0111574,pelo lanudo autosómico recesivo 3
1,DOID:0111575,dehydrated hereditary stomatocytosis,DOID:0111575,estomatocitosis hereditaria deshidratada
1,DOID:0111576,dehydrated hereditary stomatocytosis 1,DOID:0111576,estomatocitosis hereditaria deshidratada 1
1,DOID:0111577,dehydrated hereditary stomatocytosis 2,DOID:0111577,Estomatocitosis hereditaria deshidratada 2
1,DOID:0111578,Gillespie syndrome,DOID:0111578,síndrome de Gillespie
1,DOID:0111579,"asthma, nasal polyps, and aspirin intolerance",DOID:0111579,"asma  pólipos nasales e intolerancia a la aspirina"""
1,DOID:0111580,Behr syndrome,DOID:0111580,síndrome de Behr
1,DOID:0111581,C syndrome,DOID:0111581,síndrome C
1,DOID:0111582,hereditary arterial and articular multiple calcification syndrome,DOID:0111582,síndrome hereditario de calcificación arterial y articular múltiple
1,DOID:0111583,carboxypeptidase N deficiency,DOID:0111583,deficiencia de carboxipeptidasa N
1,DOID:0111584,dilated cardiomyopathy-hypergonadotropic hypogonadism syndrome,DOID:0111584,síndrome de cardiomiopatía dilatada-hipogonadismo hipergonadotrópico
1,DOID:0111585,carnitine-acylcarnitine translocase deficiency,DOID:0111585,deficiencia de la translocasa carnitina-acilcarnitina
1,DOID:0111586,Martsolf syndrome,DOID:0111586,síndrome de Martsolf
1,DOID:0111587,Gordon Holmes syndrome,DOID:0111587,síndrome de Gordon Holmes
1,DOID:0111588,Greenberg dysplasia,DOID:0111588,displasia de Greenberg
1,DOID:0111589,COACH syndrome,DOID:0111589,síndrome de COACH
1,DOID:0111590,Cohen syndrome,DOID:0111590,síndrome de Cohen
1,DOID:0111592,plasminogen deficiency type I,DOID:0111592,deficiencia de plasminógeno tipo I
1,DOID:0111593,distal arthrogryposis type 10,DOID:0111593,artrogriposis distal tipo 10
1,DOID:0111594,distal arthrogryposis type 5D,DOID:0111594,artrogriposis distal tipo 5D
1,DOID:0111596,distal arthrogryposis type 1,DOID:0111596,artrogriposis distal tipo 1
1,DOID:0111597,distal arthrogryposis type 1A,DOID:0111597,artrogriposis distal tipo 1A
1,DOID:0111598,distal arthrogryposis type 1B,DOID:0111598,artrogriposis distal tipo 1B
1,DOID:0111599,distal arthrogryposis type 2B,DOID:0111599,artrogriposis distal tipo 2B
1,DOID:0111600,distal arthrogryposis type 2B1,DOID:0111600,artrogriposis distal tipo 2B1
1,DOID:0111601,distal arthrogryposis type 2B2,DOID:0111601,artrogriposis distal tipo 2B2
1,DOID:0111602,distal arthrogryposis type 2B3,DOID:0111602,artrogriposis distal tipo 2B3
1,DOID:0111603,distal arthrogryposis type 7,DOID:0111603,artrogriposis distal tipo 7
1,DOID:0111604,Freeman-Sheldon syndrome,DOID:0111604,síndrome de Freeman-Sheldon
1,DOID:0111605,distal arthrogryposis type 2A,DOID:0111605,artrogriposis distal tipo 2A
1,DOID:0111606,autosomal recessive Whistling face syndrome,DOID:0111606,síndrome de la cara silbante autosómico recesivo
1,DOID:0111607,distal arthrogryposis type 3,DOID:0111607,artrogriposis distal tipo 3
1,DOID:0111608,distal arthrogryposis type 5,DOID:0111608,artrogriposis distal tipo 5
1,DOID:0111609,distal arthrogryposis type 6,DOID:0111609,artrogriposis distal tipo 6
1,DOID:0111610,distal arthrogryposis type 4,DOID:0111610,artrogriposis distal tipo 4
1,DOID:0111611,autosomal recessive spinocerebellar ataxia 4,DOID:0111611,ataxia espinocerebelosa autosómica recesiva 4
1,DOID:0111612,autosomal recessive spinocerebellar ataxia 3,DOID:0111612,ataxia espinocerebelosa autosómica recesiva 3
1,DOID:0111613,autosomal recessive spinocerebellar ataxia 23,DOID:0111613,ataxia espinocerebelosa autosómica recesiva 23
1,DOID:0111614,autosomal recessive spinocerebellar ataxia 22,DOID:0111614,ataxia espinocerebelosa autosómica recesiva 22
1,DOID:0111615,autosomal recessive spinocerebellar ataxia 24,DOID:0111615,ataxia espinocerebelosa autosómica recesiva 24
1,DOID:0111616,autosomal recessive spinocerebellar ataxia 27,DOID:0111616,ataxia espinocerebelosa autosómica recesiva 27
1,DOID:0111617,autosomal recessive spinocerebellar ataxia 6,DOID:0111617,ataxia espinocerebelosa 6 autosómica recesiva
1,DOID:0111618,autosomal recessive spinocerebellar ataxia 8,DOID:0111618,ataxia espinocerebelosa autosómica recesiva 8
1,DOID:0111619,combined D-2- and L-2-hydroxyglutaric aciduria,DOID:0111619,aciduria combinada D-2- y L-2-hidroxiglutárica
1,DOID:0111620,corneal dystrophy-perceptive deafness syndrome,DOID:0111620,síndrome de distrofia corneal-sordera perceptiva
1,DOID:0111621,Temtamy syndrome,DOID:0111621,síndrome de Temtamy
1,DOID:0111622,ACTH-independent macronodular adrenal hyperplasia,DOID:0111622,hiperplasia suprarrenal macronodular independiente de ACTH
1,DOID:0111623,ACTH-independent macronodular adrenal hyperplasia 1,DOID:0111623,hiperplasia suprarrenal macronodular 1 independiente de ACTH
1,DOID:0111624,ACTH-independent macronodular adrenal hyperplasia 2,DOID:0111624,hiperplasia suprarrenal macronodular independiente de ACTH 2
1,DOID:0111625,ventriculomegaly - cystic kidney disease,DOID:0111625,ventriculomegalia - enfermedad renal quística
1,DOID:0111626,D-glyceric aciduria,DOID:0111626,aciduria D-glicérica
1,DOID:0111627,DOORS syndrome,DOID:0111627,síndrome DOORS
1,DOID:0111628,high myopia-sensorineural deafness syndrome,DOID:0111628,síndrome de alta miopía-sordera neurosensorial
1,DOID:0111629,dihydropyrimidinase deficiency,DOID:0111629,deficiencia de dihidropirimidinasa
1,DOID:0111630,familial erythrocytosis 8,DOID:0111630,eritrocitosis familiar 8
1,DOID:0111631,familial erythrocytosis 7,DOID:0111631,eritrocitosis familiar 7
1,DOID:0111632,familial erythrocytosis 6,DOID:0111632,eritrocitosis familiar 6
1,DOID:0111634,autosomal recessive nonsyndromic deafness 99,DOID:0111634,sordera autosómica recesiva no sindrómica 99
1,DOID:0111635,autosomal recessive nonsyndromic deafness 57,DOID:0111635,sordera autosómica recesiva no sindrómica 57
1,DOID:0111636,autosomal recessive nonsyndromic deafness 113,DOID:0111636,sordera autosómica recesiva no sindrómica 113
1,DOID:0111637,autosomal recessive nonsyndromic deafness 112,DOID:0111637,sordera autosómica recesiva no sindrómica 112
1,DOID:0111638,autosomal recessive nonsyndromic deafness 100,DOID:0111638,sordera autosómica recesiva no sindrómica 100
1,DOID:0111639,autosomal recessive nonsyndromic deafness 109,DOID:0111639,sordera autosómica recesiva no sindrómica 109
1,DOID:0111640,autosomal recessive nonsyndromic deafness 111,DOID:0111640,sordera autosómica recesiva no sindrómica 111
1,DOID:0111641,autosomal recessive nonsyndromic deafness 94,DOID:0111641,sordera autosómica recesiva no sindrómica 94
1,DOID:0111642,autosomal recessive nonsyndromic deafness 114,DOID:0111642,sordera autosómica recesiva no sindrómica 114
1,DOID:0111643,autosomal recessive nonsyndromic deafness 115,DOID:0111643,sordera autosómica recesiva no sindrómica 115
1,DOID:0111644,autosomal recessive nonsyndromic deafness 110,DOID:0111644,sordera autosómica recesiva no sindrómica 110
1,DOID:0111645,Rolandic epilepsy-paroxysmal exercise-induced dystonia-writer's cramp syndrome,DOID:0111645,epilepsia rolándica-distonía paroxística inducida por el ejercicio-síndrome del calambre del escritor
1,DOID:0111647,Schopf-Schulz-Passarge syndrome,DOID:0111647,síndrome de Schopf-Schulz-Passarge
1,DOID:0111648,ectopia lentis with ectopia of pupil,DOID:0111648,"ectopia lentis con ectopia de pupila"""
1,DOID:0111649,"ectodermal dysplasia, ectrodactyly, and macular dystrophy syndrome",DOID:0111649,"síndrome de displasia ectodérmica,  ectrodactilia y distrofia macular"""
1,DOID:0111650,ectodermal dysplasia 13,DOID:0111650,displasia ectodérmica 13
1,DOID:0111651,ectodermal dysplasia 15,DOID:0111651,displasia ectodérmica 15
1,DOID:0111652,ectodermal dysplasia 12,DOID:0111652,displasia ectodérmica 12
1,DOID:0111653,ectodermal dysplasia 11A,DOID:0111653,displasia ectodérmica 11A
1,DOID:0111654,ectodermal dysplasia 11B,DOID:0111654,displasia ectodérmica 11B
1,DOID:0111655,pure hair and nail ectodermal dysplasia,DOID:0111655,displasia ectodérmica pura de pelo y uñas
1,DOID:0111656,ectodermal dysplasia 9,DOID:0111656,displasia ectodérmica 9
1,DOID:0111657,ectodermal dysplasia 5,DOID:0111657,displasia ectodérmica 5
1,DOID:0111658,ectodermal dysplasia 4,DOID:0111658,displasia ectodérmica 4
1,DOID:0111659,ectodermal dysplasia 6,DOID:0111659,displasia ectodérmica 6
1,DOID:0111660,ectodermal dysplasia 7,DOID:0111660,displasia ectodérmica 7
1,DOID:0111661,ectodermal dysplasia 8,DOID:0111661,displasia ectodérmica 8
1,DOID:0111662,ectodermal dysplasia 14,DOID:0111662,displasia ectodérmica 14
1,DOID:0111663,ectodermal dysplasia 10A,DOID:0111663,displasia ectodérmica 10A
1,DOID:0111664,ectodermal dysplasia 1,DOID:0111664,displasia ectodérmica 1
1,DOID:0111665,ectodermal dysplasia 10B,DOID:0111665,displasia ectodérmica 10B
1,DOID:0111666,proliferative vasculopathy and hydranencephaly-hydrocephaly syndrome,DOID:0111666,vasculopatía proliferativa y síndrome de hidranencefalia-hidrocefalia
1,DOID:0111667,enterokinase deficiency,DOID:0111667,deficiencia de enteroquinasa
1,DOID:0111668,Kohlschutter-Tonz syndrome,DOID:0111668,síndrome de Kohlschutter-Tonz
1,DOID:0111669,hyaline fibromatosis syndrome,DOID:0111669,síndrome de fibromatosis hialina
1,DOID:0111670,primary hyperoxaluria type 1,DOID:0111670,hiperoxaluria primaria tipo 1
1,DOID:0111671,primary hyperoxaluria type 2,DOID:0111671,hiperoxaluria primaria tipo 2
1,DOID:0111672,primary hyperoxaluria type 3,DOID:0111672,hiperoxaluria primaria tipo 3
1,DOID:0111673,Saul-Wilson syndrome,DOID:0111673,síndrome de Saul-Wilson
1,DOID:0111674,intellectual developmental disorder with short stature and behavioral abnormalities,DOID:0111674,trastorno del desarrollo intelectual con baja estatura y anomalías del comportamiento
1,DOID:0111675,neurooculocardiogenitourinary syndrome,DOID:0111675,síndrome neurooculocardiogenitourinario
1,DOID:0111676,high molecular weight kininogen deficiency,DOID:0111676,deficiencia de kininógeno de alto peso molecular
1,DOID:0111677,familial benign fleck retina,DOID:0111677,retina fleck benigna familiar
1,DOID:0111678,hereditary folate malabsorption,DOID:0111678,malabsorción hereditaria de folato
1,DOID:0111679,glutamate formiminotransferase deficiency,DOID:0111679,deficiencia de glutamato formiminotransferasa
1,DOID:0111680,essential fructosuria,DOID:0111680,fructosuria esencial
1,DOID:0111681,glutamate-cysteine ligase deficiency,DOID:0111681,deficiencia de glutamato-cisteína ligasa
1,DOID:0111682,diffuse cystic renal dysplasia,DOID:0111682,displasia renal quística difusa
1,DOID:0111683,neurofibromatosis-Noonan syndrome,DOID:0111683,neurofibromatosis-síndrome de Noonan
1,DOID:0111684,hereditary mixed polyposis syndrome,DOID:0111684,síndrome de poliposis mixta hereditaria
1,DOID:0111685,hereditary mixed polyposis syndrome 1,DOID:0111685,síndrome de poliposis mixta hereditaria 1
1,DOID:0111686,hereditary mixed polyposis syndrome 2,DOID:0111686,síndrome de poliposis mixta hereditaria 2
1,DOID:0111687,Potocki-Shaffer syndrome,DOID:0111687,síndrome de Potocki-Shaffer
1,DOID:0111688,Ayme-Gripp syndrome,DOID:0111688,síndrome de Ayme-Gripp
1,DOID:0111689,familial adult myoclonic epilepsy,DOID:0111689,epilepsia mioclónica familiar del adulto
1,DOID:0111690,familial adult myoclonic epilepsy 1,DOID:0111690,epilepsia mioclónica familiar del adulto 1
1,DOID:0111691,familial adult myoclonic epilepsy 5,DOID:0111691,epilepsia mioclónica familiar del adulto 5
1,DOID:0111692,familial adult myoclonic epilepsy 2,DOID:0111692,epilepsia mioclónica familiar del adulto 2
1,DOID:0111693,familial adult myoclonic epilepsy 4,DOID:0111693,epilepsia mioclónica familiar del adulto 4
1,DOID:0111694,familial adult myoclonic epilepsy 7,DOID:0111694,epilepsia mioclónica familiar del adulto 7
1,DOID:0111695,familial adult myoclonic epilepsy 3,DOID:0111695,epilepsia mioclónica familiar adulta 3
1,DOID:0111696,familial adult myoclonic epilepsy 6,DOID:0111696,"epilepsia mioclónica familiar del adulto 6"""
1,DOID:0111697,"cleft palate, cardiac defects, and intellectual disabillity",DOID:0111697,"paladar hendido  defectos cardíacos y discapacidad intelectual"""
1,DOID:0111698,proprotein convertase 1/3 deficiency,DOID:0111698,deficiencia de proproteína convertasa 1/3
1,DOID:0111699,Van den Ende-Gupta syndrome,DOID:0111699,síndrome de Van den Ende-Gupta
1,DOID:0111700,ankyrin-B-related cardiac arrhythmia,DOID:0111700,arritmia cardiaca relacionada con la anquirina-B
1,DOID:0111701,long QT syndrome 4,DOID:0111701,síndrome de QT largo 4
1,DOID:0111702,loose anagen hair syndrome,DOID:0111702,síndrome del pelo suelto anágeno
1,DOID:0111703,familial hypertryptophanemia,DOID:0111703,hipertriptofanemia familiar
1,DOID:0111704,chromosome 2q37 deletion syndrome,DOID:0111704,síndrome de deleción cromosómica 2q37
1,DOID:0111705,oculoectodermal syndrome,DOID:0111705,síndrome oculoectodérmico
1,DOID:0111707,Bothnian type palmoplantar keratoderma,DOID:0111707,queratodermia palmoplantar tipo Bothnian
1,DOID:0111708,focal nonepidermolytic palmoplantar keratoderma,DOID:0111708,queratodermia palmoplantar focal no epidermolítica
1,DOID:0111709,focal nonepidermolytic palmoplantar keratoderma 1,DOID:0111709,queratodermia palmoplantar focal no epidermolítica 1
1,DOID:0111710,focal or diffuse nonepidermolytic palmoplantar keratoderma,DOID:0111710,queratodermia palmoplantar no epidermolítica focal o difusa
1,DOID:0111711,focal nonepidermolytic palmoplantar keratoderma 2,DOID:0111711,queratodermia palmoplantar focal no epidermolítica 2
1,DOID:0111712,Kagami-Ogata syndrome,DOID:0111712,síndrome de Kagami-Ogata
1,DOID:0111713,Temple syndrome,DOID:0111713,síndrome de Temple
1,DOID:0111714,Mulchandani-Bhoj-Conlin syndrome,DOID:0111714,síndrome de Mulchandani-Bhoj-Conlin
1,DOID:0111715,Schaaf-Yang syndrome,DOID:0111715,síndrome de Schaaf-Yang
2,DOID:0111721,amelogenesis imperfecta type 3,DOID:0111721,amelogénesis imperfecta tipo 3
1,DOID:0111722,amelogenesis imperfecta type 3C,DOID:0111722,amelogénesis imperfecta tipo 3C
1,DOID:0111723,Jacobsen Syndrome,DOID:0111723,síndrome de Jacobsen
1,DOID:0111724,geleophysic dysplasia,DOID:0111724,displasia geleofísica
1,DOID:0111725,geleophysic dysplasia 1,DOID:0111725,displasia gelofísica 1
1,DOID:0111726,geleophysic dysplasia 2,DOID:0111726,displasia gelofísica 2
1,DOID:0111727,geleophysic dysplasia 3,DOID:0111727,displasia gelofísica 3
1,DOID:0111728,familial episodic pain syndrome,DOID:0111728,síndrome de dolor episódico familiar
1,DOID:0111729,familial episodic pain syndrome 1,DOID:0111729,síndrome de dolor episódico familiar 1
1,DOID:0111730,familial episodic pain syndrome 2,DOID:0111730,síndrome de dolor episódico familiar 2
1,DOID:0111731,familial episodic pain syndrome 3,DOID:0111731,síndrome de dolor episódico familiar 3
1,DOID:0111732,Eiken syndrome,DOID:0111732,síndrome de Eiken
1,DOID:0111734,aminoglycoside-induced deafness,DOID:0111734,sordera inducida por aminoglucósidos
1,DOID:0111735,X-linked deafness 4,DOID:0111735,sordera ligada al cromosoma X 4
1,DOID:0111736,X-linked deafness 3,DOID:0111736,sordera ligada al cromosoma X 3
1,DOID:0111737,X-linked deafness 2,DOID:0111737,Sordera ligada al cromosoma X 2
1,DOID:0111738,X-linked deafness 7,DOID:0111738,sordera ligada al cromosoma X 7
1,DOID:0111739,X-linked deafness 1,DOID:0111739,sordera ligada al cromosoma X 1
1,DOID:0111740,X-linked deafness 6,DOID:0111740,sordera ligada al cromosoma X 6
1,DOID:0111741,X-linked deafness 5,DOID:0111741,sordera ligada al cromosoma X 5
1,DOID:0111742,cerebellar ataxia type 42,DOID:0111742,ataxia cerebelosa tipo 42
1,DOID:0111743,cerebellar ataxia type 47,DOID:0111743,ataxia cerebelosa tipo 47
1,DOID:0111744,cerebellar ataxia type 41,DOID:0111744,ataxia cerebelosa tipo 41
1,DOID:0111745,cerebellar ataxia type 43,DOID:0111745,ataxia cerebelosa tipo 43
1,DOID:0111746,cerebellar ataxia type 48,DOID:0111746,ataxia cerebelosa tipo 48
1,DOID:0111747,cerebellar ataxia type 9,DOID:0111747,ataxia cerebelosa tipo 9
1,DOID:0111748,mitochondrial complex V (ATP synthase) deficiency mitochondrial type 1,DOID:0111748,deficiencia mitocondrial del complejo V (ATP sintasa) tipo 1
1,DOID:0111749,mitochondrial complex V (ATP synthase) deficiency nuclear type 6,DOID:0111749,deficiencia del complejo mitocondrial V (ATP sintasa) nuclear tipo 6
1,DOID:0111750,adult-onset ataxia and polyneuropathy,DOID:0111750,ataxia y polineuropatía de inicio en la edad adulta
1,DOID:0111751,mitochondrial nonsyndromic sensorineural deafness,DOID:0111751,sordera neurosensorial no sindrómica mitocondrial
1,DOID:0111752,autosomal-mitochondrial sensorineural deafness,DOID:0111752,sordera neurosensorial autosómica mitocondrial
1,DOID:0111753,infantile hypertrophic cardiomyopathy,DOID:0111753,Miocardiopatía hipertrófica infantil
1,DOID:0111754,Leber plus disease,DOID:0111754,La enfermedad de Leber plus
1,DOID:0111755,Leber hereditary optic neuropathy and dystonia,DOID:0111755,Neuropatía óptica hereditaria de Leber y distonía
1,DOID:0111756,Leber hereditary optic neuropathy with demyelinating disease of CNS,DOID:0111756,Neuropatía óptica hereditaria de Leber con enfermedad desmielinizante del SNC
1,DOID:0111757,Y-linked deafness,DOID:0111757,Sordera ligada al Y
1,DOID:0111758,Y-linked deafness 2,DOID:0111758,Sordera ligada al cromosoma Y 2
1,DOID:0111759,Y-linked deafness 1,DOID:0111759,sordera ligada al cromosoma Y 1
2,DOID:0111760,"46,XX sex reversal",DOID:0111760,Inversión del sexo 46
1,DOID:0111761,"46,XX sex reversal 1",DOID:0111761,46
1,DOID:0111762,"46,XX sex reversal 3",DOID:0111762,"Inversión del sexo 46,XX 3"
1,DOID:0111763,"46,XX sex reversal 2",DOID:0111763,"Inversión del sexo 46,XX 2"
1,DOID:0111764,"46,XX sex reversal 4",DOID:0111764,"Inversión del sexo 46,XX 4"
1,DOID:0111765,X-linked cardiac valvular dysplasia,DOID:0111765,Displasia valvular cardiaca ligada al cromosoma X
1,DOID:0111766,X-linked VACTERL association,DOID:0111766,Asociación VACTERL ligada al X
1,DOID:0111767,X-linked thrombocytopenia with beta-thalassemia,DOID:0111767,Trombocitopenia ligada al cromosoma X con beta-talasemia
1,DOID:0111768,X-linked properdin deficiency,DOID:0111768,Deficiencia de properdina ligada al cromosoma X
1,DOID:0111769,"46,XY sex reversal 6",DOID:0111769,"Inversión del sexo 46,XY 6"
1,DOID:0111770,"46,XY sex reversal 9",DOID:0111770,"Inversión del sexo 46,XY 9"
1,DOID:0111771,"46,XY sex reversal 4",DOID:0111771,"Inversión del sexo 46,XY 4"
1,DOID:0111772,"46,XY sex reversal 3",DOID:0111772,"Inversión del sexo 46,XY 3"
1,DOID:0111773,"46,XY sex reversal 8",DOID:0111773,"Inversión del sexo 46,XY 8"
1,DOID:0111774,"46,XY sex reversal 7",DOID:0111774,"Inversión del sexo 46,XY 7"
1,DOID:0111775,"46,XY sex reversal 10",DOID:0111775,"Inversión del sexo 46,XY 10"
1,DOID:0111776,"46,XY sex reversal 5",DOID:0111776,"Inversión del sexo 46,XY 5"
1,DOID:0111777,"46,XY sex reversal 2",DOID:0111777,"Inversión del sexo 46,XY 2"
1,DOID:0111778,"46,XY sex reversal 1",DOID:0111778,"Inversión del sexo 46,XY 1"
1,DOID:0111779,X-linked panhypopituitarism,DOID:0111779,Panhipopituitarismo ligado al cromosoma X
1,DOID:0111780,TARP syndrome,DOID:0111780,El síndrome TARP
1,DOID:0111781,Waisman syndrome,DOID:0111781,Síndrome de Waisman
1,DOID:0111782,otopalatodigital syndrome spectrum disorder,DOID:0111782,trastorno del espectro del síndrome otopalatodigital
1,DOID:0111783,otopalatodigital syndrome type 1,DOID:0111783,síndrome otopalatodigital tipo 1
1,DOID:0111784,otopalatodigital syndrome type 2,DOID:0111784,síndrome otopalatodigital tipo 2
1,DOID:0111785,frontometaphyseal dysplasia,DOID:0111785,displasia frontometafisaria
1,DOID:0111786,frontometaphyseal dysplasia 1,DOID:0111786,displasia frontometafisaria 1
1,DOID:0111787,frontometaphyseal dysplasia 2,DOID:0111787,displasia frontometafisaria 2
1,DOID:0111788,Melnick-Needles syndrome,DOID:0111788,Síndrome de Melnick-Needles
1,DOID:0111789,Frank-Ter Haar syndrome,DOID:0111789,Síndrome de Frank-Ter Haar
1,DOID:0111798,X-linked nephrolithiasis type I,DOID:0111798,Nefrolitiasis ligada al cromosoma X tipo I
1,DOID:0111799,syndromic microphthalmia 1,DOID:0111799,microftalmia sindrómica 1
1,DOID:0111800,syndromic microphthalmia 12,DOID:0111800,microftalmia sindrómica 12
1,DOID:0111801,syndromic microphthalmia 3,DOID:0111801,microftalmia sindrómica 3
1,DOID:0111802,syndromic microphthalmia 14,DOID:0111802,microftalmia sindrómica 14
1,DOID:0111803,syndromic microphthalmia 8,DOID:0111803,microftalmia sindrómica 8
1,DOID:0111804,syndromic microphthalmia 11,DOID:0111804,microftalmia sindrómica 11
1,DOID:0111805,syndromic microphthalmia 6,DOID:0111805,microftalmia sindrómica 6
1,DOID:0111806,syndromic microphthalmia 5,DOID:0111806,microftalmia sindrómica 5
1,DOID:0111807,syndromic microphthalmia 9,DOID:0111807,microftalmia sindrómica 9
1,DOID:0111809,syndromic microphthalmia 2,DOID:0111809,microftalmia sindrómica 2
1,DOID:0111811,syndromic microphthalmia 13,DOID:0111811,microftalmia sindrómica 13
1,DOID:0111812,syndromic microphthalmia 10,DOID:0111812,microftalmia sindrómica 10
1,DOID:0111813,syndactyly type 8,DOID:0111813,sindactilia tipo 8
1,DOID:0111814,methylmalonic acidemia and homocysteinemia cblX type,DOID:0111814,acidemia metilmalónica y homocisteinemia tipo cblX
1,DOID:0111815,low molecular weight proteinuria with hypercalciuric nephrocalcinosis,DOID:0111815,proteinuria de bajo peso molecular con nefrocalcinosis hipercalciúrica
1,DOID:0111816,syndactyly type 1,DOID:0111816,sindactilia tipo 1
1,DOID:0111817,syndactyly type 3,DOID:0111817,sindactilia tipo 3
1,DOID:0111818,syndactyly type 4,DOID:0111818,sindactilia tipo 4
1,DOID:0111819,syndactyly type 5,DOID:0111819,sindactilia tipo 5
1,DOID:0111820,zygodactyly 1,DOID:0111820,cigodactilia 1
1,DOID:0111821,ichthyosis follicularis-alopecia-photophobia syndrome 1,DOID:0111821,síndrome de ictiosis folicular-alopecia-fotofobia 1
1,DOID:0111822,CHILD syndrome,DOID:0111822,Síndrome del NIÑO
1,DOID:0111823,autosomal hemophilia A,DOID:0111823,hemofilia autosómica A
1,DOID:0111824,Aarskog syndrome,DOID:0111824,Síndrome de Aarskog
1,DOID:0111825,autosomal dominant Aarskog syndrome,DOID:0111825,Síndrome de Aarskog autosómico dominante
1,DOID:0111826,Abruzzo-Erickson syndrome,DOID:0111826,Síndrome de Abruzzo-Erickson
1,DOID:0111827,X-linked spinal muscular atrophy 2,DOID:0111827,Atrofia muscular espinal ligada al cromosoma X 2
1,DOID:0111828,X-linked cerebellar ataxia,DOID:0111828,Ataxia cerebelosa ligada al cromosoma X
1,DOID:0111829,X-linked spinocerebellar ataxia 1,DOID:0111829,Ataxia espinocerebelosa 1 ligada al cromosoma X
1,DOID:0111830,X-linked spinocerebellar ataxia 2,DOID:0111830,Ataxia espinocerebelosa 2 ligada al cromosoma X
1,DOID:0111831,X-linked spinocerebellar ataxia 3,DOID:0111831,Ataxia espinocerebelosa 3 ligada al cromosoma X
1,DOID:0111832,X-linked spinocerebellar ataxia 4,DOID:0111832,X-linked spinocerebellar ataxia 4
1,DOID:0111833,X-linked spinocerebellar ataxia 5,DOID:0111833,Ataxia espinocerebelosa 5 ligada al X
1,DOID:0111834,X-linked reticulate pigmentary disorder,DOID:0111834,Trastorno pigmentario reticulado ligado al cromosoma X
1,DOID:0111838,Basilicata-Akhtar syndrome,DOID:0111838,Síndrome de Basilicata-Akhtar
1,DOID:0111840,Van Esch-O'Driscoll syndrome,DOID:0111840,Síndrome de Van Esch-O'Driscoll
1,DOID:0111841,Shukla-Vernon syndrome,DOID:0111841,Síndrome de Shukla-Vernon
1,DOID:0111842,Keipert syndrome,DOID:0111842,Síndrome de Keipert
1,DOID:0111843,Paganini-Miozzo syndrome,DOID:0111843,Síndrome de Paganini-Miozzo
1,DOID:0111844,X-linked intellectual developmental disorder 108,DOID:0111844,Trastorno del desarrollo intelectual ligado al cromosoma X 108
1,DOID:0111845,Mullegama-Klein-Martinez syndrome,DOID:0111845,Mullegama-Klein-Martinez syndrome
1,DOID:0111847,osteogenesis imperfecta type 19,DOID:0111847,osteogenesis imperfecta type 19
1,DOID:0111848,osteogenesis imperfecta type 18,DOID:0111848,osteogénesis imperfecta tipo 18
1,DOID:0111849,osteogenesis imperfecta type 20,DOID:0111849,osteogénesis imperfecta tipo 20
1,DOID:0111850,primary ciliary dyskinesia 36,DOID:0111850,discinesia ciliar primaria 36
1,DOID:0111851,primary ciliary dyskinesia 44,DOID:0111851,discinesia ciliar primaria 44
1,DOID:0111852,primary ciliary dyskinesia 38,DOID:0111852,discinesia ciliar primaria 38
1,DOID:0111853,primary ciliary dyskinesia 40,DOID:0111853,discinesia ciliar primaria 40
1,DOID:0111854,primary ciliary dyskinesia 39,DOID:0111854,discinesia ciliar primaria 39
1,DOID:0111855,primary ciliary dyskinesia 42,DOID:0111855,discinesia ciliar primaria 42
1,DOID:0111856,primary ciliary dyskinesia 43,DOID:0111856,discinesia ciliar primaria 43
1,DOID:0111857,primary ciliary dyskinesia 45,DOID:0111857,discinesia ciliar primaria 45
1,DOID:0111858,primary ciliary dyskinesia 41,DOID:0111858,discinesia ciliar primaria 41
1,DOID:0111859,"midface hypoplasia, hearing impairment, elliptocytosis, and nephrocalcinosis",DOID:0111859,"hipoplasia del tercio medio facial, discapacidad auditiva, eliptocitosis y nefrocalcinosis"
1,DOID:0111860,AMME complex,DOID:0111860,Complejo AMME
1,DOID:0111861,Meester-Loeys syndrome,DOID:0111861,Síndrome de Meester-Loeys
1,DOID:0111865,MEND syndrome,DOID:0111865,Síndrome MEND
1,DOID:0111866,trichothiodystrophy,DOID:0111866,trichothiodystrophy
1,DOID:0111867,nonphotosensitive trichothiodystrophy,DOID:0111867,tricotiodistrofia no fotosensible
1,DOID:0111868,nonphotosensitive trichothiodystrophy 5,DOID:0111868,tricotiodistrofia no fotosensible 5
1,DOID:0111869,photosensitive trichothiodystrophy 2,DOID:0111869,tricotiodistrofia fotosensible 2
1,DOID:0111870,nonphotosensitive trichothiodystrophy 7,DOID:0111870,tricotiodistrofia no fotosensible 7
1,DOID:0111871,photosensitive trichothiodystrophy 3,DOID:0111871,tricotiodistrofia fotosensible 3
1,DOID:0111872,nonphotosensitive trichothiodystrophy 6,DOID:0111872,tricotiodistrofia no fotosensible 6
1,DOID:0111873,photosensitive trichothiodystrophy 1,DOID:0111873,tricotiodistrofia fotosensible 1
1,DOID:0111874,Sabinas brittle hair syndrome,DOID:0111874,Síndrome del cabello quebradizo de Sabinas
1,DOID:0111875,MLS syndrome,DOID:0111875,Síndrome MLS
1,DOID:0111898,CK syndrome,DOID:0111898,Síndrome CK
1,DOID:0111899,X-linked thrombophilia due to factor IX defect,DOID:0111899,Trombofilia ligada al cromosoma X por defecto del factor IX
1,DOID:0111900,autosomal dominant thrombophilia due to protein S deficiency,DOID:0111900,Trombofilia autosómica dominante por deficiencia de proteína S.
1,DOID:0111901,heparin cofactor II deficiency,DOID:0111901,deficiencia del cofactor II de la heparina
1,DOID:0111902,thrombophilia due to activated protein C resistance,DOID:0111902,trombofilia por resistencia a la proteína C activada
1,DOID:0111903,thrombophilia due to HRG deficiency,DOID:0111903,trombofilia por deficiencia de HRG
1,DOID:0111904,autosomal recessive thrombophilia due to protein C deficiency,DOID:0111904,Trombofilia autosómica recesiva por deficiencia de proteína C
1,DOID:0111905,autosomal recessive thrombophilia due to protein S deficiency,DOID:0111905,Trombofilia autosómica recesiva por deficiencia de proteína S
1,DOID:0111906,thrombophilia due to decreased release of PLAT,DOID:0111906,trombofilia debida a la disminución de la liberación de PLAT
1,DOID:0111907,thrombophilia due to thrombin defect,DOID:0111907,trombofilia por defecto de trombina
1,DOID:0111908,thrombophilia due to thrombomodulin defect,DOID:0111908,trombofilia por defecto de trombomodulina
1,DOID:0111909,autosomal dominant thrombophilia due to protein C deficiency,DOID:0111909,trombofilia autosómica dominante por deficiencia de proteína C
1,DOID:0111910,spermatogenic failure,DOID:0111910,fallo espermatogénico
1,DOID:0111911,spermatogenic failure 34,DOID:0111911,fallo espermatogénico 34
1,DOID:0111912,spermatogenic failure 41,DOID:0111912,fallo espermatogénico 41
1,DOID:0111913,spermatogenic failure 30,DOID:0111913,fallo espermatogénico 30
1,DOID:0111914,spermatogenic failure 35,DOID:0111914,fallo espermatogénico 35
1,DOID:0111915,spermatogenic failure 33,DOID:0111915,fallo espermatogénico 33
1,DOID:0111916,spermatogenic failure 28,DOID:0111916,fallo espermatogénico 28
1,DOID:0111917,spermatogenic failure 43,DOID:0111917,fallo espermatogénico 43
1,DOID:0111918,spermatogenic failure 40,DOID:0111918,fallo espermatogénico 40
1,DOID:0111919,spermatogenic failure 38,DOID:0111919,fallo espermatogénico 38
1,DOID:0111920,spermatogenic failure 25,DOID:0111920,fallo espermatogénico 25
1,DOID:0111921,spermatogenic failure 36,DOID:0111921,fallo espermatogénico 36
1,DOID:0111922,spermatogenic failure 31,DOID:0111922,fallo espermatogénico 31
1,DOID:0111923,spermatogenic failure 42,DOID:0111923,fallo espermatogénico 42
1,DOID:0111924,spermatogenic failure 26,DOID:0111924,fallo espermatogénico 26
1,DOID:0111925,spermatogenic failure 32,DOID:0111925,fallo espermatogénico 32
1,DOID:0111926,spermatogenic failure 39,DOID:0111926,fallo espermatogénico 39
1,DOID:0111927,spermatogenic failure 37,DOID:0111927,fallo espermatogénico 37
1,DOID:0111928,spermatogenic failure 27,DOID:0111928,fallo espermatogénico 27
1,DOID:0111929,spermatogenic failure 24,DOID:0111929,fallo espermatogénico 24
1,DOID:0111930,spermatogenic failure 29,DOID:0111930,fallo espermatogénico 29
1,DOID:0111931,syndactyly-telecanthus-anogenital and renal malformations syndrome,DOID:0111931,síndrome de sindactilia-telecanto-malformaciones anogenitales y renales
1,DOID:0111933,phosphoglycerate kinase 1 deficiency,DOID:0111933,deficiencia de fosfoglicerato quinasa 1
1,DOID:0111934,immunodeficiency 38,DOID:0111934,inmunodeficiencia 38
1,DOID:0111935,immunodeficiency 16,DOID:0111935,inmunodeficiencia 16
1,DOID:0111936,immunodeficiency 14,DOID:0111936,inmunodeficiencia 14
1,DOID:0111937,immunodeficiency 22,DOID:0111937,inmunodeficiencia 22
1,DOID:0111938,immunodeficiency 24,DOID:0111938,inmunodeficiencia 24
1,DOID:0111939,immunodeficiency 37,DOID:0111939,inmunodeficiencia 37
1,DOID:0111940,immunodeficiency 42,DOID:0111940,inmunodeficiencia 42
1,DOID:0111941,immunodeficiency 20,DOID:0111941,inmunodeficiencia 20
1,DOID:0111942,immunodeficiency 25,DOID:0111942,inmunodeficiencia 25
1,DOID:0111943,immunodeficiency 48,DOID:0111943,inmunodeficiencia 48
1,DOID:0111944,immunodeficiency 31B,DOID:0111944,inmunodeficiencia 31B
1,DOID:0111945,immunodeficiency 31A,DOID:0111945,inmunodeficiencia 31A
1,DOID:0111946,immunodeficiency 31C,DOID:0111946,inmunodeficiencia 31C
1,DOID:0111947,immunodeficiency 21,DOID:0111947,inmunodeficiencia 21
1,DOID:0111948,immunodeficiency 46,DOID:0111948,inmunodeficiencia 46
1,DOID:0111949,immunodeficiency 36,DOID:0111949,inmunodeficiencia 36
1,DOID:0111950,immunodeficiency 29,DOID:0111950,inmunodeficiencia 29
1,DOID:0111951,immunodeficiency 40,DOID:0111951,inmunodeficiencia 40
1,DOID:0111952,immunodeficiency 57,DOID:0111952,inmunodeficiencia 57
1,DOID:0111953,immunodeficiency 23,DOID:0111953,inmunodeficiencia 23
1,DOID:0111954,immunodeficiency 60,DOID:0111954,inmunodeficiencia 60
1,DOID:0111955,immunodeficiency 27A,DOID:0111955,inmunodeficiencia 27A
1,DOID:0111956,immunodeficiency 27B,DOID:0111956,inmunodeficiencia 27B
1,DOID:0111957,immunodeficiency 11A,DOID:0111957,inmunodeficiencia 11A
1,DOID:0111958,immunodeficiency 11B,DOID:0111958,inmunodeficiencia 11B
1,DOID:0111959,immunodeficiency 15B,DOID:0111959,inmunodeficiencia 15B
1,DOID:0111960,immunodeficiency 15A,DOID:0111960,inmunodeficiencia 15A
1,DOID:0111961,immunodeficiency 26,DOID:0111961,inmunodeficiencia 26
1,DOID:0111962,combined immunodeficiency,DOID:0111962,inmunodeficiencia combinada
1,DOID:0111963,dendritic cell deficiency,DOID:0111963,deficiencia de células dendríticas
1,DOID:0111964,B cell and dendritic cell deficiency,DOID:0111964,"La deficiencia de células B y células dendríticas"""
1,DOID:0111965,"T cell, B cell, and NK cell deficiency",DOID:0111965,La deficiencia de células T
1,DOID:0111966,"monocyte, dendritic cell, and NK cell deficiency",DOID:0111966,deficiencia de monocitos
1,DOID:0111967,immunodeficiency 54,DOID:0111967,inmunodeficiencia 54
1,DOID:0111968,immunodeficiency 41,DOID:0111968,inmunodeficiencia 41
1,DOID:0111969,immunodeficiency 39,DOID:0111969,inmunodeficiencia 39
1,DOID:0111970,immunodeficiency 10,DOID:0111970,inmunodeficiencia 10
1,DOID:0111971,immunodeficiency 18,DOID:0111971,inmunodeficiencia 18
1,DOID:0111972,immunodeficiency 19,DOID:0111972,inmunodeficiencia 19
1,DOID:0111973,immunodeficiency 17,DOID:0111973,inmunodeficiencia 17
1,DOID:0111974,immunodeficiency 59,DOID:0111974,inmunodeficiencia 59
1,DOID:0111975,immunodeficiency 44,DOID:0111975,inmunodeficiencia 44
1,DOID:0111976,immunodeficiency 9,DOID:0111976,inmunodeficiencia 9
1,DOID:0111977,immunodeficiency 7,DOID:0111977,inmunodeficiencia 7
1,DOID:0111978,immunodeficiency 65,DOID:0111978,inmunodeficiencia 65
1,DOID:0111979,immunodeficiency 49,DOID:0111979,inmunodeficiencia 49
1,DOID:0111980,immunodeficiency 64,DOID:0111980,inmunodeficiencia 64
1,DOID:0111981,immunodeficiency 43,DOID:0111981,inmunodeficiencia 43
1,DOID:0111982,immunodeficiency 56,DOID:0111982,inmunodeficiencia 56
1,DOID:0111983,immunodeficiency 52,DOID:0111983,inmunodeficiencia 52
1,DOID:0111984,immunodeficiency 58,DOID:0111984,inmunodeficiencia 58
1,DOID:0111985,immunodeficiency 32B,DOID:0111985,inmunodeficiencia 32B
1,DOID:0111986,immunodeficiency 32A,DOID:0111986,inmunodeficiencia 32A
1,DOID:0111987,immunodeficiency 13,DOID:0111987,inmunodeficiencia 13
1,DOID:0111988,immunodeficiency 12,DOID:0111988,inmunodeficiencia 12
1,DOID:0111989,immunodeficiency 35,DOID:0111989,inmunodeficiencia 35
1,DOID:0111990,immunodeficiency 30,DOID:0111990,inmunodeficiencia 30
1,DOID:0111991,immunodeficiency 62,DOID:0111991,inmunodeficiencia 62
1,DOID:0111992,immunodeficiency 53,DOID:0111992,inmunodeficiencia 53
1,DOID:0111993,immunodeficiency 55,DOID:0111993,inmunodeficiencia 55
1,DOID:0111994,immunodeficiency 45,DOID:0111994,inmunodeficiencia 45
1,DOID:0111995,immunodeficiency 28,DOID:0111995,inmunodeficiencia 28
1,DOID:0111996,immunodeficiency 51,DOID:0111996,inmunodeficiencia 51
1,DOID:0111997,immunodeficiency 63,DOID:0111997,inmunodeficiencia 63
1,DOID:0111998,immunodeficiency 66,DOID:0111998,inmunodeficiencia 66
1,DOID:0111999,immunodeficiency 61,DOID:0111999,inmunodeficiencia 61
1,DOID:0112000,immunodeficiency 34,DOID:0112000,inmunodeficiencia 34
1,DOID:0112001,immunodeficiency 50,DOID:0112001,inmunodeficiencia 50
1,DOID:0112003,immunodeficiency 33,DOID:0112003,inmunodeficiencia 33
1,DOID:0112004,immunodeficiency 71,DOID:0112004,inmunodeficiencia 71
1,DOID:0112005,immunodeficiency 70,DOID:0112005,inmunodeficiencia 70
1,DOID:0112006,immunodeficiency 69,DOID:0112006,inmunodeficiencia 69
1,DOID:0112007,growth hormone secreting pituitary adenoma 2,DOID:0112007,adenoma hipofisario secretor de la hormona del crecimiento 2
1,DOID:0112008,pituitary adenoma 5,DOID:0112008,adenoma hipofisario 5
1,DOID:0112009,pituitary adenoma 1,DOID:0112009,adenoma hipofisario 1
1,DOID:0112010,pituitary adenoma 3,DOID:0112010,adenoma hipofisario 3
1,DOID:0112011,mutilating palmoplantar keratoderma with periorificial keratotic plaques,DOID:0112011,queratodermia palmoplantar mutilante con placas queratósicas periorificiales
1,DOID:0112012,X-linked mutilating palmoplantar keratoderma with periorificial keratotic plaques,DOID:0112012,queratodermia palmoplantar mutilante ligada al cromosoma X con placas queratósicas periorificiales
1,DOID:0112013,autosomal dominant mutilating palmoplantar keratoderma with periorificial keratotic plaques,DOID:0112013,queratodermia palmoplantar mutilante autosómica dominante con placas queratósicas periorificiales
1,DOID:0112015,immunodeficiency 72,DOID:0112015,inmunodeficiencia 72
1,DOID:0112016,non-syndromic X-linked intellectual disability 2,DOID:0112016,discapacidad intelectual no sindrómica ligada al cromosoma X 2
1,DOID:0112017,non-syndromic X-linked intellectual disability 73,DOID:0112017,discapacidad intelectual no sindrómica ligada al cromosoma X 73
1,DOID:0112018,non-syndromic X-linked intellectual disability 104,DOID:0112018,discapacidad intelectual no sindrómica ligada al cromosoma X 104
1,DOID:0112019,non-syndromic X-linked intellectual disability 19,DOID:0112019,discapacidad intelectual no sindrómica ligada al cromosoma X 19
1,DOID:0112020,non-syndromic X-linked intellectual disability 103,DOID:0112020,discapacidad intelectual no sindrómica ligada al cromosoma X 103
1,DOID:0112021,non-syndromic X-linked intellectual disability ARX-related,DOID:0112021,discapacidad intelectual no sindrómica ligada al cromosoma X relacionada con ARX
1,DOID:0112022,non-syndromic X-linked intellectual disability 21,DOID:0112022,discapacidad intelectual no sindrómica ligada al cromosoma X 21
1,DOID:0112023,non-syndromic X-linked intellectual disability 20,DOID:0112023,discapacidad intelectual no sindrómica ligada al cromosoma X 20
1,DOID:0112024,non-syndromic X-linked intellectual disability 58,DOID:0112024,discapacidad intelectual no sindrómica ligada al cromosoma X 58
1,DOID:0112025,female-restricted syndromic X-linked intellectual disability 99,DOID:0112025,discapacidad intelectual 99 sindrómica ligada al cromosoma X restringida a la mujer
1,DOID:0112026,non-syndromic X-linked intellectual disability 99,DOID:0112026,discapacidad intelectual no sindrómica ligada al cromosoma X 99
1,DOID:0112027,non-syndromic X-linked intellectual disability 14,DOID:0112027,discapacidad intelectual no sindrómica ligada al cromosoma X 14
1,DOID:0112028,non-syndromic X-linked intellectual disability 45,DOID:0112028,discapacidad intelectual no sindrómica ligada al cromosoma X 45
1,DOID:0112029,non-syndromic X-linked intellectual disability 50,DOID:0112029,discapacidad intelectual no sindrómica ligada al cromosoma X 50
1,DOID:0112030,non-syndromic X-linked intellectual disability 84,DOID:0112030,discapacidad intelectual no sindrómica ligada al cromosoma X 84
1,DOID:0112031,non-syndromic X-linked intellectual disability 89,DOID:0112031,discapacidad intelectual no sindrómica ligada al cromosoma X 89
1,DOID:0112032,non-syndromic X-linked intellectual disability 92,DOID:0112032,discapacidad intelectual no sindrómica ligada al cromosoma X 92
1,DOID:0112033,non-syndromic X-linked intellectual disability 81,DOID:0112033,discapacidad intelectual no sindrómica ligada al cromosoma X 81
1,DOID:0112034,non-syndromic X-linked intellectual disability 9,DOID:0112034,discapacidad intelectual no sindrómica ligada al cromosoma X 9
1,DOID:0112035,non-syndromic X-linked intellectual disability 96,DOID:0112035,discapacidad intelectual no sindrómica ligada al cromosoma X 96
1,DOID:0112036,non-syndromic X-linked intellectual disability 105,DOID:0112036,discapacidad intelectual no sindrómica ligada al cromosoma X 105
1,DOID:0112037,chromosome Xp11.22 duplication syndrome,DOID:0112037,síndrome de duplicación del cromosoma Xp11.22
1,DOID:0112038,non-syndromic X-linked intellectual disability 1,DOID:0112038,discapacidad intelectual no sindrómica ligada al cromosoma X 1
1,DOID:0112039,non-syndromic X-linked intellectual disability 77,DOID:0112039,discapacidad intelectual no sindrómica ligada al cromosoma X 77
1,DOID:0112040,non-syndromic X-linked intellectual disability 100,DOID:0112040,discapacidad intelectual no sindrómica ligada al cromosoma X 100
1,DOID:0112041,non-syndromic X-linked intellectual disability 90,DOID:0112041,discapacidad intelectual no sindrómica ligada al cromosoma X 90
1,DOID:0112042,Tonne-Kalscheuer syndrome,DOID:0112042,síndrome de Tonne-Kalscheuer
1,DOID:0112043,non-syndromic X-linked intellectual disability 91,DOID:0112043,discapacidad intelectual no sindrómica ligada al cromosoma X 91
1,DOID:0112044,non-syndromic X-linked intellectual disability 98,DOID:0112044,discapacidad intelectual no sindrómica ligada al cromosoma X 98
1,DOID:0112045,non-syndromic X-linked intellectual disability 93,DOID:0112045,discapacidad intelectual no sindrómica ligada al cromosoma X 93
1,DOID:0112046,non-syndromic X-linked intellectual disability 97,DOID:0112046,discapacidad intelectual no sindrómica ligada al cromosoma X 97
1,DOID:0112047,non-syndromic X-linked intellectual disability 53,DOID:0112047,discapacidad intelectual no sindrómica ligada al cromosoma X 53
1,DOID:0112048,non-syndromic X-linked intellectual disability 101,DOID:0112048,discapacidad intelectual no sindrómica ligada al cromosoma X 101
1,DOID:0112049,non-syndromic X-linked intellectual disability 23,DOID:0112049,discapacidad intelectual no sindrómica ligada al cromosoma X 23
1,DOID:0112050,non-syndromic X-linked intellectual disability 63,DOID:0112050,discapacidad intelectual no sindrómica ligada al cromosoma X 63
1,DOID:0112051,non-syndromic X-linked intellectual disability 30,DOID:0112051,discapacidad intelectual no sindrómica ligada al cromosoma X 30
1,DOID:0112052,non-syndromic X-linked intellectual disability 82,DOID:0112052,discapacidad intelectual no sindrómica ligada al cromosoma X 82
1,DOID:0112053,non-syndromic X-linked intellectual disability 88,DOID:0112053,discapacidad intelectual no sindrómica ligada al cromosoma X 88
1,DOID:0112054,non-syndromic X-linked intellectual disability 107,DOID:0112054,discapacidad intelectual no sindrómica ligada al cromosoma X 107
1,DOID:0112055,non-syndromic X-linked intellectual disability 46,DOID:0112055,discapacidad intelectual no sindrómica ligada al cromosoma X 46
1,DOID:0112056,X-linked intellectual disability-short stature-overweight syndrome,DOID:0112056,discapacidad intelectual ligada al cromosoma X-síndrome de baja estatura-sobrepeso
1,DOID:0112057,non-syndromic X-linked intellectual disability 42,DOID:0112057,discapacidad intelectual no sindrómica ligada al cromosoma X 42
1,DOID:0112058,non-syndromic X-linked intellectual disability 41,DOID:0112058,discapacidad intelectual no sindrómica ligada al cromosoma X 41
1,DOID:0112059,non-syndromic X-linked intellectual disability 72,DOID:0112059,discapacidad intelectual no sindrómica ligada al cromosoma X 72
1,DOID:0112060,Raynaud-Claes syndrome,DOID:0112060,síndrome de Raynaud-Claes
1,DOID:0112061,immunodeficiency 73b with defective neutrophil chemotaxis and lymphopenia,DOID:0112061,inmunodeficiencia 73b con quimiotaxis defectuosa de neutrófilos y linfopenia
1,DOID:0112062,immunodeficiency 73c with defective neutrophil chemotaxis and hypogammaglobulinemia,DOID:0112062,inmunodeficiencia 73c con quimiotaxis de neutrófilos defectuosa e hipogammaglobulinemia
1,DOID:0112063,X-Linked immunodeficiency 74,DOID:0112063,inmunodeficiencia 74 ligada al cromosoma X
1,DOID:0112064,immunodeficiency 73a with defective neutrophil chemotaxis and leukocytosis,DOID:0112064,inmunodeficiencia 73a con quimiotaxis defectuosa de neutrófilos y leucocitosis
1,DOID:0112065,nuclear type mitochondrial complex I deficiency,DOID:0112065,deficiencia del complejo I mitocondrial de tipo nuclear
1,DOID:0112066,nuclear type mitochondrial complex I deficiency 6,DOID:0112066,deficiencia del complejo I mitocondrial de tipo nuclear 6
1,DOID:0112067,nuclear type mitochondrial complex I deficiency 25,DOID:0112067,deficiencia del complejo I mitocondrial de tipo nuclear 25
1,DOID:0112068,nuclear type mitochondrial complex I deficiency 5,DOID:0112068,deficiencia del complejo I mitocondrial de tipo nuclear 5
1,DOID:0112069,nuclear type mitochondrial complex I deficiency 22,DOID:0112069,deficiencia del complejo I mitocondrial de tipo nuclear 22
1,DOID:0112070,nuclear type mitochondrial complex I deficiency 18,DOID:0112070,deficiencia del complejo I mitocondrial de tipo nuclear 18
1,DOID:0112071,nuclear type mitochondrial complex I deficiency 31,DOID:0112071,deficiencia del complejo I mitocondrial de tipo nuclear 31
1,DOID:0112072,nuclear type mitochondrial complex I deficiency 20,DOID:0112072,deficiencia del complejo I mitocondrial de tipo nuclear 20
1,DOID:0112073,nuclear type mitochondrial complex I deficiency 9,DOID:0112073,deficiencia del complejo I mitocondrial de tipo nuclear 9
1,DOID:0112074,nuclear type mitochondrial complex I deficiency 1,DOID:0112074,deficiencia del complejo I mitocondrial de tipo nuclear 1
1,DOID:0112075,nuclear type mitochondrial complex I deficiency 10,DOID:0112075,deficiencia del complejo I mitocondrial de tipo nuclear 10
1,DOID:0112076,nuclear type mitochondrial complex I deficiency 13,DOID:0112076,deficiencia del complejo I mitocondrial de tipo nuclear 13
1,DOID:0112077,nuclear type mitochondrial complex I deficiency 15,DOID:0112077,deficiencia del complejo I mitocondrial de tipo nuclear 15
1,DOID:0112078,nuclear type mitochondrial complex I deficiency 17,DOID:0112078,deficiencia del complejo I mitocondrial de tipo nuclear 17
1,DOID:0112079,nuclear type mitochondrial complex I deficiency 24,DOID:0112079,deficiencia del complejo I mitocondrial de tipo nuclear 24
1,DOID:0112080,nuclear type mitochondrial complex I deficiency 32,DOID:0112080,deficiencia del complejo I mitocondrial de tipo nuclear 32
1,DOID:0112081,nuclear type mitochondrial complex I deficiency 8,DOID:0112081,deficiencia del complejo I mitocondrial de tipo nuclear 8
1,DOID:0112082,nuclear type mitochondrial complex I deficiency 4,DOID:0112082,deficiencia del complejo I mitocondrial de tipo nuclear 4
1,DOID:0112083,nuclear type mitochondrial complex I deficiency 2,DOID:0112083,deficiencia del complejo I mitocondrial de tipo nuclear 2
1,DOID:0112084,nuclear type mitochondrial complex I deficiency 29,DOID:0112084,deficiencia del complejo I mitocondrial de tipo nuclear 29
1,DOID:0112085,nuclear type mitochondrial complex I deficiency 19,DOID:0112085,deficiencia del complejo I mitocondrial de tipo nuclear 19
1,DOID:0112086,nuclear type mitochondrial complex I deficiency 26,DOID:0112086,deficiencia del complejo I mitocondrial de tipo nuclear 26
1,DOID:0112087,nuclear type mitochondrial complex I deficiency 23,DOID:0112087,deficiencia del complejo I mitocondrial de tipo nuclear 23
1,DOID:0112088,nuclear type mitochondrial complex I deficiency 21,DOID:0112088,deficiencia del complejo I mitocondrial de tipo nuclear 21
1,DOID:0112089,nuclear type mitochondrial complex I deficiency 11,DOID:0112089,deficiencia del complejo I mitocondrial de tipo nuclear 11
1,DOID:0112090,nuclear type mitochondrial complex I deficiency 27,DOID:0112090,deficiencia del complejo I mitocondrial de tipo nuclear 27
1,DOID:0112091,nuclear type mitochondrial complex I deficiency 34,DOID:0112091,deficiencia del complejo I mitocondrial de tipo nuclear 34
1,DOID:0112092,nuclear type mitochondrial complex I deficiency 7,DOID:0112092,deficiencia del complejo I mitocondrial de tipo nuclear 7
1,DOID:0112093,nuclear type mitochondrial complex I deficiency 3,DOID:0112093,deficiencia del complejo I mitocondrial de tipo nuclear 3
1,DOID:0112094,nuclear type mitochondrial complex I deficiency 14,DOID:0112094,deficiencia del complejo I mitocondrial de tipo nuclear 14
1,DOID:0112095,nuclear type mitochondrial complex I deficiency 28,DOID:0112095,deficiencia del complejo I mitocondrial de tipo nuclear 28
1,DOID:0112096,nuclear type mitochondrial complex I deficiency 16,DOID:0112096,deficiencia del complejo I mitocondrial de tipo nuclear 16
1,DOID:0112097,nuclear type mitochondrial complex I deficiency 33,DOID:0112097,deficiencia del complejo I mitocondrial de tipo nuclear 33
1,DOID:0112098,nuclear type mitochondrial complex I deficiency 30,DOID:0112098,deficiencia del complejo I mitocondrial de tipo nuclear 30
1,DOID:0112099,nuclear type mitochondrial complex I deficiency 12,DOID:0112099,deficiencia del complejo I mitocondrial de tipo nuclear 12
1,DOID:0112100,mitochondrial type mitochondrial complex I deficiency,DOID:0112100,deficiencia del complejo I mitocondrial de tipo mitocondrial
1,DOID:0112101,mitochondrial type mitochondrial complex I deficiency 1,DOID:0112101,deficiencia del complejo I mitocondrial de tipo mitocondrial 1
1,DOID:0112102,Sotos syndrome 2,DOID:0112102,síndrome de Sotos 2
1,DOID:0112103,Sotos syndrome 1,DOID:0112103,síndrome de Sotos 1
1,DOID:0112104,Sotos syndrome 3,DOID:0112104,síndrome de Sotos 3
1,DOID:0112105,X-linked parkinsonism-spasticity syndrome,DOID:0112105,síndrome de parkinsonismo-espasticidad ligado al cromosoma X
1,DOID:0112106,"chondrodysplasia with platyspondyly, distinctive brachydactyly, hydrocephaly, and microphthalmia",DOID:0112106,condrodisplasia con platispondilia
1,DOID:0112107,McLeod syndrome,DOID:0112107,síndrome de McLeod
1,DOID:0112108,myofibrillar myopathy 10,DOID:0112108,miopatía miofibrilar 10
1,DOID:0112109,spermatogenic failure 44,DOID:0112109,fallo espermatogénico 44
1,DOID:0112110,combined oxidative phosphorylation deficiency 49,DOID:0112110,deficiencia combinada de la fosforilación oxidativa 49
1,DOID:0112111,combined oxidative phosphorylation deficiency 50,DOID:0112111,deficiencia combinada de fosforilación oxidativa 50
1,DOID:0112112,combined oxidative phosphorylation deficiency 48,DOID:0112112,deficiencia combinada de fosforilación oxidativa 48
1,DOID:0112113,combined oxidative phosphorylation deficiency 45,DOID:0112113,deficiencia combinada de fosforilación oxidativa 45
1,DOID:0112114,combined oxidative phosphorylation deficiency 47,DOID:0112114,deficiencia combinada de fosforilación oxidativa 47
1,DOID:0112115,combined oxidative phosphorylation deficiency 46,DOID:0112115,deficiencia combinada de fosforilación oxidativa 46
1,DOID:0112116,combined oxidative phosphorylation deficiency 43,DOID:0112116,deficiencia combinada de fosforilación oxidativa 43
1,DOID:0112117,combined oxidative phosphorylation deficiency 40,DOID:0112117,deficiencia combinada de fosforilación oxidativa 40
1,DOID:0112118,combined oxidative phosphorylation deficiency 42,DOID:0112118,deficiencia combinada de fosforilación oxidativa 42
1,DOID:0112119,combined oxidative phosphorylation deficiency 41,DOID:0112119,deficiencia combinada de fosforilación oxidativa 41
1,DOID:0112120,SHOX-related short stature,DOID:0112120,estatura baja relacionada con SHOX
1,DOID:0112121,nephrogenic syndrome of inappropriate antidiuresis,DOID:0112121,síndrome nefrogénico de antidiuresis inapropiada
1,DOID:0112122,X-linked epilepsy with variable learning disabilities and behavior disorders,DOID:0112122,epilepsia ligada al cromosoma X con dificultades variables de aprendizaje y trastornos del comportamiento
1,DOID:0112123,"deafness, dystonia, and cerebral hypomyelination",DOID:0112123,sordera
1,DOID:0112124,X-linked retinitis pigmentosa and sinorespiratory infections,DOID:0112124,retinosis pigmentaria ligada al cromosoma X e infecciones sinorespiratorias
1,DOID:0112125,alpha-thalassemia myelodysplasia syndrome,DOID:0112125,síndrome de mielodisplasia alfa-talasemia
1,DOID:0112126,Stocco Dos Santos type X-linked intellectual disability,DOID:0112126,discapacidad intelectual ligada al cromosoma X tipo Stocco Dos Santos
1,DOID:0112127,HRPT-related hyperuricemia,DOID:0112127,hiperuricemia relacionada con HRPT
1,DOID:0112137,combined oxidative phosphorylation deficiency 51,DOID:0112137,deficiencia combinada de la fosforilación oxidativa 51
1,DOID:0112138,primary coenzyme Q10 deficiency 9,DOID:0112138,deficiencia primaria de coenzima Q10 9
1,DOID:0112139,nuclear type mitochondrial complex I deficiency 35,DOID:0112139,deficiencia del complejo I mitocondrial de tipo nuclear 35
1,DOID:0112140,retinitis pigmentosa 83,DOID:0112140,retinosis pigmentaria 83
1,DOID:0112141,retinitis pigmentosa 84,DOID:0112141,retinosis pigmentaria 84
1,DOID:0112142,retinitis pigmentosa 85,DOID:0112142,retinosis pigmentaria 85
1,DOID:0112143,retinitis pigmentosa 86,DOID:0112143,retinosis pigmentaria 86
1,DOID:0112144,retinitis pigmentosa 87,DOID:0112144,retinosis pigmentaria 87
1,DOID:0112145,retinitis pigmentosa 88,DOID:0112145,retinosis pigmentaria 88
1,DOID:0112146,retinitis pigmentosa 89,DOID:0112146,retinosis pigmentaria 89
1,DOID:0112147,retinitis pigmentosa 90,DOID:0112147,retinosis pigmentaria 90
1,DOID:0112148,Uruguay faciocardiomusculoskeletal syndrome,DOID:0112148,síndrome faciocardiomusculoesquelético uruguayo
1,DOID:0112149,terminal osseous dysplasia,DOID:0112149,displasia ósea terminal
1,DOID:0112150,X-linked spondyloepimetaphyseal dysplasia,DOID:0112150,displasia espondiloepimetafisaria ligada al cromosoma X
1,DOID:0112151,corpus callosum agenesis-abnormal genitalia syndrome,DOID:0112151,síndrome de agenesia del cuerpo calloso-genitales anormales
1,DOID:0112152,CHIME syndrome,DOID:0112152,síndrome CHIME
1,DOID:0112153,hypomyelinating leukodystrophy 20,DOID:0112153,leucodistrofia hipomielinizante 20
1,DOID:0112154,inflammatory bowel disease 30,DOID:0112154,enfermedad inflamatoria intestinal 30
1,DOID:0112155,inflammatory bowel disease 29,DOID:0112155,enfermedad inflamatoria intestinal 29
1,DOID:0112156,X-linked dyserythropoietic anemia,DOID:0112156,anemia diseritropoyética ligada al cromosoma X
1,DOID:0112157,X-linked atrophic macular degeneration,DOID:0112157,Degeneración macular atrófica ligada al cromosoma X
1,DOID:0112158,De Sanctis-Cacchione syndrome,DOID:0112158,síndrome de De Sanctis-Cacchione
1,DOID:0112159,autosomal dominant nonsyndromic deafness 78,DOID:0112159,sordera autosómica dominante no sindrómica 78
1,DOID:0112160,autosomal dominant nonsyndromic deafness 79,DOID:0112160,sordera autosómica dominante no sindrómica 79
1,DOID:0112161,Noonan syndrome 13,DOID:0112161,síndrome de Noonan 13
1,DOID:0112162,autosomal recessive nonsyndromic deafness 116,DOID:0112162,sordera autosómica recesiva no sindrómica 116
1,DOID:0112163,spermatogenic failure 45,DOID:0112163,fallo espermatogénico 45
1,DOID:0112164,spermatogenic failure 46,DOID:0112164,fallo espermatogénico 46
1,DOID:0112165,autosomal dominant nonsyndromic deafness 74,DOID:0112165,sordera autosómica dominante no sindrómica 74
1,DOID:0112166,autosomal dominant nonsyndromic deafness 75,DOID:0112166,sordera autosómica dominante no sindrómica 75
1,DOID:0112167,autosomal dominant nonsyndromic deafness 76,DOID:0112167,sordera autosómica dominante no sindrómica 76
1,DOID:0112168,autosomal dominant nonsyndromic deafness 77,DOID:0112168,Sordera autosómica dominante no sindrómica 77
1,DOID:0112169,Noonan syndrome 11,DOID:0112169,síndrome de Noonan 11
1,DOID:0112170,Noonan syndrome 12,DOID:0112170,síndrome de Noonan 12
1,DOID:0112171,wrinkly skin syndrome,DOID:0112171,síndrome de piel arrugada
1,DOID:0112172,hereditary combined deficiency of vitamin K-dependent clotting factors,DOID:0112172,deficiencia combinada hereditaria de los factores de coagulación dependientes de la vitamina K
1,DOID:0112173,combined deficiency of vitamin K-dependent clotting factors 1,DOID:0112173,deficiencia combinada de factores de coagulación dependientes de la vitamina K 1
1,DOID:0112174,combined deficiency of vitamin K-dependent clotting factors 2,DOID:0112174,deficiencia combinada de factores de coagulación dependientes de la vitamina K 2
1,DOID:0112175,spermatogenic failure 47,DOID:0112175,fallo espermatogénico 47
1,DOID:0112176,spermatogenic failure 48,DOID:0112176,fallo espermatogénico 48
1,DOID:0112177,Mayer-Rokitansky-Kuster-Hauser syndrome,DOID:0112177,síndrome de Mayer-Rokitansky-Kuster-Hauser
1,DOID:0112178,Mayer-Rokitansky-Kuster-Hauser syndrome type 1,DOID:0112178,síndrome de Mayer-Rokitansky-Kuster-Hauser tipo 1
1,DOID:0112179,Mayer-Rokitansky-Kuster-Hauser syndrome type 2,DOID:0112179,síndrome de Mayer-Rokitansky-Kuster-Hauser tipo 2
1,DOID:0112180,urocanase deficiency,DOID:0112180,deficiencia de urocanasa
1,DOID:0112181,Schinzel type phocomelia,DOID:0112181,focomelia tipo Schinzel
1,DOID:0112182,mismatch repair cancer syndrome,DOID:0112182,síndrome del cáncer de reparación de emparejamientos erróneos
1,DOID:0112190,distal arthrogryposis type 1C,DOID:0112190,artrogriposis distal tipo 1C
1,DOID:0112191,tetraamelia syndrome,DOID:0112191,síndrome de tetraamelia
1,DOID:0112192,tetraamelia syndrome 1,DOID:0112192,síndrome de tetraamelia 1
1,DOID:0112193,tetraamelia syndrome 2,DOID:0112193,síndrome de tetraamelia 2
1,DOID:0112194,Filippi syndrome,DOID:0112194,síndrome de Filippi
1,DOID:0112195,spondyloperipheral dysplasia,DOID:0112195,displasia espondiloperiférica
1,DOID:0112196,"spondylometaepiphyseal dysplasia, short limb-hand type",DOID:0112196,spondylometaepiphyseal dysplasia
1,DOID:0112197,spondyloepimetaphyseal dysplasia with joint laxity,DOID:0112197,displasia espondiloepimetafisaria con laxitud articular
1,DOID:0112198,spondyloepimetaphyseal dysplasia with joint laxity type 1,DOID:0112198,displasia espondiloepimetafisaria con laxitud articular tipo 1
1,DOID:0112199,spondyloepimetaphyseal dysplasia with joint laxity type 2,DOID:0112199,displasia espondiloepimetafisaria con laxitud articular tipo 2
1,DOID:0112200,spondyloepimetaphyseal dysplasia with joint laxity type 3,DOID:0112200,displasia espondiloepimetafisaria con laxitud articular tipo 3
1,DOID:0112201,osteogenesis imperfecta type 21,DOID:0112201,osteogénesis imperfecta tipo 21
1,DOID:0112202,developmental and epileptic encephalopathy,DOID:0112202,encefalopatía epiléptica y del desarrollo
1,DOID:0112203,developmental and epileptic encephalopathy 67,DOID:0112203,encefalopatía epiléptica y del desarrollo 67
1,DOID:0112204,developmental and epileptic encephalopathy 68,DOID:0112204,encefalopatía epiléptica y del desarrollo 68
1,DOID:0112205,developmental and epileptic encephalopathy 69,DOID:0112205,encefalopatía epiléptica y del desarrollo 69
1,DOID:0112206,developmental and epileptic encephalopathy 70,DOID:0112206,encefalopatía epiléptica y del desarrollo 70
1,DOID:0112207,developmental and epileptic encephalopathy 71,DOID:0112207,encefalopatía epiléptica y del desarrollo 71
1,DOID:0112208,developmental and epileptic encephalopathy 72,DOID:0112208,encefalopatía epiléptica y del desarrollo 72
1,DOID:0112209,developmental and epileptic encephalopathy 73,DOID:0112209,encefalopatía epiléptica y del desarrollo 73
1,DOID:0112210,developmental and epileptic encephalopathy 74,DOID:0112210,encefalopatía epiléptica y del desarrollo 74
1,DOID:0112211,developmental and epileptic encephalopathy 75,DOID:0112211,encefalopatía epiléptica y del desarrollo 75
1,DOID:0112212,developmental and epileptic encephalopathy 76,DOID:0112212,encefalopatía epiléptica y del desarrollo 76
1,DOID:0112214,developmental and epileptic encephalopathy 78,DOID:0112214,encefalopatía epiléptica y del desarrollo 78
1,DOID:0112215,developmental and epileptic encephalopathy 79,DOID:0112215,encefalopatía epiléptica y del desarrollo 79
1,DOID:0112216,developmental and epileptic encephalopathy 80,DOID:0112216,encefalopatía epiléptica y del desarrollo 80
1,DOID:0112217,developmental and epileptic encephalopathy 81,DOID:0112217,encefalopatía epiléptica y del desarrollo 81
1,DOID:0112218,developmental and epileptic encephalopathy 83,DOID:0112218,encefalopatía epiléptica y del desarrollo 83
1,DOID:0112219,developmental and epileptic encephalopathy 84,DOID:0112219,encefalopatía epiléptica y del desarrollo 84
1,DOID:0112220,developmental and epileptic encephalopathy 86,DOID:0112220,encefalopatía epiléptica y del desarrollo 86
1,DOID:0112221,developmental and epileptic encephalopathy 87,DOID:0112221,encefalopatía epiléptica y del desarrollo 87
1,DOID:0112222,developmental and epileptic encephalopathy 88,DOID:0112222,encefalopatía epiléptica y del desarrollo 88
1,DOID:0112223,developmental and epileptic encephalopathy 89,DOID:0112223,encefalopatía epiléptica y del desarrollo 89
1,DOID:0112224,chondrodysplasia with joint dislocations gPAPP type,DOID:0112224,condrodisplasia con luxaciones articulares tipo gPAPP
1,DOID:0112225,BH4-deficient hyperphenylalaninemia B,DOID:0112225,hiperfenilalaninemia B deficiente en BH4
1,DOID:0112226,Bosch-Boonstra-Schaaf optic atrophy syndrome,DOID:0112226,síndrome de atrofia óptica de Bosch-Boonstra-Schaaf
1,DOID:0112240,Leber congenital amaurosis with early-onset deafness,DOID:0112240,amaurosis congénita de Leber con sordera de aparición precoz
1,DOID:0112241,multiple benign circumferential skin creases on limbs,DOID:0112241,pliegues cutáneos circunferenciales benignos múltiples en las extremidades
1,DOID:0112242,congenital symmetric circumferential skin creases 1,DOID:0112242,pliegues cutáneos circunferenciales simétricos congénitos 1
1,DOID:0112243,congenital symmetric circumferential skin creases 2,DOID:0112243,pliegues cutáneos circunferenciales simétricos congénitos 2
1,DOID:0112244,"alopecia, neurologic defects, and endocrinopathy syndrome",DOID:0112244,síndrome de alopecia
1,DOID:0112245,focal segmental glomerulosclerosis 3,DOID:0112245,glomeruloesclerosis segmentaria focal 3
1,DOID:0112246,glutaric acidemia type 3,DOID:0112246,acidemia glutárica tipo 3
1,DOID:0112247,"congenital heart defects, dysmorphic facial features, and intellectual developmental disorder",DOID:0112247,defectos cardiacos congénitos
1,DOID:0112248,17-beta hydroxysteroid dehydrogenase 3 deficiency,DOID:0112248,deficiencia de 17-beta hidroxiesteroide deshidrogenasa 3
1,DOID:0112249,GAPO syndrome,DOID:0112249,síndrome de GAPO
1,DOID:0112250,Gaucher's disease type IIIC,DOID:0112250,La enfermedad de Gaucher de tipo IIIC
1,DOID:0112251,Ghosal hematodiaphyseal syndrome,DOID:0112251,síndrome hematodiafisario de Ghosal
1,DOID:0112252,glutathione synthetase deficiency of erythrocytes,DOID:0112252,deficiencia de glutatión sintetasa de los eritrocitos
1,DOID:0112253,combined cellular and humoral immune defects with granulomas,DOID:0112253,defectos inmunitarios celulares y humorales combinados con granulomas
1,DOID:0112254,hepatic venoocclusive disease with immunodeficiency,DOID:0112254,enfermedad venooclusiva hepática con inmunodeficiencia
1,DOID:0112255,homocystinuria-megaloblastic anemia cblE type,DOID:0112255,homocistinuria-anemia megaloblástica tipo cblE
1,DOID:0112256,homocystinuria-megaloblastic anemia cblG type,DOID:0112256,homocistinuria-anemia megaloblástica tipo cblG
1,DOID:0112257,hydroxykynureninuria,DOID:0112257,hidroxiquinureninuria
1,DOID:0112258,N-acetylglutamate synthase deficiency,DOID:0112258,deficiencia de N-acetilglutamato sintasa
1,DOID:0112259,Leydig cell hypoplasia,DOID:0112259,hipoplasia de células de Leydig
1,DOID:0112260,Leydig cell hypoplasia type I,DOID:0112260,hipoplasia de células de Leydig tipo I
1,DOID:0112261,Leydig cell hypoplasia type II,DOID:0112261,hipoplasia de células de Leydig tipo II
1,DOID:0112262,leucine-sensitive hypoglycemia of infancy,DOID:0112262,hipoglucemia infantil sensible a la leucina
1,DOID:0112263,hypoinsulinemic hypoglycemia with hemihypertrophy,DOID:0112263,hipoglucemia hipoinsulinémica con hemihipertrofia
1,DOID:0112264,Woodhouse-Sakati syndrome,DOID:0112264,síndrome de Woodhouse-Sakati
1,DOID:0112265,iminoglycinuria,DOID:0112265,iminoglicinuria
1,DOID:0112266,nephrotic syndrome type 23,DOID:0112266,síndrome nefrótico tipo 23
1,DOID:0112267,nephrotic syndrome type 21,DOID:0112267,síndrome nefrótico tipo 21
1,DOID:0112268,nephrotic syndrome type 22,DOID:0112268,síndrome nefrótico tipo 22
1,DOID:0112269,primary ovarian insufficiency 18,DOID:0112269,insuficiencia ovárica primaria 18
1,DOID:0112270,spermatogenic failure 52,DOID:0112270,fallo espermatogénico 52
1,DOID:0112271,spermatogenic failure 49,DOID:0112271,fallo espermatogénico 49
1,DOID:0112272,spermatogenic failure 50,DOID:0112272,fallo espermatogénico 50
1,DOID:0112273,spermatogenic failure 51,DOID:0112273,fallo espermatogénico 51
1,DOID:0112274,X-linked spermatogenic failure 3,DOID:0112274,fallo espermatogénico ligado al cromosoma X 3
1,DOID:0112275,developmental and epileptic encephalopathy 93,DOID:0112275,encefalopatía epiléptica y del desarrollo 93
1,DOID:0112276,neurodevelopmental disorder with involuntary movements,DOID:0112276,trastorno del neurodesarrollo con movimientos involuntarios
1,DOID:0112277,immunodeficiency 79,DOID:0112277,inmunodeficiencia 79
1,DOID:0112278,primary ovarian insufficiency 19,DOID:0112278,insuficiencia ovárica primaria 19
1,DOID:0112279,spermatogenic failure 53,DOID:0112279,fallo espermatogénico 53
1,DOID:0112280,spondyloepiphyseal dysplasia,DOID:0112280,displasia espondiloepifisaria
1,DOID:0112281,spondyloepiphyseal dysplasia Stanescu type,DOID:0112281,displasia espondiloepifisaria tipo Stanescu
1,DOID:0112282,spondyloepiphyseal dysplasia Kimberley type,DOID:0112282,displasia espondiloepifisaria tipo Kimberley
1,DOID:0112283,spondyloepiphyseal dysplasia Kondo-Fu type,DOID:0112283,displasia espondiloepifisaria tipo Kondo-Fu
2,DOID:0112284,spondyloepiphyseal dysplasia tarda,DOID:0112284,Displasia espondiloepifisaria tardía
1,DOID:0112285,autosomal dominant spondyloepiphyseal dysplasia tarda,DOID:0112285,displasia espondiloepifisaria tarda autosómica dominante
1,DOID:0112286,spondyloepiphyseal dysplasia with punctate corneal dystrophy,DOID:0112286,displasia espondiloepifisaria con distrofia corneal punteada
1,DOID:0112287,spondyloepiphyseal dysplasia-brachydactyly and distinctive speech,DOID:0112287,displasia espondiloepifisaria-braquidactilia y habla distintiva
1,DOID:0112288,spondyloepiphyseal dysplasia Nishimura type,DOID:0112288,displasia espondiloepifisaria tipo Nishimura
1,DOID:0112289,spondyloepiphyseal dysplasia tarda with characteristic facies,DOID:0112289,displasia espondiloepifisaria tarda con facies característica
1,DOID:0112290,"spondyloepiphyseal dysplasia, sensorineural hearing loss, intellectual developmental disorder, and Leber congenital amaurosis",DOID:0112290,La displasia espondiloepifisaria
1,DOID:0112291,autosomal recessive spondyloepiphyseal dysplasia tarda Leroy-Spranger type,DOID:0112291,displasia espondiloepifisaria tarda autosómica recesiva tipo Leroy-Spranger
1,DOID:0112292,spondyloepiphyseal dysplasia tarda with intellectual disability,DOID:0112292,displasia espondiloepifisaria tarda con discapacidad intelectual
1,DOID:0112293,autosomal recessive spondyloepiphyseal dysplasia tarda,DOID:0112293,displasia espondiloepifisaria autosómica recesiva tarda
1,DOID:0112294,"spondyloepiphyseal dysplasia with coronal craniosynostosis, cataracts, cleft palate, and intellectual disability",DOID:0112294,La displasia espondiloepifisaria con craneosinostosis coronal
1,DOID:0112295,spondylometaphyseal dysplasia,DOID:0112295,displasia espondilometafisaria
1,DOID:0112296,spondylometaphyseal dysplasia Algerian type,DOID:0112296,displasia espondilometafisaria tipo argelino
1,DOID:0112297,spondylometaphyseal dysplasia corner fracture type,DOID:0112297,displasia espondilometafisaria tipo fractura en ángulo
1,DOID:0112298,spondylometaphyseal dysplasia Sedaghatian type,DOID:0112298,displasia espondilometafisaria tipo Sedaghatian
1,DOID:0112299,axial spondylometaphyseal dysplasia,DOID:0112299,displasia espondilometafisaria axial
1,DOID:0112300,spondylometaphyseal dysplasia with cone-rod dystrophy,DOID:0112300,displasia espondilometafisaria con distrofia de conos
1,DOID:0112301,spondylometaphyseal dysplasia type A4,DOID:0112301,displasia espondilometafisaria tipo A4
1,DOID:0112302,spondylometaphyseal dysplasia East African type,DOID:0112302,displasia espondilometafisaria tipo África Oriental
1,DOID:0112303,spondylometaphyseal dysplasia with corneal dystrophy,DOID:0112303,displasia espondilometafisaria con distrofia corneal
1,DOID:0112304,spondylometaphyseal dysplasia Megarbane-Dagher-Melike type,DOID:0112304,displasia espondilometafisaria tipo Megarbane-Dagher-Melike
1,DOID:0112305,spondylometaphyseal dysplasia with bowed forearms and facial dysmorphism,DOID:0112305,displasia espondilometafisaria con antebrazos arqueados y dismorfismo facial
1,DOID:0112306,Mahvash Disease,DOID:0112306,enfermedad de Mahvash
1,DOID:0112307,sarcosinemia,DOID:0112307,sarcosinemia
1,DOID:0112308,central precocious puberty,DOID:0112308,pubertad precoz central
1,DOID:0112309,central precocious puberty 2,DOID:0112309,pubertad precoz central 2
1,DOID:0112310,central precocious puberty 1,DOID:0112310,pubertad precoz central 1
1,DOID:0112311,male infertility due to acephalic spermatozoa,DOID:0112311,infertilidad masculina por espermatozoides acéfalos
1,DOID:0112312,male infertility due to globozoospermia,DOID:0112312,infertilidad masculina por globozoospermia
2,DOID:0112313,brain small vessel disease,DOID:0112313,enfermedad de los pequeños vasos cerebrales
1,DOID:0112314,brain small vessel disease 2,DOID:0112314,enfermedad de los pequeños vasos cerebrales 2
1,DOID:0112315,brain small vessel disease 3,DOID:0112315,enfermedad de los vasos sanguíneos cerebrales pequeños 3
1,DOID:0112316,methemoglobinemia and ambiguous genitalia,DOID:0112316,metahemoglobinemia y genitales ambiguos
1,DOID:0112317,Schindler disease,DOID:0112317,enfermedad de Schindler
1,DOID:0112318,Schindler disease type 1,DOID:0112318,enfermedad de Schindler tipo 1
1,DOID:0112319,Kanzaki disease,DOID:0112319,enfermedad de Kanzaki
1,DOID:0112320,Schindler disease type 3,DOID:0112320,enfermedad de Schindler tipo 3
1,DOID:0112322,pontocerebellar hypoplasia type 1,DOID:0112322,hipoplasia pontocerebelosa tipo 1
1,DOID:0112323,pontocerebellar hypoplasia type 1D,DOID:0112323,hipoplasia pontocerebelosa tipo 1D
1,DOID:0112324,pontocerebellar hypoplasia type 11,DOID:0112324,hipoplasia pontocerebelosa tipo 11
1,DOID:0112325,pontocerebellar hypoplasia type 14,DOID:0112325,hipoplasia pontocerebelosa tipo 14
1,DOID:0112326,pontocerebellar hypoplasia type 15,DOID:0112326,hipoplasia pontocerebelosa tipo 15
1,DOID:0112327,pontocerebellar hypoplasia type 12,DOID:0112327,hipoplasia pontocerebelosa tipo 12
1,DOID:0112328,pontocerebellar hypoplasia type 2,DOID:0112328,hipoplasia pontocerebelosa tipo 2
1,DOID:0112329,pontocerebellar hypoplasia type 2F,DOID:0112329,hipoplasia pontocerebelosa tipo 2F
1,DOID:0112330,pontocerebellar hypoplasia type 1E,DOID:0112330,hipoplasia pontocerebelosa tipo 1E
1,DOID:0112331,pontocerebellar hypoplasia type 1F,DOID:0112331,hipoplasia pontocerebelosa tipo 1F
1,DOID:0112332,pontocerebellar hypoplasia type 13,DOID:0112332,hipoplasia pontocerebelosa tipo 13
1,DOID:0112333,pontocerebellar hypoplasia type 16,DOID:0112333,hipoplasia pontocerebelosa tipo 16
1,DOID:0112334,pontocerebellar hypoplasia type 1C,DOID:0112334,hipoplasia pontocerebelosa tipo 1C
1,DOID:0112335,spermatogenic failure 54,DOID:0112335,fallo espermatogénico 54
1,DOID:0112336,spermatogenic failure 56,DOID:0112336,fallo espermatogénico 56
1,DOID:0112337,spermatogenic failure 55,DOID:0112337,fallo espermatogénico 55
1,DOID:0112338,spermatogenic failure 57,DOID:0112338,fallo espermatogénico 57
1,DOID:0112339,Tatton-Brown-Rahman syndrome,DOID:0112339,síndrome de Tatton-Brown-Rahman
1,DOID:0112340,craniotubular dysplasia Ikegawa type,DOID:0112340,displasia craneotubular tipo Ikegawa
1,DOID:0112341,hereditary spastic paraplegia 80,DOID:0112341,paraplejia espástica hereditaria 80
1,DOID:0112342,hereditary spastic paraplegia 86,DOID:0112342,paraplejia espástica hereditaria 86
1,DOID:0112343,hereditary spastic paraplegia 82,DOID:0112343,paraplejia espástica hereditaria 82
1,DOID:0112344,hereditary spastic paraplegia 79B,DOID:0112344,paraplejia espástica hereditaria 79B
1,DOID:0112345,hereditary spastic paraplegia 85,DOID:0112345,paraplejia espástica hereditaria 85
1,DOID:0112346,hereditary spastic paraplegia 83,DOID:0112346,paraplejia espástica hereditaria 83
1,DOID:0112347,hereditary spastic paraplegia 84,DOID:0112347,paraplejia espástica hereditaria 84
1,DOID:0112348,hereditary spastic paraplegia 78,DOID:0112348,paraplejia espástica hereditaria 78
1,DOID:0112349,hereditary spastic paraplegia 81,DOID:0112349,paraplejia espástica hereditaria 81
1,DOID:0112350,spermatogenic failure 61,DOID:0112350,fallo espermatogénico 61
1,DOID:0112351,spermatogenic failure 62,DOID:0112351,fallo espermatogénico 62
1,DOID:0112352,spermatogenic failure 58,DOID:0112352,fallo espermatogénico 58
1,DOID:0112353,spermatogenic failure 64,DOID:0112353,fallo espermatogénico 64
1,DOID:0112354,spermatogenic failure 65,DOID:0112354,fallo espermatogénico 65
1,DOID:0112355,spermatogenic failure 60,DOID:0112355,fallo espermatogénico 60
1,DOID:0112356,spermatogenic failure 63,DOID:0112356,fallo espermatogénico 63
1,DOID:0112357,spermatogenic failure 59,DOID:0112357,fallo espermatogénico 59
1,DOID:0112358,"short stature, facial dysmorphism, and skeletal anomalies with or without cardiac anomalies",DOID:0112358,baja estatura
1,DOID:0112359,"congenital anomalies of kidney and urinary tract syndrome with or without hearing loss, abnormal ears, or developmental delay",DOID:0112359,síndrome de anomalías congénitas del riñón y del tracto urinario con o sin pérdida de audición
1,DOID:0112360,spondylocostal dysostosis 6,DOID:0112360,disostosis espondilocostal 6
1,DOID:0112361,spondylocostal dysostosis 3,DOID:0112361,disostosis espondilocostal 3
1,DOID:0112362,spondylocostal dysostosis 2,DOID:0112362,disostosis espondilocostal 2
1,DOID:0112363,spondylocostal dysostosis 5,DOID:0112363,disostosis espondilocostal 5
1,DOID:0112364,spondylocostal dysostosis 4,DOID:0112364,disostosis espondilocostal 4
1,DOID:0112365,spondylocostal dysostosis 1,DOID:0112365,disostosis espondilocostal 1
1,DOID:0112367,Coffin-Siris syndrome 8,DOID:0112367,síndrome de Coffin-Siris 8
1,DOID:0112368,Coffin-Siris syndrome 5,DOID:0112368,síndrome de Coffin-Siris 5
1,DOID:0112369,Coffin-Siris syndrome 7,DOID:0112369,síndrome de Coffin-Siris 7
1,DOID:0112370,Coffin-Siris syndrome 12,DOID:0112370,síndrome de Coffin-Siris 12
1,DOID:0112371,Coffin-Siris syndrome 10,DOID:0112371,síndrome de Coffin-Siris 10
1,DOID:0112372,Coffin-Siris syndrome 11,DOID:0112372,síndrome de Coffin-Siris 11
1,DOID:0112373,autosomal dominant auditory neuropathy 3,DOID:0112373,neuropatía auditiva autosómica dominante 3
1,DOID:0112383,KINSSHIP syndrome,DOID:0112383,síndrome KINSSHIP
1,DOID:070355,multisystem proteinopathy,DOID:070355,proteinopatía multisistémica
1,DOID:100,intestinal infectious disease,DOID:100,enfermedad infecciosa intestinal
1,DOID:10003,sensorineural hearing loss,DOID:10003,pérdida auditiva neurosensorial
1,DOID:10011,thyroid lymphoma,DOID:10011,linfoma tiroideo
1,DOID:10016,multiple endocrine neoplasia type 2B,DOID:10016,neoplasia endocrina múltiple tipo 2B
1,DOID:10017,multiple endocrine neoplasia type 1,DOID:10017,neoplasia endocrina múltiple tipo 1
1,DOID:1002,endometritis,DOID:1002,endometritis
1,DOID:10020,ampulla of Vater cancer,DOID:10020,cáncer de la ampolla de Vater
1,DOID:10021,duodenum cancer,DOID:10021,cáncer de duodeno
1,DOID:10022,ampulla of Vater benign neoplasm,DOID:10022,neoplasia benigna de la ampolla de Vater
1,DOID:10024,migraine with aura,DOID:10024,migraña con aura
1,DOID:10027,tabes dorsalis,DOID:10027,tabes dorsalis
1,DOID:1003,pelvic inflammatory disease,DOID:1003,enfermedad inflamatoria pélvica
1,DOID:10030,pulmonary interstitial emphysema,DOID:10030,enfisema intersticial pulmonar
1,DOID:10031,compensatory emphysema,DOID:10031,enfisema compensatorio
1,DOID:10032,hyperlucent lung,DOID:10032,pulmón hiperlúcido
1,DOID:10033,cycloplegia,DOID:10033,cicloplejía
1,DOID:10034,eye accommodation disease,DOID:10034,La enfermedad de la acomodación ocular
1,DOID:10035,asymptomatic neurosyphilis,DOID:10035,neurosífilis asintomática
1,DOID:10040,malignant eyelid melanoma,DOID:10040,melanoma maligno del párpado
1,DOID:10041,dysplastic nevus syndrome,DOID:10041,síndrome del nevo displásico
1,DOID:10044,balloon cell malignant melanoma,DOID:10044,melanoma maligno de células en globo
1,DOID:10047,nodular malignant melanoma,DOID:10047,melanoma maligno nodular
1,DOID:1005,endometrial disease,DOID:1005,enfermedad endometrial
1,DOID:10054,skin amelanotic melanoma,DOID:10054,melanoma amelanótico cutáneo
1,DOID:10069,subglottis benign neoplasm,DOID:10069,neoplasia benigna subglótica
1,DOID:10070,larynx leiomyoma,DOID:10070,leiomioma laríngeo
1,DOID:10071,larynx squamous papilloma,DOID:10071,papiloma escamoso de laringe
1,DOID:10073,syphilitic meningitis,DOID:10073,meningitis sifilítica
1,DOID:10074,hymenolepiasis,DOID:10074,himenolepiasis
1,DOID:10075,diphyllobothriasis,DOID:10075,difilobotriasis
1,DOID:10079,cysticercosis,DOID:10079,cisticercosis
1,DOID:10080,sparganosis,DOID:10080,esparganosis
1,DOID:10081,syphilitic encephalitis,DOID:10081,encefalitis sifilítica
1,DOID:10087,gastric leiomyoma,DOID:10087,leiomioma gástrico
1,DOID:10095,intracranial abscess,DOID:10095,absceso intracraneal
1,DOID:10112,sleeping sickness,DOID:10112,enfermedad del sueño
1,DOID:10113,trypanosomiasis,DOID:10113,tripanosomiasis
1,DOID:10122,hyperpigmentation of eyelid,DOID:10122,hiperpigmentación del párpado
1,DOID:10123,pigmentation disease,DOID:10123,enfermedad pigmentaria
1,DOID:10124,corneal disease,DOID:10124,enfermedad corneal
1,DOID:10125,acute hydrops keratoconus,DOID:10125,queratocono con hidropesía aguda
1,DOID:10126,keratoconus,DOID:10126,queratocono
1,DOID:10127,cerebral artery occlusion,DOID:10127,oclusión arterial cerebral
1,DOID:10128,venous insufficiency,DOID:10128,insuficiencia venosa
1,DOID:10131,psychologic vaginismus,DOID:10131,vaginismo psicológico
1,DOID:10132,psychosexual disorder,DOID:10132,trastorno psicosexual
1,DOID:10138,xerophthalmia,DOID:10138,xeroftalmia
1,DOID:10139,conjunctival degeneration,DOID:10139,degeneración conjuntival
1,DOID:10140,dry eye syndrome,DOID:10140,síndrome del ojo seco
1,DOID:10146,thymus lymphoma,DOID:10146,linfoma del timo
1,DOID:10149,long bones of lower limb cancer,DOID:10149,cáncer de los huesos largos de la extremidad inferior
1,DOID:10151,malignant neoplasm of short bones of lower limb,DOID:10151,neoplasia maligna de huesos cortos de miembro inferior
1,DOID:10152,Meckel's diverticulum cancer,DOID:10152,cáncer de divertículo de Meckel
1,DOID:10153,ileum cancer,DOID:10153,cáncer de íleon
1,DOID:10154,small intestine cancer,DOID:10154,cáncer del intestino delgado
1,DOID:10155,intestinal cancer,DOID:10155,cáncer de intestino
1,DOID:10156,benign ileal neoplasm,DOID:10156,neoplasia benigna de íleon
1,DOID:10159,osteonecrosis,DOID:10159,osteonecrosis
1,DOID:10174,lacrimal passage granuloma,DOID:10174,granuloma del conducto lagrimal
1,DOID:10175,optic papillitis,DOID:10175,papilitis óptica
1,DOID:10176,neuroretinitis,DOID:10176,neurorretinitis
1,DOID:10177,malignant hypertensive renal disease,DOID:10177,la enfermedad renal hipertensiva maligna
1,DOID:10183,endobronchial lipoma,DOID:10183,lipoma endobronquial
1,DOID:10184,spindle cell lipoma,DOID:10184,lipoma de células fusiformes
1,DOID:10187,esophageal lipoma,DOID:10187,lipoma esofágico
1,DOID:10188,skin lipoma,DOID:10188,lipoma cutáneo
1,DOID:1019,osteomyelitis,DOID:1019,osteomielitis
1,DOID:10190,liver lipoma,DOID:10190,lipoma hepático
1,DOID:10192,pleomorphic lipoma,DOID:10192,lipoma pleomórfico
1,DOID:10193,conventional lipoma,DOID:10193,lipoma convencional
1,DOID:10194,kidney lipoma,DOID:10194,lipoma renal
1,DOID:10195,pleural lipoma,DOID:10195,lipoma pleural
1,DOID:10199,breast lipoma,DOID:10199,lipoma mamario
1,DOID:10200,chest wall lipoma,DOID:10200,lipoma de la pared torácica
1,DOID:10201,gallbladder lipoma,DOID:10201,lipoma de la vesícula biliar
1,DOID:10203,external ear lipoma,DOID:10203,lipoma del oído externo
1,DOID:10205,axillary lipoma,DOID:10205,lipoma axilar
1,DOID:10206,lipoma of spermatic cord,DOID:10206,lipoma del cordón espermático
1,DOID:10207,paratesticular lipoma,DOID:10207,lipoma paratesticular
1,DOID:10208,chondroid lipoma,DOID:10208,lipoma condroide
1,DOID:10209,extrahepatic bile duct lipoma,DOID:10209,lipoma del conducto biliar extrahepático
1,DOID:10211,cholelithiasis,DOID:10211,colelitiasis
1,DOID:1022,pinta disease,DOID:1022,La enfermedad pinta
1,DOID:10223,dermatomyositis,DOID:10223,dermatomiositis
1,DOID:1023,borderline leprosy,DOID:1023,lepra limítrofe
1,DOID:10230,aortic atherosclerosis,DOID:10230,aterosclerosis aórtica
1,DOID:10234,histoplasmosis pericarditis,DOID:10234,pericarditis por histoplasmosis
1,DOID:10235,Brown's tendon sheath syndrome,DOID:10235,síndrome de la vaina del tendón de Brown
1,DOID:10236,exhibitionism,DOID:10236,exhibicionismo
1,DOID:1024,leprosy,DOID:1024,lepra
1,DOID:10241,thalassemia,DOID:10241,talasemia
1,DOID:10242,ehrlichiosis,DOID:10242,ehrlichiosis
1,DOID:10247,pleurisy,DOID:10247,pleuresía
1,DOID:1025,tuberculoid leprosy,DOID:1025,lepra tuberculoide
1,DOID:10250,louping ill,DOID:10250,louping ill
1,DOID:10254,strawberry gallbladder,DOID:10254,vesícula biliar de fresa
1,DOID:10261,otorrhea,DOID:10261,otorrea
1,DOID:10264,mumps,DOID:10264,paperas
1,DOID:10266,subendocardial infarction acute myocardial infarction,DOID:10266,infarto subendocárdico infarto agudo de miocardio
1,DOID:10272,left bundle branch hemiblock,DOID:10272,hemibloqueo de rama izquierda del haz de His
1,DOID:10273,heart conduction disease,DOID:10273,enfermedad de conducción cardiaca
1,DOID:10283,prostate cancer,DOID:10283,cáncer de próstata
2,DOID:10286,prostate carcinoma,DOID:10286,carcinoma de próstata
1,DOID:10287,prostate squamous cell carcinoma,DOID:10287,carcinoma escamocelular de próstata
1,DOID:10289,prostate malignant phyllodes tumor,DOID:10289,tumor filodes maligno de próstata
1,DOID:1029,familial periodic paralysis,DOID:1029,parálisis periódica familiar
1,DOID:10290,prostate lymphoma,DOID:10290,linfoma de próstata
1,DOID:10293,monocular esotropia,DOID:10293,esotropía monocular
1,DOID:10300,Raynaud disease,DOID:10300,enfermedad de Raynaud
1,DOID:10301,parotitis,DOID:10301,parotitis
1,DOID:10302,parotid disease,DOID:10302,enfermedad parotídea
1,DOID:10303,sialadenitis,DOID:10303,sialadenitis
1,DOID:10310,viral meningitis,DOID:10310,meningitis vírica
1,DOID:10314,endocarditis,DOID:10314,endocarditis
1,DOID:10316,pneumoconiosis,DOID:10316,neumoconiosis
1,DOID:10319,mixed mineral dust pneumoconiosis,DOID:10319,neumoconiosis por polvo mineral mixto
1,DOID:10320,asbestosis,DOID:10320,asbestosis
1,DOID:10321,baritosis,DOID:10321,baritosis
1,DOID:10322,berylliosis,DOID:10322,beriliosis
1,DOID:10323,byssinosis,DOID:10323,bisinosis
1,DOID:10324,anthracosilicosis,DOID:10324,antracosilicosis
1,DOID:10325,silicosis,DOID:10325,silicosis
1,DOID:10326,Caplan's syndrome,DOID:10326,síndrome de Caplan
1,DOID:10327,anthracosis,DOID:10327,antracosis
1,DOID:10328,siderosis,DOID:10328,siderosis
1,DOID:10329,pulmonary talcosis,DOID:10329,talcosis pulmonar
1,DOID:10330,slate pneumoconiosis,DOID:10330,neumoconiosis de pizarra
1,DOID:10331,kaolin pneumoconiosis,DOID:10331,neumoconiosis del caolín
1,DOID:10337,glaucomatous atrophy of optic disc,DOID:10337,atrofia glaucomatosa del disco óptico
1,DOID:10341,chronic meningitis,DOID:10341,meningitis crónica
1,DOID:10349,solitary cyst of breast,DOID:10349,quiste solitario de mama
1,DOID:1035,aggressive NK-cell leukemia,DOID:1035,leucemia agresiva de células NK
1,DOID:10350,breast cyst,DOID:10350,quiste mamario
1,DOID:10352,breast fibroadenosis,DOID:10352,fibroadenosis mamaria
1,DOID:10353,fibrosclerosis of breast,DOID:10353,fibroesclerosis mamaria
1,DOID:10354,breast fibrocystic disease,DOID:10354,enfermedad fibroquística de la mama
2,DOID:1036,chronic leukemia,DOID:1036,leucemia crónica
1,DOID:10361,eosinophilic meningitis,DOID:10361,meningitis eosinofílica
1,DOID:10366,epididymis cancer,DOID:10366,cáncer de epidídimo
1,DOID:10368,epididymis adenocarcinoma,DOID:10368,adenocarcinoma de epidídimo
1,DOID:1037,lymphoid leukemia,DOID:1037,leucemia linfoide
1,DOID:10371,yaws,DOID:10371,pian
1,DOID:10375,strabismic amblyopia,DOID:10375,ambliopía estrábica
1,DOID:10376,amblyopia,DOID:10376,ambliopía
1,DOID:10377,refractive amblyopia,DOID:10377,ambliopía refractiva
1,DOID:10378,deprivation amblyopia,DOID:10378,ambliopía por privación
1,DOID:10383,amyotrophic neuralgia,DOID:10383,neuralgia amiotrófica
2,DOID:1039,prolymphocytic leukemia,DOID:1039,leucemia prolinfocítica
1,DOID:10393,secondary hypertrophic osteoarthropathy,DOID:10393,osteoartropatía hipertrófica secundaria
1,DOID:10398,pneumonic plague,DOID:10398,peste neumónica
1,DOID:10399,seminal vesicle chronic gonorrhea,DOID:10399,gonorrea crónica de la vesícula seminal
1,DOID:104,bacterial infectious disease,DOID:104,enfermedad infecciosa bacteriana
1,DOID:1040,chronic lymphocytic leukemia,DOID:1040,leucemia linfocítica crónica
1,DOID:10400,gonococcal seminal vesiculitis,DOID:10400,vesiculitis seminal gonocócica
1,DOID:10423,acute pericementitis,DOID:10423,pericementitis aguda
1,DOID:10428,stable condition keratoconus,DOID:10428,queratocono en estado estable
1,DOID:10435,purulent acute otitis media,DOID:10435,otitis media aguda purulenta
1,DOID:10439,Mooren's ulcer,DOID:10439,úlcera de Mooren
1,DOID:10440,mycotic corneal ulcer,DOID:10440,úlcera micótica corneal
1,DOID:10441,marginal corneal ulcer,DOID:10441,úlcera corneal marginal
1,DOID:10442,hypopyon ulcer,DOID:10442,úlcera por hipopion
1,DOID:10443,hypopyon,DOID:10443,hipopion
1,DOID:10444,ring corneal ulcer,DOID:10444,úlcera corneal anular
1,DOID:10445,perforated corneal ulcer,DOID:10445,úlcera corneal perforada
1,DOID:10456,tonsillitis,DOID:10456,amigdalitis
1,DOID:10457,Legionnaires' disease,DOID:10457,Legionelosis
1,DOID:10458,legionellosis,DOID:10458,legionelosis
1,DOID:10459,common cold,DOID:10459,resfriado común
1,DOID:10460,nasopharyngitis,DOID:10460,nasofaringitis
1,DOID:10461,dentin caries,DOID:10461,caries dental
1,DOID:10471,patellar tendinitis,DOID:10471,tendinitis rotuliana
1,DOID:10480,diaphragmatic eventration,DOID:10480,eventración diafragmática
1,DOID:10481,diaphragm disease,DOID:10481,enfermedad del diafragma
1,DOID:10485,esophageal atresia,DOID:10485,atresia esofágica
2,DOID:10486,intestinal atresia,DOID:10486,atresia intestinal
1,DOID:10487,Hirschsprung's disease,DOID:10487,enfermedad de Hirschsprung
1,DOID:10493,adrenal cortical hypofunction,DOID:10493,hipofunción cortical suprarrenal
1,DOID:10499,orbital granuloma,DOID:10499,granuloma orbitario
1,DOID:10507,Dressler's syndrome,DOID:10507,síndrome de Dressler
1,DOID:10516,malignant otitis externa,DOID:10516,otitis externa maligna
1,DOID:10518,beach ear,DOID:10518,oído de playa
1,DOID:10519,chronic fungal otitis externa,DOID:10519,otitis externa fúngica crónica
1,DOID:10520,acute infection of pinna,DOID:10520,infección aguda del pabellón auricular
1,DOID:10525,double pterygium,DOID:10525,pterigión doble
1,DOID:10526,conjunctival pterygium,DOID:10526,pterigión conjuntival
1,DOID:10533,viral pneumonia,DOID:10533,neumonía vírica
1,DOID:10534,stomach cancer,DOID:10534,Cáncer de estómago
1,DOID:10536,malignant gastric granular cell tumor,DOID:10536,tumor gástrico maligno de células granulares
1,DOID:10538,gastric fundus cancer,DOID:10538,cáncer del fondo gástrico
1,DOID:10540,gastric lymphoma,DOID:10540,linfoma gástrico
1,DOID:10541,microinvasive gastric cancer,DOID:10541,cáncer gástrico microinvasivo
1,DOID:10544,pylorus cancer,DOID:10544,cáncer de píloro
1,DOID:10547,pyloric antrum cancer,DOID:10547,cáncer del antro pilórico
1,DOID:10548,cardia cancer,DOID:10548,cáncer del cardias
1,DOID:10550,acute eustachian salpingitis,DOID:10550,salpingitis eustaquial aguda
1,DOID:10554,meningoencephalitis,DOID:10554,meningoencefalitis
1,DOID:10556,supine hypotensive syndrome,DOID:10556,síndrome hipotensivo supino
1,DOID:1056,oculocerebrorenal syndrome,DOID:1056,síndrome oculocerebrorrenal
1,DOID:10567,late yaws,DOID:10567,pian tardío
1,DOID:10568,early yaws,DOID:10568,pian precoz
1,DOID:10573,osteomalacia,DOID:10573,osteomalacia
1,DOID:10575,calcium metabolism disease,DOID:10575,enfermedad del metabolismo del calcio
1,DOID:10579,leukodystrophy,DOID:10579,leucodistrofia
1,DOID:10581,metachromatic leukodystrophy,DOID:10581,leucodistrofia metacromática
1,DOID:10582,Refsum disease,DOID:10582,enfermedad de Refsum
2,DOID:10584,retinitis pigmentosa,DOID:10584,retinosis pigmentaria
1,DOID:10587,Krabbe disease,DOID:10587,enfermedad de Krabbe
1,DOID:10588,adrenoleukodystrophy,DOID:10588,adrenoleucodistrofia
1,DOID:1059,intellectual disability,DOID:1059,discapacidad intelectual
1,DOID:10590,mild pre-eclampsia,DOID:10590,preeclampsia leve
1,DOID:10591,pre-eclampsia,DOID:10591,preeclampsia
1,DOID:10593,idiopathic progressive polyneuropathy,DOID:10593,polineuropatía idiopática progresiva
1,DOID:10595,Charcot-Marie-Tooth disease,DOID:10595,enfermedad de Charcot-Marie-Tooth
1,DOID:106,pleural tuberculosis,DOID:106,tuberculosis pleural
1,DOID:1060,Hartnup disease,DOID:1060,enfermedad de Hartnup
1,DOID:10600,chronic tic disorder,DOID:10600,trastorno de tic crónico
1,DOID:10603,glucose intolerance,DOID:10603,intolerancia a la glucosa
1,DOID:10604,lactose intolerance,DOID:10604,intolerancia a la lactosa
1,DOID:10605,short bowel syndrome,DOID:10605,síndrome del intestino corto
1,DOID:10606,blind loop syndrome,DOID:10606,síndrome del asa ciega
1,DOID:10607,tropical sprue,DOID:10607,esprúe tropical
1,DOID:10608,celiac disease,DOID:10608,enfermedad celíaca
1,DOID:10609,rickets,DOID:10609,raquitismo
1,DOID:10610,pancreatic steatorrhea,DOID:10610,esteatorrea pancreática
1,DOID:10611,protein-losing enteropathy,DOID:10611,enteropatía perdedora de proteínas
1,DOID:10612,allergic urticaria,DOID:10612,urticaria alérgica
1,DOID:10615,acute gonococcal cervicitis,DOID:10615,cervicitis gonocócica aguda
1,DOID:10616,acute cervicitis,DOID:10616,cervicitis aguda
2,DOID:10619,lymph node cancer,DOID:10619,cáncer de ganglio linfático
1,DOID:1062,Fanconi syndrome,DOID:1062,Síndrome de Fanconi
1,DOID:10627,primary optic atrophy,DOID:10627,atrofia óptica primaria
1,DOID:10629,microphthalmia,DOID:10629,microftalmia
1,DOID:1063,interstitial nephritis,DOID:1063,nefritis intersticial
1,DOID:10631,partial optic atrophy,DOID:10631,atrofia óptica parcial
2,DOID:10632,Wolfram syndrome,DOID:10632,Síndrome de Wolfram
1,DOID:1064,cystinosis,DOID:1064,cistinosis
1,DOID:10646,schizotypal personality disorder,DOID:10646,trastorno esquizotípico de la personalidad
1,DOID:10648,acute inferoposterior infarction,DOID:10648,infarto agudo inferoposterior
1,DOID:10649,acute inferolateral myocardial infarction,DOID:10649,infarto agudo de miocardio inferolateral
1,DOID:10651,acute anterolateral myocardial infarction,DOID:10651,infarto agudo de miocardio anterolateral
2,DOID:10652,Alzheimer's disease,DOID:10652,Enfermedad de Alzheimer
1,DOID:10655,lipoma of colon,DOID:10655,lipoma de colon
1,DOID:10656,colon leiomyoma,DOID:10656,leiomioma de colon
1,DOID:10657,colonic lymphangioma,DOID:10657,linfangioma de colon
1,DOID:1066,residual stage of open angle glaucoma,DOID:1066,estadio residual del glaucoma de ángulo abierto
1,DOID:10660,mediastinum neuroblastoma,DOID:10660,neuroblastoma mediastínico
1,DOID:10661,mediastinum ganglioneuroblastoma,DOID:10661,ganglioneuroblastoma mediastínico
1,DOID:1067,open-angle glaucoma,DOID:1067,glaucoma de ángulo abierto
1,DOID:1068,juvenile glaucoma,DOID:1068,glaucoma juvenil
1,DOID:10685,separation anxiety disorder,DOID:10685,trastorno de ansiedad por separación
1,DOID:10686,lactocele,DOID:10686,lactocele
1,DOID:10688,hypertrophy of breast,DOID:10688,hipertrofia mamaria
1,DOID:10690,mastitis,DOID:10690,mastitis
1,DOID:10691,fat necrosis of breast,DOID:10691,necrosis grasa de la mama
1,DOID:10697,chronic endophthalmitis,DOID:10697,endoftalmitis crónica
1,DOID:10699,paragonimiasis,DOID:10699,paragonimiasis
1,DOID:1070,primary open angle glaucoma,DOID:1070,glaucoma primario de ángulo abierto
1,DOID:10718,giardiasis,DOID:10718,giardiasis
1,DOID:10719,toxic diffuse goiter,DOID:10719,bocio difuso tóxico
1,DOID:1073,renal hypertension,DOID:1073,hipertensión renal
1,DOID:1074,kidney failure,DOID:1074,insuficiencia renal
1,DOID:10742,cerebral lipidosis,DOID:10742,lipidosis cerebral
1,DOID:10744,broad ligament malignant neoplasm,DOID:10744,neoplasia maligna del ligamento ancho
1,DOID:10754,otitis media,DOID:10754,otitis media
1,DOID:10755,petrositis,DOID:10755,petrositis
1,DOID:1076,chronic pyelonephritis,DOID:1076,pielonefritis crónica
1,DOID:10762,portal hypertension,DOID:10762,hipertensión portal
1,DOID:10763,hypertension,DOID:10763,hipertensión
1,DOID:10772,thrombotic thrombocytopenic purpura,DOID:10772,púrpura trombótica trombocitopénica
1,DOID:10773,bubonic plague,DOID:10773,peste bubónica
1,DOID:10778,fiedler's myocarditis,DOID:10778,miocarditis de fiedler
1,DOID:10779,septic myocarditis,DOID:10779,miocarditis séptica
1,DOID:10780,primary polycythemia,DOID:10780,policitemia primaria
1,DOID:10782,mesenteric lymphadenitis,DOID:10782,linfadenitis mesentérica
1,DOID:10784,Queensland tick typhus,DOID:10784,tifus por garrapatas de Queensland
1,DOID:10787,premature menopause,DOID:10787,menopausia prematura
1,DOID:1079,setariasis,DOID:1079,setariasis
1,DOID:10790,chronic frontal sinusitis,DOID:10790,sinusitis frontal crónica
1,DOID:10791,frontal sinusitis,DOID:10791,sinusitis frontal
1,DOID:10792,chronic maxillary sinusitis,DOID:10792,sinusitis maxilar crónica
1,DOID:10793,chronic sphenoidal sinusitis,DOID:10793,sinusitis esfenoidal crónica
1,DOID:10794,sphenoid sinusitis,DOID:10794,sinusitis esfenoidal
1,DOID:1080,filariasis,DOID:1080,filariasis
1,DOID:10802,acute gonococcal epididymo-orchitis,DOID:10802,epididimo-orquitis gonocócica aguda
1,DOID:10808,gastric ulcer,DOID:10808,úlcera gástrica
1,DOID:1081,mansonelliasis,DOID:1081,mansonelliasis
1,DOID:10810,tibialis tendinitis,DOID:10810,tendinitis tibial
NA,DOID:10811,nasal cavity cancer,DOID:10811,NA
1,DOID:10812,nasal cavity olfactory neuroblastoma,DOID:10812,neuroblastoma olfativo de la cavidad nasal
1,DOID:10813,nasal cavity lymphoma,DOID:10813,linfoma de la cavidad nasal
1,DOID:10816,duodenum adenocarcinoma,DOID:10816,adenocarcinoma de duodeno
1,DOID:10817,sexual sadism,DOID:10817,sadismo sexual
1,DOID:1082,dirofilariasis,DOID:1082,dirofilariasis
1,DOID:10823,malignant essential hypertension,DOID:10823,hipertensión esencial maligna
1,DOID:10824,malignant hypertension,DOID:10824,hipertensión maligna
1,DOID:10825,essential hypertension,DOID:10825,hipertensión esencial
1,DOID:10834,voyeurism,DOID:10834,voyeurismo
1,DOID:10835,chylocele of tunica vaginalis,DOID:10835,quilocele de la túnica vaginal
1,DOID:10841,Eastern equine encephalitis,DOID:10841,encefalitis equina oriental
1,DOID:10842,Murray Valley encephalitis,DOID:10842,encefalitis del Valle de Murray
1,DOID:10843,Western equine encephalitis,DOID:10843,encefalitis equina occidental
1,DOID:10844,Japanese encephalitis,DOID:10844,encefalitis japonesa
1,DOID:10845,St. Louis encephalitis,DOID:10845,encefalitis de San Luis
1,DOID:10846,angiodysplasia of intestine,DOID:10846,angiodisplasia intestinal
1,DOID:10849,sexual masochism,DOID:10849,masoquismo sexual
1,DOID:1085,Edwards syndrome,DOID:1085,síndrome de Edwards
1,DOID:10852,middle ear cholesterol granuloma,DOID:10852,granuloma de colesterol del oído medio
1,DOID:10854,salivary gland disease,DOID:10854,enfermedad de las glándulas salivales
1,DOID:10863,paralytic squint,DOID:10863,estrabismo paralítico
1,DOID:10864,partial third-nerve palsy,DOID:10864,parálisis parcial del tercer nervio
1,DOID:10865,abducens nerve palsy,DOID:10865,parálisis del nervio abducens
1,DOID:10866,total third-nerve palsy,DOID:10866,parálisis total del tercer nervio
1,DOID:10869,fourth cranial nerve palsy,DOID:10869,parálisis del cuarto nervio craneal
1,DOID:10871,age related macular degeneration,DOID:10871,degeneración macular asociada a la edad
1,DOID:10873,Kuhnt-Junius degeneration,DOID:10873,degeneración de Kuhnt-Junius
1,DOID:10880,iliac vein thrombophlebitis,DOID:10880,tromboflebitis de la vena ilíaca
1,DOID:10881,"hand, foot and mouth disease",DOID:10881,"enfermedad de manos, pies y boca"
1,DOID:10882,epidemic pleurodynia,DOID:10882,pleurodinia epidémica
1,DOID:10883,herpangina,DOID:10883,herpangina
1,DOID:10887,lepromatous leprosy,DOID:10887,lepra lepromatosa
1,DOID:1089,tethered spinal cord syndrome,DOID:1089,síndrome de médula espinal anclada
1,DOID:10908,hydrocephalus,DOID:10908,hidrocefalia
1,DOID:1091,tooth disease,DOID:1091,enfermedad dental
1,DOID:10913,benign essential hypertension,DOID:10913,hipertensión esencial benigna
1,DOID:10914,amnestic disorder,DOID:10914,trastorno amnésico
1,DOID:10915,Wernicke-Korsakoff syndrome,DOID:10915,síndrome de Wernicke-Korsakoff
1,DOID:10921,Siberian tick typhus,DOID:10921,tifus siberiano por garrapatas
1,DOID:10923,sickle cell anemia,DOID:10923,anemia falciforme
1,DOID:10927,gastrojejunal ulcer,DOID:10927,úlcera gastroyeyunal
1,DOID:10930,borderline personality disorder,DOID:10930,trastorno límite de la personalidad
1,DOID:10931,dependent personality disorder,DOID:10931,trastorno de la personalidad dependiente
1,DOID:10932,obsessive-compulsive personality disorder,DOID:10932,trastorno obsesivo-compulsivo de la personalidad
1,DOID:10933,obsessive-compulsive disorder,DOID:10933,trastorno obsesivo-compulsivo
1,DOID:10934,multiple personality disorder,DOID:10934,trastorno de personalidad múltiple
1,DOID:10935,dissociative disorder,DOID:10935,trastorno disociativo
1,DOID:10936,schizoid personality disorder,DOID:10936,trastorno esquizoide de la personalidad
1,DOID:10937,impulse control disorder,DOID:10937,trastorno del control de los impulsos
1,DOID:10938,paranoid personality disorder,DOID:10938,trastorno paranoide de la personalidad
1,DOID:10939,antisocial personality disorder,DOID:10939,trastorno antisocial de la personalidad
1,DOID:1094,attention deficit hyperactivity disorder,DOID:1094,trastorno por déficit de atención con hiperactividad
1,DOID:10941,intracranial aneurysm,DOID:10941,aneurisma intracraneal
1,DOID:10944,tongue disease,DOID:10944,enfermedad de la lengua
1,DOID:10952,nephritis,DOID:10952,nefritis
1,DOID:10955,strongyloidiasis,DOID:10955,estrongiloidiasis
1,DOID:10963,cholesteatoma of attic,DOID:10963,colesteatoma del ático
1,DOID:10964,cholesteatoma of middle ear,DOID:10964,colesteatoma del oído medio
1,DOID:10965,spastic diplegia,DOID:10965,diplejía espástica
1,DOID:10966,lipoid nephrosis,DOID:10966,nefrosis lipoidea
1,DOID:10967,spastic hemiplegia,DOID:10967,hemiplejía espástica
1,DOID:10968,spastic monoplegia,DOID:10968,monoplejía espástica
1,DOID:10969,hemiplegia,DOID:10969,hemiplejia
1,DOID:10970,spastic quadriplegic cerebral palsy,DOID:10970,Parálisis cerebral tetrapléjica espástica
1,DOID:10971,acute salpingo-oophoritis,DOID:10971,salpingo-oforitis aguda
1,DOID:10972,salpingo-oophoritis,DOID:10972,salpingo-ooforitis
1,DOID:10973,acute salpingitis,DOID:10973,salpingitis aguda
1,DOID:10974,oophoritis,DOID:10974,ooforitis
1,DOID:10976,membranous glomerulonephritis,DOID:10976,glomerulonefritis membranosa
1,DOID:1098,fetal erythroblastosis,DOID:1098,eritroblastosis fetal
2,DOID:10983,Alport syndrome,DOID:10983,Síndrome de Alport
1,DOID:10986,discitis,DOID:10986,discitis
1,DOID:10989,conjunctival vascular disease,DOID:10989,enfermedad vascular conjuntival
2,DOID:1099,alpha thalassemia,DOID:1099,alfa talasemia
1,DOID:10991,basal ganglia cerebrovascular disease,DOID:10991,enfermedad cerebrovascular de los ganglios basales
1,DOID:10992,acute hemorrhagic leukoencephalitis,DOID:10992,leucoencefalitis hemorrágica aguda
1,DOID:10993,postinfectious encephalitis,DOID:10993,encefalitis postinfecciosa
1,DOID:10997,immature cataract,DOID:10997,catarata inmadura
1,DOID:110,lens disease,DOID:110,enfermedad del cristalino
1,DOID:1100,ovarian disease,DOID:1100,enfermedad ovárica
1,DOID:11014,anorectal stricture,DOID:11014,estenosis anorrectal
1,DOID:11028,pseudopterygium,DOID:11028,pseudopterigión
1,DOID:11029,pinguecula,DOID:11029,pinguécula
1,DOID:11030,corneal edema,DOID:11030,edema corneal
1,DOID:11031,bullous keratopathy,DOID:11031,queratopatía bullosa
1,DOID:11032,secondary corneal edema,DOID:11032,edema corneal secundario
1,DOID:11033,idiopathic corneal edema,DOID:11033,edema corneal idiopático
1,DOID:11034,contact lens corneal edema,DOID:11034,edema corneal por lentes de contacto
1,DOID:11036,chronic rapidly progressive glomerulonephritis,DOID:11036,glomerulonefritis crónica rápidamente progresiva
1,DOID:11037,dissociative amnesia,DOID:11037,amnesia disociativa
1,DOID:11038,depersonalization disorder,DOID:11038,trastorno de despersonalización
1,DOID:11042,Felty's syndrome,DOID:11042,síndrome de Felty
1,DOID:11049,meconium aspiration syndrome,DOID:11049,síndrome de aspiración de meconio
2,DOID:11054,urinary bladder cancer,DOID:11054,Cáncer de vejiga urinaria
1,DOID:11055,pasteurellosis,DOID:11055,pasteurelosis
1,DOID:1106,esophagus lymphoma,DOID:1106,linfoma de esófago
1,DOID:11060,placenta praevia,DOID:11060,placenta previa
1,DOID:1107,esophageal carcinoma,DOID:1107,carcinoma esofágico
1,DOID:11076,Brucella suis brucellosis,DOID:11076,Brucelosis por Brucella suis
1,DOID:11077,brucellosis,DOID:11077,brucelosis
1,DOID:11079,leech infestation,DOID:11079,infestación por sanguijuelas
1,DOID:1108,esophagus melanoma,DOID:1108,melanoma de esófago
1,DOID:11080,myiasis,DOID:11080,miasis
1,DOID:11086,chorioretinal scar,DOID:11086,cicatriz coriorretiniana
1,DOID:11088,asphyxia neonatorum,DOID:11088,asfixia neonatal
1,DOID:11100,Q fever,DOID:11100,fiebre Q
1,DOID:11101,trench fever,DOID:11101,fiebre de las trincheras
1,DOID:11102,bartonellosis,DOID:11102,bartonelosis
1,DOID:11103,rickettsialpox,DOID:11103,rickettsialpox
1,DOID:11104,spotted fever,DOID:11104,fiebre maculosa
1,DOID:11105,fundus albipunctatus,DOID:11105,fondo de ojo albipunctatus
1,DOID:11111,hydronephrosis,DOID:11111,hidronefrosis
1,DOID:11119,Gilles de la Tourette syndrome,DOID:11119,síndrome de Gilles de la Tourette
1,DOID:11120,psychologic dyspareunia,DOID:11120,dispareunia psicológica
1,DOID:11121,pulpitis,DOID:11121,pulpitis
1,DOID:11123,Henoch-Schoenlein purpura,DOID:11123,púrpura de Henoch-Schoenlein
1,DOID:11125,qualitative platelet defect,DOID:11125,defecto plaquetario cualitativo
1,DOID:11126,acquired thrombocytopenia,DOID:11126,trombocitopenia adquirida
1,DOID:11129,dislocation of ear ossicle,DOID:11129,luxación del huesecillo de la oreja
1,DOID:11130,secondary hypertension,DOID:11130,hipertensión secundaria
1,DOID:11132,prostatic hypertrophy,DOID:11132,hipertrofia prostática
1,DOID:11133,prostatic cyst,DOID:11133,quiste prostático
1,DOID:11134,prolapse of lacrimal gland,DOID:11134,prolapso de la glándula lagrimal
1,DOID:1114,esophagus sarcoma,DOID:1114,sarcoma de esófago
1,DOID:11148,hypersecretion glaucoma,DOID:11148,glaucoma de hipersecreción
1,DOID:11149,aqueous misdirection,DOID:11149,desviación del humor acuoso
2,DOID:1115,sarcoma,DOID:1115,sarcoma
1,DOID:11151,cholecystolithiasis,DOID:11151,colecistolitiasis
1,DOID:11153,miliaria rubra,DOID:11153,miliaria rubra
1,DOID:11155,hypohidrosis,DOID:11155,hipohidrosis
1,DOID:11156,anhidrosis,DOID:11156,anhidrosis
1,DOID:1116,pertussis,DOID:1116,tos ferina
1,DOID:11161,neonatal respiratory failure,DOID:11161,insuficiencia respiratoria neonatal
1,DOID:11162,respiratory failure,DOID:11162,insuficiencia respiratoria
1,DOID:11164,band keratopathy,DOID:11164,queratopatía en banda
1,DOID:11165,common wart,DOID:11165,verruga común
1,DOID:11166,Human papillomavirus infectious disease,DOID:11166,enfermedad infecciosa por virus del papiloma humano
1,DOID:11168,anogenital venereal wart,DOID:11168,verruga venérea anogenital
1,DOID:11175,enophthalmos,DOID:11175,enoftalmos
1,DOID:11177,total internal ophthalmoplegia,DOID:11177,oftalmoplejia interna total
1,DOID:11180,non-suppurative otitis media,DOID:11180,otitis media no supurativa
1,DOID:11181,serous glue ear,DOID:11181,otitis media pegajosa serosa
1,DOID:11184,acute conjunctivitis,DOID:11184,conjuntivitis aguda
1,DOID:11186,allescheriosis,DOID:11186,allescheriosis
1,DOID:11189,pulp degeneration,DOID:11189,degeneración pulpar
1,DOID:11190,pseudomembranous conjunctivitis,DOID:11190,conjuntivitis pseudomembranosa
1,DOID:11193,syndactyly,DOID:11193,sindactilia
1,DOID:11195,acute laryngopharyngitis,DOID:11195,laringofaringitis aguda
1,DOID:11197,serous conjunctivitis except viral,DOID:11197,conjuntivitis serosa excepto viral
1,DOID:11198,DiGeorge syndrome,DOID:11198,síndrome de DiGeorge
1,DOID:11199,hypoparathyroidism,DOID:11199,hipoparatiroidismo
1,DOID:112,esophageal varix,DOID:112,varix esofágico
1,DOID:11200,T cell deficiency,DOID:11200,deficiencia de células T
1,DOID:11201,parathyroid gland disease,DOID:11201,enfermedad de la glándula paratiroides
1,DOID:11202,primary hyperparathyroidism,DOID:11202,hiperparatiroidismo primario
1,DOID:11203,Angelucci's syndrome,DOID:11203,síndrome de Angelucci
1,DOID:11204,allergic conjunctivitis,DOID:11204,conjuntivitis alérgica
1,DOID:11206,opioid abuse,DOID:11206,abuso de opiáceos
1,DOID:11213,acute contagious conjunctivitis,DOID:11213,conjuntivitis aguda contagiosa
1,DOID:11217,chronic tympanitis,DOID:11217,timpanitis crónica
1,DOID:11219,conjunctival folliculosis,DOID:11219,foliculosis conjuntival
1,DOID:11223,small intestine diverticulitis,DOID:11223,diverticulitis del intestino delgado
1,DOID:11227,acute hemorrhagic conjunctivitis,DOID:11227,conjuntivitis hemorrágica aguda
1,DOID:1123,spondyloarthropathy,DOID:1123,espondiloartropatía
1,DOID:11230,acute orbital inflammation,DOID:11230,inflamación orbitaria aguda
1,DOID:11231,orbital periostitis,DOID:11231,periostitis orbitaria
1,DOID:11232,orbital osteomyelitis,DOID:11232,osteomielitis orbitaria
1,DOID:11233,orbital tenonitis,DOID:11233,tenonitis orbitaria
1,DOID:11234,orbital cellulitis,DOID:11234,celulitis orbitaria
1,DOID:11235,adhesive otitis media,DOID:11235,otitis media adhesiva
1,DOID:11239,appendix cancer,DOID:11239,cáncer de apéndice
1,DOID:11240,appendiceal neoplasm,DOID:11240,neoplasia apendicular
1,DOID:11241,appendix lymphoma,DOID:11241,linfoma apendicular
1,DOID:11242,plethora of newborn,DOID:11242,plétora del recién nacido
1,DOID:11243,anemia of prematurity,DOID:11243,anemia del prematuro
1,DOID:11244,neonatal anemia,DOID:11244,anemia neonatal
1,DOID:11245,transient neonatal neutropenia,DOID:11245,neutropenia neonatal transitoria
1,DOID:11246,DIC in newborn,DOID:11246,CID en el recién nacido
1,DOID:11247,disseminated intravascular coagulation,DOID:11247,coagulación intravascular diseminada
1,DOID:11249,vitamin K deficiency bleeding,DOID:11249,hemorragia por deficiencia de vitamina K
1,DOID:11252,microcytic anemia,DOID:11252,anemia microcítica
1,DOID:11254,Brill-Zinsser disease,DOID:11254,enfermedad de Brill-Zinsser
1,DOID:11256,typhus,DOID:11256,tifus
1,DOID:11257,social phobia,DOID:11257,fobia social
1,DOID:11258,cat-scratch disease,DOID:11258,enfermedad por arañazo de gato
1,DOID:11260,rabies,DOID:11260,rabia
1,DOID:11262,ornithosis,DOID:11262,ornitosis
1,DOID:11263,chlamydia,DOID:11263,clamidia
1,DOID:11265,trachoma,DOID:11265,tracoma
1,DOID:11266,Hantavirus hemorrhagic fever with renal syndrome,DOID:11266,Fiebre hemorrágica por hantavirus con síndrome renal
1,DOID:11267,keratomalacia,DOID:11267,queratomalacia
1,DOID:11269,chronic apical periodontitis,DOID:11269,periodontitis apical crónica
1,DOID:11277,Plummer's disease,DOID:11277,La enfermedad de Plummer
1,DOID:11282,solar retinopathy,DOID:11282,retinopatía solar
1,DOID:11283,peripheral scars of retina,DOID:11283,cicatrices periféricas de la retina
1,DOID:11285,tick paralysis,DOID:11285,parálisis por garrapatas
1,DOID:11289,ventilation pneumonitis,DOID:11289,neumonitis por ventilación
1,DOID:1129,pituitary apoplexy,DOID:1129,apoplejía hipofisaria
1,DOID:11294,arteriovenous malformation,DOID:11294,malformación arteriovenosa
1,DOID:11295,retinal microaneurysm,DOID:11295,microaneurisma retiniano
1,DOID:11299,vertebral artery occlusion,DOID:11299,oclusión de la arteria vertebral
1,DOID:1130,pituitary infarct,DOID:1130,infarto hipofisario
1,DOID:11302,cercarial dermatitis,DOID:11302,dermatitis cercarial
1,DOID:11312,Mobitz type II atrioventricular block,DOID:11312,bloqueo auriculoventricular tipo II de Mobitz
1,DOID:11315,African histoplasmosis,DOID:11315,histoplasmosis africana
1,DOID:11316,histoplasmosis retinitis,DOID:11316,retinitis por histoplasmosis
1,DOID:11320,Kyasanur forest disease,DOID:11320,enfermedad forestal de Kyasanur
1,DOID:11328,schizophreniform disorder,DOID:11328,trastorno esquizofreniforme
1,DOID:11329,ainhum,DOID:11329,ainhum
1,DOID:11330,erysipelas,DOID:11330,erisipela
1,DOID:11335,sarcoidosis,DOID:11335,sarcoidosis
1,DOID:11336,rhinoscleroma,DOID:11336,rinoescleroma
1,DOID:11337,Lemierre's syndrome,DOID:11337,síndrome de Lemierre
1,DOID:11338,tetanus,DOID:11338,tétanos
1,DOID:11339,pneumocystosis,DOID:11339,neumocistosis
1,DOID:1134,gingival recession,DOID:1134,recesión gingival
1,DOID:11342,arcus senilis,DOID:11342,arcus senilis
1,DOID:11343,scleral disease,DOID:11343,enfermedad escleral
1,DOID:11353,bladder diverticulum,DOID:11353,divertículo vesical
1,DOID:11354,stone in bladder diverticulum,DOID:11354,cálculo en divertículo vesical
1,DOID:11355,bladder calculus,DOID:11355,cálculo en la vejiga
1,DOID:11360,Phlebotomus fever,DOID:11360,fiebre de Phlebotomus
1,DOID:11364,lens subluxation,DOID:11364,subluxación del cristalino
1,DOID:11371,functional diarrhea,DOID:11371,diarrea funcional
1,DOID:11372,megacolon,DOID:11372,megacolon
1,DOID:11374,anal spasm,DOID:11374,espasmo anal
1,DOID:11379,gnathomiasis,DOID:11379,gnathomiasis
1,DOID:1138,spinal meningioma,DOID:1138,meningioma espinal
1,DOID:11382,corneal neovascularization,DOID:11382,neovascularización corneal
1,DOID:11383,cryptorchidism,DOID:11383,criptorquidia
1,DOID:11385,expressive language disorder,DOID:11385,trastorno del lenguaje expresivo
1,DOID:11387,epidural abscess,DOID:11387,absceso epidural
1,DOID:11389,subdural empyema,DOID:11389,empiema subdural
1,DOID:11390,cerebral arteritis,DOID:11390,arteritis cerebral
1,DOID:11394,adult respiratory distress syndrome,DOID:11394,Síndrome de dificultad respiratoria del adulto
1,DOID:11396,pulmonary edema,DOID:11396,edema pulmonar
1,DOID:114,heart disease,DOID:114,enfermedad cardíaca
1,DOID:1140,spinal canal and spinal cord meningioma,DOID:1140,meningioma del canal espinal y de la médula espinal
1,DOID:11400,pyelonephritis,DOID:11400,pielonefritis
1,DOID:11401,xanthogranulomatous pyelonephritis,DOID:11401,pielonefritis xantogranulomatosa
1,DOID:11405,diphtheria,DOID:11405,difteria
1,DOID:11406,choroiditis,DOID:11406,coroiditis
1,DOID:1142,alternating exotropia,DOID:1142,exotropía alternante
1,DOID:11424,fallopian tube endometriosis,DOID:11424,endometriosis de las trompas de Falopio
1,DOID:11427,endosalpingiosis,DOID:11427,endosalpingiosis
1,DOID:11428,endometriosis of intestine,DOID:11428,endometriosis intestinal
1,DOID:11429,endometriosis of pelvic peritoneum,DOID:11429,endometriosis del peritoneo pélvico
1,DOID:1143,exotropia,DOID:1143,exotropía
1,DOID:11430,endometriosis in scar of skin,DOID:11430,endometriosis en cicatriz de piel
1,DOID:11431,endometriosis of rectovaginal septum and vagina,DOID:11431,endometriosis del tabique rectovaginal y la vagina
1,DOID:11432,endometriosis of ovary,DOID:11432,endometriosis de ovario
1,DOID:11446,sciatic neuropathy,DOID:11446,neuropatía ciática
1,DOID:11450,allergic cutaneous vasculitis,DOID:11450,vasculitis cutánea alérgica
1,DOID:11452,perinatal jaundice due to hepatocellular damage,DOID:11452,ictericia perinatal por daño hepatocelular
1,DOID:11457,brain compression,DOID:11457,compresión cerebral
1,DOID:11459,pseudotumor cerebri,DOID:11459,pseudotumor cerebri
1,DOID:11465,autonomic nervous system disease,DOID:11465,enfermedad del sistema nervioso autónomo
1,DOID:11472,subglottis cancer,DOID:11472,cáncer de subglotis
1,DOID:11476,osteoporosis,DOID:11476,osteoporosis
1,DOID:11481,constrictive pericarditis,DOID:11481,pericarditis constrictiva
1,DOID:11482,hemopericardium,DOID:11482,hemopericardio
1,DOID:11486,Horner's syndrome,DOID:11486,síndrome de Horner
1,DOID:11488,idiopathic peripheral autonomic neuropathy,DOID:11488,neuropatía autonómica periférica idiopática
1,DOID:11491,acquired night blindness,DOID:11491,ceguera nocturna adquirida
1,DOID:115,cardiac tamponade,DOID:115,taponamiento cardiaco
1,DOID:11502,mitral valve insufficiency,DOID:11502,insuficiencia de la válvula mitral
1,DOID:11503,diabetic autonomic neuropathy,DOID:11503,neuropatía autonómica diabética
1,DOID:11504,autonomic neuropathy,DOID:11504,neuropatía autonómica
1,DOID:11506,suppurative otitis media,DOID:11506,otitis media supurativa
1,DOID:11507,rumination disorder,DOID:11507,trastorno de rumiación
1,DOID:11512,Budd-Chiari syndrome,DOID:11512,síndrome de Budd-Chiari
1,DOID:11514,fissured tongue,DOID:11514,lengua fisurada
1,DOID:11516,hypertensive heart disease,DOID:11516,cardiopatía hipertensiva
1,DOID:11518,abnormal pupillary function,DOID:11518,función pupilar anormal
1,DOID:11520,benign hypertensive renal disease,DOID:11520,enfermedad renal hipertensiva benigna
1,DOID:11527,laryngostenosis,DOID:11527,laringostenosis
1,DOID:11541,recurrent corneal erosion,DOID:11541,erosión corneal recurrente
1,DOID:11543,corneal abscess,DOID:11543,absceso corneal
1,DOID:11547,corneal deposit,DOID:11547,depósito corneal
1,DOID:11549,Adie syndrome,DOID:11549,síndrome de Adie
1,DOID:11550,oculomotor nerve paralysis,DOID:11550,parálisis del nervio oculomotor
1,DOID:11552,Bowman's membrane folds or rupture,DOID:11552,pliegues o rotura de la membrana de Bowman
1,DOID:11554,Chandler syndrome,DOID:11554,síndrome de Chandler
1,DOID:11555,Fuchs' endothelial dystrophy,DOID:11555,distrofia endotelial de Fuchs
1,DOID:11557,acute serous otitis media,DOID:11557,otitis media serosa aguda
1,DOID:11558,acute allergic serous otitis media,DOID:11558,otitis media serosa alérgica aguda
1,DOID:1156,chondrocalcinosis,DOID:1156,condrocalcinosis
1,DOID:11561,hypertensive retinopathy,DOID:11561,retinopatía hipertensiva
1,DOID:11563,retinal vasculitis,DOID:11563,vasculitis retiniana
1,DOID:11569,neurocirculatory asthenia,DOID:11569,astenia neurocirculatoria
1,DOID:11572,Listeria meningitis,DOID:11572,meningitis por Listeria
1,DOID:11573,listeriosis,DOID:11573,listeriosis
1,DOID:11574,streptococcal meningitis,DOID:11574,meningitis estreptocócica
1,DOID:11577,Cauda equina syndrome,DOID:11577,síndrome de cauda equina
1,DOID:11581,phlyctenulosis,DOID:11581,pliectenulosis
1,DOID:11589,Riley-Day syndrome,DOID:11589,síndrome de Riley-Day
1,DOID:1159,functional gastric disease,DOID:1159,enfermedad gástrica funcional
1,DOID:11593,bladder lateral wall cancer,DOID:11593,cáncer de la pared lateral de la vejiga
1,DOID:11594,ring staphyloma,DOID:11594,estafiloma anular
1,DOID:11595,scleral staphyloma,DOID:11595,estafiloma escleral
1,DOID:11599,Frey syndrome,DOID:11599,síndrome de Frey
1,DOID:116,pericardium cancer,DOID:116,cáncer de pericardio
1,DOID:11603,infant gynecomastia,DOID:11603,ginecomastia infantil
1,DOID:11608,fungal meningitis,DOID:11608,meningitis fúngica
1,DOID:11612,polycystic ovary syndrome,DOID:11612,síndrome de ovario poliquístico
1,DOID:11613,hyperandrogenism,DOID:11613,hiperandrogenismo
1,DOID:11615,penile cancer,DOID:11615,cáncer de pene
1,DOID:11623,dental pulp necrosis,DOID:11623,necrosis de la pulpa dental
1,DOID:11624,penile benign neoplasm,DOID:11624,neoplasia benigna del pene
1,DOID:11629,pelvic muscle wasting,DOID:11629,atrofia muscular pélvica
1,DOID:11633,thyroid hormone resistance syndrome,DOID:11633,síndrome de resistencia a la hormona tiroidea
1,DOID:11634,myxedema,DOID:11634,mixedema
1,DOID:11637,accommodative spasm,DOID:11637,espasmo acomodativo
1,DOID:11638,presbyopia,DOID:11638,presbicia
1,DOID:11650,bronchopulmonary dysplasia,DOID:11650,displasia broncopulmonar
1,DOID:11653,conjunctival deposit,DOID:11653,depósito conjuntival
1,DOID:11656,cicatricial pemphigoid,DOID:11656,penfigoide cicatricial
1,DOID:1166,palindromic rheumatism,DOID:1166,reumatismo palindrómico
1,DOID:11661,blue color blindness,DOID:11661,daltonismo azul
1,DOID:11664,nephrosclerosis,DOID:11664,nefroesclerosis
1,DOID:11665,Patau syndrome,DOID:11665,síndrome de Patau
1,DOID:11668,hypopigmentation of eyelid,DOID:11668,hipopigmentación del párpado
1,DOID:11669,hypertrichosis of eyelid,DOID:11669,hipertricosis del párpado
1,DOID:11671,hypotrichosis of eyelid,DOID:11671,hipotricosis del párpado
1,DOID:11678,onchocerciasis,DOID:11678,oncocercosis
1,DOID:1168,familial hyperlipidemia,DOID:1168,hiperlipidemia familiar
1,DOID:11684,melanoacanthoma,DOID:11684,melanoacantoma
1,DOID:11685,inflamed seborrheic keratosis,DOID:11685,queratosis seborreica inflamada
1,DOID:11693,acute apical periodontitis,DOID:11693,periodontitis apical aguda
1,DOID:11695,portal vein thrombosis,DOID:11695,trombosis de la vena porta
1,DOID:117,heart cancer,DOID:117,cáncer de corazón
1,DOID:11701,selective IgA deficiency disease,DOID:11701,enfermedad por deficiencia selectiva de IgA
1,DOID:11702,dysgammaglobulinemia,DOID:11702,disgammaglobulinemia
1,DOID:1171,hyperlipoproteinemia type V,DOID:1171,hiperlipoproteinemia tipo V
1,DOID:11712,lipoatrophic diabetes mellitus,DOID:11712,diabetes mellitus lipoatrófica
1,DOID:11713,diabetic angiopathy,DOID:11713,angiopatía diabética
1,DOID:11714,gestational diabetes,DOID:11714,diabetes gestacional
1,DOID:11716,prediabetes syndrome,DOID:11716,síndrome de prediabetes
1,DOID:11717,neonatal diabetes,DOID:11717,diabetes neonatal
1,DOID:11718,antidepressant type abuse,DOID:11718,abuso de antidepresivos
1,DOID:11719,oculopharyngeal muscular dystrophy,DOID:11719,distrofia muscular oculofaríngea
1,DOID:1172,hyperlipoproteinemia type IV,DOID:1172,hiperlipoproteinemia tipo IV
1,DOID:11720,distal myopathy,DOID:11720,miopatía distal
1,DOID:11721,glycogen storage disease VII,DOID:11721,enfermedad por almacenamiento de glucógeno VII
1,DOID:11722,myotonic dystrophy type 1,DOID:11722,distrofia miotónica tipo 1
1,DOID:11723,Duchenne muscular dystrophy,DOID:11723,distrofia muscular de Duchenne
2,DOID:11724,limb-girdle muscular dystrophy,DOID:11724,Distrofia muscular de la cintura de las extremidades
2,DOID:11725,Cornelia de Lange syndrome,DOID:11725,Síndrome de Cornelia de Lange
1,DOID:11726,Emery-Dreifuss muscular dystrophy,DOID:11726,distrofia muscular de Emery-Dreifuss
1,DOID:11727,facioscapulohumeral muscular dystrophy,DOID:11727,distrofia muscular facioescapulohumeral
1,DOID:11729,Lyme disease,DOID:11729,enfermedad de Lyme
1,DOID:11736,odontoclasia,DOID:11736,odontoclasia
1,DOID:11746,parametrium malignant neoplasm,DOID:11746,neoplasia maligna del parametrio
1,DOID:11747,uterine adnexa cancer,DOID:11747,cáncer del anexo uterino
1,DOID:11748,round ligament malignant neoplasm,DOID:11748,neoplasia maligna del ligamento redondo
1,DOID:11750,Bordetella parapertussis whooping cough,DOID:11750,bordetella parapertussis tos ferina
1,DOID:11752,acute endophthalmitis,DOID:11752,endoftalmitis aguda
1,DOID:11754,siderosis of eye,DOID:11754,siderosis ocular
1,DOID:11755,choledocholithiasis,DOID:11755,coledocolitiasis
1,DOID:11758,iron deficiency anemia,DOID:11758,anemia ferropénica
1,DOID:11759,hypochromic anemia,DOID:11759,anemia hipocrómica
1,DOID:1176,bronchial disease,DOID:1176,enfermedad bronquial
1,DOID:11760,Kohler's disease,DOID:11760,La enfermedad de Kohler
1,DOID:11766,blind hypotensive eye,DOID:11766,ojo ciego hipotenso
1,DOID:11771,spontaneous ocular nystagmus,DOID:11771,nistagmo ocular espontáneo
1,DOID:11772,leukocoria,DOID:11772,leucocoria
1,DOID:11776,absolute glaucoma,DOID:11776,glaucoma absoluto
1,DOID:11781,regular astigmatism,DOID:11781,astigmatismo regular
1,DOID:11782,astigmatism,DOID:11782,astigmatismo
1,DOID:11783,necrosis of ear ossicle,DOID:11783,necrosis del huesecillo del oído
1,DOID:11786,splenic sequestration,DOID:11786,secuestro esplénico
1,DOID:11787,chronic congestive splenomegaly,DOID:11787,esplenomegalia congestiva crónica
1,DOID:11793,phthisical cornea,DOID:11793,córnea ftísica
1,DOID:11797,chronic laryngitis,DOID:11797,laringitis crónica
1,DOID:118,pericardial effusion,DOID:118,derrame pericárdico
1,DOID:11801,protein-energy malnutrition,DOID:11801,malnutrición proteico-energética
1,DOID:11809,bladder neck cancer,DOID:11809,cáncer de cuello de vejiga
1,DOID:11811,urinary bladder posterior wall cancer,DOID:11811,cáncer de la pared posterior de la vejiga urinaria
1,DOID:11812,bladder sarcoma,DOID:11812,sarcoma vesical
1,DOID:11813,bladder trigone cancer,DOID:11813,cáncer del trígono vesical
1,DOID:11814,urinary bladder anterior wall cancer,DOID:11814,cáncer de la pared anterior de la vejiga urinaria
1,DOID:11816,vitreous syneresis,DOID:11816,sinéresis vítrea
1,DOID:11817,urachus cancer,DOID:11817,cáncer de uraco
1,DOID:11818,ureteric orifice cancer,DOID:11818,cáncer del orificio ureteral
1,DOID:11819,ureter cancer,DOID:11819,cáncer de uréter
1,DOID:11820,bladder dome cancer,DOID:11820,cáncer de cúpula vesical
1,DOID:11821,bladder lymphoma,DOID:11821,linfoma vesical
1,DOID:11823,hepatorenal syndrome,DOID:11823,síndrome hepatorrenal
1,DOID:11824,multicentric reticulohistiocytosis,DOID:11824,reticulohistiocitosis multicéntrica
1,DOID:11829,degenerative myopia,DOID:11829,miopía degenerativa
1,DOID:11830,myopia,DOID:11830,miopía
1,DOID:11831,cortical blindness,DOID:11831,ceguera cortical
1,DOID:11832,visual epilepsy,DOID:11832,epilepsia visual
1,DOID:11836,clubfoot,DOID:11836,pie zambo
1,DOID:11838,penis sarcoma,DOID:11838,sarcoma de pene
1,DOID:11839,glans penis cancer,DOID:11839,cáncer del glande del pene
1,DOID:1184,nephrotic syndrome,DOID:1184,síndrome nefrótico
1,DOID:11840,coronary artery vasospasm,DOID:11840,vasoespasmo de las arterias coronarias
1,DOID:11843,coronary artery anomaly,DOID:11843,anomalía de la arteria coronaria
1,DOID:11847,coronary thrombosis,DOID:11847,trombosis coronaria
1,DOID:11850,transient refractive change,DOID:11850,cambio refractivo transitorio
1,DOID:11851,indeterminate leprosy,DOID:11851,lepra indeterminada
1,DOID:11853,monocular exotropia,DOID:11853,exotropía monocular
1,DOID:11864,peripheral focal chorioretinitis,DOID:11864,coriorretinitis focal periférica
1,DOID:1187,tibial neuropathy,DOID:1187,neuropatía tibial
1,DOID:11870,Pick's disease,DOID:11870,enfermedad de Pick
1,DOID:11871,macular keratitis,DOID:11871,queratitis macular
1,DOID:11874,abnormal threshold of rods,DOID:11874,umbral anormal de bastones
1,DOID:11875,denture stomatitis,DOID:11875,estomatitis dentaria
1,DOID:1188,mononeuropathy,DOID:1188,mononeuropatía
1,DOID:11885,ureteral benign neoplasm,DOID:11885,neoplasia benigna ureteral
1,DOID:11887,ureter leiomyoma,DOID:11887,leiomioma ureteral
1,DOID:11888,schwannoma of ureter,DOID:11888,schwannoma de uréter
1,DOID:11889,female breast nipple and areola cancer,DOID:11889,cáncer de mama femenino de pezón y areola
1,DOID:119,vaginal cancer,DOID:119,cáncer vaginal
1,DOID:11905,labium majus cancer,DOID:11905,cáncer de labio mayor
1,DOID:11907,ecthyma,DOID:11907,ectima
1,DOID:11914,gastroparesis,DOID:11914,gastroparesia
1,DOID:11917,tinea cruris,DOID:11917,tinea cruris
1,DOID:1192,peripheral nervous system neoplasm,DOID:1192,neoplasia del sistema nervioso periférico
1,DOID:11920,tracheal cancer,DOID:11920,cáncer de la tráquea
1,DOID:11934,head and neck cancer,DOID:11934,cáncer de cabeza y cuello
1,DOID:11949,Creutzfeldt-Jakob disease,DOID:11949,La enfermedad de Creutzfeldt-Jakob
1,DOID:1195,ischemic neuropathy,DOID:1195,neuropatía isquémica
1,DOID:11963,esophagitis,DOID:11963,esofagitis
1,DOID:11968,postmenopausal atrophic vaginitis,DOID:11968,vaginitis atrófica posmenopáusica
1,DOID:11971,synostosis,DOID:11971,sinostosis
1,DOID:11975,coloboma of optic nerve,DOID:11975,coloboma del nervio óptico
1,DOID:11976,botulism,DOID:11976,botulismo
1,DOID:11981,morbid obesity,DOID:11981,obesidad mórbida
1,DOID:11983,Prader-Willi syndrome,DOID:11983,síndrome de Prader-Willi
2,DOID:11984,hypertrophic cardiomyopathy,DOID:11984,Miocardiopatía hipertrófica
1,DOID:11988,conjunctival concretion,DOID:11988,concreción conjuntival
1,DOID:11990,ulceroglandular tularemia,DOID:11990,tularemia ulceroglandular
1,DOID:11991,osteopoikilosis,DOID:11991,osteopoikilosis
1,DOID:11994,atrophy of testis,DOID:11994,atrofia testicular
1,DOID:11996,spermatic cord torsion,DOID:11996,torsión del cordón espermático
1,DOID:11997,spermatocele,DOID:11997,espermatocele
1,DOID:120,female reproductive organ cancer,DOID:120,cáncer de órgano reproductor femenino
1,DOID:12001,tracheal lymphoma,DOID:12001,linfoma traqueal
1,DOID:12002,trachea sarcoma,DOID:12002,sarcoma de tráquea
1,DOID:12003,trachea squamous cell carcinoma,DOID:12003,carcinoma de células escamosas de tráquea
1,DOID:1201,trigeminal nerve neoplasm,DOID:1201,neoplasia del nervio trigémino
1,DOID:12010,anterior ischemic optic neuropathy,DOID:12010,neuropatía óptica isquémica anterior
1,DOID:12016,frontal lobe neoplasm,DOID:12016,neoplasia del lóbulo frontal
1,DOID:12028,Conn's syndrome,DOID:12028,síndrome de Conn
1,DOID:12029,sympathetic ophthalmia,DOID:12029,oftalmia simpática
1,DOID:1203,drug-induced mental disorder,DOID:1203,trastorno mental inducido por drogas
1,DOID:12030,panuveitis,DOID:12030,panuveitis
1,DOID:12043,kernicterus due to isoimmunization,DOID:12043,kernicterus por isoinmunización
1,DOID:1205,allergic disease,DOID:1205,enfermedad alérgica
1,DOID:12053,cryptococcosis,DOID:12053,criptococosis
1,DOID:12055,sarcoid meningitis,DOID:12055,meningitis sarcoidea
1,DOID:1206,Rett syndrome,DOID:1206,síndrome de Rett
1,DOID:12064,mediastinum neurofibroma,DOID:12064,neurofibroma del mediastino
1,DOID:12070,Dieulafoy lesion,DOID:12070,lesión de Dieulafoy
1,DOID:12072,pylorospasm,DOID:12072,pilorospasmo
1,DOID:12084,transient arthropathy,DOID:12084,artropatía transitoria
1,DOID:12087,deep corneal vascularisation,DOID:12087,vascularización corneal profunda
1,DOID:1209,nutritional optic neuropathy,DOID:1209,neuropatía óptica nutricional
1,DOID:12096,sodoku disease,DOID:12096,enfermedad del sodoku
1,DOID:12098,trigeminal neuralgia,DOID:12098,neuralgia del trigémino
1,DOID:121,vaginal disease,DOID:121,enfermedad vaginal
1,DOID:1210,optic neuritis,DOID:1210,neuritis óptica
1,DOID:12105,inflammatory spondylopathy,DOID:12105,espondilopatía inflamatoria
1,DOID:12108,bullous retinoschisis,DOID:12108,retinosquisis bullosa
1,DOID:12117,pulmonary alveolar microlithiasis,DOID:12117,microlitiasis alveolar pulmonar
1,DOID:12118,pulmonary hemosiderosis,DOID:12118,hemosiderosis pulmonar
1,DOID:12119,hemosiderosis,DOID:12119,hemosiderosis
1,DOID:12120,pulmonary alveolar proteinosis,DOID:12120,proteinosis alveolar pulmonar
1,DOID:12123,postinflammatory pulmonary fibrosis,DOID:12123,fibrosis pulmonar postinflamatoria
1,DOID:12124,episcleritis periodica fugax,DOID:12124,episcleritis periodica fugax
1,DOID:12125,neurotrophic keratoconjunctivitis,DOID:12125,queratoconjuntivitis neurotrófica
1,DOID:12128,pica disease,DOID:12128,enfermedad de la pica
1,DOID:12129,bulimia nervosa,DOID:12129,bulimia nerviosa
1,DOID:12132,granulomatosis with polyangiitis,DOID:12132,granulomatosis con poliangeítis
1,DOID:12134,factor VIII deficiency,DOID:12134,deficiencia del factor VIII
1,DOID:12139,dysthymic disorder,DOID:12139,trastorno distímico
1,DOID:1214,tympanosclerosis,DOID:1214,timpanoesclerosis
1,DOID:12140,Chagas disease,DOID:12140,enfermedad de Chagas
1,DOID:12143,neurogenic bladder,DOID:12143,vejiga neurógena
1,DOID:12144,low compliance bladder,DOID:12144,vejiga de baja compliance
1,DOID:12145,detrusor sphincter dyssynergia,DOID:12145,disinergia del esfínter detrusor
1,DOID:12148,alveolar echinococcosis,DOID:12148,equinococosis alveolar
1,DOID:12155,lymphocytic choriomeningitis,DOID:12155,coriomeningitis linfocítica
1,DOID:12156,arachnoiditis,DOID:12156,aracnoiditis
1,DOID:12157,aseptic meningitis,DOID:12157,meningitis aséptica
1,DOID:12161,peripheral retinal degeneration,DOID:12161,degeneración periférica de la retina
1,DOID:12162,pseudoretinitis pigmentosa,DOID:12162,pseudorretinitis pigmentosa
1,DOID:12163,senile reticular retinal degeneration,DOID:12163,degeneración retiniana reticular senil
1,DOID:12164,Blessig's cysts,DOID:12164,quistes de Blessig
1,DOID:12165,retinal lattice degeneration,DOID:12165,degeneración reticular retiniana
1,DOID:12166,cobblestone retinal degeneration,DOID:12166,degeneración retiniana en empedrado
1,DOID:12167,secondary vitreoretinal degeneration,DOID:12167,degeneración vitreorretiniana secundaria
1,DOID:12168,ulnar nerve lesion,DOID:12168,lesión del nervio cubital
1,DOID:12169,carpal tunnel syndrome,DOID:12169,síndrome del túnel carpiano
1,DOID:1217,fascioloidiasis,DOID:1217,fascioloidiasis
1,DOID:12170,radial nerve lesion,DOID:12170,lesión del nervio radial
1,DOID:12171,radial neuropathy,DOID:12171,neuropatía radial
1,DOID:12175,dyshormonogenic goiter,DOID:12175,bocio dishormonogénico
1,DOID:12176,goiter,DOID:12176,bocio
1,DOID:12177,common variable immunodeficiency,DOID:12177,Inmunodeficiencia común variable
1,DOID:12179,tinea corporis,DOID:12179,tiña corporal
1,DOID:1218,echinostomiasis,DOID:1218,equinostomiasis
1,DOID:12185,otosclerosis,DOID:12185,otosclerosis
1,DOID:1219,dicrocoeliasis,DOID:1219,dicrocoeliasis
1,DOID:12190,descending colon cancer,DOID:12190,cáncer de colon descendente
1,DOID:12191,splenic flexure cancer,DOID:12191,cáncer de la flexura esplénica
1,DOID:12192,sigmoid colon cancer,DOID:12192,cáncer de colon sigmoide
1,DOID:12196,superficial keratitis,DOID:12196,queratitis superficial
1,DOID:12197,punctate epithelial keratoconjunctivitis,DOID:12197,queratoconjuntivitis epitelial punteada
1,DOID:12205,dengue disease,DOID:12205,enfermedad del dengue
1,DOID:12206,dengue hemorrhagic fever,DOID:12206,dengue hemorrágico
1,DOID:12211,filarial elephantiasis,DOID:12211,elefantiasis filarial
1,DOID:12215,oligohydramnios,DOID:12215,oligohidramnios
1,DOID:12217,Lewy body dementia,DOID:12217,demencia por cuerpos de Lewy
1,DOID:1222,cartilage disease,DOID:1222,enfermedad del cartílago
1,DOID:12223,specific bursitis often of occupational origin,DOID:12223,bursitis específica a menudo de origen profesional
1,DOID:12225,Plica syndrome,DOID:12225,síndrome de Plica
1,DOID:12234,cascade stomach,DOID:12234,estómago en cascada
1,DOID:12236,primary biliary cholangitis,DOID:12236,colangitis biliar primaria
1,DOID:12237,bile reflux,DOID:12237,reflujo biliar
1,DOID:12239,anal margin squamous cell carcinoma,DOID:12239,carcinoma de células escamosas del margen anal
1,DOID:12241,beta thalassemia,DOID:12241,beta talasemia
1,DOID:12246,histoplasmosis meningitis,DOID:12246,meningitis por histoplasmosis
1,DOID:12253,testicular lymphoma,DOID:12253,linfoma testicular
1,DOID:12257,medulloadrenal hyperfunction,DOID:12257,hiperfunción medulo-suprarrenal
1,DOID:12259,hemophilia B,DOID:12259,hemofilia B
1,DOID:12265,chronic salpingo-oophoritis,DOID:12265,salpingo-ooforitis crónica
1,DOID:1227,neutropenia,DOID:1227,neutropenia
1,DOID:12270,coloboma,DOID:12270,coloboma
1,DOID:12271,aniridia,DOID:12271,aniridia
1,DOID:12273,anisometropia,DOID:12273,anisometropía
1,DOID:12275,cutaneous diphtheria,DOID:12275,difteria cutánea
1,DOID:12276,malignant tumor of undescended testis,DOID:12276,tumor maligno de testículo no descendido
1,DOID:12282,femoral vein thrombophlebitis,DOID:12282,tromboflebitis de la vena femoral
1,DOID:12286,testicular leukemia,DOID:12286,leucemia testicular
1,DOID:12287,Crimean-Congo hemorrhagic fever,DOID:12287,fiebre hemorrágica de Crimea-Congo
1,DOID:1229,paranoid schizophrenia,DOID:1229,esquizofrenia paranoide
1,DOID:12294,atypical depressive disorder,DOID:12294,trastorno depresivo atípico
1,DOID:12297,Vogt-Koyanagi-Harada disease,DOID:12297,enfermedad de Vogt-Koyanagi-Harada
1,DOID:12298,intrahepatic gall duct cancer,DOID:12298,cáncer de vesícula biliar intrahepática
1,DOID:12304,conjunctival pigmentation,DOID:12304,pigmentación conjuntival
1,DOID:12305,Bloch-Sulzberger syndrome,DOID:12305,síndrome de Bloch-Sulzberger
1,DOID:12306,vitiligo,DOID:12306,vitíligo
1,DOID:12307,anterior corneal pigmentation,DOID:12307,pigmentación corneal anterior
1,DOID:12308,Dubin-Johnson syndrome,DOID:12308,síndrome de Dubin-Johnson
1,DOID:12309,urticaria pigmentosa,DOID:12309,urticaria pigmentosa
1,DOID:12311,stromal corneal pigmentation,DOID:12311,pigmentación corneal estromal
1,DOID:12318,granular corneal dystrophy,DOID:12318,distrofia corneal granular
1,DOID:12323,cough variant asthma,DOID:12323,asma variante de la tos
1,DOID:12325,kyphoscoliotic heart disease,DOID:12325,cardiopatía cifoescoliótica
1,DOID:12326,chronic pulmonary heart disease,DOID:12326,cardiopatía pulmonar crónica
1,DOID:12328,marasmus,DOID:12328,marasmo
1,DOID:1233,transvestism,DOID:1233,travestismo
1,DOID:12332,hematocele of tunica vaginalis testis,DOID:12332,hematocele de túnica vaginalis testis
1,DOID:12333,male genital organ stricture,DOID:12333,estenosis del órgano genital masculino
1,DOID:12335,male genital organ vascular disease,DOID:12335,enfermedad vascular del órgano genital masculino
1,DOID:12336,male infertility,DOID:12336,infertilidad masculina
1,DOID:12337,varicocele,DOID:12337,varicocele
1,DOID:12339,retroperitoneal lymphoma,DOID:12339,linfoma retroperitoneal
1,DOID:1234,gender incongruence,DOID:1234,incongruencia de género
1,DOID:12341,retroperitoneal sarcoma,DOID:12341,sarcoma retroperitoneal
1,DOID:12342,retroperitoneum carcinoma,DOID:12342,carcinoma retroperitoneal
1,DOID:12347,osteogenesis imperfecta,DOID:12347,osteogénesis imperfecta
1,DOID:12349,primary eye hypotony,DOID:12349,hipotonía ocular primaria
1,DOID:1235,fetishism,DOID:1235,fetichismo
1,DOID:12351,alcoholic hepatitis,DOID:12351,hepatitis alcohólica
1,DOID:12355,prostatocystitis,DOID:12355,prostatocistitis
1,DOID:12357,viral labyrinthitis,DOID:12357,laberintitis vírica
1,DOID:12358,patulous eustachian tube,DOID:12358,trompa de Eustaquio patulosa
1,DOID:12359,endocrine exophthalmos,DOID:12359,exoftalmos endocrino
1,DOID:12360,lateral displacement of eye,DOID:12360,desplazamiento lateral del ojo
1,DOID:12361,Graves' disease,DOID:12361,enfermedad de Graves
1,DOID:12362,thyrotoxic exophthalmos,DOID:12362,exoftalmos tirotóxico
1,DOID:12363,intermittent proptosis,DOID:12363,proptosis intermitente
1,DOID:12364,pulsating exophthalmos,DOID:12364,exoftalmos pulsátil
1,DOID:12365,malaria,DOID:12365,paludismo
1,DOID:12369,prolapse of urethra,DOID:12369,prolapso de uretra
1,DOID:1237,corneal degeneration,DOID:1237,degeneración corneal
1,DOID:12375,bronchopneumonia,DOID:12375,bronconeumonía
1,DOID:12376,juvenile spinal muscular atrophy,DOID:12376,atrofia muscular espinal juvenil
1,DOID:12377,spinal muscular atrophy,DOID:12377,atrofia muscular espinal
1,DOID:12382,complex partial epilepsy,DOID:12382,epilepsia parcial compleja
1,DOID:12384,dysentery,DOID:12384,disentería
1,DOID:12385,shigellosis,DOID:12385,shigelosis
1,DOID:12386,balantidiasis,DOID:12386,balantidiasis
2,DOID:12387,nephrogenic diabetes insipidus,DOID:12387,Diabetes insípida nefrogénica
1,DOID:12388,neurohypophyseal diabetes insipidus,DOID:12388,diabetes insípida neurohipofisaria
1,DOID:12395,spastic entropion,DOID:12395,entropión espástico
1,DOID:12397,entropion,DOID:12397,entropión
1,DOID:12399,pathological gambling,DOID:12399,ludopatía
1,DOID:1240,leukemia,DOID:1240,leucemia
1,DOID:12400,kleptomania,DOID:12400,cleptomanía
1,DOID:12401,intermittent explosive disorder,DOID:12401,trastorno explosivo intermitente
1,DOID:12402,pyromania,DOID:12402,piromanía
1,DOID:12403,tinea pedis,DOID:12403,tinea pedis
1,DOID:1241,luxation of globe,DOID:1241,luxación del globo
1,DOID:1242,globe disease,DOID:1242,enfermedad del globo ocular
1,DOID:12424,thyrocalcitonin secretion disease,DOID:12424,enfermedad de la secreción de tirocalcitonina
1,DOID:1243,labia minora cancer,DOID:1243,cáncer de labios menores
1,DOID:12445,conjugate gaze palsy,DOID:12445,parálisis de la mirada conjugada
1,DOID:12449,aplastic anemia,DOID:12449,anemia aplásica
1,DOID:1245,vulva cancer,DOID:1245,cáncer de vulva
1,DOID:12450,pancytopenia,DOID:12450,pancitopenia
1,DOID:12451,sulfhemoglobinemia,DOID:12451,sulfhemoglobinemia
1,DOID:12465,secondary hyperparathyroidism of renal origin,DOID:12465,hiperparatiroidismo secundario de origen renal
1,DOID:12466,secondary hyperparathyroidism,DOID:12466,hiperparatiroidismo secundario
1,DOID:1247,blood coagulation disease,DOID:1247,enfermedad de la coagulación sanguínea
1,DOID:12474,capillariasis,DOID:12474,capilariasis
1,DOID:12475,pes anserinus tendinitis or bursitis,DOID:12475,tendinitis o bursitis del pie anserino
1,DOID:1248,ocular hyperemia,DOID:1248,hiperemia ocular
1,DOID:12491,Vagus nerve disease,DOID:12491,enfermedad del nervio vago
1,DOID:125,vagina leiomyoma,DOID:125,leiomioma vaginal
1,DOID:12506,Bell's palsy,DOID:12506,parálisis de Bell
1,DOID:1251,tuberculous epididymitis,DOID:1251,epididimitis tuberculosa
1,DOID:12510,retinal ischemia,DOID:12510,isquemia retiniana
1,DOID:12514,retinal perforation,DOID:12514,perforación retiniana
1,DOID:1252,trichuriasis,DOID:1252,tricuriasis
1,DOID:12522,bagassosis,DOID:12522,bagazosis
1,DOID:12524,plantar nerve lesion,DOID:12524,lesión del nervio plantar
1,DOID:12526,tarsal tunnel syndrome,DOID:12526,síndrome del túnel tarsiano
1,DOID:12527,common peroneal nerve lesion,DOID:12527,lesión del nervio peroneo común
1,DOID:12528,lesion of sciatic nerve,DOID:12528,lesión del nervio ciático
1,DOID:12529,tibial nerve palsy,DOID:12529,parálisis del nervio tibial
1,DOID:12531,von Willebrand's disease,DOID:12531,enfermedad de von Willebrand
1,DOID:12537,hypermobility of coccyx,DOID:12537,hipermovilidad del cóccix
1,DOID:1254,trichostrongylosis,DOID:1254,tricostrongilosis
1,DOID:12546,atrophic nonflaccid tympanic membrane,DOID:12546,membrana timpánica atrófica no flácida
1,DOID:12549,hepatitis A,DOID:12549,hepatitis A
1,DOID:1255,trichostrongyloidiasis,DOID:1255,tricostrongiloidiasis
1,DOID:12550,hepatic coma,DOID:12550,coma hepático
1,DOID:12554,hemolytic-uremic syndrome,DOID:12554,síndrome urémico hemolítico
1,DOID:12556,acute kidney tubular necrosis,DOID:12556,necrosis tubular renal aguda
1,DOID:12557,Duane retraction syndrome,DOID:12557,síndrome de retracción de Duane
1,DOID:12558,chronic progressive external ophthalmoplegia,DOID:12558,oftalmoplejia externa progresiva crónica
1,DOID:12559,idiopathic juvenile osteoporosis,DOID:12559,osteoporosis juvenil idiopática
1,DOID:12566,ulceration of vulva,DOID:12566,ulceración de la vulva
1,DOID:12568,dyscalculia,DOID:12568,discalculia
1,DOID:12570,phacolytic glaucoma,DOID:12570,glaucoma facolítico
NA,DOID:12571,phacogenic glaucoma,DOID:12571,NA
NA,DOID:12573,neonatal thyrotoxicosis,DOID:12573,NA
1,DOID:12574,posterior uveitis,DOID:12574,uveítis posterior
NA,DOID:12577,urethral obstruction,DOID:12577,NA
NA,DOID:12580,Cri-Du-Chat syndrome,DOID:12580,NA
NA,DOID:12581,olecranon bursitis,DOID:12581,NA
NA,DOID:12583,velocardiofacial syndrome,DOID:12583,NA
2,DOID:12594,Potter's syndrome,DOID:12594,Síndrome de Potter
NA,DOID:1260,parametritis,DOID:1260,NA
2,DOID:12603,acute leukemia,DOID:12603,Leucemia aguda
NA,DOID:12637,perineocele,DOID:12637,NA
NA,DOID:12638,hypertrophic pyloric stenosis,DOID:12638,NA
1,DOID:12639,pyloric stenosis,DOID:12639,estenosis pilórica
1,DOID:12641,displacement of cardia through esophageal hiatus,DOID:12641,desplazamiento del cardias a través del hiato esofágico
1,DOID:12642,hiatus hernia,DOID:12642,hernia del hiato
1,DOID:12657,vestibulocochlear nerve disease,DOID:12657,enfermedades del nervio vestibulococlear
1,DOID:12661,tooth ankylosis,DOID:12661,anquilosis dental
1,DOID:12662,paracoccidioidomycosis,DOID:12662,paracoccidioidomicosis
1,DOID:12663,blastomycosis,DOID:12663,blastomicosis
1,DOID:12667,binocular vision disease,DOID:12667,enfermedad de la visión binocular
1,DOID:12668,abnormal retinal correspondence,DOID:12668,correspondencia retiniana anormal
1,DOID:12678,hypercalcemia,DOID:12678,hipercalcemia
1,DOID:12679,nephrocalcinosis,DOID:12679,nefrocalcinosis
1,DOID:12680,pseudobulbar palsy,DOID:12680,parálisis pseudobulbar
1,DOID:12683,vestibular neuronitis,DOID:12683,neuronitis vestibular
1,DOID:12685,mixed receptive-expressive language disorder,DOID:12685,trastorno mixto del lenguaje receptivo-expresivo
1,DOID:12689,acoustic neuroma,DOID:12689,neurinoma del acústico
1,DOID:12697,locked-in syndrome,DOID:12697,síndrome de enclaustramiento
1,DOID:12698,gynecomastia,DOID:12698,ginecomastia
1,DOID:127,leiomyoma,DOID:127,leiomioma
1,DOID:1270,hereditary hemorrhagic telangiectasia,DOID:1270,hereditary hemorrhagic telangiectasia
1,DOID:12700,hyperprolactinemia,DOID:12700,hiperprolactinemia
1,DOID:12704,ataxia telangiectasia,DOID:12704,ataxia telangiectasia
1,DOID:12705,Friedreich ataxia,DOID:12705,ataxia de Friedreich
1,DOID:12707,myoclonic cerebellar dyssynergia,DOID:12707,disinergia cerebelosa mioclónica
1,DOID:1271,capillary disease,DOID:1271,La enfermedad capilar
1,DOID:12711,black piedra,DOID:12711,piedra negra
1,DOID:12712,nephronophthisis,DOID:12712,nefronophthisis
1,DOID:12714,Ellis-Van Creveld syndrome,DOID:12714,Síndrome de Ellis-Van Creveld
1,DOID:12716,newborn respiratory distress syndrome,DOID:12716,síndrome de dificultad respiratoria neonatal
1,DOID:12718,chronic gonococcal salpingitis,DOID:12718,salpingitis gonocócica crónica
1,DOID:1272,telangiectasis,DOID:1272,telangiectasias
1,DOID:12720,cerebral atherosclerosis,DOID:12720,aterosclerosis cerebral
1,DOID:12721,multiple epiphyseal dysplasia,DOID:12721,displasia epifisaria múltiple
1,DOID:1273,respiratory syncytial virus infectious disease,DOID:1273,virus respiratorio sincitial enfermedad infecciosa
1,DOID:12731,pars planitis,DOID:12731,pars planitis
1,DOID:12732,intermediate uveitis,DOID:12732,uveítis intermedia
1,DOID:12733,hypercementosis,DOID:12733,hipercementosis
1,DOID:12735,hernia of ovary and fallopian tube,DOID:12735,hernia de ovario y trompa de falopio
1,DOID:12750,cyclosporiasis,DOID:12750,ciclosporiasis
1,DOID:12753,corneal staphyloma,DOID:12753,estafiloma córneo
1,DOID:12756,lacrimal duct cancer,DOID:12756,cáncer de conducto lagrimal
1,DOID:12759,choroid cancer,DOID:12759,cáncer de coroides
1,DOID:1278,tolosa-hunt syndrome,DOID:1278,síndrome de tolosa-hunt
1,DOID:12782,cicatricial ectropion,DOID:12782,ectropión cicatricial
1,DOID:12783,migraine without aura,DOID:12783,migraña sin aura
1,DOID:12785,diabetic polyneuropathy,DOID:12785,polineuropatía diabética
1,DOID:1279,ocular motility disease,DOID:1279,enfermedad de la motilidad ocular
1,DOID:12797,hallucinogen abuse,DOID:12797,abuso de alucinógenos
1,DOID:12798,mucopolysaccharidosis,DOID:12798,mucopolisacaridosis
1,DOID:12799,mucopolysaccharidosis II,DOID:12799,mucopolisacaridosis II
1,DOID:12800,mucopolysaccharidosis VI,DOID:12800,mucopolisacaridosis VI
1,DOID:12801,mucopolysaccharidosis III,DOID:12801,mucopolisacaridosis III
1,DOID:12802,mucopolysaccharidosis I,DOID:12802,mucopolisacaridosis I
1,DOID:12803,Sly syndrome,DOID:12803,Síndrome de Sly
1,DOID:12804,mucopolysaccharidosis IV,DOID:12804,mucopolisacaridosis IV
1,DOID:12809,chronic lacrimal gland enlargement,DOID:12809,agrandamiento crónico de la glándula lagrimal
1,DOID:1283,enterocele,DOID:1283,enterocele
1,DOID:12835,quadriplegia,DOID:12835,cuadriplejia
1,DOID:12836,senile entropion,DOID:12836,entropión senil
1,DOID:12837,thyroid crisis,DOID:12837,crisis tiroidea
1,DOID:1284,prolapse of female genital organ,DOID:1284,prolapso de órgano genital femenino
1,DOID:12841,ancylostomiasis,DOID:12841,ancilostomiasis
1,DOID:12842,Guillain-Barre syndrome,DOID:12842,Síndrome de Guillain-Barré
1,DOID:12849,autistic disorder,DOID:12849,trastorno autista
1,DOID:1285,rectal disease,DOID:1285,enfermedad rectal
1,DOID:12857,Achilles bursitis,DOID:12857,Bursitis aquella
1,DOID:12858,Huntington's disease,DOID:12858,Enfermedad de Huntington
1,DOID:12859,choreatic disease,DOID:12859,enfermedad coreatica
1,DOID:1287,cardiovascular system disease,DOID:1287,enfermedad del sistema cardiovascular
1,DOID:12883,hypochondriasis,DOID:12883,hipocondría
1,DOID:12889,Miller Fisher syndrome,DOID:12889,Síndrome Miller Fisher
1,DOID:1289,neurodegenerative disease,DOID:1289,enfermedad neurodegenerativa
1,DOID:12894,Sjogren's syndrome,DOID:12894,Síndrome de Sjogren
1,DOID:12895,keratoconjunctivitis sicca,DOID:12895,queratoconjuntivitis seca
1,DOID:12897,submandibular gland disease,DOID:12897,enfermedad de la glándula submandibular
1,DOID:12899,benign lymphoepithelial lesion of salivary gland,DOID:12899,lesión linfoepitelial benigna de la glándula salival
1,DOID:12900,Mikulicz disease,DOID:12900,Enfermedad de Mikulicz
1,DOID:12901,necrotizing sialometaplasia,DOID:12901,sialometaplasia necrotizante
1,DOID:12904,mucocele of salivary gland,DOID:12904,mucocele de glándula salival
1,DOID:12905,sialolithiasis,DOID:12905,sialolitiasis
1,DOID:12918,thromboangiitis obliterans,DOID:12918,tromboangeítis obliterante
1,DOID:12919,Plasmodium ovale malaria,DOID:12919,Plasmodium ovale malaria
1,DOID:12926,hypodermyiasis,DOID:12926,hipodermiasis
1,DOID:12927,screw worm infectious disease,DOID:12927,enfermedad infecciosa del gusano barrenador
1,DOID:12929,endocardial fibroelastosis,DOID:12929,fibroelastosis endocárdica
1,DOID:1293,labia minora carcinoma,DOID:1293,carcinoma de labios menores
1,DOID:12930,dilated cardiomyopathy,DOID:12930,Miocardiopatía dilatada
1,DOID:12932,endomyocardial fibrosis,DOID:12932,fibrosis endomiocárdica
1,DOID:12934,Kearns-Sayre syndrome,DOID:12934,Síndrome de Kearns-Sayre
1,DOID:12935,alcoholic cardiomyopathy,DOID:12935,cardiomiopatía alcohólica
1,DOID:1294,vulva carcinoma,DOID:1294,carcinoma de vulva
1,DOID:12958,paralytic lagophthalmos,DOID:12958,lagoftalmos paralítico
1,DOID:12959,lagophthalmos,DOID:12959,lagoftalmos
1,DOID:12960,acrocephalosyndactylia,DOID:12960,acrocefalosindactilia
1,DOID:12965,subleukemic leukemia,DOID:12965,leucemia subleucémica
1,DOID:12969,central nervous system leukemia,DOID:12969,leucemia del sistema nervioso central
1,DOID:12972,intrapelvic lymph node leukemic reticuloendotheliosis,DOID:12972,reticuloendoteliosis leucémica de los ganglios linfáticos intrapélvicos
1,DOID:12978,Plasmodium vivax malaria,DOID:12978,Plasmodium vivax malaria
1,DOID:12984,vagus nerve neoplasm,DOID:12984,neoplasia del nervio vago
1,DOID:12986,leukostasis,DOID:12986,leucostasis
1,DOID:12987,agranulocytosis,DOID:12987,agranulocitosis
1,DOID:12995,conduct disorder,DOID:12995,trastorno de conducta
1,DOID:12996,acute dacryocystitis,DOID:12996,dacriocistitis aguda
1,DOID:12997,Phlegmonous dacryocystitis,DOID:12997,Dacriocistitis flemonosa
1,DOID:13001,carotid stenosis,DOID:13001,estenosis carotídea
1,DOID:13002,subclavian steal syndrome,DOID:13002,síndrome de robo de la subclavia
1,DOID:13003,vertebrobasilar insufficiency,DOID:13003,insuficiencia vertebrobasilar
1,DOID:13005,intra-abdominal lymph node mast cell malignancy,DOID:13005,neoplasia de mastocitos de los ganglios linfáticos intraabdominales
1,DOID:13014,shipyard eye,DOID:13014,ojo de astillero
1,DOID:13025,retinopathy of prematurity,DOID:13025,retinopatía de la prematuridad
1,DOID:13026,lobomycosis,DOID:13026,lobomicosis
1,DOID:13027,transient global amnesia,DOID:13027,amnesia global transitoria
1,DOID:13031,balanoposthitis,DOID:13031,balanopostitis
1,DOID:13033,balanitis,DOID:13033,balanitis
1,DOID:13034,relapsing fever,DOID:13034,fiebre recurrente
1,DOID:13035,louse-borne relapsing fever,DOID:13035,fiebre recurrente transmitida por piojos
1,DOID:13036,tick-borne relapsing fever,DOID:13036,fiebre recurrente transmitida por garrapatas
1,DOID:13037,mechanical lagophthalmos,DOID:13037,lagoftalmos mecánico
1,DOID:13038,cicatricial lagophthalmos,DOID:13038,lagoftalmos cicatricial
1,DOID:13042,persistent fetal circulation syndrome,DOID:13042,síndrome de circulación fetal persistente
1,DOID:13046,acute sphenoidal sinusitis,DOID:13046,sinusitis esfenoidal aguda
1,DOID:13050,corpus luteum cyst,DOID:13050,quiste del cuerpo lúteo
1,DOID:13060,traumatic glaucoma,DOID:13060,glaucoma traumático
1,DOID:13068,renal osteodystrophy,DOID:13068,osteodistrofia renal
1,DOID:1307,dementia,DOID:1307,demencia
1,DOID:13072,acquired hyperkeratosis,DOID:13072,hiperqueratosis adquirida
1,DOID:13074,tinea unguium,DOID:13074,tiña ungueal
1,DOID:13078,eumycotic mycetoma,DOID:13078,micetoma eumicótico
1,DOID:13080,Jaccoud's syndrome,DOID:13080,Síndrome de Jaccoud
1,DOID:13081,hemangioma of subcutaneous tissue,DOID:13081,hemangioma de tejido subcutáneo
1,DOID:13087,Lown-Ganong-Levine syndrome,DOID:13087,Síndrome de Lown-Ganong-Levine
1,DOID:13088,periventricular leukomalacia,DOID:13088,leucomalacia periventricular
1,DOID:13089,intracranial arterial disease,DOID:13089,enfermedad arterial intracraneal
1,DOID:13094,branch retinal artery occlusion,DOID:13094,oclusión de rama arterial retiniana
1,DOID:13095,vertebral artery insufficiency,DOID:13095,insuficiencia de la arteria vertebral
1,DOID:13096,Sneddon syndrome,DOID:13096,Síndrome de Sneddon
1,DOID:13097,intracranial arteriosclerosis,DOID:13097,arteriosclerosis intracraneal
1,DOID:13098,central retinal artery occlusion,DOID:13098,oclusión de la arteria central de la retina
1,DOID:13099,Moyamoya disease,DOID:13099,Enfermedad de Moyamoya
1,DOID:13100,intracranial vasospasm,DOID:13100,vasoespasmo intracraneal
1,DOID:13109,bladder leiomyoma,DOID:13109,leiomioma vesical
1,DOID:13110,bladder squamous papilloma,DOID:13110,papiloma escamoso vesical
1,DOID:13112,mechanical entropion,DOID:13112,entropión mecánico
1,DOID:13113,cicatricial entropion,DOID:13113,cicatricial entropion
1,DOID:13117,paronychia,DOID:13117,paroniquia
1,DOID:1312,focal segmental glomerulosclerosis,DOID:1312,glomeruloesclerosis segmentaria focal
1,DOID:13120,protein-deficiency anemia,DOID:13120,protein-deficiency anemia
1,DOID:13121,deficiency anemia,DOID:13121,deficiencia de anemia
1,DOID:13127,gonococcal spondylitis,DOID:13127,espondilitis gonocócica
1,DOID:13129,severe pre-eclampsia,DOID:13129,preeclampsia grave
1,DOID:13133,HELLP syndrome,DOID:13133,Síndrome HELLP
1,DOID:13134,hordeolum externum,DOID:13134,hordeolum externum
1,DOID:13135,exophthalmic ophthalmoplegia,DOID:13135,oftalmoplejia exoftálmica
1,DOID:13137,Werdnig-Hoffmann disease,DOID:13137,Enfermedad de Werdnig-Hoffmann
1,DOID:13138,acute proliferative glomerulonephritis,DOID:13138,glomerulonefritis proliferativa aguda
1,DOID:13139,crescentic glomerulonephritis,DOID:13139,glomerulonefritis semilunar
1,DOID:13140,suppurative uveitis,DOID:13140,uveítis purulenta
1,DOID:13141,uveitis,DOID:13141,uveítis
1,DOID:13143,benign secondary hypertension,DOID:13143,hipertensión secundaria benigna
1,DOID:13145,benign renovascular hypertension,DOID:13145,hipertensión renovascular benigna
1,DOID:13146,esophageal candidiasis,DOID:13146,candidiasis esofágica
1,DOID:13147,fungal esophagitis,DOID:13147,fungal esophagitis
1,DOID:13148,acute cystitis,DOID:13148,cistitis aguda
1,DOID:13159,scrotum squamous cell carcinoma,DOID:13159,carcinoma de células escamosas del escroto
1,DOID:13160,scrotum melanoma,DOID:13160,melanoma de escroto
1,DOID:13166,allergic bronchopulmonary aspergillosis,DOID:13166,aspergilosis broncopulmonar alérgica
1,DOID:13168,prepuce cancer,DOID:13168,cáncer de prepucio
1,DOID:13169,spermatic cord cancer,DOID:13169,cáncer de cordón espermático
1,DOID:13174,dissociated nystagmus,DOID:13174,nistagmus disociado
1,DOID:13185,esophageal diverticulosis,DOID:13185,diverticulosis esofágica
1,DOID:13186,megaesophagus,DOID:13186,megaesófago
1,DOID:13189,gout,DOID:13189,Gota
1,DOID:1319,brain cancer,DOID:1319,cáncer cerebral
1,DOID:13195,nontoxic goiter,DOID:13195,bocio no tóxico
1,DOID:13196,lingual goiter,DOID:13196,bocio lingual
1,DOID:13197,nodular goiter,DOID:13197,bocio nodular
1,DOID:13198,endemic goiter,DOID:13198,bocio endémico
1,DOID:13200,substernal goiter,DOID:13200,bocio subesternal
1,DOID:13206,nodular prostate,DOID:13206,próstata nodular
1,DOID:13207,proliferative diabetic retinopathy,DOID:13207,retinopatía diabética proliferativa
1,DOID:13208,background diabetic retinopathy,DOID:13208,antecedentes retinopatía diabética
1,DOID:13209,right bundle branch block,DOID:13209,bloqueo de rama derecha
1,DOID:13214,hole retinal cyst,DOID:13214,quiste retiniano perforado
1,DOID:13222,submucous uterine fibroid,DOID:13222,fibroma uterino submucoso
1,DOID:13223,uterine fibroid,DOID:13223,fibroma uterino
1,DOID:13226,oculoglandular tularemia,DOID:13226,tularemia oculoglandular
1,DOID:13227,retinal dystrophies primarily involving Bruch's membrane,DOID:13227,distrofias retinianas que afectan principalmente a la membrana de Bruch
1,DOID:13238,Haverhill fever,DOID:13238,Fiebre de Haverhill
1,DOID:13239,internal pathological resorption,DOID:13239,reabsorción patológica interna
NA,DOID:1324,lung cancer,DOID:1324,NA
1,DOID:13240,tooth resorption,DOID:13240,reabsorción dental
1,DOID:13241,Behcet's disease,DOID:13241,Enfermedad de Behcet
1,DOID:13248,mucocele of appendix,DOID:13248,mucocele apendicular
1,DOID:13249,pneumatosis cystoides intestinalis,DOID:13249,neumatosis cistoide intestinal
1,DOID:1325,bronchus cancer,DOID:1325,cáncer de bronquios
1,DOID:13250,diarrhea,DOID:13250,diarrea
1,DOID:13252,mesenteric vascular occlusion,DOID:13252,oclusión vascular mesentérica
1,DOID:13254,diverticulitis of colon,DOID:13254,diverticulitis de colon
1,DOID:13258,typhoid fever,DOID:13258,fiebre tifoidea
1,DOID:13268,porphyria,DOID:13268,porfiria
1,DOID:13269,hereditary coproporphyria,DOID:13269,coproporfiria hereditaria
1,DOID:13270,erythropoietic protoporphyria,DOID:13270,protoporfiria eritropoyética
1,DOID:13271,cutaneous porphyria,DOID:13271,porfiria cutánea
1,DOID:13272,Klebsiella pneumonia,DOID:13272,Neumonía por Klebsiella
1,DOID:13276,Mycoplasma pneumoniae pneumonia,DOID:13276,Neumonía por Mycoplasma pneumoniae
1,DOID:1328,Rift Valley fever,DOID:1328,Fiebre del Valle del Rift
1,DOID:13282,intestinal tuberculosis,DOID:13282,tuberculosis intestinal
1,DOID:13295,crater-like holes of optic disc,DOID:13295,agujeros en forma de cráter del disco óptico
1,DOID:133,vaginal Mullerian papilloma,DOID:133,papiloma mülleriano vaginal
1,DOID:13300,Scheuermann's disease,DOID:13300,Enfermedad de Scheuermann
1,DOID:13306,diphtheritic cystitis,DOID:13306,cistitis diftérica
1,DOID:13310,diphtheritic peritonitis,DOID:13310,peritonitis diftérica
1,DOID:13313,pancreatic mucinous ductal ectasia,DOID:13313,ectasia ductal mucinosa pancreática
1,DOID:13316,exocrine pancreatic insufficiency,DOID:13316,insuficiencia pancreática exocrina
1,DOID:13317,hyperinsulinemic hypoglycemia,DOID:13317,hipoglucemia hiperinsulinémica
1,DOID:13326,chronic follicular conjunctivitis,DOID:13326,conjuntivitis folicular crónica
1,DOID:13327,anatomical narrow angle borderline glaucoma,DOID:13327,glaucoma borderline anatómico de ángulo estrecho
1,DOID:13328,diabetic cataract,DOID:13328,catarata diabética
1,DOID:13329,toxic optic neuropathy,DOID:13329,neuropatía óptica tóxica
1,DOID:13333,hypertrophy of tongue papillae,DOID:13333,hipertrofia de las papilas linguales
1,DOID:13341,parasitic conjunctivitis,DOID:13341,conjuntivitis parasitaria
1,DOID:13348,laryngeal cartilage cancer,DOID:13348,cáncer de cartílago laríngeo
1,DOID:13351,pedophilia,DOID:13351,pedofilia
1,DOID:13352,ego-dystonic sexual orientation,DOID:13352,orientación sexual ego-distónica
1,DOID:13353,diffuse interstitial keratitis,DOID:13353,queratitis intersticial difusa
1,DOID:13356,senile ectropion,DOID:13356,ectropión senil
1,DOID:13357,chondromalacia patellae,DOID:13357,condromalacia rotuliana
1,DOID:13359,Ehlers-Danlos syndrome,DOID:13359,síndrome de Ehlers-Danlos
1,DOID:13365,reading disorder,DOID:13365,trastorno de la lectura
1,DOID:13366,Stiff-Person syndrome,DOID:13366,Síndrome de la persona rígida
1,DOID:13368,tinea profunda,DOID:13368,tinea profunda
1,DOID:13369,tinea manuum,DOID:13369,tinea manuum
1,DOID:13371,scrub typhus,DOID:13371,tifus de los matorrales
1,DOID:13372,alpha 1-antitrypsin deficiency,DOID:13372,deficiencia de alfa 1-antitripsina
1,DOID:13374,fibrodysplasia ossificans progressiva,DOID:13374,fibrodisplasia osificante progresiva
1,DOID:13375,temporal arteritis,DOID:13375,arteritis temporal
1,DOID:13378,Kawasaki disease,DOID:13378,Enfermedad de Kawasaki
1,DOID:13381,pernicious anemia,DOID:13381,anemia perniciosa
1,DOID:13382,megaloblastic anemia,DOID:13382,anemia megaloblástica
1,DOID:13386,gastrointestinal anthrax,DOID:13386,carbunco gastrointestinal
1,DOID:13389,labia majora carcinoma,DOID:13389,carcinoma de labios mayores
1,DOID:13399,color blindness,DOID:13399,daltonismo
1,DOID:134,vaginal glandular tumor,DOID:134,tumor glandular vaginal
1,DOID:1340,pure red-cell aplasia,DOID:1340,aplasia pura de glóbulos rojos
1,DOID:13401,angioid streaks,DOID:13401,estrías angioides
1,DOID:13402,skin sarcoidosis,DOID:13402,sarcoidosis cutánea
1,DOID:13403,neurosarcoidosis,DOID:13403,neurosarcoidosis
1,DOID:13404,uveoparotid fever,DOID:13404,fiebre uveoparotídea
1,DOID:13405,cardiac sarcoidosis,DOID:13405,sarcoidosis cardíaca
1,DOID:13406,pulmonary sarcoidosis,DOID:13406,sarcoidosis pulmonar
1,DOID:13407,hypercalcemic sarcoidosis,DOID:13407,sarcoidosis hipercalcémica
1,DOID:13409,perforation of bile duct,DOID:13409,perforación de la vía biliar
1,DOID:13413,hepatic encephalopathy,DOID:13413,encefalopatía hepática
1,DOID:13417,alexia,DOID:13417,alexia
1,DOID:13419,neurogenic bowel,DOID:13419,intestino neurogénico
1,DOID:1343,urethritis,DOID:1343,uretritis
1,DOID:13431,bejel,DOID:13431,bejel
1,DOID:13444,glanders,DOID:13444,muermo
1,DOID:13446,basilar artery occlusion,DOID:13446,oclusión de la arteria basilar
1,DOID:13447,corneal argyrosis,DOID:13447,argirosis corneal
1,DOID:13448,posterior corneal pigmentation,DOID:13448,pigmentación corneal posterior
1,DOID:13450,coccidioidomycosis,DOID:13450,coccidioidomicosis
1,DOID:13452,scleritis,DOID:13452,escleritis
1,DOID:13453,gonococcal bursitis,DOID:13453,bursitis gonocócica
1,DOID:13454,gonococcal synovitis,DOID:13454,sinovitis gonocócica
1,DOID:13461,urethral intrinsic sphincter deficiency,DOID:13461,deficiencia del esfínter intrínseco uretral
1,DOID:13473,central pterygium,DOID:13473,pterigión central
1,DOID:13474,progressive peripheral pterygium,DOID:13474,pterigión periférico progresivo
1,DOID:13476,supraglottis cancer,DOID:13476,cáncer de supraglotis
1,DOID:13477,balanitis xerotica obliterans,DOID:13477,balanitis xerótica obliterante
1,DOID:13481,thanatophoric dysplasia,DOID:13481,displasia tanatofórica
1,DOID:13482,Proteus syndrome,DOID:13482,Síndrome de Proteus
1,DOID:13487,childhood disintegrative disease,DOID:13487,enfermedad desintegrativa infantil
1,DOID:13490,active cochleovestibular Meniere's disease,DOID:13490,enfermedad de Meniere cocleovestibular activa
1,DOID:13491,active vestibular Meniere's disease,DOID:13491,enfermedad de Meniere vestibular activa
1,DOID:13492,active cochlear Meniere's disease,DOID:13492,enfermedad de Meniere coclear activa
1,DOID:13498,urethral syndrome,DOID:13498,síndrome uretral
1,DOID:13499,jejunal cancer,DOID:13499,cáncer del yeyuno
1,DOID:135,benign vaginal carcinosarcoma,DOID:135,carcinosarcoma vaginal benigno
1,DOID:1350,paranasal sinus benign neoplasm,DOID:1350,neoplasia benigna del seno paranasal
1,DOID:13500,hairy tongue,DOID:13500,lengua vellosa
1,DOID:13501,Moebius syndrome,DOID:13501,Síndrome de Moebius
1,DOID:13507,trigonitis,DOID:13507,trigonitis
1,DOID:13514,venous tributary occlusion of retina,DOID:13514,oclusión venosa de la retina
2,DOID:13515,tuberous sclerosis,DOID:13515,esclerosis tuberosa
1,DOID:1352,paranasal sinus disease,DOID:1352,enfermedad de los senos paranasales
1,DOID:13520,neonatal infective mastitis,DOID:13520,mastitis infecciosa neonatal
1,DOID:13521,tetanus neonatorum,DOID:13521,tétanos neonatal
1,DOID:13523,loiasis,DOID:13523,loiasis
1,DOID:13533,osteopetrosis,DOID:13533,osteopetrosis
1,DOID:13534,purulent labyrinthitis,DOID:13534,laberintitis purulenta
1,DOID:13538,cornea squamous cell carcinoma,DOID:13538,carcinoma de células escamosas de la córnea
1,DOID:13543,hyperparathyroidism,DOID:13543,hiperparatiroidismo
1,DOID:13544,low tension glaucoma,DOID:13544,glaucoma de baja tensión
1,DOID:13548,secondary Parkinson disease,DOID:13548,enfermedad de Parkinson secundaria
1,DOID:13549,interval angle-closure glaucoma,DOID:13549,glaucoma de ángulo cerrado de intervalo
1,DOID:1355,paranasal sinus lymphoma,DOID:1355,linfoma del seno paranasal
1,DOID:13550,angle-closure glaucoma,DOID:13550,glaucoma de ángulo cerrado
1,DOID:13560,subserous uterine fibroid,DOID:13560,fibroma uterino subseroso
1,DOID:13561,optic disk drusen,DOID:13561,drusas del disco óptico
1,DOID:13564,aspergillosis,DOID:13564,aspergilosis
1,DOID:13565,neuroaspergillosis,DOID:13565,neuroaspergilosis
1,DOID:13566,tibial collateral ligament bursitis,DOID:13566,bursitis del ligamento colateral tibial
1,DOID:1357,maxillary sinus cancer,DOID:1357,cáncer de seno maxilar
1,DOID:13574,cortical senile cataract,DOID:13574,catarata cortical senil
1,DOID:13575,non-renal secondary hyperparathyroidism,DOID:13575,hiperparatiroidismo secundario no renal
1,DOID:13576,twin-to-twin transfusion syndrome,DOID:13576,síndrome de transfusión gemelo a gemelo
1,DOID:13579,kwashiorkor,DOID:13579,kwashiorkor
1,DOID:1358,maxillary sinus benign neoplasm,DOID:1358,neoplasia benigna del seno maxilar
1,DOID:13580,cholestasis,DOID:13580,colestasis
1,DOID:13585,alveolar periostitis,DOID:13585,periostitis alveolar
1,DOID:13589,female infertility of uterine origin,DOID:13589,infertilidad femenina de origen uterino
1,DOID:13593,eclampsia,DOID:13593,eclampsia
1,DOID:136,vaginal carcinosarcoma,DOID:136,carcinosarcoma vaginal
1,DOID:1360,frontal sinus cancer,DOID:1360,cáncer del seno frontal
1,DOID:13603,obstructive jaundice,DOID:13603,ictericia obstructiva
1,DOID:13608,biliary atresia,DOID:13608,atresia biliar
1,DOID:1361,frontal sinus benign neoplasm,DOID:1361,neoplasia benigna del seno frontal
1,DOID:13619,extrahepatic cholestasis,DOID:13619,colestasis extrahepática
1,DOID:1362,paranasal sinus sarcoma,DOID:1362,sarcoma del seno paranasal
1,DOID:13622,campylobacteriosis,DOID:13622,campilobacteriosis
1,DOID:13626,photokeratitis,DOID:13626,fotoqueratitis
1,DOID:13628,favism,DOID:13628,favismo
1,DOID:13629,dentine erosion,DOID:13629,erosión de la dentina
1,DOID:1363,ethmoid sinus cancer,DOID:1363,cáncer de seno etmoidal
1,DOID:1364,ethmoidal sinus benign neoplasm,DOID:1364,neoplasia benigna del seno etmoidal
1,DOID:13641,exfoliation syndrome,DOID:13641,síndrome de exfoliación
1,DOID:13649,polyneuropathy in collagen vascular disease,DOID:13649,polineuropatía en la enfermedad vascular del colágeno
1,DOID:13651,eversion of lacrimal punctum,DOID:13651,eversión del punto lagrimal
1,DOID:13653,stenosis of lacrimal punctum,DOID:13653,estenosis del punto lagrimal
1,DOID:13654,stenosis of lacrimal passage,DOID:13654,estenosis del conducto lagrimal
1,DOID:13655,acquired tear duct stenosis,DOID:13655,estenosis lagrimal adquirida
1,DOID:13656,gastrin secretion abnormality,DOID:13656,anormalidad en la secreción de gastrina
1,DOID:13658,infective urethral stricture,DOID:13658,estenosis uretral infecciosa
1,DOID:13662,ulcer of anus and rectum,DOID:13662,úlcera de ano y recto
1,DOID:13664,post-vaccinal encephalitis,DOID:13664,encefalitis postvacunal
1,DOID:13676,posterior scleritis,DOID:13676,escleritis posterior
1,DOID:13677,SAPHO syndrome,DOID:13677,Síndrome SAPHO
1,DOID:13687,chronic duodenal ileus,DOID:13687,íleo duodenal crónico
1,DOID:13689,prostate calculus,DOID:13689,cálculo prostático
1,DOID:13690,acute gonococcal cystitis,DOID:13690,cistitis gonocócica aguda
1,DOID:13691,dermoid cyst of skin,DOID:13691,quiste dermoide de la piel
1,DOID:137,vaginal squamous papilloma,DOID:137,papiloma escamoso vaginal
1,DOID:13709,premature ejaculation,DOID:13709,eyaculación precoz
1,DOID:1371,uterine corpus adenomatoid tumor,DOID:1371,tumor adenomatoide del cuerpo uterino
1,DOID:13711,dental fluorosis,DOID:13711,fluorosis dental
1,DOID:13714,anodontia,DOID:13714,anodoncia
1,DOID:13717,mature cataract,DOID:13717,catarata madura
1,DOID:13722,neuroschistosomiasis,DOID:13722,neuroschistosomiasis
1,DOID:13724,scurvy,DOID:13724,escorbuto
1,DOID:13725,beriberi,DOID:13725,beriberi
1,DOID:1373,endometrial stromal nodule,DOID:1373,nódulo del estoma endometrial
1,DOID:13730,malignant renovascular hypertension,DOID:13730,hipertensión renovascular maligna
1,DOID:13731,malignant secondary hypertension,DOID:13731,hipertensión secundaria maligna
1,DOID:13732,panophthalmitis,DOID:13732,panoftalmitis
1,DOID:13736,uterine inflammatory disease,DOID:13736,enfermedad inflamatoria uterina
1,DOID:13738,hepatic infarction,DOID:13738,infarto hepático
1,DOID:13739,nutmeg liver,DOID:13739,hígado en nuez moscada
1,DOID:13742,neurofibroma of spinal cord,DOID:13742,neurofibroma de la médula espinal
1,DOID:13743,spinal cord lipoma,DOID:13743,lipoma de la médula espinal
1,DOID:1375,neonatal urinary tract infectious disease,DOID:1375,enfermedad infecciosa neonatal del tracto urinario
1,DOID:13756,epiphora due to insufficient drainage,DOID:13756,epífora por drenaje insuficiente
1,DOID:13757,excessive tearing,DOID:13757,desgarro excesivo
1,DOID:13760,Pthirus pubis infestation,DOID:13760,Infestación por Pthirus pubis
1,DOID:13767,clonorchiasis,DOID:13767,clonorquiasis
1,DOID:13768,opisthorchiasis,DOID:13768,opistorquiasis
1,DOID:13774,Addison's disease,DOID:13774,Enfermedad de Addison
1,DOID:13775,plantar wart,DOID:13775,verruga plantar
1,DOID:13777,epidermodysplasia verruciformis,DOID:13777,epidermodisplasia verruciforme
1,DOID:13778,chancroid,DOID:13778,chancroide
1,DOID:13781,hypermobility syndrome,DOID:13781,síndrome de hipermovilidad
1,DOID:13787,localized anterior staphyloma,DOID:13787,estafiloma anterior localizado
1,DOID:13788,equatorial staphyloma,DOID:13788,estafiloma ecuatorial
1,DOID:13789,staphyloma posticum,DOID:13789,estafiloma posticum
1,DOID:13790,acute tympanitis,DOID:13790,timpanitis aguda
1,DOID:13791,myringitis bullosa hemorrhagica,DOID:13791,miringitis bullosa hemorrágica
1,DOID:13794,anterior scleritis,DOID:13794,escleritis anterior
1,DOID:13799,female breast central part cancer,DOID:13799,cáncer de mama femenino parte central
1,DOID:138,vaginal squamous tumor,DOID:138,tumor escamoso vaginal
1,DOID:1380,endometrial cancer,DOID:1380,cáncer de endometrio
1,DOID:13800,inclusion conjunctivitis,DOID:13800,conjuntivitis de inclusión
1,DOID:13801,pharyngoconjunctival fever,DOID:13801,fiebre faringoconjuntival
1,DOID:13809,familial combined hyperlipidemia,DOID:13809,hiperlipidemia familiar combinada
1,DOID:1381,Fox-Fordyce disease,DOID:1381,Enfermedad de Fox-Fordyce
1,DOID:13810,familial hypercholesterolemia,DOID:13810,hipercolesterolemia familiar
1,DOID:13811,chronic subinvolution of uterus,DOID:13811,subinvolución crónica del útero
1,DOID:13812,adhesions of uterus,DOID:13812,adherencias de útero
1,DOID:13814,hypoglossal nerve disease,DOID:13814,enfermedad del nervio hipogloso
1,DOID:13819,lymphogranuloma venereum,DOID:13819,linfogranuloma venéreo
1,DOID:1382,miliaria,DOID:1382,miliaria
1,DOID:13822,tetanic cataract,DOID:13822,catarata tetánica
1,DOID:13823,parasitic eyelid infestation,DOID:13823,infestación parasitaria de los párpados
1,DOID:13825,squamous blepharitis,DOID:13825,blefaritis escamosa
1,DOID:1383,sweat gland disease,DOID:1383,enfermedad de las glándulas sudoríparas
1,DOID:13839,extrapyramidal and movement disease,DOID:13839,enfermedades extrapiramidales y del movimiento
1,DOID:1386,abetalipoproteinemia,DOID:1386,abetalipoproteinemia
1,DOID:13861,scleroperikeratitis,DOID:13861,escleroperiqueratitis
1,DOID:13862,acute closed-angle glaucoma,DOID:13862,glaucoma agudo de ángulo cerrado
1,DOID:13864,trochlear nerve disease,DOID:13864,enfermedad del nervio troclear
1,DOID:13865,facial neuralgia,DOID:13865,neuralgia facial
1,DOID:13866,multiple cranial nerve palsy,DOID:13866,parálisis múltiple de los nervios craneales
1,DOID:13867,focal labyrinthitis,DOID:13867,laberintitis focal
1,DOID:13868,hypoactive sexual desire disorder,DOID:13868,trastorno del deseo sexual hipoactivo
2,DOID:1387,hypolipoproteinemia,DOID:1387,hipolipoproteinemia
1,DOID:1388,Tangier disease,DOID:1388,Enfermedad de Tangier
1,DOID:13884,sick sinus syndrome,DOID:13884,síndrome del seno enfermo
1,DOID:1389,polyneuropathy,DOID:1389,polineuropatía
1,DOID:13891,bird fancier's lung,DOID:13891,pulmón del aficionado
1,DOID:139,squamous cell papilloma,DOID:139,papiloma de células escamosas
1,DOID:1390,hypobetalipoproteinemia,DOID:1390,hipobetalipoproteinemia
1,DOID:13902,white piedra,DOID:13902,piedra blanca
1,DOID:13909,red-green color blindness,DOID:13909,daltonismo rojo-verde
1,DOID:1391,Norum disease,DOID:1391,Enfermedad de Norum
1,DOID:13910,red color blindness,DOID:13910,daltonismo
1,DOID:13911,achromatopsia,DOID:13911,acromatopsia
1,DOID:13912,acquired color blindness,DOID:13912,daltonismo adquirido
1,DOID:13913,lumbosacral plexus lesion,DOID:13913,lesión del plexo lumbosacro
1,DOID:13918,somatization disorder,DOID:13918,trastorno de somatización
1,DOID:13919,irregular astigmatism,DOID:13919,astigmatismo irregular
1,DOID:1392,pseudopapilledema,DOID:1392,pseudopapiledema
1,DOID:13921,bacterial esophagitis,DOID:13921,esofagitis bacteriana
1,DOID:13922,eosinophilic esophagitis,DOID:13922,esofagitis eosinofílica
1,DOID:13924,necrotizing ulcerative gingivitis,DOID:13924,gingivitis ulcerosa necrotizante
1,DOID:13929,lacrimal duct obstruction,DOID:13929,obstrucción del conducto lagrimal
1,DOID:1393,visual pathway disease,DOID:1393,La enfermedad de la vía visual
1,DOID:13934,facial paralysis,DOID:13934,parálisis facial
1,DOID:13938,amenorrhea,DOID:13938,amenorrea
1,DOID:1394,urinary schistosomiasis,DOID:1394,esquistosomiasis urinaria
1,DOID:13941,benign paroxysmal positional vertigo,DOID:13941,vértigo posicional paroxístico benigno
1,DOID:13942,acute gonococcal salpingitis,DOID:13942,salpingitis gonocócica aguda
1,DOID:13943,acute gonococcal prostatitis,DOID:13943,prostatitis gonocócica aguda
1,DOID:13945,CADASIL,DOID:13945,CADASIL
1,DOID:13948,bladder neck obstruction,DOID:13948,obstrucción del cuello vesical
1,DOID:13949,interstitial cystitis,DOID:13949,cistitis intersticial
1,DOID:1395,schistosomiasis,DOID:1395,esquistosomiasis
1,DOID:13951,uterine corpus epithelioid leiomyoma,DOID:13951,leiomioma epitelioide del cuerpo uterino
1,DOID:13953,uterine corpus dissecting leiomyoma,DOID:13953,leiomioma disecante del cuerpo uterino
1,DOID:13955,uterus interstitial leiomyoma,DOID:13955,leiomioma intersticial uterino
1,DOID:13956,uterine corpus myxoid leiomyoma,DOID:13956,leiomioma mixoide del cuerpo uterino
1,DOID:13957,uterine corpus lipoleiomyoma,DOID:13957,lipoleiomioma del cuerpo uterino
1,DOID:13958,uterine corpus bizarre leiomyoma,DOID:13958,leiomioma extraño del cuerpo uterino
1,DOID:13963,nuclear senile cataract,DOID:13963,catarata senil nuclear
1,DOID:13964,Morgagni cataract,DOID:13964,Catarata morgagniana
1,DOID:1397,chronic orbital inflammation,DOID:1397,inflamación orbitaria crónica
1,DOID:13972,female breast lower-outer quadrant cancer,DOID:13972,cáncer de mama femenino cuadrante inferior-extremo
1,DOID:13976,peptic esophagitis,DOID:13976,esofagitis péptica
1,DOID:1398,parasitic infectious disease,DOID:1398,enfermedad infecciosa parasitaria
1,DOID:1399,primary lacrimal atrophy,DOID:1399,atrofia lagrimal primaria
1,DOID:13994,cleidocranial dysplasia,DOID:13994,displasia cleidocraneal
1,DOID:13996,small intestine lymphoma,DOID:13996,linfoma del intestino delgado
1,DOID:13999,contact blepharoconjunctivitis,DOID:13999,blefaroconjuntivitis de contacto
1,DOID:1400,lacrimal apparatus disease,DOID:1400,enfermedad del aparato lagrimal
1,DOID:14000,rubeosis iridis,DOID:14000,rubeosis iridis
1,DOID:14004,thoracic aortic aneurysm,DOID:14004,aneurisma de aorta torácica
1,DOID:14006,splenic artery aneurysm,DOID:14006,aneurisma de la arteria esplénica
1,DOID:14018,alcoholic liver cirrhosis,DOID:14018,cirrosis hepática alcohólica
1,DOID:14019,Brucella canis brucellosis,DOID:14019,Brucelosis por Brucella canis
1,DOID:14021,Tietze's syndrome,DOID:14021,Síndrome de Tietze
1,DOID:14022,algoneurodystrophy,DOID:14022,algoneurodistrofia
1,DOID:14026,folic acid deficiency anemia,DOID:14026,anemia por deficiencia de ácido fólico
1,DOID:14032,malignant parietal pleura tumor,DOID:14032,tumor maligno de la pleura parietal
1,DOID:14033,malignant visceral pleura tumor,DOID:14033,tumor maligno de pleura visceral
1,DOID:14037,aorta atresia,DOID:14037,aorta atresia
1,DOID:14039,POEMS syndrome,DOID:14039,Síndrome POEMS
1,DOID:1404,residual stage angle-closure glaucoma,DOID:1404,glaucoma de ángulo cerrado en estadio residual
1,DOID:14040,autoimmune polyendocrine syndrome,DOID:14040,síndrome polendocrino autoinmune
1,DOID:14042,bipolar I disorder,DOID:14042,trastorno bipolar I
1,DOID:14043,neonatal myasthenia gravis,DOID:14043,miastenia grave neonatal
1,DOID:14049,phaeohyphomycosis,DOID:14049,feohifomicosis
1,DOID:1405,primary angle-closure glaucoma,DOID:1405,glaucoma primario de ángulo cerrado
1,DOID:14059,paraurethral gland cancer,DOID:14059,cáncer de glándula parauretral
1,DOID:1406,iritis,DOID:1406,iritis
1,DOID:14064,acute poststreptococcal glomerulonephritis,DOID:14064,glomerulonefritis aguda postestreptocócica
1,DOID:14066,acute diffuse nephritis,DOID:14066,nefritis difusa aguda
1,DOID:14067,Plasmodium falciparum malaria,DOID:14067,Paludismo por Plasmodium falciparum
1,DOID:14068,blackwater fever,DOID:14068,fiebre de las aguas negras
1,DOID:14069,cerebral malaria,DOID:14069,malaria cerebral
1,DOID:1407,anterior uveitis,DOID:1407,uveítis anterior
1,DOID:14070,vestibular nystagmus,DOID:14070,nistagmo vestibular
1,DOID:14075,geniculate ganglionitis,DOID:14075,ganglionitis geniculada
1,DOID:14080,glucocorticoid-remediable aldosteronism,DOID:14080,aldosteronismo remediable con glucocorticoides
1,DOID:14081,toxic labyrinthitis,DOID:14081,laberintitis tóxica
1,DOID:14087,epicondylitis,DOID:14087,epicondilitis
1,DOID:14089,root caries,DOID:14089,caries radicular
1,DOID:14092,renal artery atheroma,DOID:14092,ateroma de la arteria renal
1,DOID:14095,boutonneuse fever,DOID:14095,fiebre botonosa
1,DOID:14096,infertility due to extratesticular cause,DOID:14096,infertilidad por causa extratesticular
1,DOID:14099,acquired gastric outlet stenosis,DOID:14099,estenosis adquirida de la salida gástrica
1,DOID:14107,De Quervain disease,DOID:14107,Enfermedad de De Quervain
1,DOID:14110,anus cancer,DOID:14110,cáncer de ano
1,DOID:14111,median rhomboid glossitis,DOID:14111,glositis romboidal media
1,DOID:14115,toxic shock syndrome,DOID:14115,síndrome de shock tóxico
1,DOID:14116,multiple symmetric lipomatosis,DOID:14116,lipomatosis simétrica múltiple
1,DOID:14118,familial lipoprotein lipase deficiency,DOID:14118,deficiencia familiar de lipoproteinlipasa
1,DOID:1412,bacteriuria,DOID:1412,bacteriuria
1,DOID:14121,blue toe syndrome,DOID:14121,síndrome del dedo azul
1,DOID:14125,abducens nerve neoplasm,DOID:14125,neoplasia del nervio abducens
1,DOID:14130,lateral cystocele,DOID:14130,cistocele lateral
1,DOID:14131,midline cystocele,DOID:14131,cistocele medio
1,DOID:14133,Masters-Allen syndrome,DOID:14133,Síndrome de Masters-Allen
1,DOID:14139,anus lymphoma,DOID:14139,linfoma de ano
1,DOID:1414,ovarian dysfunction,DOID:1414,disfunción ovárica
1,DOID:14140,pulp erosion,DOID:14140,erosión de la pulpa
1,DOID:14145,malignant anus melanoma,DOID:14145,melanoma maligno de ano
1,DOID:14146,ureterolithiasis,DOID:14146,ureterolitiasis
1,DOID:1415,gyrate atrophy,DOID:1415,atrofia girata
1,DOID:14150,spinal cord lymphoma,DOID:14150,linfoma medular
1,DOID:14151,spinal cord melanoma,DOID:14151,melanoma medular
1,DOID:14152,spinal cord sarcoma,DOID:14152,sarcoma de la médula espinal
1,DOID:14155,acute retrobulbar neuritis,DOID:14155,neuritis retrobulbar aguda
1,DOID:14159,obstructive hydrocephalus,DOID:14159,hidrocefalia obstructiva
1,DOID:14165,bilateral hyperactive labyrinth,DOID:14165,laberinto hiperactivo bilateral
1,DOID:1417,choroid disease,DOID:1417,enfermedad coroidea
1,DOID:14172,rheumatic congestive heart failure,DOID:14172,insuficiencia cardiaca congestiva reumática
1,DOID:14174,central neurocytoma,DOID:14174,neurocitoma central
1,DOID:14175,von Hippel-Lindau disease,DOID:14175,enfermedad de Von Hippel-Lindau
1,DOID:14176,selective IgG deficiency disease,DOID:14176,enfermedad por deficiencia selectiva de IgG
1,DOID:14179,X-linked agammaglobulinemia,DOID:14179,Agammaglobulinemia ligada al X
1,DOID:14181,calcific tendinitis,DOID:14181,tendinitis calcificada
1,DOID:14183,alcoholic neuropathy,DOID:14183,neuropatía alcohólica
1,DOID:14184,polyneuropathy due to drug,DOID:14184,polineuropatía debida a fármacos
1,DOID:14188,frozen shoulder,DOID:14188,hombro congelado
1,DOID:14192,bicipital tenosynovitis,DOID:14192,tenosinovitis bicipital
1,DOID:14199,posterior dislocation of lens,DOID:14199,luxación posterior del cristalino
1,DOID:14202,adult dermatomyositis,DOID:14202,dermatomiositis del adulto
1,DOID:14203,childhood type dermatomyositis,DOID:14203,dermatomiositis de tipo infantil
1,DOID:14213,hypophosphatasia,DOID:14213,hipofosfatasia
1,DOID:14218,dihydropyrimidine dehydrogenase deficiency,DOID:14218,deficiencia de dihidropirimidina deshidrogenasa
1,DOID:14219,renal tubular acidosis,DOID:14219,acidosis tubular renal
1,DOID:14221,abdominal obesity-metabolic syndrome 1,DOID:14221,obesidad abdominal-síndrome metabólico 1
1,DOID:14223,ochronosis,DOID:14223,ocronosis
1,DOID:14224,tracheal calcification,DOID:14224,calcificación traqueal
1,DOID:14225,acute frontal sinusitis,DOID:14225,sinusitis frontal aguda
1,DOID:14227,azoospermia,DOID:14227,azoospermia
1,DOID:14228,oligospermia,DOID:14228,oligospermia
1,DOID:14230,scleromalacia perforans,DOID:14230,escleromalacia perforante
1,DOID:14233,orbital cyst,DOID:14233,quiste orbitario
1,DOID:14239,gastrointestinal tularemia,DOID:14239,tularemia gastrointestinal
1,DOID:14243,chronic perichondritis of pinna,DOID:14243,pericondritis crónica del pabellón auricular
1,DOID:14244,epiphora due to excess lacrimation,DOID:14244,epífora por exceso de lagrimeo
1,DOID:14245,cystoid macular retinal degeneration,DOID:14245,degeneración macular cistoide de retina
1,DOID:14247,chronic purulent otitis media,DOID:14247,otitis media purulenta crónica
1,DOID:14248,chronic atticoantral disease,DOID:14248,enfermedad atticoantral crónica
1,DOID:1425,pyoureter,DOID:1425,pioureter
1,DOID:14250,Down syndrome,DOID:14250,Síndrome de Down
1,DOID:14251,vitreoretinal dystrophy,DOID:14251,distrofia vitreorretiniana
1,DOID:14252,dystrophies primarily involving the retinal pigment epithelium,DOID:14252,distrofias que afectan principalmente al epitelio pigmentario de la retina
1,DOID:14253,retinal dystrophy in systemic or cerebroretinal lipidoses,DOID:14253,distrofia retiniana en las lipidosis sistémicas o cerebrorretinianas
1,DOID:14256,adult-onset Still's disease,DOID:14256,enfermedad de Still del adulto
1,DOID:1426,ureteral disease,DOID:1426,La enfermedad ureteral
1,DOID:14261,fragile X syndrome,DOID:14261,síndrome del cromosoma X frágil
1,DOID:14262,oral candidiasis,DOID:14262,candidiasis oral
1,DOID:14264,benign neonatal seizures,DOID:14264,convulsiones neonatales benignas
1,DOID:14265,pulmonary valve insufficiency,DOID:14265,insuficiencia de la válvula pulmonar
1,DOID:14268,sclerosing cholangitis,DOID:14268,colangitis esclerosante
1,DOID:14269,suppurative cholangitis,DOID:14269,colangitis supurativa
1,DOID:14270,ascending cholangitis,DOID:14270,colangitis ascendente
1,DOID:14271,acute cholangitis,DOID:14271,colangitis aguda
1,DOID:14272,pericholangitis,DOID:14272,pericolangitis
1,DOID:14275,atrophic vulva,DOID:14275,vulva atrófica
1,DOID:14276,shoulder impingement syndrome,DOID:14276,síndrome de pinzamiento de hombro
1,DOID:1428,endocrine pancreas disease,DOID:1428,enfermedad endocrina del páncreas
1,DOID:14283,primary hypertrophic osteoarthropathy,DOID:14283,osteoartropatía hipertrófica primaria
1,DOID:14284,patellofemoral pain syndrome,DOID:14284,síndrome de dolor patelofemoral
1,DOID:14286,neurogenic arthropathy,DOID:14286,artropatía neurogénica
1,DOID:14287,brawny scleritis,DOID:14287,escleritis musculosa
1,DOID:14289,Ebstein anomaly,DOID:14289,Anomalía de Ebstein
2,DOID:14291,Noonan syndrome with multiple lentigines,DOID:14291,Síndrome de Noonan con lentigos múltiples
1,DOID:14292,vulvar dystrophy,DOID:14292,distrofia vulvar
1,DOID:14305,tuberculous empyema,DOID:14305,empiema tuberculoso
1,DOID:14308,skin epithelioid hemangioma,DOID:14308,hemangioma epitelioide cutáneo
1,DOID:14319,pleuropneumonia,DOID:14319,pleuroneumonía
1,DOID:1432,blindness,DOID:1432,ceguera
1,DOID:14320,generalized anxiety disorder,DOID:14320,trastorno de ansiedad generalizada
1,DOID:14323,Marfan syndrome,DOID:14323,Síndrome de Marfan
1,DOID:14324,Plasmodium malariae malaria,DOID:14324,Plasmodium malariae paludismo
1,DOID:14325,mixed malaria,DOID:14325,paludismo mixto
1,DOID:14330,Parkinson's disease,DOID:14330,enfermedad de Parkinson
1,DOID:14332,postencephalitic Parkinson disease,DOID:14332,enfermedad de Parkinson postencefalítica
1,DOID:14336,estrogen excess,DOID:14336,exceso de estrógenos
1,DOID:14350,suppurative thyroiditis,DOID:14350,tiroiditis supurativa
1,DOID:14351,Riedel's fibrosing thyroiditis,DOID:14351,Tiroiditis fibrosante de Riedel
1,DOID:14353,acute thyroiditis,DOID:14353,tiroiditis aguda
1,DOID:1436,corneal ectasia,DOID:1436,ectasia corneal
1,DOID:14365,systemic primary carnitine deficiency disease,DOID:14365,enfermedad sistémica por déficit primario de carnitina
1,DOID:14374,norwegian scabies,DOID:14374,sarna noruega
1,DOID:14384,parietal lobe neoplasm,DOID:14384,neoplasia del lóbulo parietal
1,DOID:1439,pyuria,DOID:1439,piuria
1,DOID:14392,thrombophlebitis migrans,DOID:14392,tromboflebitis migrans
1,DOID:14397,protozoal dysentery,DOID:14397,disentería protozoaria
1,DOID:1440,Machado-Joseph disease,DOID:1440,Enfermedad de Machado-Joseph
1,DOID:14400,capillary leak syndrome,DOID:14400,síndrome de fuga capilar
1,DOID:14402,critical illness polyneuropathy,DOID:14402,polineuropatía por enfermedad crítica
1,DOID:1441,autosomal dominant cerebellar ataxia,DOID:1441,ataxia cerebelosa autosómica dominante
1,DOID:14413,labyrinthine bilateral reactive loss,DOID:14413,pérdida reactiva bilateral laberíntica
1,DOID:14415,Legg-Calve-Perthes disease,DOID:14415,Enfermedad de Legg-Calve-Perthes
1,DOID:14418,dracunculiasis,DOID:14418,dracunculosis
1,DOID:14422,dipetalonemiasis,DOID:14422,dipetalonemiasis
1,DOID:14423,glossopharyngeal neuralgia,DOID:14423,neuralgia glosofaríngea
1,DOID:14427,abnormality of glucagon secretion,DOID:14427,anormalidad de la secreción de glucagón
1,DOID:1443,cerebral degeneration,DOID:1443,degeneración cerebral
1,DOID:14435,chronic tubotympanic suppurative otitis media,DOID:14435,otitis media supurativa tubotimpánica crónica
1,DOID:14443,cholinergic urticaria,DOID:14443,urticaria colinérgica
1,DOID:14444,sclerosing keratitis,DOID:14444,queratitis esclerosante
1,DOID:14445,chronic closed-angle glaucoma,DOID:14445,glaucoma crónico de ángulo cerrado
1,DOID:14447,gonadal dysgenesis,DOID:14447,disgenesia gonadal
1,DOID:14448,"46,XY sex reversal",DOID:14448,"Inversión del sexo 46,XY"
NA,DOID:14449,mixed gonadal dysgenesis,DOID:14449,NA
2,DOID:14450,46 XX gonadal dysgenesis,DOID:14450,Disgenesia gonadal 46 XX
1,DOID:14451,hyperkalemic periodic paralysis,DOID:14451,parálisis periódica hiperpotasémica
1,DOID:14452,hypokalemic periodic paralysis,DOID:14452,parálisis periódica hipopotasémica
1,DOID:14453,farmer's lung,DOID:14453,pulmón de granjero
1,DOID:14456,Brucella melitensis brucellosis,DOID:14456,Brucelosis por Brucella melitensis
1,DOID:14457,Brucella abortus brucellosis,DOID:14457,Brucelosis por Brucella abortus
1,DOID:14459,hemangioma of orbit,DOID:14459,hemangioma de órbita
1,DOID:14463,cavernous hemangioma of orbit,DOID:14463,hemangioma cavernoso de órbita
1,DOID:14464,neuroleptic malignant syndrome,DOID:14464,síndrome neuroléptico maligno
1,DOID:14472,hantavirus pulmonary syndrome,DOID:14472,síndrome pulmonar por hantavirus
1,DOID:14482,pemphigoid gestationis,DOID:14482,penfigoide gestacional
1,DOID:14483,chorea gravidarum,DOID:14483,corea gravídica
1,DOID:14484,sporotrichosis,DOID:14484,esporotricosis
1,DOID:14489,ureteral lymphoma,DOID:14489,linfoma ureteral
1,DOID:14491,regional ureteric cancer,DOID:14491,cáncer ureteral regional
1,DOID:14495,dumping syndrome,DOID:14495,síndrome de dumping
1,DOID:14497,Wolman disease,DOID:14497,Enfermedad de Wolman
1,DOID:14498,lipoid proteinosis,DOID:14498,proteinosis lipoide
1,DOID:14499,Fabry disease,DOID:14499,Enfermedad de Fabry
1,DOID:14500,fucosidosis,DOID:14500,fucosidosis
1,DOID:14501,Sjogren-Larsson syndrome,DOID:14501,Síndrome de Sjogren-Larsson
1,DOID:14502,cholesterol ester storage disease,DOID:14502,enfermedad de almacenamiento de ésteres de colesterol
1,DOID:14503,neuronal ceroid lipofuscinosis,DOID:14503,lipofuscinosis ceroide neuronal
1,DOID:14504,Niemann-Pick disease,DOID:14504,enfermedad de Niemann-Pick
1,DOID:14507,peripheral degeneration of cornea,DOID:14507,degeneración periférica de la córnea
1,DOID:14512,candidal paronychia,DOID:14512,paroniquia candidiásica
1,DOID:14515,WAGR syndrome,DOID:14515,Síndrome WAGR
1,DOID:14522,partial arterial retinal occlusion,DOID:14522,oclusión arterial parcial de la retina
1,DOID:14523,Argyll Robertson pupil,DOID:14523,Alumno de Argyll Robertson
1,DOID:14524,senile degeneration of brain,DOID:14524,degeneración senil del cerebro
1,DOID:14525,Reye syndrome,DOID:14525,Síndrome de Reye
1,DOID:14529,external pathological resorption,DOID:14529,reabsorción patológica externa
1,DOID:1453,atrophic glossitis,DOID:1453,glositis atrófica
1,DOID:14534,malignant cardiac peripheral nerve sheath neoplasm,DOID:14534,neoplasia cardíaca maligna de la vaina del nervio periférico
1,DOID:14535,malignant cardiac germ cell tumor,DOID:14535,tumor germinal cardíaco maligno
1,DOID:14544,rete testis adenocarcinoma,DOID:14544,adenocarcinoma de testículo rete
1,DOID:14545,seminal vesicle adenocarcinoma,DOID:14545,adenocarcinoma de la vesícula seminal
1,DOID:14546,sphenoidal sinus cancer,DOID:14546,cáncer de seno esfenoidal
1,DOID:14547,sphenoid sinus squamous cell carcinoma,DOID:14547,carcinoma de células escamosas del seno esfenoidal
1,DOID:14548,steroid-induced glaucoma - borderline,DOID:14548,glaucoma inducido por esteroides - borderline
1,DOID:1455,geographic tongue,DOID:1455,lengua geográfica
1,DOID:14550,root resorption,DOID:14550,reabsorción radicular
1,DOID:14555,Foster-Kennedy syndrome,DOID:14555,Síndrome de Foster-Kennedy
1,DOID:14557,primary pulmonary hypertension,DOID:14557,hipertensión pulmonar primaria
1,DOID:14559,anaerobic meningitis,DOID:14559,meningitis anaerobia
1,DOID:1456,glossitis,DOID:1456,glositis
1,DOID:14566,disease of cellular proliferation,DOID:14566,enfermedad de proliferación celular
1,DOID:1458,postsurgical hypothyroidism,DOID:1458,hipotiroidismo posquirúrgico
1,DOID:1459,hypothyroidism,DOID:1459,hipotiroidismo
1,DOID:146,papilledema,DOID:146,papiledema
1,DOID:1460,atheroembolism of kidney,DOID:1460,ateroembolismo renal
1,DOID:1461,cholesterol embolism,DOID:1461,embolia de colesterol
1,DOID:14654,prostatitis,DOID:14654,prostatitis
1,DOID:14669,acrodysostosis,DOID:14669,acrodisostosis
1,DOID:1467,serous labyrinthitis,DOID:1467,laberintitis serosa
1,DOID:14670,"hypertelorism, microtia, facial clefting syndrome",DOID:14670,"hipertelorismo, microtia, síndrome de hendidura facial"
1,DOID:14671,multiple intestinal atresia,DOID:14671,atresia intestinal múltiple
1,DOID:14679,VACTERL association,DOID:14679,Asociación VACTERL
1,DOID:1468,labyrinthitis,DOID:1468,laberintitis
1,DOID:14683,Binder syndrome,DOID:14683,Síndrome de Binder
2,DOID:14686,Axenfeld-Rieger syndrome,DOID:14686,Síndrome de Axenfeld-Rieger
1,DOID:14687,diastrophic dysplasia,DOID:14687,displasia diastrófica
1,DOID:14692,Smith-Lemli-Opitz syndrome,DOID:14692,Síndrome de Smith-Lemli-Opitz
1,DOID:14693,Clouston syndrome,DOID:14693,Síndrome de Clouston
1,DOID:14694,Johanson-Blizzard syndrome,DOID:14694,Síndrome de Johanson-Blizzard
1,DOID:14695,galactokinase deficiency,DOID:14695,deficiencia de galactocinasa
1,DOID:14699,thrombocytopenia-absent radius syndrome,DOID:14699,síndrome de trombocitopenia-ausencia de radio
1,DOID:1470,major depressive disorder,DOID:1470,trastorno depresivo mayor
1,DOID:14701,propionic acidemia,DOID:14701,acidemia propiónica
1,DOID:14702,branchiootorenal syndrome,DOID:14702,síndrome branquiootorenal
1,DOID:14705,Pfeiffer syndrome,DOID:14705,Síndrome de Pfeiffer
1,DOID:14711,FG syndrome,DOID:14711,Síndrome FG
1,DOID:14720,Ehlers-Danlos syndrome classic type 1,DOID:14720,Síndrome de Ehlers-Danlos clásico tipo 1
1,DOID:14723,beta-ketothiolase deficiency,DOID:14723,deficiencia de beta-cetotiolasa
1,DOID:14731,Weaver syndrome,DOID:14731,Síndrome de Weaver
2,DOID:14735,hereditary angioedema,DOID:14735,Angioedema hereditario
1,DOID:14737,craniofrontonasal syndrome,DOID:14737,síndrome craneofrontonasal
1,DOID:1474,aggressive periodontitis,DOID:1474,periodontitis agresiva
1,DOID:14743,trichorhinophalangeal syndrome type I,DOID:14743,síndrome tricorrinofalángico tipo I
1,DOID:14744,Partington syndrome,DOID:14744,Síndrome de Partington
1,DOID:14748,Sotos syndrome,DOID:14748,síndrome de Sotos
1,DOID:14749,methylmalonic acidemia,DOID:14749,acidemia metilmalónica
1,DOID:1475,lymphangioma,DOID:1475,linfangioma
1,DOID:14753,isovaleric acidemia,DOID:14753,acidemia isovalérica
1,DOID:14755,argininosuccinic aciduria,DOID:14755,aciduria argininosuccínica
1,DOID:14756,vascular type Ehlers-Danlos syndrome,DOID:14756,síndrome de Ehlers-Danlos de tipo vascular
1,DOID:14757,Ehlers-Danlos syndrome hypermobility type,DOID:14757,Síndrome de Ehlers-Danlos tipo hipermovilidad
1,DOID:14759,autosomal recessive type IV Ehlers-Danlos syndrome,DOID:14759,Síndrome de Ehlers-Danlos autosómico recesivo de tipo IV
1,DOID:14761,Greig cephalopolysyndactyly syndrome,DOID:14761,Síndrome de cefalopolisindactilia de Greig
1,DOID:14762,calcaneonavicular coalition,DOID:14762,coalición calcaneonavicular
1,DOID:14764,Larsen syndrome,DOID:14764,Síndrome de Larsen
2,DOID:14766,renal agenesis,DOID:14766,agenesia renal
1,DOID:14768,Saethre-Chotzen syndrome,DOID:14768,Síndrome de Saethre-Chotzen
1,DOID:14773,cartilage-hair hypoplasia,DOID:14773,hipoplasia cartílago-pelo
1,DOID:14775,brittle cornea syndrome 1,DOID:14775,síndrome de córnea frágil 1
1,DOID:14777,benign familial neonatal epilepsy,DOID:14777,epilepsia neonatal familiar benigna
1,DOID:14778,"blepharophimosis, ptosis, and epicanthus inversus syndrome",DOID:14778,"blefarofimosis, ptosis y síndrome del epicanto inverso"
1,DOID:14780,KBG syndrome,DOID:14780,Síndrome KBG
1,DOID:14784,olivopontocerebellar atrophy,DOID:14784,atrofia olivopontocerebelosa
1,DOID:14789,spondyloepiphyseal dysplasia congenita,DOID:14789,displasia espondiloepifisaria congénita
1,DOID:14793,hypohidrotic ectodermal dysplasia,DOID:14793,displasia ectodérmica hipohidrótica
1,DOID:14796,Dubowitz syndrome,DOID:14796,Síndrome de Dubowitz
1,DOID:14798,Blount's disease,DOID:14798,Enfermedad de Blount
1,DOID:1483,gingival disease,DOID:1483,enfermedad gingival
1,DOID:1485,cystic fibrosis,DOID:1485,fibrosis quística
1,DOID:1495,cystic echinococcosis,DOID:1495,equinococosis quística
1,DOID:1496,echinococcosis,DOID:1496,equinococosis
1,DOID:1498,cholera,DOID:1498,cólera
1,DOID:15,reproductive system disease,DOID:15,enfermedad del aparato reproductor
1,DOID:150,disease of mental health,DOID:150,enfermedad de salud mental
1,DOID:1508,candidiasis,DOID:1508,candidiasis
1,DOID:1509,avoidant personality disorder,DOID:1509,trastorno de la personalidad por evitación
1,DOID:1510,personality disorder,DOID:1510,trastorno de la personalidad
1,DOID:1512,chronic gonorrhea of cervix,DOID:1512,gonorrea crónica del cuello uterino
1,DOID:1513,chronic cervicitis,DOID:1513,cervicitis crónica
1,DOID:1517,cecal benign neoplasm,DOID:1517,neoplasia benigna del apéndice cecal
1,DOID:1518,cecal disease,DOID:1518,enfermedad cecal
1,DOID:1519,cecum carcinoma,DOID:1519,carcinoma de ciego
2,DOID:1520,colon carcinoma,DOID:1520,carcinoma de colon
1,DOID:1521,cecum cancer,DOID:1521,cáncer de intestino ciego
1,DOID:1522,cecum lymphoma,DOID:1522,linfoma de ciego
1,DOID:1523,colon lymphoma,DOID:1523,linfoma de colon
1,DOID:1525,nodular nonsuppurative panniculitis,DOID:1525,paniculitis nodular no supurativa
1,DOID:1526,panniculitis,DOID:1526,paniculitis
1,DOID:1529,penile disease,DOID:1529,La enfermedad del pene
1,DOID:1532,pleural disease,DOID:1532,enfermedad pleural
1,DOID:154,mixed cell type cancer,DOID:154,cáncer de tipo celular mixto
1,DOID:1540,parathyroid carcinoma,DOID:1540,carcinoma paratiroideo
1,DOID:1542,head and neck carcinoma,DOID:1542,carcinoma de cabeza y cuello
1,DOID:1554,vibratory urticaria,DOID:1554,urticaria vibratoria
1,DOID:1555,urticaria,DOID:1555,urticaria
1,DOID:1556,arthus reaction,DOID:1556,reacción arthus
1,DOID:1557,hypersensitivity reaction type III disease,DOID:1557,enfermedad por reacción de hipersensibilidad de tipo III
2,DOID:1558,angioedema,DOID:1558,angioedema
2,DOID:1561,cognitive disorder,DOID:1561,trastorno cognitivo
1,DOID:1562,chromoblastomycosis,DOID:1562,cromoblastomicosis
1,DOID:1563,dermatomycosis,DOID:1563,dermatomicosis
1,DOID:1564,fungal infectious disease,DOID:1564,enfermedad infecciosa fúngica
1,DOID:1569,mechanical ectropion,DOID:1569,ectropión mecánico
1,DOID:1570,ectropion,DOID:1570,ectropión
1,DOID:1571,spastic ectropion,DOID:1571,ectropión espástico
1,DOID:1572,normal pressure hydrocephalus,DOID:1572,hidrocefalia normotensiva
1,DOID:1573,communicating hydrocephalus,DOID:1573,hidrocefalia comunicante
1,DOID:1574,alcohol use disorder,DOID:1574,trastorno por consumo de alcohol
1,DOID:1575,rheumatic disease,DOID:1575,enfermedad reumática
1,DOID:1577,limited scleroderma,DOID:1577,esclerodermia limitada
1,DOID:1578,pulmonary systemic sclerosis,DOID:1578,esclerosis sistémica pulmonar
1,DOID:1579,respiratory system disease,DOID:1579,enfermedad del sistema respiratorio
1,DOID:1580,diffuse scleroderma,DOID:1580,esclerodermia difusa
1,DOID:1583,laryngeal tuberculosis,DOID:1583,tuberculosis laríngea
1,DOID:1584,acute chest syndrome,DOID:1584,síndrome torácico agudo
1,DOID:1586,rheumatic fever,DOID:1586,fiebre reumática
1,DOID:1587,thrombocytopenia due to platelet alloimmunization,DOID:1587,trombocitopenia por aloinmunización plaquetaria
1,DOID:1588,thrombocytopenia,DOID:1588,trombocitopenia
1,DOID:1591,renovascular hypertension,DOID:1591,hipertensión renovascular
1,DOID:1595,melancholic depression,DOID:1595,depresión melancólica
1,DOID:1596,depressive disorder,DOID:1596,trastorno depresivo
1,DOID:16,integumentary system disease,DOID:16,enfermedad del sistema tegumentario
1,DOID:1602,lymphadenitis,DOID:1602,linfadenitis
1,DOID:1607,hypoglycemic coma,DOID:1607,coma hipoglucémico
1,DOID:161,keratosis,DOID:161,queratosis
1,DOID:1612,breast cancer,DOID:1612,cáncer de mama
1,DOID:1614,male breast cancer,DOID:1614,cáncer de mama masculino
1,DOID:1616,benign eccrine breast spiradenoma,DOID:1616,espiradenoma ecrino benigno de mama
1,DOID:1618,breast fibroadenoma,DOID:1618,fibroadenoma mamario
1,DOID:162,cancer,DOID:162,cáncer
1,DOID:1623,breast leiomyoma,DOID:1623,leiomioma mamario
1,DOID:1625,breast adenoma,DOID:1625,adenoma mamario
1,DOID:1626,breast duct papilloma,DOID:1626,papiloma del conducto mamario
1,DOID:1627,intraductal papilloma,DOID:1627,papiloma intraductal
1,DOID:1628,intraductal papillary breast neoplasm,DOID:1628,neoplasia papilar intraductal de mama
1,DOID:1629,breast myofibroblastoma,DOID:1629,miofibroblastoma de mama
1,DOID:1631,benign breast phyllodes tumor,DOID:1631,tumor filodes benigno de mama
1,DOID:1637,breast angiomatosis,DOID:1637,angiomatosis mamaria
1,DOID:1638,central nervous system tuberculosis,DOID:1638,tuberculosis del sistema nervioso central
1,DOID:1639,skeletal tuberculosis,DOID:1639,tuberculosis esquelética
1,DOID:1641,benign breast adenomyoepithelioma,DOID:1641,adenomioepitelioma benigno de mama
1,DOID:1642,breast adenomyoepithelioma,DOID:1642,adenomioepitelioma mamario
1,DOID:1647,female breast upper-inner quadrant cancer,DOID:1647,cáncer de mama en el cuadrante superior interno
1,DOID:1649,female breast lower-inner quadrant cancer,DOID:1649,cáncer de mama femenino cuadrante inferior interno
1,DOID:1650,female breast axillary tail cancer,DOID:1650,cáncer de mama femenino cola axilar
1,DOID:1659,supratentorial cancer,DOID:1659,cáncer supratentorial
1,DOID:166,melanotic neuroectodermal tumor,DOID:166,tumor neuroectodérmico melanótico
1,DOID:1660,malignant pineal area germ cell neoplasm,DOID:1660,neoplasia maligna de células germinales del área pineal
1,DOID:1664,pineoblastoma,DOID:1664,pineoblastoma
1,DOID:1670,Behcet's syndrome arthropathy,DOID:1670,Artropatía del síndrome de Behcet
1,DOID:1672,spontaneous tension pneumothorax,DOID:1672,neumotórax a tensión espontáneo
2,DOID:1673,pneumothorax,DOID:1673,neumotórax
1,DOID:1677,low implantation of placenta,DOID:1677,implantación baja de la placenta
1,DOID:1678,chronic interstitial cystitis,DOID:1678,cistitis intersticial crónica
1,DOID:1679,cystitis,DOID:1679,cistitis
1,DOID:1680,chronic cystitis,DOID:1680,cistitis crónica
1,DOID:1686,glaucoma,DOID:1686,glaucoma
1,DOID:1687,neovascular glaucoma,DOID:1687,glaucoma neovascular
1,DOID:169,neuroendocrine tumor,DOID:169,tumor neuroendocrino
1,DOID:1697,ichthyosis,DOID:1697,ictiosis
1,DOID:17,musculoskeletal system disease,DOID:17,enfermedad del sistema musculoesquelético
1,DOID:170,endocrine gland cancer,DOID:170,cáncer de glándulas endocrinas
1,DOID:1700,X-linked ichthyosis,DOID:1700,Ictiosis ligada al cromosoma X
1,DOID:1701,steroid inherited metabolic disorder,DOID:1701,trastorno metabólico heredado de esteroides
1,DOID:1702,ichthyosis vulgaris,DOID:1702,ictiosis vulgar
1,DOID:1703,Richter's syndrome,DOID:1703,Síndrome de Richter
1,DOID:171,neuroectodermal tumor,DOID:171,tumor neuroectodérmico
1,DOID:1712,aortic valve stenosis,DOID:1712,estenosis de la válvula aórtica
1,DOID:1713,benign shuddering attacks,DOID:1713,ataques de escalofríos benignos
1,DOID:172,clear cell acanthoma,DOID:172,acantoma de células claras
1,DOID:1724,duodenal ulcer,DOID:1724,úlcera duodenal
1,DOID:1725,peritoneum cancer,DOID:1725,cáncer de peritoneo
1,DOID:1726,partial of retinal vein occlusion,DOID:1726,parcial de la oclusión de la vena retiniana
1,DOID:1727,retinal vein occlusion,DOID:1727,oclusión de la vena retiniana
1,DOID:1729,retinal vascular occlusion,DOID:1729,oclusión vascular retiniana
1,DOID:173,eccrine sweat gland neoplasm,DOID:173,neoplasia de la glándula sudorípara ecrina
1,DOID:1731,histoplasmosis,DOID:1731,histoplasmosis
1,DOID:1733,cryptosporidiosis,DOID:1733,criptosporidiosis
1,DOID:1737,duodenal benign neoplasm,DOID:1737,neoplasia benigna duodenal
1,DOID:1738,small intestine leiomyoma,DOID:1738,leiomioma del intestino delgado
1,DOID:174,acanthoma,DOID:174,acantoma
1,DOID:1742,drug psychosis,DOID:1742,psicosis medicamentosa
1,DOID:1748,conjunctival squamous cell carcinoma,DOID:1748,carcinoma conjuntival de células escamosas
1,DOID:1749,squamous cell carcinoma,DOID:1749,carcinoma de células escamosas
1,DOID:175,vascular cancer,DOID:175,cáncer vascular
1,DOID:1751,malignant conjunctival melanoma,DOID:1751,melanoma conjuntival maligno
1,DOID:1752,ocular melanoma,DOID:1752,melanoma ocular
1,DOID:1754,mitral valve stenosis,DOID:1754,estenosis de la válvula mitral
1,DOID:1756,facial nerve disease,DOID:1756,enfermedad del nervio facial
1,DOID:1757,facial hemiatrophy,DOID:1757,hemiatrofia facial
1,DOID:1759,American histoplasmosis,DOID:1759,Histoplasmosis americana
1,DOID:176,cardiovascular cancer,DOID:176,cáncer cardiovascular
1,DOID:1760,facial nerve neoplasm,DOID:1760,neoplasia del nervio facial
1,DOID:1761,Melkersson-Rosenthal syndrome,DOID:1761,Síndrome de Melkersson-Rosenthal
1,DOID:1762,cheilitis,DOID:1762,queilitis
1,DOID:1766,factitious disorder,DOID:1766,trastorno facticio
1,DOID:1768,conversion disorder,DOID:1768,trastorno de conversión
1,DOID:1770,toxic megacolon,DOID:1770,megacolon tóxico
1,DOID:1776,labyrinthine unilateral reactive loss,DOID:1776,pérdida reactiva unilateral laberíntica
1,DOID:1777,unilateral hyperactive labyrinth,DOID:1777,laberinto hiperactivo unilateral
1,DOID:178,vascular disease,DOID:178,enfermedad vascular
1,DOID:1781,thyroid cancer,DOID:1781,cáncer de tiroides
1,DOID:1785,pituitary cancer,DOID:1785,cáncer de hipófisis
1,DOID:1786,adrenal rest tumor,DOID:1786,tumor de resto suprarrenal
1,DOID:1787,pericarditis,DOID:1787,pericarditis
1,DOID:1788,peritoneal mesothelioma,DOID:1788,mesotelioma peritoneal
1,DOID:1789,benign peritoneal mesothelioma,DOID:1789,mesotelioma peritoneal benigno
1,DOID:1790,malignant mesothelioma,DOID:1790,mesotelioma maligno
1,DOID:1791,peritoneal carcinoma,DOID:1791,carcinoma peritoneal
1,DOID:1792,pancreas lymphoma,DOID:1792,linfoma de páncreas
2,DOID:1793,pancreatic cancer,DOID:1793,Cáncer de páncreas
1,DOID:1795,malignant exocrine pancreas neoplasm,DOID:1795,neoplasia maligna del páncreas exocrino
1,DOID:1796,pancreas sarcoma,DOID:1796,sarcoma de páncreas
1,DOID:1798,pancreatic endocrine carcinoma,DOID:1798,carcinoma endocrino pancreático
1,DOID:1799,islet cell tumor,DOID:1799,tumor de células de los islotes
2,DOID:18,urinary system disease,DOID:18,Enfermedad del sistema urinario
1,DOID:180,ossifying fibroma,DOID:180,fibroma osificante
1,DOID:1800,neuroendocrine carcinoma,DOID:1800,carcinoma neuroendocrino
1,DOID:1802,mononeuritis,DOID:1802,mononeuritis
1,DOID:1803,neuritis,DOID:1803,neuritis
1,DOID:1811,reflex sympathetic dystrophy,DOID:1811,distrofia simpática refleja
2,DOID:182,calcinosis,DOID:182,calcinosis
1,DOID:1822,secondary lacrimal atrophy,DOID:1822,atrofia lagrimal secundaria
1,DOID:1824,status epilepticus,DOID:1824,estado epiléptico
1,DOID:1825,childhood absence epilepsy,DOID:1825,epilepsia de ausencia infantil
1,DOID:1826,epilepsy,DOID:1826,epilepsia
1,DOID:1827,idiopathic generalized epilepsy,DOID:1827,epilepsia generalizada idiopática
1,DOID:1829,urethral stricture,DOID:1829,estrechez uretral
1,DOID:1835,mononeuritis multiplex,DOID:1835,mononeuritis múltiple
1,DOID:1837,diabetic ketoacidosis,DOID:1837,cetoacidosis diabética
1,DOID:1838,Menkes disease,DOID:1838,Enfermedad de Menkes
1,DOID:184,bone cancer,DOID:184,cáncer de hueso
1,DOID:1844,mononeuritis of upper limb,DOID:1844,mononeuritis del miembro superior
1,DOID:1849,cannabis dependence,DOID:1849,dependencia del cannabis
1,DOID:1852,intrahepatic cholestasis,DOID:1852,colestasis intrahepática
1,DOID:1856,cherubism,DOID:1856,querubismo
1,DOID:1858,McCune Albright syndrome,DOID:1858,Síndrome de McCune Albright
1,DOID:1862,jaw cancer,DOID:1862,cáncer de mandíbula
1,DOID:1863,skull cancer,DOID:1863,cáncer de cráneo
1,DOID:1866,giant cell reparative granuloma,DOID:1866,granuloma reparativo de células gigantes
1,DOID:1869,chronic rheumatic pericarditis,DOID:1869,pericarditis reumática crónica
1,DOID:1875,impotence,DOID:1875,impotencia
1,DOID:1876,sexual dysfunction,DOID:1876,disfunción sexual
1,DOID:1883,hepatitis C,DOID:1883,hepatitis C
1,DOID:1884,viral hepatitis,DOID:1884,hepatitis vírica
1,DOID:1891,optic nerve disease,DOID:1891,La enfermedad del nervio óptico
1,DOID:1893,eczematous dermatitis of eyelid,DOID:1893,dermatitis eccematosa del párpado
1,DOID:1894,noninfectious dermatoses of eyelid,DOID:1894,dermatosis no infecciosas del párpado
1,DOID:1895,allergic contact dermatitis of eyelid,DOID:1895,dermatitis alérgica de contacto del párpado
1,DOID:1896,sigmoid neoplasm,DOID:1896,neoplasia sigmoidea
1,DOID:1897,sigmoid disease,DOID:1897,enfermedad del sigmoide
1,DOID:1901,vagina sarcoma,DOID:1901,sarcoma de vagina
1,DOID:1906,malignant skin fibrous histiocytoma,DOID:1906,histiocitoma fibroso cutáneo maligno
1,DOID:1907,malignant fibrous histiocytoma,DOID:1907,histiocitoma fibroso maligno
1,DOID:1909,melanoma,DOID:1909,melanoma
1,DOID:1910,vaginal yolk sac tumor,DOID:1910,tumor del saco vitelino vaginal
1,DOID:1911,endodermal sinus tumor,DOID:1911,tumor del seno endodérmico
1,DOID:1919,Lesch-Nyhan syndrome,DOID:1919,Síndrome de Lesch-Nyhan
2,DOID:192,sex cord-gonadal stromal tumor,DOID:192,Tumor del estroma del cordón sexual-gonadal
1,DOID:1920,hyperuricemia,DOID:1920,hiperuricemia
1,DOID:1921,Klinefelter syndrome,DOID:1921,Síndrome de Klinefelter
1,DOID:1923,disorder of sexual development,DOID:1923,trastorno del desarrollo sexual
1,DOID:1924,hypogonadism,DOID:1924,hipogonadismo
1,DOID:1925,Coffin-Siris syndrome,DOID:1925,síndrome de Coffin-Siris
1,DOID:1926,Gaucher's disease,DOID:1926,enfermedad de Gaucher
1,DOID:1927,sphingolipidosis,DOID:1927,esfingolipidosis
1,DOID:1928,Williams-Beuren syndrome,DOID:1928,Síndrome de Williams-Beuren
1,DOID:1929,supravalvular aortic stenosis,DOID:1929,estenosis aórtica supravalvular
1,DOID:193,reproductive organ cancer,DOID:193,cáncer de los órganos reproductores
1,DOID:1930,Laurence-Moon syndrome,DOID:1930,Síndrome de Laurence-Moon
1,DOID:1931,hypothalamic disease,DOID:1931,enfermedad hipotalámica
1,DOID:1932,Angelman syndrome,DOID:1932,Síndrome de Angelman
1,DOID:1933,Rubinstein-Taybi syndrome,DOID:1933,Síndrome de Rubinstein-Taybi
1,DOID:1934,dysostosis,DOID:1934,disostosis
2,DOID:1935,Bardet-Biedl syndrome,DOID:1935,Síndrome de Bardet-Biedl
1,DOID:1936,atherosclerosis,DOID:1936,aterosclerosis
1,DOID:1942,intermittent squint,DOID:1942,estrabismo intermitente
1,DOID:1943,telogen effluvium,DOID:1943,efluvio telógeno
1,DOID:1947,trichomoniasis,DOID:1947,tricomoniasis
1,DOID:1949,cholecystitis,DOID:1949,colecistitis
1,DOID:1962,fallopian tube disease,DOID:1962,enfermedad de las trompas de falopio
1,DOID:1963,fallopian tube carcinoma,DOID:1963,carcinoma de las trompas de Falopio
1,DOID:1964,fallopian tube cancer,DOID:1964,cáncer de trompas de Falopio
1,DOID:1965,fallopian tube leiomyosarcoma,DOID:1965,leiomiosarcoma de las trompas de Falopio
1,DOID:1967,leiomyosarcoma,DOID:1967,leiomiosarcoma
1,DOID:1969,cerebral palsy,DOID:1969,parálisis cerebral
1,DOID:1970,fallopian tube carcinosarcoma,DOID:1970,carcinosarcoma de las trompas de Falopio
1,DOID:1973,fallopian tube adenosarcoma,DOID:1973,adenosarcoma de las trompas de Falopio
1,DOID:1974,adenosarcoma,DOID:1974,adenosarcoma
1,DOID:1975,thymus lipoma,DOID:1975,lipoma de timo
1,DOID:1979,focal chorioretinitis,DOID:1979,coriorretinitis focal
1,DOID:1984,rectal benign neoplasm,DOID:1984,neoplasia benigna rectal
1,DOID:1988,rectum lymphoma,DOID:1988,linfoma de recto
1,DOID:1992,rectum malignant melanoma,DOID:1992,melanoma maligno de recto
1,DOID:1993,rectum cancer,DOID:1993,cáncer de recto
1,DOID:1995,rectum sarcoma,DOID:1995,sarcoma de recto
1,DOID:1996,rectum adenocarcinoma,DOID:1996,adenocarcinoma de recto
1,DOID:1999,chronic eustachian salpingitis,DOID:1999,salpingitis crónica de eustaquio
1,DOID:200,benign giant cell tumor,DOID:200,tumor benigno de células gigantes
1,DOID:2000,otosalpingitis,DOID:2000,otosalpingitis
1,DOID:2001,neuroma,DOID:2001,neuroma
1,DOID:2006,preretinal fibrosis,DOID:2006,fibrosis prerretiniana
1,DOID:2007,degeneration of macula and posterior pole,DOID:2007,degeneración de la mácula y del polo posterior
1,DOID:201,connective tissue cancer,DOID:201,cáncer del tejido conjuntivo
1,DOID:2012,Nezelof syndrome,DOID:2012,Síndrome de Nezelof
1,DOID:2018,hyperinsulinism,DOID:2018,hiperinsulinismo
1,DOID:2021,placenta cancer,DOID:2021,cáncer de placenta
1,DOID:2024,placental choriocarcinoma,DOID:2024,coriocarcinoma placentario
1,DOID:2025,gestational choriocarcinoma,DOID:2025,coriocarcinoma gestacional
1,DOID:203,exostosis,DOID:203,exostosis
1,DOID:2030,anxiety disorder,DOID:2030,trastorno de ansiedad
1,DOID:2033,communication disorder,DOID:2033,trastorno de comunicación
1,DOID:2034,encephalomalacia,DOID:2034,encefalomalacia
1,DOID:204,enthesopathy,DOID:204,entesopatía
1,DOID:2043,hepatitis B,DOID:2043,hepatitis B
1,DOID:2044,drug-induced hepatitis,DOID:2044,hepatitis inducida por fármacos
1,DOID:2047,hepatitis D,DOID:2047,hepatitis D
1,DOID:2048,autoimmune hepatitis,DOID:2048,hepatitis autoinmune
1,DOID:205,hyperostosis,DOID:205,hiperostosis
1,DOID:2050,acute maxillary sinusitis,DOID:2050,sinusitis maxilar aguda
1,DOID:2051,maxillary sinusitis,DOID:2051,sinusitis maxilar
1,DOID:2053,reactive cutaneous fibrous lesion,DOID:2053,lesión fibrosa cutánea reactiva
1,DOID:2055,post-traumatic stress disorder,DOID:2055,trastorno de estrés postraumático
1,DOID:2058,chronic mucocutaneous candidiasis,DOID:2058,candidiasis mucocutánea crónica
1,DOID:2059,vulvar disease,DOID:2059,enfermedad vulvar
1,DOID:206,hereditary multiple exostoses,DOID:206,exostosis múltiples hereditarias
1,DOID:2060,vulvar nodular hidradenoma,DOID:2060,hidradenoma nodular vulvar
1,DOID:2061,nodular hidradenoma,DOID:2061,hidradenoma nodular
1,DOID:2064,vulvar syringoma,DOID:2064,siringoma vulvar
1,DOID:2065,syringoma,DOID:2065,siringoma
1,DOID:2066,vulvar angiokeratoma,DOID:2066,angioqueratoma vulvar
1,DOID:2068,Bartholin's gland benign neoplasm,DOID:2068,Neoplasia benigna de la glándula de Bartolino
1,DOID:2071,vulvar squamous papilloma,DOID:2071,papiloma escamoso vulvar
1,DOID:2072,vulvar squamous tumor,DOID:2072,tumor escamoso vulvar
1,DOID:2073,perinatal intestinal perforation,DOID:2073,perforación intestinal perinatal
1,DOID:2074,intestinal perforation,DOID:2074,perforación intestinal
1,DOID:2075,minor vestibular glands adenoma,DOID:2075,adenoma de las glándulas vestibulares menores
1,DOID:2076,vulvar glandular tumor,DOID:2076,tumor glandular vulvar
1,DOID:2078,chondroid syringoma of the vulva,DOID:2078,siringoma condroide de la vulva
1,DOID:2079,eccrine mixed tumor of skin,DOID:2079,tumor ecrino mixto de piel
1,DOID:2080,vulvar trichoepithelioma,DOID:2080,tricoepitelioma vulvar
1,DOID:2092,transient arthritis,DOID:2092,artritis transitoria
1,DOID:2093,vulvar melanoma,DOID:2093,melanoma vulvar
1,DOID:2095,sweat gland cancer,DOID:2095,cáncer de glándulas sudoríparas
1,DOID:2096,vulvar sarcoma,DOID:2096,sarcoma vulvar
1,DOID:2097,vulval Paget's disease,DOID:2097,enfermedad vulvar de Paget
1,DOID:2098,vulva adenocarcinoma,DOID:2098,adenocarcinoma de vulva
1,DOID:210,heel spur,DOID:210,espolón calcáneo
1,DOID:2101,vulva squamous cell carcinoma,DOID:2101,carcinoma de células escamosas de vulva
1,DOID:2112,cystoisosporiasis,DOID:2112,cistoisosporiasis
1,DOID:2113,coccidiosis,DOID:2113,coccidiosis
1,DOID:2115,B cell deficiency,DOID:2115,deficiencia de células B
1,DOID:2120,focal dermal hypoplasia,DOID:2120,hipoplasia dérmica focal
1,DOID:2121,ectodermal dysplasia,DOID:2121,displasia ectodérmica
1,DOID:2122,pneumonic tularemia,DOID:2122,tularemia neumónica
1,DOID:2123,tularemia,DOID:2123,tularemia
1,DOID:2127,brain germinoma,DOID:2127,germinoma cerebral
1,DOID:2129,atypical teratoid rhabdoid tumor,DOID:2129,tumor rabdoide teratoide atípico
2,DOID:2132,brain sarcoma,DOID:2132,sarcoma cerebral
1,DOID:2133,central nervous system sarcoma,DOID:2133,sarcoma del sistema nervioso central
1,DOID:2135,temporal lobe neoplasm,DOID:2135,neoplasia del lóbulo temporal
1,DOID:2139,paraurethral gland neoplasm,DOID:2139,neoplasia de la glándula parauretral
1,DOID:214,teeth hard tissue disease,DOID:214,enfermedad de los tejidos duros dentales
1,DOID:2140,urethral urothelial papilloma,DOID:2140,papiloma uretral urotelial
1,DOID:2142,urethra leiomyoma,DOID:2142,leiomioma de uretra
1,DOID:2143,ovarian malignant mesothelioma,DOID:2143,mesotelioma maligno de ovario
1,DOID:2145,malignant ovarian cyst,DOID:2145,quiste ovárico maligno
1,DOID:2146,ovary sarcoma,DOID:2146,sarcoma de ovario
1,DOID:2148,tuberculous oophoritis,DOID:2148,ooforitis tuberculosa
1,DOID:2149,urogenital tuberculosis,DOID:2149,tuberculosis urogenital
1,DOID:2150,ovarian lymphoma,DOID:2150,linfoma ovárico
1,DOID:2151,malignant ovarian surface epithelial-stromal neoplasm,DOID:2151,neoplasia epitelial-estromal maligna de superficie ovárica
1,DOID:2152,ovary epithelial cancer,DOID:2152,cáncer epitelial de ovario
1,DOID:2153,ovarian Wilms' cancer,DOID:2153,cáncer de Wilms ovárico
1,DOID:2154,nephroblastoma,DOID:2154,nefroblastoma
1,DOID:2155,malignant ovarian germ cell neoplasm,DOID:2155,neoplasia maligna de células germinales de ovario
1,DOID:2156,ovarian germ cell cancer,DOID:2156,cáncer de células germinales del ovario
1,DOID:216,dental caries,DOID:216,caries dental
1,DOID:2163,nasal cavity disease,DOID:2163,La enfermedad de la cavidad nasal
1,DOID:217,enamel caries,DOID:217,caries del esmalte
1,DOID:2170,vaginitis,DOID:2170,vaginitis
1,DOID:2173,eyelid benign neoplasm,DOID:2173,neoplasia benigna del párpado
1,DOID:2174,ocular cancer,DOID:2174,cáncer ocular
1,DOID:2176,carbuncle,DOID:2176,carbunclo
1,DOID:218,ascending colon cancer,DOID:218,cáncer de colon ascendente
1,DOID:2181,post-surgical hypoinsulinemia,DOID:2181,hipoinsulinemia posquirúrgica
2,DOID:2187,amelogenesis imperfecta,DOID:2187,amelogénesis imperfecta
1,DOID:219,colon cancer,DOID:219,cáncer de colon
1,DOID:221,acute perichondritis of pinna,DOID:221,pericondritis aguda del pabellón auricular
1,DOID:2211,factor XIII deficiency,DOID:2211,deficiencia de factor XIII
1,DOID:2213,hemorrhagic disease,DOID:2213,enfermedad hemorrágica
1,DOID:2215,factor VII deficiency,DOID:2215,deficiencia de factor VII
1,DOID:2216,factor V deficiency,DOID:2216,deficiencia del factor V
1,DOID:2217,Bernard-Soulier syndrome,DOID:2217,síndrome de Bernard-Soulier
1,DOID:2218,blood platelet disease,DOID:2218,enfermedad plaquetaria
1,DOID:2219,Glanzmann's thrombasthenia,DOID:2219,Trombastenia de Glanzmann
1,DOID:222,perichondritis of auricle,DOID:222,pericondritis del pabellón auricular
1,DOID:2222,factor X deficiency,DOID:2222,deficiencia del factor X
1,DOID:2223,platelet storage pool deficiency,DOID:2223,deficiencia del pool de almacenamiento de plaquetas
1,DOID:2224,essential thrombocythemia,DOID:2224,trombocitemia esencial
1,DOID:2226,myeloproliferative neoplasm,DOID:2226,neoplasia mieloproliferativa
1,DOID:2228,thrombocytosis,DOID:2228,trombocitosis
1,DOID:2229,factor XI deficiency,DOID:2229,deficiencia del factor XI
1,DOID:223,basilar artery insufficiency,DOID:223,insuficiencia de la arteria basilar
1,DOID:2231,factor XII deficiency,DOID:2231,deficiencia del factor XII
1,DOID:2234,focal epilepsy,DOID:2234,Epilepsia focal
1,DOID:2235,prothrombin deficiency,DOID:2235,deficiencia de protrombina
1,DOID:2237,hepatitis,DOID:2237,hepatitis
1,DOID:2239,granulomatous hepatitis,DOID:2239,hepatitis granulomatosa
1,DOID:224,transient cerebral ischemia,DOID:224,isquemia cerebral transitoria
1,DOID:2247,spondylosis,DOID:2247,espondilosis
1,DOID:225,syndrome,DOID:225,síndrome
1,DOID:2251,hypertrophic elongation of cervix,DOID:2251,alargamiento hipertrófico del cuello uterino
1,DOID:2253,cervix disease,DOID:2253,enfermedad del cuello uterino
1,DOID:2256,osteochondrodysplasia,DOID:2256,osteocondrodisplasia
1,DOID:227,ankylosis,DOID:227,anquilosis
1,DOID:2272,vulvovaginal candidiasis,DOID:2272,candidiasis vulvovaginal
1,DOID:2273,vulvovaginitis,DOID:2273,vulvovaginitis
1,DOID:2275,pharyngitis,DOID:2275,faringitis
1,DOID:2277,gonadal disease,DOID:2277,enfermedad gonadal
1,DOID:2280,hidradenitis suppurativa,DOID:2280,hidradenitis supurativa
1,DOID:2282,hidradenitis,DOID:2282,hidradenitis
1,DOID:2283,keratopathy,DOID:2283,queratopatía
1,DOID:2286,capillary lymphangioma,DOID:2286,linfangioma capilar
1,DOID:229,female reproductive system disease,DOID:229,enfermedad del aparato reproductor femenino
1,DOID:2297,leptospirosis,DOID:2297,leptospirosis
1,DOID:230,lateral sclerosis,DOID:230,esclerosis lateral
1,DOID:2300,spondylolysis,DOID:2300,espondilolisis
1,DOID:2301,atrophy of prostate,DOID:2301,atrofia de próstata
1,DOID:2303,stereotypic movement disorder,DOID:2303,trastorno de movimientos estereotipados
1,DOID:231,motor neuron disease,DOID:231,enfermedad de la neurona motora
1,DOID:2312,nocardiosis,DOID:2312,nocardiosis
1,DOID:2314,malt worker's lung,DOID:2314,pulmón de maltero
1,DOID:2316,brain ischemia,DOID:2316,isquemia cerebral
1,DOID:2320,obstructive lung disease,DOID:2320,enfermedad pulmonar obstructiva
1,DOID:2326,gastroenteritis,DOID:2326,gastroenteritis
1,DOID:2327,viral gastritis,DOID:2327,gastritis vírica
1,DOID:2338,mandibular cancer,DOID:2338,cáncer mandibular
1,DOID:2339,Crouzon syndrome,DOID:2339,Síndrome de Crouzon
1,DOID:234,colon adenocarcinoma,DOID:234,adenocarcinoma de colon
1,DOID:2340,craniosynostosis,DOID:2340,craneosinostosis
1,DOID:2344,polyclonal hypergammaglobulinemia,DOID:2344,hipergammaglobulinemia policlonal
1,DOID:2345,plasma protein metabolism disease,DOID:2345,enfermedad del metabolismo de las proteínas plasmáticas
1,DOID:2346,monoclonal paraproteinemia,DOID:2346,paraproteinemia monoclonal
1,DOID:2347,generalized atherosclerosis,DOID:2347,aterosclerosis generalizada
1,DOID:2348,arteriosclerotic cardiovascular disease,DOID:2348,enfermedad cardiovascular arteriosclerótica
1,DOID:2349,arteriosclerosis,DOID:2349,arteriosclerosis
1,DOID:235,colonic benign neoplasm,DOID:235,neoplasia benigna del colon
1,DOID:2351,iron metabolism disease,DOID:2351,enfermedad del metabolismo del hierro
1,DOID:2352,hemochromatosis,DOID:2352,hemocromatosis
1,DOID:2354,myelophthisic anemia,DOID:2354,anemia mielógena
1,DOID:2355,anemia,DOID:2355,anemia
1,DOID:2361,macrocytic anemia,DOID:2361,anemia macrocítica
1,DOID:2364,post-thrombotic syndrome,DOID:2364,síndrome postrombótico
1,DOID:2365,West Nile encephalitis,DOID:2365,encefalitis del Nilo Occidental
1,DOID:2366,West Nile fever,DOID:2366,Fiebre del Nilo Occidental
1,DOID:2367,neuroaxonal dystrophy,DOID:2367,distrofia neuroaxonal
1,DOID:2368,gangliosidosis,DOID:2368,gangliosidosis
1,DOID:2373,hereditary elliptocytosis,DOID:2373,eliptocitosis hereditaria
1,DOID:2377,multiple sclerosis,DOID:2377,esclerosis múltiple
1,DOID:2378,relapsing-remitting multiple sclerosis,DOID:2378,esclerosis múltiple remitente-recurrente
1,DOID:238,pupil disease,DOID:238,La enfermedad de la pupila
1,DOID:2382,kernicterus,DOID:2382,kernicterus
1,DOID:2383,neonatal jaundice,DOID:2383,ictericia neonatal
1,DOID:2384,Wernicke encephalopathy,DOID:2384,encefalopatía de Wernicke
1,DOID:2388,renal artery disease,DOID:2388,arteriopatía renal
1,DOID:2392,glandular cystitis,DOID:2392,cistitis glandular
1,DOID:2394,ovarian cancer,DOID:2394,cáncer de ovario
1,DOID:240,iris disease,DOID:240,enfermedad del iris
1,DOID:2401,clitoris cancer,DOID:2401,cáncer de clítoris
1,DOID:2409,rhinosporidiosis,DOID:2409,rinosporidiosis
1,DOID:2410,skin granular cell tumor,DOID:2410,tumor de células granulares de la piel
1,DOID:2411,granular cell tumor,DOID:2411,tumor de células granulares
1,DOID:2425,cutaneous ganglioneuroma,DOID:2425,ganglioneuroma cutáneo
1,DOID:2426,gangliocytoma,DOID:2426,gangliocitoma
1,DOID:2430,skin glomus tumor,DOID:2430,tumor glómico cutáneo
1,DOID:2431,glomus tumor,DOID:2431,tumor glómico
1,DOID:2433,epidermal appendage tumor,DOID:2433,tumor del apéndice epidérmico
1,DOID:2435,skin glomangioma,DOID:2435,glomangioma cutáneo
1,DOID:2436,glomangioma,DOID:2436,glomangioma
1,DOID:2438,dermis tumor,DOID:2438,tumor de la dermis
1,DOID:2441,frontal sinus squamous cell carcinoma,DOID:2441,carcinoma de células escamosas del seno frontal
1,DOID:2444,hyperpituitarism,DOID:2444,hiperpituitarismo
1,DOID:2449,acromegaly,DOID:2449,acromegalia
1,DOID:2450,central retinal vein occlusion,DOID:2450,oclusión de la vena central de la retina
1,DOID:2451,protein S deficiency,DOID:2451,deficiencia de proteína S
2,DOID:2452,thrombophilia,DOID:2452,trombofilia
1,DOID:2455,angular blepharoconjunctivitis,DOID:2455,blefaroconjuntivitis angular
1,DOID:2456,blepharoconjunctivitis,DOID:2456,blefaroconjuntivitis
1,DOID:2457,giant papillary conjunctivitis,DOID:2457,conjuntivitis papilar gigante
1,DOID:2458,papillary conjunctivitis,DOID:2458,conjuntivitis papilar
1,DOID:2460,anterior dislocation of lens,DOID:2460,luxación anterior del cristalino
1,DOID:2462,retinal vascular disease,DOID:2462,enfermedad vascular retiniana
1,DOID:2468,psychotic disorder,DOID:2468,trastorno psicótico
1,DOID:2473,opportunistic mycosis,DOID:2473,micosis oportunistas
1,DOID:2474,vernal conjunctivitis,DOID:2474,conjuntivitis vernal
1,DOID:2475,chronic conjunctivitis,DOID:2475,conjuntivitis crónica
1,DOID:2476,hereditary spastic paraplegia,DOID:2476,paraplejia espástica hereditaria
1,DOID:2477,motor peripheral neuropathy,DOID:2477,neuropatía periférica motora
1,DOID:2479,central nervous system origin vertigo,DOID:2479,vértigo de origen nervioso central
1,DOID:248,trachea leiomyoma,DOID:248,leiomioma de tráquea
1,DOID:2485,phosphorus metabolism disease,DOID:2485,enfermedad del metabolismo del fósforo
1,DOID:2491,sensory peripheral neuropathy,DOID:2491,neuropatía periférica sensorial
1,DOID:2493,gastric antral vascular ectasia,DOID:2493,ectasia vascular antral gástrica
1,DOID:2494,angiodysplasia,DOID:2494,angiodisplasia
1,DOID:2495,senile angioma,DOID:2495,angioma senil
1,DOID:2497,enamel erosion,DOID:2497,erosión del esmalte
1,DOID:2498,tooth erosion,DOID:2498,erosión dental
1,DOID:2508,Takayasu's arteritis,DOID:2508,Arteritis de Takayasu
1,DOID:251,alcohol-induced mental disorder,DOID:251,trastorno mental inducido por el alcohol
1,DOID:2510,Kluver-Bucy syndrome,DOID:2510,Síndrome de Kluver-Bucy
1,DOID:2512,nevoid basal cell carcinoma syndrome,DOID:2512,síndrome del carcinoma basocelular nevoide
1,DOID:2513,basal cell carcinoma,DOID:2513,carcinoma basocelular
1,DOID:2516,intracranial cavernous angioma,DOID:2516,angioma cavernoso intracraneal
1,DOID:2517,intracranial structure hemangioma,DOID:2517,hemangioma de estructura intracraneal
1,DOID:2518,orchitis,DOID:2518,orquitis
1,DOID:2519,testicular disease,DOID:2519,enfermedad testicular
1,DOID:252,alcoholic psychosis,DOID:252,psicosis alcohólica
1,DOID:2526,prostate adenocarcinoma,DOID:2526,adenocarcinoma de próstata
1,DOID:2527,nephrosis,DOID:2527,nefrosis
2,DOID:2529,splenic disease,DOID:2529,enfermedad esplénica
1,DOID:2530,splenic abscess,DOID:2530,absceso esplénico
1,DOID:2531,hematologic cancer,DOID:2531,cáncer hematológico
1,DOID:2533,splenic infarction,DOID:2533,infarto esplénico
1,DOID:2536,chronic inflammatory demyelinating polyneuritis,DOID:2536,polineuritis desmielinizante inflamatoria crónica
1,DOID:2537,inflammatory and toxic neuropathy,DOID:2537,"Neuropatía inflamatoria y tóxica: ""Neuropatía causada por la ingestión de fármacos"
1,DOID:2538,Landau-Kleffner syndrome,DOID:2538,Síndrome de Landau-Kleffner
1,DOID:254,hemangioma of intra-abdominal structure,DOID:254,hemangioma de estructura intraabdominal
1,DOID:2544,extratemporal epilepsy,DOID:2544,epilepsia extratemporal
1,DOID:2548,reflex epilepsy,DOID:2548,epilepsia refleja
1,DOID:255,hemangioma,DOID:255,hemangioma
1,DOID:2550,tactile epilepsy,DOID:2550,epilepsia táctil
1,DOID:2555,granulomatous angiitis,DOID:2555,angiitis granulomatosa
1,DOID:2556,relapsing polychondritis,DOID:2556,policondritis recidivante
1,DOID:2557,chondromalacia,DOID:2557,condromalacia
1,DOID:2559,opiate dependence,DOID:2559,dependencia de opiáceos
1,DOID:256,hemangioma of spleen,DOID:256,hemangioma de bazo
1,DOID:2560,morphine dependence,DOID:2560,dependencia de la morfina
1,DOID:2562,suppurative periapical periodontitis,DOID:2562,periodontitis periapical supurativa
1,DOID:2565,macular corneal dystrophy,DOID:2565,distrofia corneal macular
1,DOID:2566,corneal dystrophy,DOID:2566,distrofia corneal
1,DOID:2568,cervicitis,DOID:2568,cervicitis
1,DOID:2569,retinal drusen,DOID:2569,drusas retinianas
1,DOID:2570,malignant histiocytic disease,DOID:2570,enfermedad histiocítica maligna
1,DOID:2571,Langerhans-cell histiocytosis,DOID:2571,histiocitosis de células de Langerhans
1,DOID:2575,barbiturate dependence,DOID:2575,dependencia de barbitúricos
1,DOID:2580,rhizomelic chondrodysplasia punctata,DOID:2580,Condrodisplasia punctata rizomélica
1,DOID:2581,chondrodysplasia punctata,DOID:2581,condrodisplasia punctata
1,DOID:2582,acatalasia,DOID:2582,acatalasia
1,DOID:2583,agammaglobulinemia,DOID:2583,agammaglobulinemia
1,DOID:2590,familial nephrotic syndrome,DOID:2590,síndrome nefrótico familiar
1,DOID:2595,glottis cancer,DOID:2595,cáncer de glotis
1,DOID:2596,larynx cancer,DOID:2596,cáncer de laringe
1,DOID:2597,glottis neoplasm,DOID:2597,neoplasia de glotis
1,DOID:2598,laryngeal benign neoplasm,DOID:2598,neoplasia benigna laríngea
1,DOID:2599,glottis carcinoma,DOID:2599,carcinoma de glotis
1,DOID:26,pancreas disease,DOID:26,enfermedad del páncreas
1,DOID:260,hepatic flexure cancer,DOID:260,cáncer de la flexura hepática
1,DOID:2600,laryngeal carcinoma,DOID:2600,carcinoma laríngeo
1,DOID:2601,juxtacortical chondroma,DOID:2601,condroma yuxtacortical
1,DOID:2602,chondroma,DOID:2602,condroma
1,DOID:2609,adenomyoma,DOID:2609,adenomioma
1,DOID:261,transverse colon cancer,DOID:261,cáncer de colon transverso
1,DOID:2614,serous surface papilloma,DOID:2614,papiloma seroso superficial
1,DOID:2615,papilloma,DOID:2615,papiloma
1,DOID:2616,Wolffian duct adenoma,DOID:2616,adenoma del conducto de Wolff
1,DOID:262,kidney hemangiopericytoma,DOID:262,hemangiopericitoma renal
1,DOID:2621,autonomic nervous system neoplasm,DOID:2621,neoplasia del sistema nervioso autónomo
1,DOID:2626,choroid plexus papilloma,DOID:2626,papiloma del plexo coroideo
1,DOID:263,kidney cancer,DOID:263,cáncer de riñón
1,DOID:2632,papillary serous adenocarcinoma,DOID:2632,adenocarcinoma seroso papilar
1,DOID:2634,cystadenoma,DOID:2634,cistadenoma
1,DOID:2636,ovarian Brenner tumor,DOID:2636,tumor de Brenner ovárico
1,DOID:2639,breast pericanalicular fibroadenoma,DOID:2639,fibroadenoma pericanalicular mamario
1,DOID:264,hemangiopericytoma,DOID:264,hemangiopericitoma
1,DOID:2640,struma ovarii,DOID:2640,struma ovarii
1,DOID:2641,ovarian germ cell monodermal and highly specialized teratoma,DOID:2641,teratoma ovárico monodérmico de células germinales y altamente especializado
1,DOID:2643,perivascular epithelioid cell tumor,DOID:2643,tumor de células epitelioides perivasculares
1,DOID:2645,benign mesothelioma,DOID:2645,mesotelioma benigno
1,DOID:2647,parachordoma,DOID:2647,paracordoma
1,DOID:2648,sebaceous adenoma,DOID:2648,adenoma sebáceo
1,DOID:2649,chondroblastoma,DOID:2649,condroblastoma
1,DOID:265,spleen angiosarcoma,DOID:265,angiosarcoma de bazo
1,DOID:2653,benign fibrous mesothelioma,DOID:2653,mesotelioma fibroso benigno
1,DOID:2656,breast intracanalicular fibroadenoma,DOID:2656,fibroadenoma intracanalicular mamario
1,DOID:2658,dermoid cyst,DOID:2658,quiste dermoide
1,DOID:2660,cystic teratoma,DOID:2660,teratoma quístico
1,DOID:2661,myoepithelioma,DOID:2661,mioepitelioma
1,DOID:2664,sweat gland benign neoplasm,DOID:2664,neoplasia benigna de la glándula sudorípara
1,DOID:2668,mesenchymoma,DOID:2668,mesenquimoma
1,DOID:2669,Pacinian tumor,DOID:2669,tumor paciniano
1,DOID:2670,transitional papilloma,DOID:2670,papiloma transicional
1,DOID:2671,transitional cell carcinoma,DOID:2671,carcinoma de células transicionales
1,DOID:2673,adult cystic nephroma,DOID:2673,nefroma quístico del adulto
1,DOID:2679,dysembryoplastic neuroepithelial tumor,DOID:2679,tumor neuroepitelial disembrioplásico
1,DOID:268,liver angiosarcoma,DOID:268,angiosarcoma hepático
1,DOID:2682,intracystic papillary adenoma,DOID:2682,adenoma papilar intraquístico
1,DOID:2683,adenofibroma,DOID:2683,adenofibroma
1,DOID:2685,ossifying fibromyxoid tumor,DOID:2685,tumor fibromixoide osificante
1,DOID:2687,skin sarcoma,DOID:2687,sarcoma cutáneo
1,DOID:2689,lymphangiosarcoma,DOID:2689,linfangiosarcoma
1,DOID:2691,myoma,DOID:2691,mioma
1,DOID:2696,Leydig cell tumor,DOID:2696,tumor de células de Leydig
1,DOID:2697,renal adenoma,DOID:2697,adenoma renal
1,DOID:2698,nephrogenic adenofibroma,DOID:2698,adenofibroma nefrogénico
1,DOID:270,liver sarcoma,DOID:270,sarcoma hepático
1,DOID:2700,mucinous adenofibroma,DOID:2700,adenofibroma mucinoso
1,DOID:2701,nodular tenosynovitis,DOID:2701,tenosinovitis nodular
1,DOID:2702,pigmented villonodular synovitis,DOID:2702,sinovitis villonodular pigmentada
1,DOID:2703,synovitis,DOID:2703,sinovitis
1,DOID:2704,malignant giant cell tumor of the tendon sheath,DOID:2704,tumor maligno de células gigantes de la vaina del tendón
1,DOID:2705,malignant giant cell tumor,DOID:2705,tumor maligno de células gigantes
1,DOID:2706,synovium cancer,DOID:2706,cáncer de sinovia
1,DOID:2708,mushroom workers' lung,DOID:2708,pulmón de los trabajadores del champiñón
1,DOID:271,hemangioma of liver,DOID:271,hemangioma de hígado
1,DOID:2710,sick building syndrome,DOID:2710,síndrome del edificio enfermo
1,DOID:2712,phimosis,DOID:2712,fimosis
1,DOID:2717,Bloom syndrome,DOID:2717,síndrome de Bloom
1,DOID:2718,hemopneumothorax,DOID:2718,hemoneumotórax
2,DOID:272,hepatic vascular disease,DOID:272,Enfermedad vascular hepática
1,DOID:2722,acrodermatitis,DOID:2722,acrodermatitis
2,DOID:2723,dermatitis,DOID:2723,dermatitis
1,DOID:2725,capillary hemangioma,DOID:2725,hemangioma capilar
1,DOID:2729,dyskeratosis congenita,DOID:2729,disqueratosis congénita
1,DOID:2730,epidermolysis bullosa,DOID:2730,epidermólisis ampollosa
1,DOID:2731,vesiculobullous skin disease,DOID:2731,enfermedad cutánea vesiculobullosa
1,DOID:2732,Rothmund-Thomson syndrome,DOID:2732,Síndrome de Rothmund-Thomson
1,DOID:2733,skin atrophy,DOID:2733,atrofia cutánea
1,DOID:2734,keratosis follicularis,DOID:2734,queratosis folicular
1,DOID:2736,Hajdu-Cheney syndrome,DOID:2736,síndrome de Hajdu-Cheney
1,DOID:2738,pseudoxanthoma elasticum,DOID:2738,pseudoxantoma elástico
1,DOID:2739,Gilbert syndrome,DOID:2739,Síndrome de Gilbert
1,DOID:2741,bilirubin metabolic disorder,DOID:2741,trastorno metabólico de la bilirrubina
1,DOID:2742,auditory system disease,DOID:2742,enfermedad del sistema auditivo
1,DOID:2743,pyeloureteritis cystica,DOID:2743,pieloureteritis quística
1,DOID:2744,pyelitis,DOID:2744,pielitis
1,DOID:2745,narcissistic personality disorder,DOID:2745,trastorno narcisista de la personalidad
1,DOID:2746,glycogen storage disease V,DOID:2746,enfermedad por almacenamiento de glucógeno V
1,DOID:2747,glycogen storage disease,DOID:2747,enfermedad por almacenamiento de glucógeno
1,DOID:2748,glycogen storage disease III,DOID:2748,enfermedad por almacenamiento de glucógeno III
1,DOID:2749,glycogen storage disease Ia,DOID:2749,enfermedad por almacenamiento de glucógeno Ia
1,DOID:275,gastric hemangioma,DOID:275,hemangioma gástrico
1,DOID:2750,glycogen storage disease IV,DOID:2750,enfermedad por almacenamiento de glucógeno IV
1,DOID:2751,glycogen storage disease VIII,DOID:2751,enfermedad por almacenamiento de glucógeno VIII
1,DOID:2752,glycogen storage disease II,DOID:2752,enfermedad por almacenamiento de glucógeno II
1,DOID:2754,glycogen storage disease VI,DOID:2754,enfermedad por almacenamiento de glucógeno VI
1,DOID:2755,Mycobacterium avium complex disease,DOID:2755,Enfermedad por complejo Mycobacterium avium
1,DOID:2762,bone carcinoma,DOID:2762,carcinoma óseo
1,DOID:2763,ethmoid sinus squamous cell carcinoma,DOID:2763,carcinoma de células escamosas del seno etmoidal
1,DOID:2764,ethmoid sinus adenoid cystic carcinoma,DOID:2764,carcinoma adenoide quístico del seno etmoidal
1,DOID:2766,ethmoid sinus adenocarcinoma,DOID:2766,adenocarcinoma del seno etmoidal
1,DOID:2768,transient tic disorder,DOID:2768,trastorno de tic transitorio
1,DOID:2769,tic disorder,DOID:2769,trastorno de tic
1,DOID:277,chorioangioma,DOID:277,corioangioma
1,DOID:2772,irritant dermatitis,DOID:2772,dermatitis irritante
1,DOID:2773,contact dermatitis,DOID:2773,dermatitis de contacto
1,DOID:2775,long bone adamantinoma,DOID:2775,adamantinoma de hueso largo
1,DOID:2776,adamantinoma,DOID:2776,adamantinoma
1,DOID:2780,rectosigmoid junction neoplasm,DOID:2780,neoplasia de la unión rectosigmoidea
1,DOID:2781,rectosigmoid cancer,DOID:2781,cáncer rectosigmoide
1,DOID:2782,rectosigmoid junction cancer,DOID:2782,cáncer de la unión rectosigmoidea
1,DOID:2784,lung sarcoma,DOID:2784,sarcoma pulmonar
1,DOID:2785,Dandy-Walker syndrome,DOID:2785,síndrome de Dandy-Walker
1,DOID:2786,cerebellar disease,DOID:2786,enfermedad cerebelosa
1,DOID:2789,parasitic protozoa infectious disease,DOID:2789,enfermedad infecciosa por protozoos parásitos
1,DOID:2790,necatoriasis,DOID:2790,necatoriasis
1,DOID:2797,idiopathic interstitial pneumonia,DOID:2797,neumonía intersticial idiopática
1,DOID:2799,bronchiolitis obliterans,DOID:2799,bronquiolitis obliterante
1,DOID:28,endocrine system disease,DOID:28,enfermedad del sistema endocrino
1,DOID:2800,acute interstitial pneumonia,DOID:2800,neumonía intersticial aguda
1,DOID:2801,nonspecific interstitial pneumonia,DOID:2801,neumonía intersticial inespecífica
1,DOID:2810,middle lobe syndrome,DOID:2810,síndrome del lóbulo medio
1,DOID:2814,malignant neoplasm of acoustic nerve,DOID:2814,neoplasia maligna del nervio acústico
1,DOID:2815,cranial nerve malignant neoplasm,DOID:2815,neoplasia maligna del nervio craneal
1,DOID:2816,malignant oculomotor nerve tumor,DOID:2816,tumor maligno del nervio oculomotor
1,DOID:2817,cranial nerve III tumor,DOID:2817,tumor del III par craneal
1,DOID:2825,nose disease,DOID:2825,enfermedad de la nariz
1,DOID:2828,acalculous cholecystitis,DOID:2828,colecistitis acalculosa
1,DOID:2832,geotrichosis,DOID:2832,geotricosis
1,DOID:2833,dehydration polycythemia,DOID:2833,deshidratación policitemia
1,DOID:2834,acquired polycythemia,DOID:2834,policitemia adquirida
1,DOID:2835,polycythemia due to hypoxia,DOID:2835,policitemia por hipoxia
1,DOID:2838,stress polycythemia,DOID:2838,policitemia de estrés
1,DOID:2839,erythropoietin polycythemia,DOID:2839,eritropoyetina policitemia
NA,DOID:2841,asthma,DOID:2841,NA
1,DOID:2842,Jervell-Lange Nielsen syndrome,DOID:2842,síndrome de Jervell-Lange Nielsen
1,DOID:2843,long QT syndrome,DOID:2843,síndrome de QT largo
1,DOID:2846,bruxism,DOID:2846,bruxismo
1,DOID:285,hairy cell leukemia,DOID:285,leucemia de células pilosas
2,DOID:2855,hyperthyroxinemia,DOID:2855,Hipertiroxinemia
1,DOID:2856,euthyroid sick syndrome,DOID:2856,síndrome del enfermo eutiroideo
1,DOID:2862,glucosephosphate dehydrogenase deficiency,DOID:2862,deficiencia de glucosa-fosfato deshidrogenasa
1,DOID:2870,endometrial adenocarcinoma,DOID:2870,adenocarcinoma endometrial
1,DOID:2871,endometrial carcinoma,DOID:2871,carcinoma endometrial
1,DOID:2876,laryngeal squamous cell carcinoma,DOID:2876,carcinoma laríngeo de células escamosas
1,DOID:2877,larynx sarcoma,DOID:2877,sarcoma de laringe
1,DOID:2879,nodular degeneration of cornea,DOID:2879,degeneración nodular de la córnea
1,DOID:288,endometriosis of uterus,DOID:288,endometriosis uterina
1,DOID:2883,prostatic adenoma,DOID:2883,adenoma prostático
1,DOID:2885,benign prostate phyllodes tumor,DOID:2885,tumor filodes benigno de próstata
1,DOID:2887,prostate leiomyoma,DOID:2887,leiomioma de próstata
1,DOID:2889,retrocochlear disease,DOID:2889,enfermedad retrococlear
1,DOID:289,endometriosis,DOID:289,endometriosis
1,DOID:2891,thyroid adenoma,DOID:2891,adenoma tiroideo
1,DOID:2892,exocervical carcinoma,DOID:2892,carcinoma exocervical
1,DOID:2893,cervix carcinoma,DOID:2893,carcinoma de cuello uterino
1,DOID:2907,Goldenhar syndrome,DOID:2907,síndrome de Goldenhar
1,DOID:2908,Treacher Collins syndrome,DOID:2908,Síndrome de Treacher Collins
2,DOID:2913,acute pancreatitis,DOID:2913,pancreatitis aguda
1,DOID:2914,immune system disease,DOID:2914,enfermedad del sistema inmunitario
1,DOID:2916,hypersensitivity reaction type IV disease,DOID:2916,enfermedad de reacción de hipersensibilidad de tipo IV
1,DOID:2917,cryoglobulinemia,DOID:2917,crioglobulinemia
1,DOID:292,lacrimal system cancer,DOID:292,cáncer del sistema lagrimal
1,DOID:2920,membranoproliferative glomerulonephritis,DOID:2920,glomerulonefritis membranoproliferativa
1,DOID:2921,glomerulonephritis,DOID:2921,glomerulonefritis
1,DOID:2926,Klippel-Trenaunay syndrome,DOID:2926,síndrome de Klippel-Trenaunay
1,DOID:2929,Newcastle disease,DOID:2929,enfermedad de Newcastle
1,DOID:293,lacrimal gland carcinoma,DOID:293,carcinoma de glándula lagrimal
1,DOID:2934,aleutian mink disease,DOID:2934,enfermedad del visón de las aleutianas
1,DOID:2935,Chediak-Higashi syndrome,DOID:2935,síndrome de Chediak-Higashi
1,DOID:2938,Epstein-Barr virus infectious disease,DOID:2938,enfermedad infecciosa por el virus de Epstein-Barr
1,DOID:294,lacrimal gland cancer,DOID:294,cáncer de glándula lagrimal
1,DOID:2942,bronchiolitis,DOID:2942,bronquiolitis
1,DOID:2945,severe acute respiratory syndrome,DOID:2945,síndrome respiratorio agudo grave
1,DOID:295,eye carcinoma,DOID:295,carcinoma ocular
1,DOID:2951,motion sickness,DOID:2951,mareo por movimiento
2,DOID:2952,inner ear disease,DOID:2952,Enfermedad del oído interno
1,DOID:2957,pulmonary tuberculosis,DOID:2957,tuberculosis pulmonar
2,DOID:2959,hyperimmunoglobulin syndrome,DOID:2959,Síndrome de hiperinmunoglobulina
1,DOID:296,mixed lacrimal gland cancer,DOID:296,cáncer mixto de glándula lagrimal
1,DOID:2960,photosensitive trichothiodystrophy,DOID:2960,tricotiodistrofia fotosensible
2,DOID:2962,Cockayne syndrome,DOID:2962,Síndrome de Cockayne
1,DOID:2964,periarthritis,DOID:2964,periartritis
1,DOID:2965,bursitis,DOID:2965,bursitis
1,DOID:297,pleomorphic adenoma carcinoma,DOID:297,carcinoma adenoma pleomórfico
1,DOID:2972,renal artery obstruction,DOID:2972,obstrucción de la arteria renal
1,DOID:2973,kidney cortex necrosis,DOID:2973,necrosis de la corteza renal
2,DOID:2975,cystic kidney disease,DOID:2975,enfermedad renal quística
1,DOID:2977,primary hyperoxaluria,DOID:2977,hiperoxaluria primaria
1,DOID:2978,carbohydrate metabolic disorder,DOID:2978,trastorno metabólico de los carbohidratos
1,DOID:298,lacrimal gland adenocarcinoma,DOID:298,adenocarcinoma de glándula lagrimal
1,DOID:2981,kidney papillary necrosis,DOID:2981,necrosis papilar renal
1,DOID:2982,perinephritis,DOID:2982,perinefritis
1,DOID:2983,anuria,DOID:2983,anuria
1,DOID:2986,IgA glomerulonephritis,DOID:2986,glomerulonefritis IgA
1,DOID:2987,familial mediterranean fever,DOID:2987,fiebre mediterránea familiar
1,DOID:2988,antiphospholipid syndrome,DOID:2988,síndrome antifosfolípido
1,DOID:299,adenocarcinoma,DOID:299,adenocarcinoma
1,DOID:2992,prostate neuroendocrine neoplasm,DOID:2992,neoplasia neuroendocrina de próstata
1,DOID:2994,germ cell cancer,DOID:2994,cáncer de células germinales
1,DOID:2996,mixed germ cell-sex cord neoplasm,DOID:2996,neoplasia mixta de células germinales y cordón sexual
1,DOID:2997,Sertoli-Leydig cell tumor,DOID:2997,tumor de células de Sertoli-Leydig
1,DOID:2998,testicular cancer,DOID:2998,cáncer testicular
1,DOID:2999,granulosa cell tumor,DOID:2999,tumor de células de la granulosa
1,DOID:3001,female reproductive endometrioid cancer,DOID:3001,cáncer endometrioide reproductor femenino
1,DOID:3002,ovary neuroendocrine neoplasm,DOID:3002,neoplasia neuroendocrina de ovario
1,DOID:3003,nipple benign neoplasm,DOID:3003,neoplasia benigna del pezón
1,DOID:3004,breast myoepithelial neoplasm,DOID:3004,neoplasia mioepitelial mamaria
1,DOID:3007,breast ductal carcinoma,DOID:3007,carcinoma ductal de mama
1,DOID:3008,invasive ductal carcinoma,DOID:3008,carcinoma ductal invasivo
1,DOID:3009,breast neuroendocrine neoplasm,DOID:3009,neoplasia neuroendocrina de mama
1,DOID:3010,lobular neoplasia,DOID:3010,neoplasia lobular
1,DOID:3011,breast granular cell tumor,DOID:3011,tumor de células granulares de mama
1,DOID:3012,Li-Fraumeni syndrome,DOID:3012,síndrome de Li-Fraumeni
1,DOID:3013,intraductal breast benign neoplasm,DOID:3013,neoplasia benigna intraductal de mama
1,DOID:3016,breast malignant phyllodes tumor,DOID:3016,tumor filoides maligno de mama
1,DOID:3017,breast sarcoma,DOID:3017,sarcoma de mama
1,DOID:302,substance abuse,DOID:302,abuso de sustancias
1,DOID:3021,acute kidney failure,DOID:3021,insuficiencia renal aguda
1,DOID:3024,prostatic acinar adenocarcinoma,DOID:3024,adenocarcinoma acinar prostático
1,DOID:3025,acinar cell carcinoma,DOID:3025,carcinoma de células acinares
1,DOID:3029,colon mucinous adenocarcinoma,DOID:3029,adenocarcinoma mucinoso de colon
1,DOID:303,substance-related disorder,DOID:303,trastorno relacionado con sustancias
2,DOID:3030,mucinous adenocarcinoma,DOID:3030,adenocarcinoma mucinoso
1,DOID:3033,colon signet ring adenocarcinoma,DOID:3033,adenocarcinoma de colon en anillo de sello
1,DOID:3038,submucosal invasive colon adenocarcinoma,DOID:3038,adenocarcinoma submucoso invasivo de colon
1,DOID:3039,cecum adenocarcinoma,DOID:3039,adenocarcinoma de ciego
1,DOID:3042,allergic contact dermatitis,DOID:3042,dermatitis de contacto alérgica
1,DOID:3044,food allergy,DOID:3044,alergia alimentaria
1,DOID:3047,Wissler-Fanconi syndrome,DOID:3047,síndrome de Wissler-Fanconi
1,DOID:3049,Churg-Strauss syndrome,DOID:3049,síndrome de Churg-Strauss
1,DOID:305,carcinoma,DOID:305,carcinoma
1,DOID:3052,Balkan nephropathy,DOID:3052,Nefropatía balcánica
1,DOID:3055,paratyphoid fever,DOID:3055,fiebre paratifoidea
1,DOID:3068,glioblastoma,DOID:3068,glioblastoma
2,DOID:3069,malignant astrocytoma,DOID:3069,astrocitoma maligno
2,DOID:3070,high grade glioma,DOID:3070,Glioma de alto grado
1,DOID:3071,gliosarcoma,DOID:3071,gliosarcoma
1,DOID:3073,brain glioblastoma multiforme,DOID:3073,glioblastoma multiforme cerebral
1,DOID:3074,giant cell glioblastoma,DOID:3074,glioblastoma de células gigantes
1,DOID:3076,adult astrocytic tumor,DOID:3076,tumor astrocítico adulto
2,DOID:3078,anaplastic astrocytoma,DOID:3078,Astrocitoma anaplásico
1,DOID:3079,childhood astrocytic tumor,DOID:3079,tumor astrocítico infantil
1,DOID:308,early myoclonic encephalopathy,DOID:308,encefalopatía mioclónica precoz
1,DOID:3081,cystic lymphangioma,DOID:3081,linfangioma quístico
1,DOID:3082,interstitial lung disease,DOID:3082,enfermedad pulmonar intersticial
1,DOID:3083,chronic obstructive pulmonary disease,DOID:3083,enfermedad pulmonar obstructiva crónica
1,DOID:3086,gingival overgrowth,DOID:3086,sobrecrecimiento gingival
1,DOID:3087,gingivitis,DOID:3087,gingivitis
1,DOID:3089,granulomatous orchitis,DOID:3089,orquitis granulomatosa
1,DOID:3091,Acinetobacter infectious disease,DOID:3091,Enfermedad infecciosa por Acinetobacter
1,DOID:3093,nervous system cancer,DOID:3093,cáncer del sistema nervioso
1,DOID:3095,germ cell and embryonal cancer,DOID:3095,cáncer de células germinales y embrionario
1,DOID:3096,stenosis of lacrimal sac,DOID:3096,estenosis del saco lagrimal
1,DOID:3098,small cell sarcoma,DOID:3098,Sarcoma de células pequeñas
1,DOID:310,MERRF syndrome,DOID:310,síndrome MERRF
1,DOID:3103,thoracic outlet syndrome,DOID:3103,síndrome de la salida torácica
1,DOID:3107,toxascariasis,DOID:3107,toxascariasis
1,DOID:3108,ascaridiasis,DOID:3108,ascaridiasis
1,DOID:3109,idiopathic CD4-positive T-lymphocytopenia,DOID:3109,linfocitopenia T CD4-positiva idiopática
1,DOID:3110,papillary cystadenocarcinoma,DOID:3110,cistadenocarcinoma papilar
1,DOID:3111,cystadenocarcinoma,DOID:3111,cistadenocarcinoma
1,DOID:3112,papillary adenocarcinoma,DOID:3112,adenocarcinoma papilar
1,DOID:3113,papillary carcinoma,DOID:3113,carcinoma papilar
1,DOID:3114,serous cystadenocarcinoma,DOID:3114,cistadenocarcinoma seroso
2,DOID:3116,kidney benign neoplasm,DOID:3116,neoplasia benigna renal
1,DOID:3117,hepatobiliary benign neoplasm,DOID:3117,neoplasia hepatobiliar benigna
1,DOID:3118,hepatobiliary disease,DOID:3118,enfermedad hepatobiliar
1,DOID:3119,gastrointestinal system cancer,DOID:3119,cáncer del sistema gastrointestinal
1,DOID:312,tenosynovitis of foot and ankle,DOID:312,tenosinovitis del pie y del tobillo
1,DOID:3120,gallbladder papillomatosis,DOID:3120,papilomatosis de la vesícula biliar
1,DOID:3121,gallbladder cancer,DOID:3121,cáncer de vesícula biliar
1,DOID:3122,gastric outlet obstruction,DOID:3122,obstrucción de la salida gástrica
1,DOID:3125,multiple endocrine neoplasia,DOID:3125,neoplasia endocrina múltiple
1,DOID:3127,proctitis,DOID:3127,proctitis
1,DOID:3128,anus disease,DOID:3128,enfermedad del ano
1,DOID:3132,porphyria cutanea tarda,DOID:3132,porfiria cutánea tardía
1,DOID:3133,acute porphyria,DOID:3133,porfiria aguda
1,DOID:3134,facial dermatosis,DOID:3134,dermatosis facial
1,DOID:3136,scalp dermatosis,DOID:3136,dermatosis del cuero cabelludo
1,DOID:3138,acanthosis nigricans,DOID:3138,acantosis nigricans
1,DOID:314,tenosynovial giant cell tumor,DOID:314,tumor tenosinovial de células gigantes
1,DOID:3140,scleredema adultorum,DOID:3140,escleredema adultorum
1,DOID:3141,mucinoses,DOID:3141,mucinosis
1,DOID:3142,leg dermatosis,DOID:3142,dermatosis de las piernas
1,DOID:3144,cutis laxa,DOID:3144,cutis laxa
1,DOID:3145,hyperlipoproteinemia type III,DOID:3145,hiperlipoproteinemia tipo III
1,DOID:3146,lipid metabolism disorder,DOID:3146,trastorno del metabolismo lipídico
1,DOID:3148,dermal unilateral segmental cavernous angioma,DOID:3148,angioma cavernoso segmentario unilateral dérmico
1,DOID:3149,keratoacanthoma,DOID:3149,queratoacantoma
1,DOID:315,synovium neoplasm,DOID:315,neoplasia sinovial
1,DOID:3151,skin squamous cell carcinoma,DOID:3151,carcinoma de células escamosas de la piel
1,DOID:3153,lipomatosis,DOID:3153,lipomatosis
1,DOID:3156,hypomelanosis of Ito,DOID:3156,hipomelanosis de Ito
1,DOID:3158,hand dermatosis,DOID:3158,dermatosis de las manos
1,DOID:3159,photosensitivity disease,DOID:3159,enfermedad de fotosensibilidad
1,DOID:3162,malignant spindle cell melanoma,DOID:3162,melanoma maligno de células fusiformes
1,DOID:3165,skin benign neoplasm,DOID:3165,neoplasia benigna de la piel
1,DOID:3168,squamous cell neoplasm,DOID:3168,neoplasia de células escamosas
1,DOID:3172,papillary adenoma,DOID:3172,adenoma papilar
1,DOID:3173,fallopian tube serous papilloma,DOID:3173,papiloma seroso de las trompas de Falopio
1,DOID:3177,verrucous papilloma,DOID:3177,papiloma verrugoso
1,DOID:3178,skin papilloma,DOID:3178,papiloma cutáneo
1,DOID:3179,inverted papilloma,DOID:3179,papiloma invertido
1,DOID:318,progressive muscular atrophy,DOID:318,atrofia muscular progresiva
1,DOID:3181,oligodendroglioma,DOID:3181,oligodendroglioma
1,DOID:3183,childhood oligodendroglioma,DOID:3183,oligodendroglioma infantil
1,DOID:3184,spinal cord oligodendroglioma,DOID:3184,oligodendroglioma medular
1,DOID:3185,spinal cord glioma,DOID:3185,glioma medular
1,DOID:3186,adult oligodendroglioma,DOID:3186,oligodendroglioma adulto
1,DOID:3187,brain oligodendroglioma,DOID:3187,oligodendroglioma cerebral
1,DOID:319,spinal cord disease,DOID:319,enfermedad de la médula espinal
1,DOID:3191,nemaline myopathy,DOID:3191,miopatía nemalínica
1,DOID:3192,neurilemmoma,DOID:3192,neurilemmoma
1,DOID:3193,peripheral nerve sheath neoplasm,DOID:3193,neoplasia de la vaina nerviosa periférica
1,DOID:3196,cellular schwannoma,DOID:3196,schwannoma celular
1,DOID:3197,schwannoma of twelfth cranial nerve,DOID:3197,schwannoma del duodécimo nervio craneal
1,DOID:3198,hypoglossal nerve neoplasm,DOID:3198,neoplasia del nervio hipogloso
1,DOID:3199,C-P angle neurinoma,DOID:3199,neurinoma del ángulo C-P
1,DOID:320,vascular myelopathy,DOID:320,mielopatía vascular
1,DOID:3200,cerebellopontine angle tumor,DOID:3200,tumor del ángulo pontocerebeloso
1,DOID:3201,sympathetic neurilemmoma,DOID:3201,neurilemmoma simpático
1,DOID:3202,neurilemmoma of the fifth cranial nerve,DOID:3202,neurilemmoma del quinto nervio craneal
1,DOID:3203,macrocystic neurilemmoma,DOID:3203,neurilemmoma macroquístico
1,DOID:3204,schwannomatosis,DOID:3204,schwannomatosis
1,DOID:3205,melanotic neurilemmoma,DOID:3205,neurilemmoma melanótico
1,DOID:3206,plexiform schwannoma,DOID:3206,schwannoma plexiforme
1,DOID:3209,junctional epidermolysis bullosa,DOID:3209,epidermólisis bullosa juntural
1,DOID:321,tropical spastic paraparesis,DOID:321,paraparesia espástica tropical
1,DOID:3210,Pelizaeus-Merzbacher disease,DOID:3210,enfermedad de Pelizaeus-Merzbacher
1,DOID:3211,lysosomal storage disease,DOID:3211,enfermedad por depósito lisosomal
1,DOID:3213,demyelinating disease,DOID:3213,enfermedad desmielinizante
1,DOID:3216,jejunal somatostatinoma,DOID:3216,somatostatinoma yeyunal
1,DOID:3218,jejunal neoplasm,DOID:3218,neoplasia yeyunal
1,DOID:322,myelitis,DOID:322,mielitis
1,DOID:3222,causalgia,DOID:3222,causalgia
1,DOID:3223,complex regional pain syndrome,DOID:3223,síndrome de dolor regional complejo
1,DOID:3225,tracheal disease,DOID:3225,enfermedad traqueal
1,DOID:3227,tracheal stenosis,DOID:3227,estenosis traqueal
1,DOID:3229,gastric dilatation,DOID:3229,dilatación gástrica
1,DOID:3230,high pressure neurological syndrome,DOID:3230,síndrome neurológico de alta presión
1,DOID:3234,central nervous system lymphoma,DOID:3234,linfoma del sistema nervioso central
1,DOID:3240,aspiration pneumonitis,DOID:3240,neumonitis por aspiración
1,DOID:3241,lipid pneumonia,DOID:3241,neumonía lipídica
1,DOID:3246,embryonal rhabdomyosarcoma,DOID:3246,rabdomiosarcoma embrionario
2,DOID:3247,rhabdomyosarcoma,DOID:3247,rabdomiosarcoma
1,DOID:3250,pleomorphic rhabdomyosarcoma,DOID:3250,rabdomiosarcoma pleomórfico
1,DOID:3251,prostate embryonal rhabdomyosarcoma,DOID:3251,rabdomiosarcoma embrionario de próstata
1,DOID:3252,prostate rhabdomyosarcoma,DOID:3252,rabdomiosarcoma de próstata
1,DOID:3253,embryonal extrahepatic bile duct rhabdomyosarcoma,DOID:3253,rabdomiosarcoma embrionario de vías biliares extrahepáticas
1,DOID:3254,bile duct rhabdomyosarcoma,DOID:3254,rabdomiosarcoma de las vías biliares
1,DOID:3255,botryoid rhabdomyosarcoma,DOID:3255,rabdomiosarcoma botrioide
1,DOID:3258,orbit embryonal rhabdomyosarcoma,DOID:3258,rabdomiosarcoma embrionario orbital
1,DOID:3259,orbit rhabdomyosarcoma,DOID:3259,rabdomiosarcoma orbital
1,DOID:326,ischemia,DOID:326,isquemia
1,DOID:3260,spindle cell rhabdomyosarcoma,DOID:3260,rabdomiosarcoma de células fusiformes
1,DOID:3261,hyper IgE recurrent infection syndrome 1,DOID:3261,síndrome de infección recurrente hiper IgE 1
1,DOID:3262,phagocyte bactericidal dysfunction,DOID:3262,disfunción bactericida de los fagocitos
1,DOID:3263,piebaldism,DOID:3263,piebaldismo
1,DOID:3264,subacute leukemia,DOID:3264,leucemia subaguda
1,DOID:3265,chronic granulomatous disease,DOID:3265,enfermedad granulomatosa crónica
1,DOID:3267,mucinous ovarian cystadenoma,DOID:3267,cistoadenoma ovárico mucinoso
1,DOID:3269,ovarian cystadenoma,DOID:3269,cistadenoma ovárico
1,DOID:327,syringomyelia,DOID:327,siringomielia
1,DOID:3274,proliferative type fibrocystic change of breast,DOID:3274,cambio fibroquístico de la mama de tipo proliferativo
1,DOID:3275,thymoma,DOID:3275,timoma
1,DOID:3277,thymus cancer,DOID:3277,cáncer de timo
1,DOID:3278,encapsulated thymoma,DOID:3278,timoma encapsulado
1,DOID:3279,spindle cell thymoma,DOID:3279,timoma de células fusiformes
1,DOID:3280,mixed type thymoma,DOID:3280,timoma de tipo mixto
1,DOID:3281,combined thymoma,DOID:3281,timoma combinado
1,DOID:3282,thymoma type B,DOID:3282,timoma tipo B
1,DOID:3283,invasive malignant thymoma,DOID:3283,timoma maligno invasivo
1,DOID:3284,thymic carcinoma,DOID:3284,carcinoma tímico
1,DOID:3292,mpox,DOID:3292,mpox
1,DOID:3298,vaccinia,DOID:3298,vaccinia
1,DOID:3301,gonadoblastoma,DOID:3301,gonadoblastoma
1,DOID:3302,chordoma,DOID:3302,Cordoma
1,DOID:3303,notochordal cancer,DOID:3303,cáncer notocordal
1,DOID:3304,germinoma,DOID:3304,germinoma
1,DOID:3305,teratocarcinoma,DOID:3305,teratocarcinoma
1,DOID:3306,mixed germ cell cancer,DOID:3306,cáncer mixto de células germinales
1,DOID:3307,teratoma,DOID:3307,Teratoma
1,DOID:3308,embryonal carcinoma,DOID:3308,carcinoma embrionario
1,DOID:3309,neurodermatitis,DOID:3309,neurodermatitis
1,DOID:331,central nervous system disease,DOID:331,enfermedad del sistema nervioso central
2,DOID:3310,atopic dermatitis,DOID:3310,Dermatitis atópica
1,DOID:3312,bipolar disorder,DOID:3312,trastorno bipolar
1,DOID:3314,angiomyolipoma,DOID:3314,angiomiolipoma
1,DOID:3315,lipoma,DOID:3315,lipoma
NA,DOID:3316,perivascular tumor,DOID:3316,NA
1,DOID:3317,hepatic angiomyolipoma,DOID:3317,angiomiolipoma hepático
1,DOID:3318,epithelioid type angiomyolipoma,DOID:3318,angiomiolipoma de tipo epitelioide
1,DOID:3319,lymphangioleiomyomatosis,DOID:3319,linfangioleiomiomatosis
1,DOID:332,amyotrophic lateral sclerosis,DOID:332,esclerosis lateral amiotrófica
1,DOID:3320,Tay-Sachs disease,DOID:3320,enfermedad de Tay-Sachs
1,DOID:3321,GM2 gangliosidosis,DOID:3321,gangliosidosis GM2
2,DOID:3322,GM1 gangliosidosis,DOID:3322,Gangliosidosis GM1
1,DOID:3323,Sandhoff disease,DOID:3323,enfermedad de Sandhoff
1,DOID:3324,mood disorder,DOID:3324,trastorno del estado de ánimo
1,DOID:3325,hyperglobulinemic purpura,DOID:3325,púrpura hiperglobulinémica
1,DOID:3326,purpura,DOID:3326,púrpura
1,DOID:3327,partial motor epilepsy,DOID:3327,epilepsia motora parcial
1,DOID:3328,temporal lobe epilepsy,DOID:3328,epilepsia del lóbulo temporal
1,DOID:3329,benign epilepsy with centrotemporal spikes,DOID:3329,epilepsia benigna con picos centrotemporales
1,DOID:3330,partial sensory epilepsy,DOID:3330,epilepsia sensorial parcial
1,DOID:3331,frontal lobe epilepsy,DOID:3331,epilepsia del lóbulo frontal
1,DOID:3332,haemonchiasis,DOID:3332,haemonchiasis
1,DOID:334,histrionic personality disorder,DOID:334,trastorno histriónico de la personalidad
1,DOID:3341,osteitis fibrosa,DOID:3341,osteítis fibrosa
1,DOID:3342,bone inflammation disease,DOID:3342,enfermedad inflamatoria ósea
1,DOID:3343,glycoproteinosis,DOID:3343,glicoproteinosis
1,DOID:3345,xanthomatosis,DOID:3345,xantomatosis
1,DOID:3347,osteosarcoma,DOID:3347,osteosarcoma
1,DOID:3350,mesenchymal cell neoplasm,DOID:3350,neoplasia de células mesenquimales
1,DOID:3351,bone angioendothelial sarcoma,DOID:3351,sarcoma angioendotelial óseo
1,DOID:3352,malignant fibrous histiocytoma of bone,DOID:3352,histiocitoma fibroso maligno óseo
1,DOID:3354,fibrosarcoma of bone,DOID:3354,fibrosarcoma óseo
1,DOID:3355,fibrosarcoma,DOID:3355,fibrosarcoma
1,DOID:3356,localized osteosarcoma,DOID:3356,osteosarcoma localizado
1,DOID:3357,extraosseous osteosarcoma,DOID:3357,osteosarcoma extraóseo
1,DOID:3360,multifocal osteogenic sarcoma,DOID:3360,sarcoma osteogénico multifocal
1,DOID:3361,childhood osteosarcoma,DOID:3361,osteosarcoma infantil
1,DOID:3362,coronary aneurysm,DOID:3362,aneurisma coronario
1,DOID:3367,bone leiomyosarcoma,DOID:3367,leiomiosarcoma óseo
1,DOID:3368,Ewing sarcoma of bone,DOID:3368,sarcoma óseo de Ewing
1,DOID:3369,Ewing sarcoma,DOID:3369,sarcoma de Ewing
1,DOID:337,spinal accessory nerve neoplasm,DOID:337,neoplasia del nervio accesorio espinal
1,DOID:3371,chondrosarcoma,DOID:3371,condrosarcoma
1,DOID:3372,chondroblastic osteosarcoma,DOID:3372,osteosarcoma condroblástico
1,DOID:3373,parosteal osteosarcoma,DOID:3373,osteosarcoma parosteal
1,DOID:3374,peripheral osteosarcoma,DOID:3374,osteosarcoma periférico
1,DOID:3376,bone osteosarcoma,DOID:3376,osteosarcoma óseo
1,DOID:3377,small cell osteogenic sarcoma,DOID:3377,sarcoma osteogénico de células pequeñas
1,DOID:3379,metachronous osteosarcoma of the bone,DOID:3379,osteosarcoma óseo metacrónico
1,DOID:3381,liposarcoma of bone,DOID:3381,liposarcoma óseo
2,DOID:3382,liposarcoma,DOID:3382,Liposarcoma
1,DOID:3385,bacterial vaginosis,DOID:3385,vaginosis bacteriana
1,DOID:3388,periodontal disease,DOID:3388,enfermedad periodontal
1,DOID:3389,Papillon-Lefevre disease,DOID:3389,Enfermedad de Papillon-Lefevre
1,DOID:339,accessory nerve disease,DOID:339,enfermedad del nervio accesorio
1,DOID:3390,palmoplantar keratosis,DOID:3390,queratosis palmoplantar
2,DOID:3393,coronary artery disease,DOID:3393,Enfermedad arterial coronaria
1,DOID:3401,inappropriate ADH syndrome,DOID:3401,Síndrome de ADH inapropiada
1,DOID:3405,histiocytosis,DOID:3405,histiocitosis
1,DOID:3407,carotid artery disease,DOID:3407,enfermedad de la arteria carótida
1,DOID:341,peripheral vascular disease,DOID:341,enfermedad vascular periférica
1,DOID:3410,carotid artery thrombosis,DOID:3410,trombosis de la arteria carótida
1,DOID:3413,alpha-mannosidosis,DOID:3413,alfa-manosidosis
1,DOID:3417,glossopharyngeal nerve neoplasm,DOID:3417,neoplasia del nervio glosofaríngeo
1,DOID:3418,glossopharyngeal nerve disease,DOID:3418,enfermedad del nervio glosofaríngeo
1,DOID:3419,optic nerve neoplasm,DOID:3419,neoplasia del nervio óptico
1,DOID:342,subclavian artery aneurysm,DOID:342,aneurisma de la arteria subclavia
1,DOID:3421,trochlear nerve neoplasm,DOID:3421,neoplasia del nervio troclear
1,DOID:3426,vestibular disease,DOID:3426,enfermedad vestibular
1,DOID:3428,granulomatous myositis,DOID:3428,miositis granulomatosa
1,DOID:3429,inclusion body myositis,DOID:3429,miositis por cuerpos de inclusión
1,DOID:3431,cerebritis,DOID:3431,cerebritis
1,DOID:3436,viral laryngitis,DOID:3436,laringitis vírica
1,DOID:3437,laryngitis,DOID:3437,laringitis
1,DOID:3443,mammary Paget's disease,DOID:3443,enfermedad de Paget mamaria
1,DOID:3444,scrotum Paget's disease,DOID:3444,enfermedad de Paget del escroto
1,DOID:3445,scrotal carcinoma,DOID:3445,carcinoma escrotal
1,DOID:3446,anal Paget's disease,DOID:3446,enfermedad de Paget anal
1,DOID:3447,anus adenocarcinoma,DOID:3447,adenocarcinoma de ano
1,DOID:3448,penis Paget's disease,DOID:3448,enfermedad de Paget del pene
1,DOID:3449,penis carcinoma,DOID:3449,carcinoma de pene
1,DOID:345,uterine disease,DOID:345,enfermedad uterina
1,DOID:3450,cutaneous Paget's disease,DOID:3450,enfermedad cutánea de Paget
1,DOID:3451,skin carcinoma,DOID:3451,carcinoma cutáneo
1,DOID:3454,brain infarction,DOID:3454,infarto cerebral
1,DOID:3456,cervix erosion,DOID:3456,erosión cervical
1,DOID:3457,invasive lobular carcinoma,DOID:3457,carcinoma lobulillar invasivo
2,DOID:3458,breast adenocarcinoma,DOID:3458,Adenocarcinoma de mama
1,DOID:3459,breast carcinoma,DOID:3459,carcinoma de mama
1,DOID:3463,breast disease,DOID:3463,enfermedad mamaria
1,DOID:3478,iris cancer,DOID:3478,cáncer de iris
1,DOID:3479,uveal cancer,DOID:3479,cáncer uveal
1,DOID:348,blepharochalasis,DOID:348,blefarochalasis
1,DOID:3480,uveal disease,DOID:3480,enfermedad uveal
1,DOID:3481,septicemic plague,DOID:3481,peste septicémica
1,DOID:3482,plague,DOID:3482,peste
1,DOID:3486,necrobiosis lipoidica,DOID:3486,necrobiosis lipoídica
1,DOID:3488,cellulitis,DOID:3488,celulitis
1,DOID:349,systemic mastocytosis,DOID:349,mastocitosis sistémica
1,DOID:3490,Noonan syndrome,DOID:3490,síndrome de Noonan
1,DOID:3491,Turner syndrome,DOID:3491,síndrome de Turner
1,DOID:3492,mixed connective tissue disease,DOID:3492,enfermedad mixta del tejido conectivo
1,DOID:3493,signet ring cell adenocarcinoma,DOID:3493,adenocarcinoma de células en anillo de sello
1,DOID:3494,bile duct signet ring cell carcinoma,DOID:3494,carcinoma de células en anillo de sello del conducto biliar
1,DOID:3495,extrahepatic bile duct adenocarcinoma,DOID:3495,adenocarcinoma de vías biliares extrahepáticas
1,DOID:3497,pancreatic signet ring cell adenocarcinoma,DOID:3497,adenocarcinoma pancreático de células en anillo de sello
1,DOID:3498,pancreatic ductal adenocarcinoma,DOID:3498,adenocarcinoma ductal pancreático
1,DOID:3499,gallbladder signet ring cell adenocarcinoma,DOID:3499,adenocarcinoma de células en anillo de sello de la vesícula biliar
1,DOID:350,mastocytosis,DOID:350,mastocitosis
1,DOID:3500,gallbladder adenocarcinoma,DOID:3500,adenocarcinoma de vesícula biliar
1,DOID:3501,ampullary signet ring cell adenocarcinoma,DOID:3501,adenocarcinoma ampular de células en anillo de sello
1,DOID:3502,ampulla of Vater adenocarcinoma,DOID:3502,adenocarcinoma de la ampolla de Vater
1,DOID:3503,breast signet ring cell adenocarcinoma,DOID:3503,adenocarcinoma de células en anillo de sello de mama
1,DOID:3504,prostate signet ring cell adenocarcinoma,DOID:3504,adenocarcinoma de próstata de células en anillo de sello
1,DOID:3507,dermatofibrosarcoma protuberans,DOID:3507,dermatofibrosarcoma protuberante
1,DOID:3508,stricture or kinking of ureter,DOID:3508,estenosis o acodamiento del uréter
1,DOID:3512,neurofibrosarcoma,DOID:3512,neurofibrosarcoma
1,DOID:3516,adult fibrosarcoma,DOID:3516,fibrosarcoma adulto
1,DOID:3517,conventional fibrosarcoma,DOID:3517,fibrosarcoma convencional
1,DOID:3520,childhood fibrosarcoma,DOID:3520,fibrosarcoma infantil
1,DOID:3522,lateral medullary syndrome,DOID:3522,síndrome medular lateral
1,DOID:3523,brain stem infarction,DOID:3523,infarto del tronco encefálico
1,DOID:3525,middle cerebral artery infarction,DOID:3525,infarto de la arteria cerebral media
1,DOID:3526,cerebral infarction,DOID:3526,infarto cerebral
1,DOID:3527,cerebral arterial disease,DOID:3527,La enfermedad arterial cerebral
1,DOID:3528,anterior cerebral artery infarction,DOID:3528,infarto de la arteria cerebral anterior
1,DOID:3529,congenital myopathy 1A,DOID:3529,miopatía congénita 1A
1,DOID:3530,chronic wasting disease,DOID:3530,caquexia crónica
1,DOID:3534,Lafora disease,DOID:3534,enfermedad de Lafora
1,DOID:3535,Unverricht-Lundborg syndrome,DOID:3535,síndrome de Unverricht-Lundborg
1,DOID:3540,choroid plexus cancer,DOID:3540,cáncer de plexo coroideo
2,DOID:3541,cerebral ventricle cancer,DOID:3541,Cáncer de ventrículo cerebral
1,DOID:3542,adult choroid plexus cancer,DOID:3542,cáncer de plexo coroideo en adultos
1,DOID:3544,atypical choroid plexus papilloma,DOID:3544,papiloma atípico del plexo coroideo
1,DOID:3545,childhood choroid plexus cancer,DOID:3545,cáncer infantil del plexo coroideo
1,DOID:355,mast-cell sarcoma,DOID:355,mastocitoma
1,DOID:3557,superior mesenteric artery syndrome,DOID:3557,síndrome de la arteria mesentérica superior
1,DOID:3558,duodenal obstruction,DOID:3558,obstrucción duodenal
1,DOID:3559,pseudomyxoma peritonei,DOID:3559,pseudomixoma peritoneal
1,DOID:3565,meningioma,DOID:3565,meningioma
1,DOID:3571,liver cancer,DOID:3571,cáncer de hígado
1,DOID:3572,intracranial sinus thrombosis,DOID:3572,trombosis del seno intracraneal
1,DOID:3574,lateral sinus thrombosis,DOID:3574,trombosis del seno lateral
1,DOID:3575,cavernous sinus thrombosis,DOID:3575,trombosis del seno cavernoso
1,DOID:3576,sagittal sinus thrombosis,DOID:3576,trombosis del seno sagital
1,DOID:3577,Sertoli cell tumor,DOID:3577,tumor de células de Sertoli
1,DOID:3578,ovarian gonadoblastoma,DOID:3578,gonadoblastoma ovárico
1,DOID:3579,testicular gonadoblastoma,DOID:3579,gonadoblastoma testicular
1,DOID:3587,pancreatic ductal carcinoma,DOID:3587,carcinoma ductal pancreático
1,DOID:3590,gestational trophoblastic neoplasm,DOID:3590,neoplasia trofoblástica gestacional
1,DOID:3593,epithelioid trophoblastic tumor,DOID:3593,tumor trofoblástico epitelioide
1,DOID:3594,choriocarcinoma,DOID:3594,coriocarcinoma
1,DOID:3596,placental site trophoblastic tumor,DOID:3596,tumor trofoblástico de localización placentaria
1,DOID:3602,toxic encephalopathy,DOID:3602,encefalopatía tóxica
1,DOID:3603,mucinous cystadenocarcinoma,DOID:3603,cistoadenocarcinoma mucinoso
1,DOID:3604,ovarian mucinous cystadenocarcinoma,DOID:3604,cistoadenocarcinoma mucinoso de ovario
1,DOID:3605,ovarian cystadenocarcinoma,DOID:3605,cistoadenocarcinoma ovárico
1,DOID:3606,ovarian mucinous adenocarcinoma,DOID:3606,adenocarcinoma mucinoso de ovario
1,DOID:3607,appendix mucinous cystadenocarcinoma,DOID:3607,cistadenocarcinoma mucinoso de apéndice
1,DOID:3608,appendix adenocarcinoma,DOID:3608,adenocarcinoma de apéndice
1,DOID:3609,breast mucinous cystadenocarcinoma,DOID:3609,cistoadenocarcinoma mucinoso de mama
1,DOID:361,cervix endometriosis,DOID:361,endometriosis cervical
1,DOID:3610,breast mucinous carcinoma,DOID:3610,carcinoma mucinoso de mama
1,DOID:3611,acute retinal necrosis syndrome,DOID:3611,síndrome de necrosis retiniana aguda
1,DOID:3612,retinitis,DOID:3612,retinitis
1,DOID:3613,Canavan disease,DOID:3613,enfermedad de Canavan
1,DOID:3614,Kallmann syndrome,DOID:3614,síndrome de Kallmann
1,DOID:3615,infiltrating angiolipoma,DOID:3615,angiolipoma infiltrante
1,DOID:3616,angiolipoma,DOID:3616,angiolipoma
1,DOID:3617,epidural spinal canal angiolipoma,DOID:3617,angiolipoma del canal espinal epidural
1,DOID:3618,epidural spinal canal neoplasm,DOID:3618,neoplasia del canal espinal epidural
1,DOID:3620,central nervous system cancer,DOID:3620,cáncer del sistema nervioso central
1,DOID:3627,aortic aneurysm,DOID:3627,aneurisma aórtico
1,DOID:363,uterine cancer,DOID:363,cáncer uterino
1,DOID:3633,beta-mannosidosis,DOID:3633,beta-mannosidosis
1,DOID:3637,childhood spinal cord tumor,DOID:3637,tumor medular infantil
1,DOID:3639,spinal cord intramedullary teratoma,DOID:3639,teratoma intramedular de la médula espinal
1,DOID:3640,central nervous system teratoma,DOID:3640,teratoma del sistema nervioso central
1,DOID:3641,conus medullaris neoplasm,DOID:3641,neoplasia del cono medular
1,DOID:3642,empty sella syndrome,DOID:3642,síndrome de la silla turca vacía
1,DOID:3643,sella turcica neoplasm,DOID:3643,neoplasia de la silla turca
1,DOID:3644,hypothalamic neoplasm,DOID:3644,neoplasia hipotalámica
1,DOID:3646,necrosis of pituitary,DOID:3646,necrosis de la hipófisis
1,DOID:3649,pyruvate decarboxylase deficiency,DOID:3649,deficiencia de piruvato descarboxilasa
1,DOID:365,bladder disease,DOID:365,enfermedad de la vejiga
1,DOID:3650,lactic acidosis,DOID:3650,acidosis láctica
1,DOID:3651,pyruvate carboxylase deficiency disease,DOID:3651,enfermedad por deficiencia de piruvato carboxilasa
1,DOID:3652,Leigh disease,DOID:3652,enfermedad de Leigh
1,DOID:3659,sialuria,DOID:3659,sialuria
1,DOID:3660,wheat allergy,DOID:3660,alergia al trigo
1,DOID:3663,cutaneous mastocytosis,DOID:3663,mastocitosis cutánea
1,DOID:3664,mast cell neoplasm,DOID:3664,neoplasia mastocitaria
1,DOID:3665,diffuse cutaneous mastocytosis,DOID:3665,mastocitosis cutánea difusa
1,DOID:3666,solitary mastocytoma of the skin,DOID:3666,mastocitoma solitario de la piel
1,DOID:3669,intermittent claudication,DOID:3669,claudicación intermitente
1,DOID:367,olfactory nerve disease,DOID:367,enfermedad del nervio olfativo
1,DOID:3671,pericoronitis,DOID:3671,pericoronitis
1,DOID:3672,rhabdoid cancer,DOID:3672,cáncer rabdoide
1,DOID:3674,kidney rhabdoid cancer,DOID:3674,cáncer rabdoide de riñón
1,DOID:3675,childhood kidney cancer,DOID:3675,cáncer de riñón infantil
1,DOID:3677,pulmonary plasma cell granuloma,DOID:3677,granuloma pulmonar de células plasmáticas
1,DOID:368,cerebrum cancer,DOID:368,cáncer de cerebro
1,DOID:3683,lung benign neoplasm,DOID:3683,neoplasia benigna de pulmón
1,DOID:3687,MELAS syndrome,DOID:3687,síndrome MELAS
1,DOID:3688,plexopathy,DOID:3688,plexopatía
1,DOID:3689,brachial plexus neuritis,DOID:3689,neuritis del plexo braquial
1,DOID:369,olfactory neuroblastoma,DOID:369,neuroblastoma olfativo
1,DOID:3690,brachial plexus neuropathy,DOID:3690,neuropatía del plexo braquial
1,DOID:3691,anal colloid adenocarcinoma,DOID:3691,adenocarcinoma coloide anal
1,DOID:3692,anal canal adenocarcinoma,DOID:3692,adenocarcinoma del canal anal
1,DOID:3693,ampulla of Vater mucinous adenocarcinoma,DOID:3693,adenocarcinoma mucinoso de la ampolla de Vater
1,DOID:3696,acute sanguinous otitis media,DOID:3696,otitis media sanguinolenta aguda
1,DOID:3697,acute transudative otitis media,DOID:3697,otitis media transudativa aguda
1,DOID:3698,bile duct mucinous adenocarcinoma,DOID:3698,adenocarcinoma mucinoso de vías biliares
1,DOID:3699,uterine ligament mucinous adenocarcinoma,DOID:3699,adenocarcinoma mucinoso del ligamento uterino
1,DOID:37,skin disease,DOID:37,enfermedad cutánea
1,DOID:370,malignant olfactory nerve neoplasm,DOID:370,neoplasia maligna del nervio olfativo
1,DOID:3700,uterine ligament adenocarcinoma,DOID:3700,adenocarcinoma del ligamento uterino
1,DOID:3701,cervical mucinous adenocarcinoma,DOID:3701,adenocarcinoma mucinoso cervical
1,DOID:3702,cervical adenocarcinoma,DOID:3702,adenocarcinoma cervical
1,DOID:3703,prostate colloid adenocarcinoma,DOID:3703,adenocarcinoma coloide de próstata
1,DOID:3704,fallopian tube mucinous adenocarcinoma,DOID:3704,adenocarcinoma mucinoso de trompa de Falopio
1,DOID:3705,fallopian tube mucinous tumor,DOID:3705,tumor mucinoso de las trompas de Falopio
1,DOID:3706,fallopian tube adenocarcinoma,DOID:3706,adenocarcinoma de trompa de Falopio
1,DOID:3707,endometrial mucinous adenocarcinoma,DOID:3707,adenocarcinoma mucinoso endometrial
1,DOID:3709,rectum mucinous adenocarcinoma,DOID:3709,adenocarcinoma mucinoso de recto
1,DOID:371,extracranial neuroblastoma,DOID:371,neuroblastoma extracraneal
1,DOID:3710,bladder colloid adenocarcinoma,DOID:3710,adenocarcinoma coloide de vejiga
1,DOID:3711,bladder adenocarcinoma,DOID:3711,adenocarcinoma de vejiga
1,DOID:3713,ovary adenocarcinoma,DOID:3713,adenocarcinoma de ovario
1,DOID:3716,mucinous stomach adenocarcinoma,DOID:3716,adenocarcinoma mucinoso de estómago
1,DOID:3717,gastric adenocarcinoma,DOID:3717,adenocarcinoma gástrico
1,DOID:3720,extramedullary plasmacytoma,DOID:3720,plasmocitoma extramedular
1,DOID:3721,plasmacytoma,DOID:3721,plasmocitoma
1,DOID:3722,solitary osseous plasmacytoma,DOID:3722,plasmocitoma óseo solitario
1,DOID:3723,solitary plasmacytoma of chest wall,DOID:3723,plasmocitoma solitario de pared torácica
1,DOID:3728,acute allergic sanguinous otitis media,DOID:3728,otitis media sanguinolenta alérgica aguda
1,DOID:3733,theileriasis,DOID:3733,teileriasis
1,DOID:3737,verrucous carcinoma,DOID:3737,carcinoma verrugoso
1,DOID:374,nutrition disease,DOID:374,nutrición enfermedad
1,DOID:3740,vulva verrucous carcinoma,DOID:3740,carcinoma verrucoso de vulva
1,DOID:3741,bladder verrucous squamous cell carcinoma,DOID:3741,carcinoma escamoso verrucoso de vejiga
1,DOID:3742,bladder squamous cell carcinoma,DOID:3742,carcinoma de células escamosas de vejiga
1,DOID:3743,cervical verrucous carcinoma,DOID:3743,carcinoma verrucoso cervical
1,DOID:3744,cervical squamous cell carcinoma,DOID:3744,carcinoma cervical de células escamosas
1,DOID:3747,esophagus verrucous carcinoma,DOID:3747,carcinoma verrucoso de esófago
1,DOID:3748,esophagus squamous cell carcinoma,DOID:3748,carcinoma de células escamosas de esófago
1,DOID:3749,urethral verrucous carcinoma,DOID:3749,carcinoma verrucoso uretral
1,DOID:3750,urethra squamous cell carcinoma,DOID:3750,carcinoma de células escamosas de la uretra
1,DOID:3751,plantar verrucous skin carcinoma,DOID:3751,carcinoma cutáneo verrucoso plantar
1,DOID:3752,larynx verrucous carcinoma,DOID:3752,carcinoma verrucoso de laringe
1,DOID:3753,Hermansky-Pudlak syndrome,DOID:3753,síndrome de Hermansky-Pudlak
1,DOID:3755,antithrombin III deficiency,DOID:3755,deficiencia de antitrombina III
1,DOID:3756,protein C deficiency,DOID:3756,deficiencia de proteína C
1,DOID:3762,cytochrome-c oxidase deficiency disease,DOID:3762,enfermedad por deficiencia de citocromo c oxidasa
1,DOID:3763,hermaphroditism,DOID:3763,hermafroditismo
1,DOID:3764,Denys-Drash syndrome,DOID:3764,Síndrome de Denys-Drash
1,DOID:3765,pseudohermaphroditism,DOID:3765,pseudohermafroditismo
1,DOID:3766,leukorrhea,DOID:3766,leucorrea
1,DOID:3767,vaginal discharge,DOID:3767,flujo vaginal
1,DOID:3770,pulmonary fibrosis,DOID:3770,fibrosis pulmonar
1,DOID:3772,intraventricular meningioma,DOID:3772,meningioma intraventricular
1,DOID:3774,chordoid glioma,DOID:3774,glioma cordoide
1,DOID:3777,granuloma annulare,DOID:3777,granuloma anular
1,DOID:3781,anovulation,DOID:3781,anovulación
1,DOID:3783,Coffin-Lowry syndrome,DOID:3783,síndrome de Coffin-Lowry
1,DOID:379,external ear disease,DOID:379,enfermedad del oído externo
1,DOID:3798,pleural empyema,DOID:3798,empiema pleural
1,DOID:3803,Crigler-Najjar syndrome,DOID:3803,síndrome de Crigler-Najjar
1,DOID:3805,porokeratosis,DOID:3805,poroqueratosis
1,DOID:3809,epidural spinal canal meningioma,DOID:3809,meningioma del canal espinal epidural
1,DOID:381,arthropathy,DOID:381,artropatía
1,DOID:3813,central nervous system chondroma,DOID:3813,condroma del sistema nervioso central
1,DOID:3814,soft tissue chondroma,DOID:3814,condroma de tejidos blandos
1,DOID:3816,glossopharyngeal nerve paralysis,DOID:3816,parálisis del nervio glosofaríngeo
1,DOID:3817,cranial nerve palsy,DOID:3817,parálisis del nervio craneal
1,DOID:3818,photoallergic dermatitis,DOID:3818,dermatitis fotoalérgica
1,DOID:3819,toxicodendron dermatitis,DOID:3819,dermatitis por toxicodendro
1,DOID:3821,posterior cerebral artery infarction,DOID:3821,infarto de la arteria cerebral posterior
1,DOID:3825,Shwartzman phenomenon,DOID:3825,fenómeno Shwartzman
1,DOID:3828,chromophobe adenoma,DOID:3828,adenoma cromófobo
1,DOID:3829,pituitary adenoma,DOID:3829,adenoma hipofisario
1,DOID:384,Wolff-Parkinson-White syndrome,DOID:384,síndrome de Wolff-Parkinson-White
1,DOID:3840,craniopharyngioma,DOID:3840,craneofaringioma
1,DOID:3842,skull base cancer,DOID:3842,cáncer de la base del cráneo
1,DOID:3843,diencephalic neoplasm,DOID:3843,neoplasia diencefálica
1,DOID:3846,adamantinous craniopharyngioma,DOID:3846,craneofaringioma adamantino
1,DOID:3847,papillary craniopharyngioma,DOID:3847,craneofaringioma papilar
1,DOID:3850,hemangiopericytic tumor,DOID:3850,tumor hemangiopericítico
1,DOID:3852,Peutz-Jeghers syndrome,DOID:3852,Síndrome de Peutz-Jeghers
1,DOID:3855,seminal vesicle tumor,DOID:3855,tumor de la vesícula seminal
1,DOID:3856,male reproductive organ cancer,DOID:3856,cáncer de órgano reproductor masculino
1,DOID:3857,large cell medulloblastoma,DOID:3857,meduloblastoma de células grandes
1,DOID:3860,cerebellar vermis medulloblastoma,DOID:3860,meduloblastoma del vermis cerebeloso
1,DOID:3861,medullomyoblastoma,DOID:3861,medullomyoblastoma
1,DOID:3864,adult medulloblastoma,DOID:3864,meduloblastoma adulto
1,DOID:3865,adult central nervous system embryonal tumor,DOID:3865,tumor embrionario adulto del sistema nervioso central
1,DOID:3868,melanotic medulloblastoma,DOID:3868,meduloblastoma melanótico
1,DOID:3869,childhood medulloblastoma,DOID:3869,meduloblastoma infantil
1,DOID:3870,childhood central nervous system embryonal tumor,DOID:3870,tumor embrionario del sistema nervioso central infantil
1,DOID:3873,desmoplastic/nodular medulloblastoma,DOID:3873,meduloblastoma desmoplásico/nodular
1,DOID:3875,thrombophlebitis,DOID:3875,tromboflebitis
1,DOID:3876,colonic pseudo-obstruction,DOID:3876,pseudoobstrucción colónica
1,DOID:3877,functional colonic disease,DOID:3877,enfermedad colónica funcional
1,DOID:3883,Lynch syndrome,DOID:3883,síndrome de Lynch
1,DOID:3890,acute intermittent porphyria,DOID:3890,porfiria aguda intermitente
1,DOID:3891,placental insufficiency,DOID:3891,insuficiencia placentaria
1,DOID:3892,insulinoma,DOID:3892,insulinoma
1,DOID:3893,hidrocystoma,DOID:3893,hidrocistoma
1,DOID:3895,apocrine adenoma,DOID:3895,adenoma apocrino
1,DOID:3896,hidradenoma,DOID:3896,hidradenoma
1,DOID:3901,vulvitis,DOID:3901,vulvitis
1,DOID:3904,bronchus carcinoma,DOID:3904,carcinoma bronquial
1,DOID:3905,lung carcinoma,DOID:3905,carcinoma pulmonar
1,DOID:3906,bronchial benign neoplasm,DOID:3906,neoplasia benigna bronquial
1,DOID:3907,lung squamous cell carcinoma,DOID:3907,carcinoma pulmonar de células escamosas
2,DOID:3908,lung non-small cell carcinoma,DOID:3908,Carcinoma pulmonar de células no pequeñas
2,DOID:3910,lung adenocarcinoma,DOID:3910,adenocarcinoma de pulmón
1,DOID:3911,progeria,DOID:3911,progeria
1,DOID:3917,pancreatic serous cystadenoma,DOID:3917,cistadenoma seroso pancreático
1,DOID:3918,pancreatic cystadenoma,DOID:3918,cistadenoma pancreático
1,DOID:3919,pancreatic serous cystic neoplasm,DOID:3919,neoplasia quística serosa pancreática
1,DOID:3923,diffuse lipomatosis,DOID:3923,lipomatosis difusa
1,DOID:3924,main bronchus cancer,DOID:3924,cáncer de bronquio principal
1,DOID:3925,steroid lipomatosis,DOID:3925,lipomatosis esteroidea
1,DOID:3926,mediastinal lipomatosis,DOID:3926,lipomatosis mediastínica
1,DOID:3927,pelvic lipomatosis,DOID:3927,lipomatosis pélvica
1,DOID:3928,adiposis dolorosa,DOID:3928,adiposis dolorosa
1,DOID:3930,otitis interna,DOID:3930,otitis interna
1,DOID:3933,anterior compartment syndrome,DOID:3933,síndrome compartimental anterior
1,DOID:3944,Arenaviridae infectious disease,DOID:3944,arenaviridae enfermedad infecciosa
1,DOID:3946,pituitary-dependent Cushing's disease,DOID:3946,enfermedad de Cushing dependiente de la hipófisis
1,DOID:3947,adrenal gland hyperfunction,DOID:3947,hiperfunción de la glándula suprarrenal
1,DOID:3948,adrenocortical carcinoma,DOID:3948,carcinoma corticosuprarrenal
1,DOID:3950,adrenal carcinoma,DOID:3950,carcinoma suprarrenal
1,DOID:3951,acute myocarditis,DOID:3951,miocarditis aguda
1,DOID:3952,adrenal cortex disease,DOID:3952,enfermedad de la corteza suprarrenal
1,DOID:3953,adrenal gland cancer,DOID:3953,cáncer de glándula suprarrenal
1,DOID:3959,adrenal cortical adenocarcinoma,DOID:3959,adenocarcinoma cortical suprarrenal
1,DOID:396,Loeffler endocarditis,DOID:396,endocarditis de Loeffler
1,DOID:3962,thyroid gland follicular carcinoma,DOID:3962,carcinoma folicular de la glándula tiroides
1,DOID:3963,thyroid gland carcinoma,DOID:3963,carcinoma de la glándula tiroides
1,DOID:3964,trabecular follicular adenocarcinoma,DOID:3964,adenocarcinoma folicular trabecular
1,DOID:3965,Merkel cell carcinoma,DOID:3965,carcinoma de células de Merkel
1,DOID:3968,papillary follicular thyroid adenocarcinoma,DOID:3968,adenocarcinoma papilar folicular de tiroides
1,DOID:3969,thyroid gland papillary carcinoma,DOID:3969,carcinoma papilar de la glándula tiroides
1,DOID:397,restrictive cardiomyopathy,DOID:397,miocardiopatía restrictiva
1,DOID:3973,thyroid gland medullary carcinoma,DOID:3973,carcinoma medular de la glándula tiroides
1,DOID:3978,extrinsic cardiomyopathy,DOID:3978,cardiomiopatía extrínseca
1,DOID:3981,pantothenate kinase-associated neurodegeneration,DOID:3981,neurodegeneración asociada a la pantotenato quinasa
1,DOID:3982,Meige syndrome,DOID:3982,síndrome de Meige
1,DOID:3983,oesophagostomiasis,DOID:3983,esofagostomiasis
1,DOID:3985,ostertagiasis,DOID:3985,ostertagiasis
1,DOID:399,tuberculosis,DOID:399,tuberculosis
1,DOID:3996,urinary system cancer,DOID:3996,cáncer del sistema urinario
1,DOID:3998,Bartholin's gland transitional cell carcinoma,DOID:3998,carcinoma de células transicionales de la glándula de Bartolino
1,DOID:3999,Bartholin's gland carcinoma,DOID:3999,carcinoma de la glándula de Bartolino
1,DOID:4,disease,DOID:4,enfermedad
1,DOID:4000,ovary transitional cell carcinoma,DOID:4000,carcinoma de células transicionales de ovario
1,DOID:4001,ovarian carcinoma,DOID:4001,carcinoma ovárico
1,DOID:4003,Schneiderian carcinoma,DOID:4003,carcinoma de Schneider
1,DOID:4005,endometrial transitional cell carcinoma,DOID:4005,carcinoma endometrial de células transicionales
1,DOID:4006,bladder urothelial carcinoma,DOID:4006,carcinoma urotelial de vejiga
2,DOID:4007,bladder carcinoma,DOID:4007,carcinoma de vejiga
1,DOID:4008,fallopian tube transitional cell carcinoma,DOID:4008,carcinoma de células de transición de las trompas de Falopio
1,DOID:401,multidrug-resistant tuberculosis,DOID:401,tuberculosis multirresistente
1,DOID:4011,prostate transitional cell carcinoma,DOID:4011,carcinoma de células transicionales de próstata
1,DOID:4012,papillary transitional carcinoma,DOID:4012,carcinoma papilar transicional
1,DOID:4013,urethra transitional cell carcinoma,DOID:4013,carcinoma de células de transición de la uretra
2,DOID:4014,sarcomatoid transitional cell carcinoma,DOID:4014,Carcinoma de células transicionales sarcomatoide
1,DOID:4015,sarcomatoid carcinoma,DOID:4015,carcinoma sarcomatoide
1,DOID:402,oral tuberculosis,DOID:402,tuberculosis oral
1,DOID:4022,ureterocele,DOID:4022,ureterocele
1,DOID:4023,linitis plastica,DOID:4023,linitis plástica
1,DOID:4024,scirrhous adenocarcinoma,DOID:4024,adenocarcinoma escirroso
1,DOID:4028,angioma serpiginosum,DOID:4028,angioma serpiginoso
1,DOID:4029,gastritis,DOID:4029,gastritis
1,DOID:403,mouth disease,DOID:403,enfermedad de la boca
1,DOID:4030,eosinophilic gastritis,DOID:4030,gastritis eosinofílica
1,DOID:4031,eosinophilic gastroenteritis,DOID:4031,gastroenteritis eosinofílica
1,DOID:4033,bacterial gastritis,DOID:4033,gastritis bacteriana
1,DOID:4034,fungal gastritis,DOID:4034,gastritis fúngica
1,DOID:4035,lymphocytic gastritis,DOID:4035,gastritis linfocítica
1,DOID:4037,necrotizing gastritis,DOID:4037,gastritis necrotizante
1,DOID:4038,granulomatous gastritis,DOID:4038,gastritis granulomatosa
1,DOID:404,gastrointestinal tuberculosis,DOID:404,tuberculosis gastrointestinal
1,DOID:4043,skeletal muscle cancer,DOID:4043,cáncer de músculo esquelético
1,DOID:4044,skeletal muscle neoplasm,DOID:4044,neoplasia del músculo esquelético
1,DOID:4045,muscle cancer,DOID:4045,cáncer muscular
1,DOID:4047,liver rhabdomyosarcoma,DOID:4047,rabdomiosarcoma hepático
1,DOID:4048,central nervous system rhabdomyosarcoma,DOID:4048,rabdomiosarcoma del sistema nervioso central
1,DOID:4049,mediastinum rhabdomyosarcoma,DOID:4049,rabdomiosarcoma del mediastino
1,DOID:4050,mediastinum sarcoma,DOID:4050,sarcoma de mediastino
1,DOID:4051,alveolar rhabdomyosarcoma,DOID:4051,rabdomiosarcoma alveolar
1,DOID:4053,rectum rhabdomyosarcoma,DOID:4053,rabdomiosarcoma de recto
1,DOID:4054,prostate sarcoma,DOID:4054,sarcoma de próstata
1,DOID:4055,ectomesenchymoma,DOID:4055,ectomesenquimoma
1,DOID:4057,gallbladder rhabdomyosarcoma,DOID:4057,rabdomiosarcoma de vesícula biliar
1,DOID:4058,gallbladder sarcoma,DOID:4058,sarcoma de vesícula biliar
1,DOID:4059,ovary rhabdomyosarcoma,DOID:4059,rabdomiosarcoma ovárico
1,DOID:4060,breast rhabdomyosarcoma,DOID:4060,rabdomiosarcoma de mama
1,DOID:4061,testis rhabdomyosarcoma,DOID:4061,rabdomiosarcoma testicular
1,DOID:4062,testis sarcoma,DOID:4062,sarcoma de testículo
1,DOID:4064,bile duct sarcoma,DOID:4064,sarcoma de vías biliares
1,DOID:4065,mixed type rhabdomyosarcoma,DOID:4065,rabdomiosarcoma de tipo mixto
1,DOID:4066,anus rhabdomyosarcoma,DOID:4066,rabdomiosarcoma de ano
1,DOID:4067,anus sarcoma,DOID:4067,sarcoma de ano
1,DOID:407,hepatic tuberculosis,DOID:407,tuberculosis hepática
1,DOID:4071,duodenogastric reflux,DOID:4071,reflujo duodenogástrico
1,DOID:4072,duodenum disease,DOID:4072,enfermedad del duodeno
1,DOID:4073,pancreatic cystadenocarcinoma,DOID:4073,cistoadenocarcinoma pancreático
1,DOID:4074,pancreatic adenocarcinoma,DOID:4074,adenocarcinoma pancreático
1,DOID:4075,bile duct cystadenocarcinoma,DOID:4075,cistoadenocarcinoma de vías biliares
1,DOID:4078,tricuspid valve stenosis,DOID:4078,estenosis de la válvula tricúspide
1,DOID:4079,heart valve disease,DOID:4079,valvulopatía cardíaca
1,DOID:4080,tricuspid valve insufficiency,DOID:4080,insuficiencia de la válvula tricúspide
1,DOID:4084,testicular trophoblastic tumor,DOID:4084,tumor trofoblástico testicular
1,DOID:4085,trophoblastic neoplasm,DOID:4085,neoplasia trofoblástica
1,DOID:4086,testicular germ cell tumor non-seminomatous,DOID:4086,tumor testicular de células germinales no seminomatoso
1,DOID:4087,testicular pure germ cell tumor,DOID:4087,tumor testicular de células germinales puro
1,DOID:409,liver disease,DOID:409,enfermedad hepática
1,DOID:4090,agnosia,DOID:4090,agnosia
1,DOID:4109,tick infestation,DOID:4109,infestación por garrapatas
1,DOID:4110,parasitic ectoparasitic infectious disease,DOID:4110,enfermedad infecciosa ectoparasitaria
1,DOID:4111,cervical adenosarcoma,DOID:4111,adenosarcoma cervical
1,DOID:4112,cervical carcinosarcoma,DOID:4112,carcinosarcoma cervical
1,DOID:4113,uterine corpus adenosarcoma,DOID:4113,adenosarcoma del cuerpo uterino
1,DOID:4114,uterine body mixed cancer,DOID:4114,cáncer mixto de cuerpo uterino
1,DOID:4115,ovarian mesodermal adenosarcoma,DOID:4115,adenosarcoma mesodérmico ovárico
1,DOID:4117,vaginal adenosarcoma,DOID:4117,adenosarcoma vaginal
1,DOID:4118,colon neuroendocrine neoplasm,DOID:4118,neoplasia neuroendocrina de colon
1,DOID:4119,intestinal neuroendocrine benign tumor,DOID:4119,tumor neuroendocrino intestinal benigno
1,DOID:4123,nail disease,DOID:4123,enfermedad de las uñas
1,DOID:4131,erythrasma,DOID:4131,eritrasma
1,DOID:4136,myxosarcoma,DOID:4136,mixosarcoma
1,DOID:4137,common bile duct disease,DOID:4137,enfermedad del conducto biliar común
1,DOID:4138,bile duct disease,DOID:4138,enfermedad de las vías biliares
1,DOID:4140,biliary dyskinesia,DOID:4140,discinesia biliar
1,DOID:4141,intraorbital meningioma,DOID:4141,meningioma intraorbitario
1,DOID:4143,orbital cancer,DOID:4143,cáncer orbital
1,DOID:4147,gastrointestinal adenoma,DOID:4147,adenoma gastrointestinal
1,DOID:4148,gastrointestinal neuroendocrine benign tumor,DOID:4148,tumor neuroendocrino gastrointestinal benigno
1,DOID:4151,skull base chordoma,DOID:4151,cordoma de la base del cráneo
1,DOID:4152,chondroid chordoma,DOID:4152,cordoma condroide
1,DOID:4153,spinal chordoma,DOID:4153,cordoma espinal
1,DOID:4154,dentinogenesis imperfecta,DOID:4154,dentinogénesis imperfecta
1,DOID:4156,primary syphilis,DOID:4156,sífilis primaria
1,DOID:4157,secondary syphilis,DOID:4157,sífilis secundaria
1,DOID:4159,skin cancer,DOID:4159,cáncer de piel
1,DOID:4160,differentiating neuroblastoma,DOID:4160,neuroblastoma diferenciador
1,DOID:4163,ganglioneuroblastoma,DOID:4163,ganglioneuroblastoma
1,DOID:4164,cerebral neuroblastoma,DOID:4164,neuroblastoma cerebral
1,DOID:4166,syphilis,DOID:4166,sífilis
1,DOID:417,autoimmune disease,DOID:417,enfermedad autoinmune
1,DOID:4175,Rh isoimmunization,DOID:4175,isoinmunización Rh
1,DOID:4176,blood group incompatibility,DOID:4176,incompatibilidad de grupo sanguíneo
1,DOID:418,systemic scleroderma,DOID:418,esclerodermia sistémica
1,DOID:4183,pseudopseudohypoparathyroidism,DOID:4183,pseudopseudohipoparatiroidismo
1,DOID:4184,pseudohypoparathyroidism,DOID:4184,pseudohipoparatiroidismo
1,DOID:4186,articulation disorder,DOID:4186,trastorno de la articulación
1,DOID:4188,echolalia,DOID:4188,ecolalia
1,DOID:4189,mutism,DOID:4189,mutismo
1,DOID:419,scleroderma,DOID:419,esclerodermia
1,DOID:4193,intracranial thrombosis,DOID:4193,trombosis intracraneal
1,DOID:4194,glucose metabolism disease,DOID:4194,enfermedad del metabolismo de la glucosa
1,DOID:4195,hyperglycemia,DOID:4195,hiperglucemia
1,DOID:4196,femoral neuropathy,DOID:4196,neuropatía femoral
1,DOID:420,hypertrichosis,DOID:420,hipertricosis
1,DOID:4201,peroneal neuropathy,DOID:4201,neuropatía peronea
1,DOID:4202,brain stem glioma,DOID:4202,glioma de tronco encefálico
1,DOID:4203,brain stem cancer,DOID:4203,cáncer de tronco cerebral
1,DOID:4205,cerebellum cancer,DOID:4205,cáncer de cerebelo
1,DOID:4206,childhood brain stem neoplasm,DOID:4206,neoplasia de tronco encefálico infantil
1,DOID:4207,childhood infratentorial neoplasm,DOID:4207,neoplasia infratentorial infantil
1,DOID:4209,brainstem intraparenchymal clear cell meningioma,DOID:4209,meningioma intraparenquimatoso de células claras del tronco encefálico
1,DOID:421,hair disease,DOID:421,enfermedad capilar
1,DOID:4210,clear cell meningioma,DOID:4210,meningioma de células claras
1,DOID:4211,posterior fossa meningioma,DOID:4211,meningioma de la fosa posterior
1,DOID:4217,malignant ovarian Brenner tumor,DOID:4217,tumor de Brenner ovárico maligno
1,DOID:4223,pyoderma,DOID:4223,pioderma
1,DOID:4226,endometrial stromal sarcoma,DOID:4226,sarcoma del estroma endometrial
1,DOID:4227,uterine corpus endometrial stromal sarcoma,DOID:4227,sarcoma del estroma endometrial del cuerpo uterino
1,DOID:423,myopathy,DOID:423,miopatía
1,DOID:4230,smooth muscle cancer,DOID:4230,cáncer de músculo liso
1,DOID:4231,histiocytoma,DOID:4231,histiocitoma
1,DOID:4232,extraosseous Ewing sarcoma,DOID:4232,sarcoma de Ewing extraóseo
1,DOID:4233,clear cell sarcoma,DOID:4233,sarcoma de células claras
1,DOID:4235,spindle cell sarcoma,DOID:4235,sarcoma de células fusiformes
1,DOID:4236,carcinosarcoma,DOID:4236,carcinosarcoma
1,DOID:4239,alveolar soft part sarcoma,DOID:4239,sarcoma alveolar de partes blandas
1,DOID:424,pulmonary immaturity,DOID:424,inmadurez pulmonar
1,DOID:4242,kidney sarcoma,DOID:4242,Sarcoma renal
1,DOID:4247,coronary restenosis,DOID:4247,reestenosis coronaria
2,DOID:4248,coronary stenosis,DOID:4248,estenosis coronaria
1,DOID:4249,Gerstmann-Straussler-Scheinker syndrome,DOID:4249,síndrome de Gerstmann-Straussler-Scheinker
1,DOID:4250,conjunctivochalasis,DOID:4250,conjuntivochalasis
1,DOID:4251,conjunctival disease,DOID:4251,enfermedad conjuntival
1,DOID:4252,Alexander disease,DOID:4252,enfermedad de Alexander
1,DOID:4253,melorheostosis,DOID:4253,melorreostosis
1,DOID:4254,osteosclerosis,DOID:4254,osteosclerosis
1,DOID:4257,Caffey disease,DOID:4257,Enfermedad de Caffey
1,DOID:4258,Weissenbacher-Zweymuller syndrome,DOID:4258,síndrome de Weissenbacher-Zweymuller
1,DOID:4260,gait apraxia,DOID:4260,apraxia de la marcha
1,DOID:4265,angiomyoma,DOID:4265,angiomioma
1,DOID:4266,intravascular angioleiomyoma,DOID:4266,angioleiomioma intravascular
1,DOID:4267,akinetic mutism,DOID:4267,mutismo acinético
1,DOID:4270,encephalitozoonosis,DOID:4270,encefalitozoonosis
1,DOID:4271,microsporidiosis,DOID:4271,microsporidiosis
1,DOID:4277,penis basal cell carcinoma,DOID:4277,carcinoma basocelular de pene
1,DOID:4278,scrotum basal cell carcinoma,DOID:4278,carcinoma basocelular del escroto
1,DOID:4279,infundibulocystic basal cell carcinoma,DOID:4279,carcinoma basocelular infundibuloquístico
1,DOID:4280,nodular basal cell carcinoma,DOID:4280,carcinoma basocelular nodular
1,DOID:4281,metatypical basal cell carcinoma,DOID:4281,carcinoma basocelular metatípico
1,DOID:4282,pigmented basal cell carcinoma,DOID:4282,carcinoma basocelular pigmentado
1,DOID:4283,anal margin basal cell carcinoma,DOID:4283,carcinoma basocelular de margen anal
1,DOID:4284,anal margin carcinoma,DOID:4284,carcinoma del margen anal
1,DOID:4286,skin nasal cell carcinoma with sebaceous differentiation,DOID:4286,carcinoma cutáneo de células nasales con diferenciación sebácea
1,DOID:4287,external ear basal cell carcinoma,DOID:4287,carcinoma basocelular de oído externo
1,DOID:4288,external ear carcinoma,DOID:4288,carcinoma de oído externo
1,DOID:4289,micronodular basal cell carcinoma,DOID:4289,carcinoma basocelular micronodular
1,DOID:429,gynatresia,DOID:429,gynatresia
1,DOID:4290,adamantinoid basal cell epithelioma,DOID:4290,epitelioma basocelular adamantinoide
1,DOID:4291,fibroepithelial basal cell carcinoma,DOID:4291,carcinoma fibroepitelial de células basales
1,DOID:4292,morpheaform basal cell carcinoma,DOID:4292,carcinoma basocelular morfeiforme
1,DOID:4293,clear cell basal cell carcinoma,DOID:4293,carcinoma basocelular de células claras
1,DOID:4294,adenoid basal cell carcinoma,DOID:4294,carcinoma adenoide basocelular
1,DOID:4295,follicular basal cell carcinoma,DOID:4295,carcinoma basocelular folicular
1,DOID:4299,infiltrative basal cell carcinoma,DOID:4299,carcinoma basocelular infiltrante
1,DOID:4300,superficial basal cell carcinoma,DOID:4300,carcinoma basocelular superficial
1,DOID:4301,vulva basal cell carcinoma,DOID:4301,carcinoma basocelular de vulva
1,DOID:4302,cystic basal cell carcinoma,DOID:4302,carcinoma basocelular quístico
1,DOID:4303,sarcomatoid basal cell carcinoma,DOID:4303,carcinoma basocelular sarcomatoide
1,DOID:4304,signet ring basal cell carcinoma,DOID:4304,carcinoma basocelular en anillo de sello
1,DOID:4305,bone giant cell tumor,DOID:4305,tumor óseo de células gigantes
1,DOID:4306,radiculopathy,DOID:4306,radiculopatía
1,DOID:4307,polyradiculopathy,DOID:4307,polirradiculopatía
1,DOID:4308,polyradiculoneuropathy,DOID:4308,polirradiculoneuropatía
1,DOID:431,myofascial pain syndrome,DOID:431,síndrome de dolor miofascial
1,DOID:4310,smooth muscle tumor,DOID:4310,tumor de músculo liso
1,DOID:4313,epidermolysis bullosa acquisita,DOID:4313,epidermólisis ampollosa adquirida
1,DOID:4320,non-gestational choriocarcinoma,DOID:4320,coriocarcinoma no gestacional
1,DOID:4321,large cell acanthoma,DOID:4321,acantoma de células grandes
1,DOID:4322,pilar sheath acanthoma,DOID:4322,acantoma de la vaina pilar
1,DOID:4323,epidermolytic acanthoma,DOID:4323,acantoma epidermolítico
1,DOID:4324,acantholytic acanthoma,DOID:4324,acantoma acantolítico
1,DOID:4325,Ebola hemorrhagic fever,DOID:4325,Fiebre hemorrágica del Ébola
1,DOID:4327,Marburg hemorrhagic fever,DOID:4327,Fiebre hemorrágica de Marburgo
1,DOID:4329,Erdheim-Chester disease,DOID:4329,Enfermedad de Erdheim-Chester
1,DOID:4330,non-Langerhans-cell histiocytosis,DOID:4330,histiocitosis de células no-Langerhans
1,DOID:4331,burning mouth syndrome,DOID:4331,síndrome de boca ardiente
1,DOID:4333,parovarian cyst,DOID:4333,quiste parovárico
1,DOID:4334,splenic manifestation of prolymphocytic leukemia,DOID:4334,manifestación esplénica de la leucemia prolinfocítica
1,DOID:4336,tinea favosa,DOID:4336,tiña favosa
1,DOID:4337,tinea capitis,DOID:4337,tiña capitis
1,DOID:4346,variegate porphyria,DOID:4346,porfiria variegada
1,DOID:4347,lymphocele,DOID:4347,linfocele
1,DOID:4352,ciliary body cancer,DOID:4352,cáncer del cuerpo ciliar
1,DOID:4353,ciliary body disease,DOID:4353,enfermedad del cuerpo ciliar
1,DOID:4359,amelanotic melanoma,DOID:4359,melanoma amelanótico
1,DOID:436,posterior mediastinum cancer,DOID:436,cáncer de mediastino posterior
1,DOID:4360,epithelioid cell melanoma,DOID:4360,melanoma de células epitelioides
1,DOID:4362,cervical cancer,DOID:4362,cáncer de cuello uterino
1,DOID:4364,malignant breast melanoma,DOID:4364,melanoma maligno de mama
1,DOID:4367,apparent mineralocorticoid excess syndrome,DOID:4367,síndrome de exceso aparente de mineralocorticoides
1,DOID:437,myasthenia gravis,DOID:437,miastenia grave
1,DOID:4370,stomach diverticulosis,DOID:4370,diverticulosis estomacal
1,DOID:4371,Schnitzler syndrome,DOID:4371,síndrome de Schnitzler
1,DOID:4372,intracranial embolism,DOID:4372,embolia intracraneal
1,DOID:4374,Silo filler's disease,DOID:4374,enfermedad de masilla del silo
1,DOID:4376,milk allergy,DOID:4376,alergia a la leche
1,DOID:4377,egg allergy,DOID:4377,alergia al huevo
1,DOID:4378,peanut allergy,DOID:4378,alergia al cacahuete
1,DOID:4379,nut allergy,DOID:4379,alergia a los frutos secos
1,DOID:438,autoimmune disease of the nervous system,DOID:438,enfermedad autoinmune del sistema nervioso
1,DOID:4384,orbit alveolar rhabdomyosarcoma,DOID:4384,rabdomiosarcoma alveolar orbital
1,DOID:4385,papillary squamous carcinoma,DOID:4385,carcinoma papilar escamoso
1,DOID:4386,myofibroma,DOID:4386,miofibroma
1,DOID:4388,bone peripheral neuroepithelioma,DOID:4388,neuroepitelioma periférico óseo
1,DOID:4389,soft tissue peripheral neuroepithelioma,DOID:4389,neuroepitelioma periférico de tejidos blandos
1,DOID:439,neuromuscular junction disease,DOID:439,enfermedad de la unión neuromuscular
1,DOID:4394,reticulohistiocytic granuloma,DOID:4394,granuloma reticulohistiocítico
1,DOID:4397,granulomatous dermatitis,DOID:4397,dermatitis granulomatosa
1,DOID:4398,pustulosis of palm and sole,DOID:4398,pustulosis de la palma de la mano y de la planta del pie
1,DOID:4399,acneiform dermatitis,DOID:4399,dermatitis acneiforme
1,DOID:440,neuromuscular disease,DOID:440,La enfermedad neuromuscular
1,DOID:4400,dermatosis papulosa nigra,DOID:4400,dermatosis papulosa negra
1,DOID:4404,occupational dermatitis,DOID:4404,dermatitis profesional
1,DOID:4406,spongiotic dermatitis,DOID:4406,dermatitis espongiótica
1,DOID:4407,phototoxic dermatitis,DOID:4407,dermatitis fototóxica
1,DOID:4409,folliculitis,DOID:4409,foliculitis
1,DOID:4411,hepatitis E,DOID:4411,hepatitis E
1,DOID:4413,cervix melanoma,DOID:4413,melanoma de cuello uterino
1,DOID:4415,fibrous histiocytoma,DOID:4415,histiocitoma fibroso
1,DOID:4418,cutaneous fibrous histiocytoma,DOID:4418,histiocitoma fibroso cutáneo
1,DOID:4419,benign deep fibrous histiocytoma,DOID:4419,histiocitoma fibroso profundo benigno
1,DOID:4422,malignant adenofibroma,DOID:4422,adenofibroma maligno
1,DOID:4423,sea-blue histiocytosis,DOID:4423,histiocitosis azul marino
1,DOID:4424,juvenile xanthogranuloma,DOID:4424,xantogranuloma juvenil
1,DOID:4428,dyslexia,DOID:4428,dislexia
1,DOID:4430,somatostatinoma,DOID:4430,somatostatinoma
1,DOID:4432,pancreatic somatostatinoma,DOID:4432,somatostatinoma pancreático
1,DOID:4433,pancreatic delta cell neoplasm,DOID:4433,neoplasia pancreática de células delta
1,DOID:4434,small intestine neuroendocrine neoplasm,DOID:4434,neoplasia neuroendocrina del intestino delgado
1,DOID:4435,cavernous sinus meningioma,DOID:4435,meningioma del seno cavernoso
1,DOID:4436,anterior cranial fossa meningioma,DOID:4436,meningioma de la fosa craneal anterior
1,DOID:4437,skull base meningioma,DOID:4437,meningioma de la base del cráneo
1,DOID:4438,central nervous system germinoma,DOID:4438,germinoma del sistema nervioso central
2,DOID:4439,central nervous system germ cell tumor,DOID:4439,tumor de células germinales del sistema nervioso central
1,DOID:4440,seminoma,DOID:4440,seminoma
1,DOID:4441,dysgerminoma,DOID:4441,disgerminoma
1,DOID:4442,cervical alveolar soft part sarcoma,DOID:4442,sarcoma cervical alveolar de partes blandas
1,DOID:4447,cystoid macular edema,DOID:4447,edema macular cistoide
1,DOID:4448,macular degeneration,DOID:4448,degeneración macular
1,DOID:4449,macular retinal edema,DOID:4449,edema macular de retina
2,DOID:445,Bartter disease,DOID:445,Enfermedad de Bartter
1,DOID:4450,renal cell carcinoma,DOID:4450,carcinoma de células renales
1,DOID:4451,renal carcinoma,DOID:4451,carcinoma renal
1,DOID:4454,childhood kidney cell carcinoma,DOID:4454,carcinoma de células renales infantil
1,DOID:4455,hereditary renal cell carcinoma,DOID:4455,carcinoma hereditario de células renales
1,DOID:446,primary hyperaldosteronism,DOID:446,hiperaldosteronismo primario
1,DOID:4463,multilocular clear cell renal cell carcinoma,DOID:4463,carcinoma multilocular de células renales claras
1,DOID:4464,collecting duct carcinoma,DOID:4464,carcinoma del conducto colector
1,DOID:4465,papillary renal cell carcinoma,DOID:4465,carcinoma papilar de células renales
1,DOID:4467,clear cell renal cell carcinoma,DOID:4467,carcinoma de células renales claras
1,DOID:4468,clear cell adenocarcinoma,DOID:4468,adenocarcinoma de células claras
1,DOID:447,renal tubular transport disease,DOID:447,enfermedad de transporte tubular renal
1,DOID:4471,chromophobe renal cell carcinoma,DOID:4471,carcinoma cromófobo de células renales
1,DOID:4472,mucinous tubular and spindle renal cell carcinoma,DOID:4472,carcinoma tubular mucinoso y fusiforme de células renales
1,DOID:4473,sarcomatoid renal cell carcinoma,DOID:4473,carcinoma sarcomatoide de células renales
1,DOID:4479,pseudohypoaldosteronism,DOID:4479,pseudohipoaldosteronismo
1,DOID:4480,achondroplasia,DOID:4480,acondroplasia
1,DOID:4481,allergic rhinitis,DOID:4481,rinitis alérgica
1,DOID:4483,rhinitis,DOID:4483,rinitis
1,DOID:4486,malignant biphasic mesothelioma,DOID:4486,mesotelioma bifásico maligno
1,DOID:4488,sarcomatoid mesothelioma,DOID:4488,mesotelioma sarcomatoide
1,DOID:4489,malignant epithelial mesothelioma,DOID:4489,mesotelioma epitelial maligno
1,DOID:4490,malignant peritoneal solitary fibrous tumor,DOID:4490,tumor fibroso solitario peritoneal maligno
1,DOID:4491,persian gulf syndrome,DOID:4491,síndrome del golfo pérsico
1,DOID:4492,avian influenza,DOID:4492,gripe aviar
1,DOID:450,myotonic disease,DOID:450,enfermedad miotónica
1,DOID:4500,hypokalemia,DOID:4500,hipopotasemia
1,DOID:4501,orofaciodigital syndrome,DOID:4501,síndrome orofaciodigital
1,DOID:4504,central nervous system angiosarcoma,DOID:4504,angiosarcoma del sistema nervioso central
1,DOID:4505,childhood angiosarcoma,DOID:4505,angiosarcoma infantil
1,DOID:4510,aorta angiosarcoma,DOID:4510,angiosarcoma de aorta
1,DOID:4511,breast angiosarcoma,DOID:4511,angiosarcoma de mama
1,DOID:4512,conventional angiosarcoma,DOID:4512,angiosarcoma convencional
1,DOID:4513,gallbladder angiosarcoma,DOID:4513,angiosarcoma de vesícula biliar
1,DOID:4514,thyroid angiosarcoma,DOID:4514,angiosarcoma tiroideo
1,DOID:4515,thyroid sarcoma,DOID:4515,sarcoma tiroideo
1,DOID:4517,skin angiosarcoma,DOID:4517,angiosarcoma cutáneo
1,DOID:452,pleomorphic adenoma,DOID:452,adenoma pleomórfico
1,DOID:4520,cervical endometrial stromal sarcoma,DOID:4520,sarcoma del estroma endometrial cervical
1,DOID:4521,cervix endometrial stromal tumor,DOID:4521,tumor del estroma endometrial del cuello uterino
1,DOID:4522,superior vena cava angiosarcoma,DOID:4522,angiosarcoma de la vena cava superior
1,DOID:4524,prostate angiosarcoma,DOID:4524,angiosarcoma de próstata
1,DOID:4525,mediastinum angiosarcoma,DOID:4525,angiosarcoma de mediastino
1,DOID:4527,ovarian angiosarcoma,DOID:4527,angiosarcoma ovárico
1,DOID:4531,mucoepidermoid carcinoma,DOID:4531,carcinoma mucoepidermoide
1,DOID:4534,Hallermann-Streiff syndrome,DOID:4534,Síndrome de Hallermann-Streiff
2,DOID:4535,hypotrichosis,DOID:4535,hipotricosis
1,DOID:4540,dysgraphia,DOID:4540,disgrafía
1,DOID:4541,nominal aphasia,DOID:4541,afasia nominal
1,DOID:4542,basophil adenoma,DOID:4542,adenoma basófilo
1,DOID:4543,retrograde amnesia,DOID:4543,amnesia retrógrada
1,DOID:4545,mesenchymal chondrosarcoma,DOID:4545,condrosarcoma mesenquimal
1,DOID:4546,childhood mesenchymal chondrosarcoma,DOID:4546,condrosarcoma mesenquimal infantil
1,DOID:4547,adult mesenchymal chondrosarcoma,DOID:4547,condrosarcoma mesenquimal adulto
1,DOID:4548,extraskeletal mesenchymal chondrosarcoma,DOID:4548,condrosarcoma mesenquimal extraesquelético
1,DOID:4549,extraskeletal myxoid chondrosarcoma,DOID:4549,condrosarcoma mixoide extraesquelético
1,DOID:4550,anal gland neoplasm,DOID:4550,neoplasia de glándula anal
1,DOID:4551,anus benign neoplasm,DOID:4551,neoplasia benigna del ano
1,DOID:4552,large cell carcinoma,DOID:4552,carcinoma de células grandes
1,DOID:4553,thymus large cell carcinoma,DOID:4553,carcinoma de células grandes del timo
1,DOID:4554,type C thymoma,DOID:4554,timoma tipo C
1,DOID:4555,ovarian large-cell neuroendocrine carcinoma,DOID:4555,carcinoma neuroendocrino ovárico de células grandes
1,DOID:4556,lung large cell carcinoma,DOID:4556,carcinoma pulmonar de células grandes
1,DOID:4557,oral leukoedema,DOID:4557,leucoedema oral
1,DOID:4558,Ludwig's angina,DOID:4558,angina de Ludwig
1,DOID:456,ascariasis,DOID:456,ascariasis
1,DOID:4560,non specific chronic endometritis,DOID:4560,endometritis crónica no específica
1,DOID:4561,granulomatous endometritis,DOID:4561,endometritis granulomatosa
1,DOID:4562,subacute bacterial endocarditis,DOID:4562,endocarditis bacteriana subaguda
1,DOID:4584,choroid plexus meningioma,DOID:4584,meningioma del plexo coroideo
1,DOID:4586,familial meningioma,DOID:4586,meningioma familiar
1,DOID:4587,benign meningioma,DOID:4587,meningioma benigno
1,DOID:4588,secretory meningioma,DOID:4588,meningioma secretor
1,DOID:4591,lymphoplasmacyte-rich meningioma,DOID:4591,meningioma rico en linfoplasmocitos
1,DOID:4593,childhood meningioma,DOID:4593,meningioma infantil
1,DOID:4594,microcystic meningioma,DOID:4594,meningioma microquístico
1,DOID:4603,epidermolytic hyperkeratosis,DOID:4603,Hiperqueratosis epidermolítica
1,DOID:4606,bile duct cancer,DOID:4606,cáncer del conducto biliar
1,DOID:4607,biliary tract cancer,DOID:4607,cáncer de vías biliares
1,DOID:4608,common bile duct neoplasm,DOID:4608,neoplasia del conducto biliar común
1,DOID:461,muscle benign neoplasm,DOID:461,neoplasia benigna muscular
1,DOID:4610,intestinal benign neoplasm,DOID:4610,neoplasia benigna intestinal
1,DOID:4613,ulnar neuropathy,DOID:4613,neuropatía cubital
1,DOID:4617,periapical granuloma,DOID:4617,granuloma periapical
1,DOID:4618,maxillary cancer,DOID:4618,cáncer maxilar
1,DOID:4624,Ollier disease,DOID:4624,enfermedad de Ollier
1,DOID:4627,ideomotor apraxia,DOID:4627,apraxia ideomotora
1,DOID:4630,inverted transitional papilloma,DOID:4630,papiloma transicional invertido
1,DOID:4633,nasal cavity inverting papilloma,DOID:4633,papiloma invertido de la cavidad nasal
1,DOID:4636,submandibular adenitis,DOID:4636,adenitis submandibular
1,DOID:4637,cervical adenitis,DOID:4637,adenitis cervical
1,DOID:4638,postauricular lymphadenitis,DOID:4638,linfadenitis postauricular
1,DOID:4639,suppurative lymphadenitis,DOID:4639,linfadenitis supurativa
1,DOID:4640,axillary adenitis,DOID:4640,adenitis axilar
1,DOID:4644,epidermolysis bullosa simplex,DOID:4644,epidermólisis ampollosa simple
1,DOID:4645,retinal cancer,DOID:4645,cáncer de retina
1,DOID:4647,trilateral retinoblastoma,DOID:4647,retinoblastoma trilateral
1,DOID:4648,familial retinoblastoma,DOID:4648,retinoblastoma familiar
1,DOID:4650,bilateral retinoblastoma,DOID:4650,retinoblastoma bilateral
1,DOID:4651,unilateral retinoblastoma,DOID:4651,retinoblastoma unilateral
1,DOID:4653,intraocular retinoblastoma,DOID:4653,retinoblastoma intraocular
1,DOID:4656,extraocular retinoblastoma,DOID:4656,retinoblastoma extraocular
1,DOID:4658,benign mastocytoma,DOID:4658,mastocitoma benigno
1,DOID:4659,extracutaneous mastocytoma,DOID:4659,mastocitoma extracutáneo
1,DOID:4660,indolent systemic mastocytosis,DOID:4660,mastocitosis sistémica indolente
1,DOID:4661,multiple chemical sensitivity,DOID:4661,sensibilidad química múltiple
1,DOID:4662,thalamic disease,DOID:4662,enfermedad talámica
1,DOID:4664,filamentary keratitis,DOID:4664,queratitis filamentosa
1,DOID:4667,kyphosis,DOID:4667,cifosis
1,DOID:4668,congenital kyphosis,DOID:4668,cifosis congénita
1,DOID:467,venous hemangioma,DOID:467,hemangioma venoso
1,DOID:4671,freemartinism,DOID:4671,freemartinismo
1,DOID:4674,androgen insensitivity syndrome,DOID:4674,"Síndrome de insensibilidad a los andrógenos: ""Trastorno del desarrollo sexual que se caracteriza por la incapacidad de la célula para responder a los andrógenos en individuos con un cariotipo 46"
1,DOID:4675,uremic neuropathy,DOID:4675,neuropatía urémica
1,DOID:4676,uremia,DOID:4676,uremia
1,DOID:4677,keratitis,DOID:4677,queratitis
1,DOID:4678,thymus mucoepidermoid carcinoma,DOID:4678,carcinoma mucoepidermoide de timo
1,DOID:4679,breast mucoepidermoid carcinoma,DOID:4679,carcinoma mucoepidermoide de mama
1,DOID:468,intramuscular hemangioma,DOID:468,hemangioma intramuscular
1,DOID:4680,breast metaplastic carcinoma,DOID:4680,carcinoma metaplásico de mama
1,DOID:4681,bile duct mucoepidermoid carcinoma,DOID:4681,carcinoma mucoepidermoide de vías biliares
1,DOID:4682,extrahepatic bile duct carcinoma,DOID:4682,carcinoma de vías biliares extrahepáticas
1,DOID:4683,cutaneous mucoepidermoid carcinoma,DOID:4683,carcinoma mucoepidermoide cutáneo
1,DOID:4685,lacrimal gland mucoepidermoid carcinoma,DOID:4685,carcinoma mucoepidermoide de glándula lagrimal
1,DOID:4686,mucoepidermoid esophageal carcinoma,DOID:4686,carcinoma esofágico mucoepidermoide
1,DOID:4687,thyroid gland mucoepidermoid carcinoma,DOID:4687,carcinoma mucoepidermoide de la glándula tiroides
1,DOID:4688,laryngeal mucoepidermoid carcinoma,DOID:4688,carcinoma mucoepidermoide laríngeo
1,DOID:469,deep angioma,DOID:469,angioma profundo
1,DOID:4690,childhood mediastinal neurogenic tumor,DOID:4690,tumor neurogénico mediastínico infantil
1,DOID:4691,malignant mediastinal neurogenic neoplasm,DOID:4691,neoplasia neurogénica mediastínica maligna
1,DOID:4692,endophthalmitis,DOID:4692,endoftalmitis
1,DOID:4693,nerve plexus neoplasm,DOID:4693,neoplasia del plexo nervioso
1,DOID:4696,intraneural perineurioma,DOID:4696,perineurinoma intraneural
1,DOID:4697,perineurioma,DOID:4697,perineurioma
1,DOID:4698,nerve root neoplasm,DOID:4698,neoplasia de la raíz nerviosa
1,DOID:4699,epicardium cancer,DOID:4699,cáncer de epicardio
1,DOID:47,prostate disease,DOID:47,enfermedad de la próstata
1,DOID:470,verrucous keratotic hemangioma,DOID:470,hemangioma queratósico verrucoso
1,DOID:4702,mongolian spot,DOID:4702,mancha mongola
1,DOID:4706,infratentorial cancer,DOID:4706,cáncer infratentorial
1,DOID:4707,cervicomedullary junction neoplasm,DOID:4707,neoplasia de la unión cervicomedular
1,DOID:4708,foramen magnum meningioma,DOID:4708,meningioma del agujero magno
1,DOID:471,skin hemangioma,DOID:471,hemangioma cutáneo
1,DOID:4715,gastric neuroendocrine neoplasm,DOID:4715,neoplasia neuroendocrina gástrica
1,DOID:4716,malignant gastric germ cell tumor,DOID:4716,tumor gástrico maligno de células germinales
1,DOID:4717,extragonadal germ cell cancer,DOID:4717,cáncer extragonadal de células germinales
1,DOID:4719,bone giant cell sarcoma,DOID:4719,sarcoma óseo de células gigantes
1,DOID:472,subglottic angioma,DOID:472,angioma subglótico
1,DOID:4723,intracranial hypotension,DOID:4723,hipotensión intracraneal
1,DOID:4724,brain edema,DOID:4724,edema cerebral
1,DOID:4730,vasomotor rhinitis,DOID:4730,rinitis vasomotora
1,DOID:4731,atrophic rhinitis,DOID:4731,rinitis atrófica
1,DOID:4734,calciphylaxis,DOID:4734,calcifilaxis
1,DOID:4737,somatoform disorder,DOID:4737,trastorno somatomorfo
1,DOID:4739,testicular Brenner tumor,DOID:4739,tumor de Brenner testicular
1,DOID:474,histiocytoid hemangioma,DOID:474,hemangioma histiocitoide
1,DOID:4743,mixed testicular germ cell tumor,DOID:4743,tumor mixto de células germinales testiculares
1,DOID:4744,placenta accreta,DOID:4744,placenta accreta
1,DOID:4749,middle cranial fossa meningioma,DOID:4749,meningioma de la fosa craneal media
1,DOID:4751,striatonigral degeneration,DOID:4751,degeneración estriatonigral
1,DOID:4752,multiple system atrophy,DOID:4752,atrofia multisistémica
1,DOID:4756,testicular Leydig cell tumor,DOID:4756,tumor testicular de células de Leydig
1,DOID:4757,testicular sex cord-stromal neoplasm,DOID:4757,neoplasia del estroma del cordón sexual testicular
1,DOID:476,breast hemangioma,DOID:476,hemangioma mamario
1,DOID:4762,vasculogenic impotence,DOID:4762,impotencia vasculógena
1,DOID:4765,pulmonary blastoma,DOID:4765,blastoma pulmonar
1,DOID:4766,embryoma,DOID:4766,embrioma
1,DOID:4767,classic pulmonary blastoma,DOID:4767,blastoma pulmonar clásico
1,DOID:4768,epithelial predominant pulmonary blastoma,DOID:4768,blastoma pulmonar de predominio epitelial
1,DOID:4769,pleuropulmonary blastoma,DOID:4769,blastoma pleuropulmonar
1,DOID:4776,rapidly progressive glomerulonephritis,DOID:4776,glomerulonefritis rápidamente progresiva
1,DOID:4777,exudative glomerulonephritis,DOID:4777,glomerulonefritis exudativa
1,DOID:4778,proliferative glomerulonephritis,DOID:4778,glomerulonefritis proliferativa
1,DOID:4779,focal embolic glomerulonephritis,DOID:4779,glomerulonefritis focal embólica
1,DOID:4780,anti-basement membrane glomerulonephritis,DOID:4780,glomerulonefritis anti membrana basal
1,DOID:4781,diffuse glomerulonephritis,DOID:4781,glomerulonefritis difusa
1,DOID:4782,subacute glomerulonephritis,DOID:4782,glomerulonefritis subaguda
1,DOID:4783,mesangial proliferative glomerulonephritis,DOID:4783,glomerulonefritis proliferativa mesangial
1,DOID:4784,immune-complex glomerulonephritis,DOID:4784,glomerulonefritis inmunocompleja
1,DOID:4787,cerebellopontine angle primitive neuroectodermal tumor,DOID:4787,tumor neuroectodérmico primitivo del ángulo pontocerebeloso
1,DOID:4788,intracranial primitive neuroectodermal tumor,DOID:4788,tumor neuroectodérmico primitivo intracraneal
1,DOID:479,angiokeratoma,DOID:479,angioqueratoma
1,DOID:4790,medulloepithelioma,DOID:4790,meduloepitelioma
1,DOID:4791,supratentorial primitive neuroectodermal tumor,DOID:4791,tumor neuroectodérmico primitivo supratentorial
1,DOID:4795,"GM2 gangliosidosis, AB variant",DOID:4795,"gangliosidosis GM2, variante AB"
1,DOID:4796,space motion sickness,DOID:4796,mareo espacial
1,DOID:4797,SM-AHNMD,DOID:4797,SM-AHNMD
1,DOID:4798,aggressive systemic mastocytosis,DOID:4798,mastocitosis sistémica agresiva
1,DOID:48,male reproductive system disease,DOID:48,enfermedad del aparato reproductor masculino
1,DOID:480,movement disease,DOID:480,enfermedad del movimiento
1,DOID:4810,cerebrotendinous xanthomatosis,DOID:4810,xantomatosis cerebrotendinosa
1,DOID:4812,adult brainstem gliosarcoma,DOID:4812,gliosarcoma de tronco encefálico adulto
1,DOID:4813,adult brain stem glioma,DOID:4813,glioma de tronco encefálico adulto
1,DOID:4817,ganglioneuroma,DOID:4817,ganglioneuroma
1,DOID:482,hemangioma of peripheral nerve,DOID:482,hemangioma de nervio periférico
1,DOID:4829,adenosquamous lung carcinoma,DOID:4829,carcinoma adenoescamoso de pulmón
1,DOID:483,cavernous hemangioma,DOID:483,hemangioma cavernoso
1,DOID:4830,adenosquamous carcinoma,DOID:4830,carcinoma adenoescamoso
1,DOID:4837,Gorham's disease,DOID:4837,enfermedad de Gorham
1,DOID:4838,myoepithelial carcinoma,DOID:4838,carcinoma mioepitelial
1,DOID:4839,sebaceous adenocarcinoma,DOID:4839,adenocarcinoma sebáceo
1,DOID:484,vascular hemostatic disease,DOID:484,enfermedad hemostática vascular
1,DOID:4840,sebaceous carcinoma,DOID:4840,carcinoma sebáceo
1,DOID:4843,subependymal glioma,DOID:4843,glioma subependimario
1,DOID:4844,benign ependymoma,DOID:4844,ependimoma benigno
1,DOID:4845,pilomyxoid astrocytoma,DOID:4845,astrocitoma pilomixoide
1,DOID:4846,cauda equina intradural extramedullary astrocytoma,DOID:4846,astrocitoma extramedular intradural de la cauda equina
1,DOID:4847,cauda equina neoplasm,DOID:4847,neoplasia de cola de caballo
1,DOID:4848,cerebellar astrocytoma,DOID:4848,astrocitoma cerebeloso
1,DOID:4851,pilocytic astrocytoma,DOID:4851,astrocitoma pilocítico
1,DOID:4852,pleomorphic xanthoastrocytoma,DOID:4852,xantoastrocitoma pleomórfico
1,DOID:4853,pilocytic astrocytoma of cerebellum,DOID:4853,astrocitoma pilocítico del cerebelo
1,DOID:4855,diencephalic astrocytoma,DOID:4855,astrocitoma diencefálico
1,DOID:4856,gliofibroma,DOID:4856,gliofibroma
2,DOID:4857,diffuse astrocytoma,DOID:4857,astrocitoma difuso
1,DOID:4858,pineal gland astrocytoma,DOID:4858,astrocitoma de la glándula pineal
1,DOID:486,glomeruloid hemangioma,DOID:486,hemangioma glomeruloide
1,DOID:4860,brain stem astrocytic neoplasm,DOID:4860,neoplasia astrocítica del tronco encefálico
1,DOID:4863,spinal cord astrocytoma,DOID:4863,astrocitoma medular
1,DOID:4866,salivary gland adenoid cystic carcinoma,DOID:4866,carcinoma adenoide quístico de glándulas salivales
1,DOID:4867,cervical adenoid cystic carcinoma,DOID:4867,carcinoma adenoide quístico cervical
1,DOID:4868,prostate adenoid cystic carcinoma,DOID:4868,carcinoma adenoide quístico de próstata
1,DOID:4869,laryngeal adenoid cystic carcinoma,DOID:4869,carcinoma adenoide quístico laríngeo
1,DOID:4870,lacrimal gland adenoid cystic carcinoma,DOID:4870,carcinoma adenoide quístico de glándula lagrimal
1,DOID:4871,cutaneous adenocystic carcinoma,DOID:4871,carcinoma adenoquístico cutáneo
1,DOID:4872,lung adenoid cystic carcinoma,DOID:4872,carcinoma adenoide quístico de pulmón
1,DOID:4873,anterior horn cell disease,DOID:4873,enfermedad de las células del asta anterior
1,DOID:4875,trachea adenoid cystic carcinoma,DOID:4875,carcinoma adenoide quístico de tráquea
1,DOID:4876,trachea carcinoma,DOID:4876,carcinoma de tráquea
1,DOID:4877,breast adenoid cystic carcinoma,DOID:4877,carcinoma adenoide quístico de mama
1,DOID:4878,esophageal adenoid cystic carcinoma,DOID:4878,carcinoma adenoide quístico esofágico
1,DOID:4879,Bartholin's gland adenoid cystic carcinoma,DOID:4879,Carcinoma adenoide quístico de la glándula de Bartolino
1,DOID:4880,kidney clear cell sarcoma,DOID:4880,sarcoma renal de células claras
1,DOID:4885,Colorado tick fever,DOID:4885,Fiebre por garrapatas de Colorado
1,DOID:4889,lymph node tuberculosis,DOID:4889,tuberculosis ganglionar
1,DOID:4890,juvenile myoclonic epilepsy,DOID:4890,epilepsia mioclónica juvenil
1,DOID:4892,middle ear adenocarcinoma,DOID:4892,adenocarcinoma del oído medio
1,DOID:4893,middle ear carcinoma,DOID:4893,carcinoma del oído medio
1,DOID:4894,rete ovarii adenocarcinoma,DOID:4894,adenocarcinoma de rete ovarii
1,DOID:4895,rete ovarii benign neoplasm,DOID:4895,rete ovarii neoplasia benigna
1,DOID:4896,bile duct adenocarcinoma,DOID:4896,adenocarcinoma de vías biliares
1,DOID:4897,bile duct carcinoma,DOID:4897,carcinoma de vías biliares
1,DOID:490,hemangioma of lung,DOID:490,hemangioma de pulmón
1,DOID:4901,peritoneal serous adenocarcinoma,DOID:4901,adenocarcinoma seroso peritoneal
1,DOID:4902,appendix carcinoma,DOID:4902,carcinoma de apéndice
1,DOID:4903,granular cell carcinoma,DOID:4903,carcinoma de células granulares
1,DOID:4905,pancreatic carcinoma,DOID:4905,carcinoma pancreático
1,DOID:4906,small intestine adenocarcinoma,DOID:4906,adenocarcinoma de intestino delgado
1,DOID:4907,small intestine carcinoma,DOID:4907,carcinoma de intestino delgado
1,DOID:4908,anal carcinoma,DOID:4908,carcinoma anal
1,DOID:4910,urethra adenocarcinoma,DOID:4910,adenocarcinoma de uretra
1,DOID:4914,esophagus adenocarcinoma,DOID:4914,adenocarcinoma de esófago
1,DOID:4915,basophilic adenocarcinoma,DOID:4915,adenocarcinoma basófilo
1,DOID:4916,pituitary carcinoma,DOID:4916,carcinoma hipofisario
1,DOID:4917,villous adenocarcinoma,DOID:4917,adenocarcinoma velloso
1,DOID:4918,renal pelvis adenocarcinoma,DOID:4918,adenocarcinoma de pelvis renal
1,DOID:4919,renal pelvis carcinoma,DOID:4919,carcinoma de pelvis renal
1,DOID:492,acquired hemangioma,DOID:492,hemangioma adquirido
1,DOID:4920,eccrine adenocarcinoma,DOID:4920,adenocarcinoma ecrino
1,DOID:4921,eccrine sweat gland cancer,DOID:4921,cáncer de glándulas sudoríparas ecrinas
1,DOID:4922,breast secretory carcinoma,DOID:4922,carcinoma secretor de mama
1,DOID:4923,thymus adenocarcinoma,DOID:4923,adenocarcinoma de timo
2,DOID:4926,bronchiolo-alveolar adenocarcinoma,DOID:4926,Adenocarcinoma bronquiolo-alveolar
1,DOID:4927,Klatskin's tumor,DOID:4927,tumor de Klatskin
1,DOID:4928,intrahepatic cholangiocarcinoma,DOID:4928,colangiocarcinoma intrahepático
1,DOID:4929,tubular adenocarcinoma,DOID:4929,adenocarcinoma tubular
1,DOID:4930,nasal cavity adenocarcinoma,DOID:4930,adenocarcinoma de cavidad nasal
NA,DOID:4931,nasal cavity carcinoma,DOID:4931,NA
1,DOID:4932,ampulla of Vater carcinoma,DOID:4932,carcinoma de la ampolla de Vater
1,DOID:4933,apocrine carcinoma,DOID:4933,carcinoma apocrino
1,DOID:4934,apocrine sweat gland cancer,DOID:4934,cáncer de glándulas sudoríparas apocrinas
1,DOID:4938,ureter adenocarcinoma,DOID:4938,adenocarcinoma de uréter
1,DOID:4939,ureter carcinoma,DOID:4939,carcinoma de uréter
1,DOID:4943,adenocarcinoma in situ,DOID:4943,adenocarcinoma in situ
1,DOID:4944,gastroesophageal junction adenocarcinoma,DOID:4944,adenocarcinoma de la unión gastroesofágica
1,DOID:4947,cholangiocarcinoma,DOID:4947,colangiocarcinoma
1,DOID:4948,gallbladder carcinoma,DOID:4948,carcinoma de vesícula biliar
1,DOID:495,sclerosing hemangioma,DOID:495,hemangioma esclerosante
1,DOID:4952,postpoliomyelitis syndrome,DOID:4952,síndrome postpoliomielítico
1,DOID:4953,poliomyelitis,DOID:4953,poliomielitis
1,DOID:4955,central nervous system melanocytic neoplasm,DOID:4955,neoplasia melanocítica del sistema nervioso central
1,DOID:4957,meninges hemangiopericytoma,DOID:4957,hemangiopericitoma meníngeo
1,DOID:4959,epidermolysis bullosa dystrophica,DOID:4959,epidermólisis bullosa distrófica
1,DOID:496,spindle cell hemangioma,DOID:496,hemangioma fusocelular
1,DOID:4960,bone marrow cancer,DOID:4960,cáncer de médula ósea
1,DOID:4961,bone marrow disease,DOID:4961,enfermedad de la médula ósea
1,DOID:4962,pericardial tuberculosis,DOID:4962,tuberculosis pericárdica
1,DOID:4964,neurotic disorder,DOID:4964,trastorno neurótico
1,DOID:4968,Nelson syndrome,DOID:4968,síndrome de Nelson
1,DOID:4969,Gerstmann syndrome,DOID:4969,síndrome de Gerstmann
1,DOID:4970,prosopagnosia,DOID:4970,prosopagnosia
1,DOID:4971,myelofibrosis,DOID:4971,mielofibrosis
1,DOID:4972,myelodysplastic/myeloproliferative neoplasm,DOID:4972,neoplasia mielodisplásica/mieloproliferativa
1,DOID:4974,actinobacillosis,DOID:4974,actinobacilosis
1,DOID:4976,elephantiasis,DOID:4976,elefantiasis
1,DOID:4977,lymphedema,DOID:4977,linfedema
1,DOID:4985,extraosseous Ewings sarcoma-primitive neuroepithelial tumor,DOID:4985,sarcoma de Ewings extraóseo - tumor neuroepitelial primitivo
1,DOID:4986,nonparalytic poliomyelitis,DOID:4986,poliomielitis no paralítica
1,DOID:4988,alcoholic pancreatitis,DOID:4988,pancreatitis alcohólica
1,DOID:4989,pancreatitis,DOID:4989,pancreatitis
2,DOID:4990,essential tremor,DOID:4990,Temblor esencial
1,DOID:4991,optic nerve astrocytoma,DOID:4991,astrocitoma del nervio óptico
1,DOID:4992,optic nerve glioma,DOID:4992,glioma del nervio óptico
1,DOID:4993,atypical polypoid adenomyoma,DOID:4993,adenomioma polipoide atípico
1,DOID:4994,adenomyoma of uterine corpus,DOID:4994,adenomioma del cuerpo uterino
1,DOID:4995,cervical adenomyoma,DOID:4995,adenomioma cervical
1,DOID:4997,Camurati-Engelmann disease,DOID:4997,Enfermedad de Camurati-Engelmann
1,DOID:4998,trichorhinophalangeal syndrome type II,DOID:4998,síndrome tricorrinofalángico tipo II
1,DOID:50,thyroid gland disease,DOID:50,enfermedad de la glándula tiroides
1,DOID:5003,eunuchism,DOID:5003,eunuquismo
1,DOID:501,central nervous system hemangioma,DOID:501,hemangioma del sistema nervioso central
2,DOID:5015,fibrolamellar carcinoma,DOID:5015,carcinoma fibrolamelar
1,DOID:5016,hepatocellular clear cell carcinoma,DOID:5016,carcinoma hepatocelular de células claras
1,DOID:502,central nervous system mesenchymal non-meningothelial tumor,DOID:502,tumor mesenquimal no meningotelial del sistema nervioso central
1,DOID:5022,aflatoxins-related hepatocellular carcinoma,DOID:5022,carcinoma hepatocelular relacionado con las aflatoxinas
1,DOID:5026,sclerosing hepatic carcinoma,DOID:5026,carcinoma hepático esclerosante
1,DOID:5030,pineal parenchymal tumor of intermediate differentiation,DOID:5030,tumor del parénquima pineal de diferenciación intermedia
1,DOID:5031,adult pineal parenchymal tumor,DOID:5031,tumor del parénquima pineal adulto
NA,DOID:5032,pineal gland cancer,DOID:5032,NA
1,DOID:5039,myoblastoma,DOID:5039,mioblastoma
1,DOID:5040,malignant granular cell esophageal tumor,DOID:5040,tumor esofágico maligno de células granulares
1,DOID:5041,esophageal cancer,DOID:5041,cáncer de esófago
1,DOID:5042,malignant granular cell myoblastoma,DOID:5042,mioblastoma maligno de células granulares
1,DOID:5043,vulvar granular cell tumor,DOID:5043,tumor vulvar de células granulares
1,DOID:5044,cardiac granular cell neoplasm,DOID:5044,neoplasia cardiaca de células granulares
1,DOID:5046,mediastinal granular cell myoblastoma,DOID:5046,mioblastoma mediastínico de células granulares
1,DOID:5047,granular cell tumor of the sellar region,DOID:5047,tumor de células granulares de la región selar
2,DOID:5048,posterior pituitary gland neoplasm,DOID:5048,neoplasia de la hipófisis posterior
1,DOID:505,hobnail hemangioma,DOID:505,hemangioma en caracol
1,DOID:5050,Ehrlich tumor carcinoma,DOID:5050,Carcinoma de tumor de Ehrlich
1,DOID:5052,melioidosis,DOID:5052,melioidosis
1,DOID:5056,adult cerebellar neoplasm,DOID:5056,neoplasia cerebelosa del adulto
1,DOID:5057,papillary meningioma of the cerebellum,DOID:5057,meningioma papilar del cerebelo
1,DOID:5058,rhabdoid meningioma,DOID:5058,meningioma rabdoide
1,DOID:5059,childhood cerebellar neoplasm,DOID:5059,neoplasia cerebelosa infantil
1,DOID:5062,phencyclidine abuse,DOID:5062,abuso de fenciclidina
1,DOID:5063,basosquamous carcinoma,DOID:5063,carcinoma basoescamoso
1,DOID:507,adjustment disorder,DOID:507,trastorno de adaptación
2,DOID:5074,high grade ependymoma,DOID:5074,Ependimoma de alto grado
1,DOID:5075,myxopapillary ependymoma,DOID:5075,ependimoma mixopapilar
1,DOID:5076,mixed glioma,DOID:5076,glioma mixto
1,DOID:5077,subependymal giant cell astrocytoma,DOID:5077,astrocitoma subependimario de células gigantes
2,DOID:5078,ganglioglioma,DOID:5078,ganglioglioma
1,DOID:5082,liver cirrhosis,DOID:5082,cirrosis hepática
1,DOID:5083,iodine hypothyroidism,DOID:5083,hipotiroidismo yodado
1,DOID:5088,mixed epithelial stromal tumour,DOID:5088,tumor del estroma epitelial mixto
1,DOID:5090,sternum cancer,DOID:5090,cáncer de esternón
2,DOID:5093,thoracic cancer,DOID:5093,cáncer torácico
1,DOID:5099,middle ear cancer,DOID:5099,cáncer de oído medio
1,DOID:5100,middle ear disease,DOID:5100,enfermedad del oído medio
1,DOID:5101,ear cancer,DOID:5101,cáncer de oído
1,DOID:5102,inner ear cancer,DOID:5102,cáncer de oído interno
1,DOID:5104,testicular infarct,DOID:5104,infarto testicular
1,DOID:5112,copper deficiency myelopathy,DOID:5112,mielopatía por deficiencia de cobre
1,DOID:5113,nutritional deficiency disease,DOID:5113,enfermedad por deficiencia nutricional
1,DOID:5117,dermoid cyst of ovary,DOID:5117,quiste dermoide de ovario
1,DOID:5118,ovarian cystic teratoma,DOID:5118,teratoma quístico ovárico
1,DOID:5119,ovarian cyst,DOID:5119,quiste ovárico
1,DOID:512,epididymal neoplasm,DOID:512,neoplasia epididimaria
1,DOID:5123,mediastinum leiomyoma,DOID:5123,leiomioma del mediastino
1,DOID:5124,fallopian tube leiomyoma,DOID:5124,leiomioma de las trompas de falopio
1,DOID:5125,extrahepatic bile duct leiomyoma,DOID:5125,leiomioma de la vía biliar extrahepática
1,DOID:5126,central nervous system leiomyoma,DOID:5126,leiomioma del sistema nervioso central
1,DOID:5127,bizarre leiomyoma,DOID:5127,leiomioma extraño
1,DOID:5128,deep leiomyoma,DOID:5128,leiomioma profundo
1,DOID:5129,simple partial epilepsy,DOID:5129,epilepsia parcial simple
1,DOID:5132,leiomyoma cutis,DOID:5132,leiomioma cutis
1,DOID:5134,anus leiomyoma,DOID:5134,leiomioma de ano
1,DOID:5136,lung leiomyoma,DOID:5136,leiomioma pulmonar
1,DOID:5137,pericardium leiomyoma,DOID:5137,leiomioma pericárdico
1,DOID:5138,leiomyomatosis,DOID:5138,leiomiomatosis
1,DOID:5139,cellular leiomyoma,DOID:5139,leiomioma celular
1,DOID:5140,gallbladder leiomyoma,DOID:5140,leiomioma de vesícula biliar
1,DOID:5142,vulvar leiomyoma,DOID:5142,leiomioma vulvar
1,DOID:5143,large bowel leiomyoma,DOID:5143,leiomioma del intestino grueso
1,DOID:5146,appendix leiomyoma,DOID:5146,leiomioma del apéndice
1,DOID:5147,dartoic leiomyoma,DOID:5147,leiomioma dartoico
1,DOID:5149,epithelioid neurofibroma,DOID:5149,neurofibroma epitelioide
1,DOID:5150,neurofibroma of gallbladder,DOID:5150,neurofibroma de vesícula biliar
1,DOID:5151,plexiform neurofibroma,DOID:5151,neurofibroma plexiforme
1,DOID:5152,cellular neurofibroma,DOID:5152,neurofibroma celular
1,DOID:5153,atypical neurofibroma,DOID:5153,neurofibroma atípico
1,DOID:5154,borna disease,DOID:5154,enfermedad de borna
1,DOID:5155,multiple mucosal neuroma,DOID:5155,neuroma mucoso múltiple
1,DOID:5157,benign pleural mesothelioma,DOID:5157,mesotelioma pleural benigno
1,DOID:5158,pleural cancer,DOID:5158,cáncer de pleura
1,DOID:5160,arteriosclerosis obliterans,DOID:5160,arteriosclerosis obliterante
1,DOID:5161,Monckeberg arteriosclerosis,DOID:5161,arteriosclerosis de Monckeberg
1,DOID:5162,arteriolosclerosis,DOID:5162,arteriolosclerosis
1,DOID:5165,uterine corpus sarcoma,DOID:5165,sarcoma del cuerpo uterino
1,DOID:5166,endometrial stromal tumor,DOID:5166,tumor del estroma endometrial
1,DOID:5169,ovarian endometrioid stromal sarcoma,DOID:5169,sarcoma estromal endometrioide ovárico
1,DOID:5170,vaginal endometrial stromal sarcoma,DOID:5170,sarcoma estromal endometrial vaginal
1,DOID:5171,vaginal endometrial stromal tumor,DOID:5171,tumor estromal endometrial vaginal
1,DOID:5172,endometrium carcinoma in situ,DOID:5172,carcinoma de endometrio in situ
1,DOID:5176,renal Wilms' tumor,DOID:5176,tumor de Wilms renal
1,DOID:5178,metachronous kidney Wilms' tumor,DOID:5178,tumor de Wilms renal metacrónico
1,DOID:5179,mixed cell type kidney Wilms' tumor,DOID:5179,tumor de Wilms renal de tipo celular mixto
1,DOID:518,scrotum neoplasm,DOID:518,neoplasia del escroto
1,DOID:5182,blastema predominant kidney Wilms' tumor,DOID:5182,riñón con blastema predominante Tumor de Wilms
1,DOID:5183,hereditary Wilms' tumor,DOID:5183,tumor de Wilms hereditario
1,DOID:5189,epithelial predominant Wilms' tumor,DOID:5189,tumor de Wilms de predominio epitelial
1,DOID:519,aortitis,DOID:519,aortitis
1,DOID:5190,cervical Wilms' tumor,DOID:5190,tumor de Wilms cervical
1,DOID:5191,stromal predominant kidney Wilms' tumor,DOID:5191,tumor de Wilms de predominio estromal renal
1,DOID:5193,nodular ganglioneuroblastoma,DOID:5193,ganglioneuroblastoma nodular
1,DOID:5194,intermixed schwannian stroma-rich ganglioneuroblastoma,DOID:5194,ganglioneuroblastoma rico en estroma schwanniano entremezclado
1,DOID:5195,peripheral nervous system ganglioneuroblastoma,DOID:5195,ganglioneuroblastoma del sistema nervioso periférico
1,DOID:5196,fallopian tube adenomatoid tumor,DOID:5196,tumor adenomatoide de las trompas de Falopio
1,DOID:5199,ureteral obstruction,DOID:5199,obstrucción ureteral
2,DOID:520,aortic disease,DOID:520,enfermedad aórtica
1,DOID:5200,urinary tract obstruction,DOID:5200,obstrucción de las vías urinarias
1,DOID:5204,"fructose-1,6-bisphosphatase deficiency",DOID:5204,"deficiencia de fructosa-1,6-bisfosfatasa"
1,DOID:5207,monodermal teratoma,DOID:5207,teratoma monodérmico
1,DOID:5208,malignant struma ovarii,DOID:5208,estruma ovarii maligno
1,DOID:5213,chronic inflammatory demyelinating polyradiculoneuropathy,DOID:5213,polirradiculoneuropatía desmielinizante inflamatoria crónica
1,DOID:5214,demyelinating polyneuropathy,DOID:5214,polineuropatía desmielinizante
1,DOID:5221,chronic polyneuropathy,DOID:5221,polineuropatía crónica
1,DOID:5222,acute necrotizing encephalitis,DOID:5222,encefalitis necrotizante aguda
1,DOID:5223,infertility,DOID:5223,infertilidad
1,DOID:5224,acute hemorrhagic encephalitis,DOID:5224,encefalitis hemorrágica aguda
1,DOID:5225,von Economo's disease,DOID:5225,enfermedad de von Economo
1,DOID:5230,hepatoerythropoietic porphyria,DOID:5230,porfiria hepatoeritropoyética
1,DOID:5232,aortic valve prolapse,DOID:5232,prolapso de la válvula aórtica
1,DOID:5233,glomangiosarcoma,DOID:5233,glomangiosarcoma
1,DOID:5236,subungual glomus tumor,DOID:5236,tumor glómico subungueal
1,DOID:5238,benign perivascular tumor,DOID:5238,tumor perivascular benigno
1,DOID:5240,retinal hemangioblastoma,DOID:5240,hemangioblastoma retiniano
1,DOID:5241,hemangioblastoma,DOID:5241,hemangioblastoma
1,DOID:525,central nervous system vasculitis,DOID:525,vasculitis del sistema nervioso central
1,DOID:5251,inflammatory leiomyosarcoma,DOID:5251,leiomiosarcoma inflamatorio
1,DOID:5253,conventional leiomyosarcoma,DOID:5253,leiomiosarcoma convencional
1,DOID:5254,central nervous system leiomyosarcoma,DOID:5254,leiomiosarcoma del sistema nervioso central
1,DOID:5258,granular cell leiomyosarcoma,DOID:5258,leiomiosarcoma de células granulares
1,DOID:5259,colon leiomyosarcoma,DOID:5259,leiomiosarcoma de colon
1,DOID:526,human immunodeficiency virus infectious disease,DOID:526,enfermedad infecciosa por el virus de la inmunodeficiencia humana
1,DOID:5260,colon sarcoma,DOID:5260,sarcoma de colon
1,DOID:5261,heart leiomyosarcoma,DOID:5261,leiomiosarcoma cardíaco
1,DOID:5262,heart sarcoma,DOID:5262,sarcoma cardíaco
1,DOID:5263,ovary leiomyosarcoma,DOID:5263,leiomiosarcoma de ovario
1,DOID:5264,epithelioid leiomyosarcoma,DOID:5264,leiomiosarcoma epitelioide
1,DOID:5265,lung leiomyosarcoma,DOID:5265,leiomiosarcoma pulmonar
1,DOID:5267,anus leiomyosarcoma,DOID:5267,leiomiosarcoma de ano
1,DOID:5268,myxoid leiomyosarcoma,DOID:5268,leiomiosarcoma mixoide
1,DOID:5271,small intestine leiomyosarcoma,DOID:5271,leiomiosarcoma de intestino delgado
1,DOID:5272,small intestinal sarcoma,DOID:5272,sarcoma del intestino delgado
1,DOID:5273,cutaneous leiomyosarcoma,DOID:5273,leiomiosarcoma cutáneo
1,DOID:5274,malignant dermis tumor,DOID:5274,tumor maligno de la dermis
1,DOID:5275,gallbladder leiomyosarcoma,DOID:5275,leiomiosarcoma de vesícula biliar
1,DOID:5276,esophagus leiomyosarcoma,DOID:5276,leiomiosarcoma de esófago
1,DOID:528,hydrarthrosis,DOID:528,hidrartrosis
1,DOID:5280,gastric leiomyosarcoma,DOID:5280,leiomiosarcoma gástrico
1,DOID:5282,prostate leiomyosarcoma,DOID:5282,leiomiosarcoma de próstata
1,DOID:5283,vagina leiomyosarcoma,DOID:5283,leiomiosarcoma de vagina
1,DOID:5284,retroperitoneal leiomyosarcoma,DOID:5284,leiomiosarcoma retroperitoneal
1,DOID:5285,breast leiomyosarcoma,DOID:5285,leiomiosarcoma de mama
1,DOID:5286,vulvar leiomyosarcoma,DOID:5286,leiomiosarcoma vulvar
1,DOID:5287,kidney leiomyosarcoma,DOID:5287,leiomiosarcoma renal
1,DOID:5288,larynx leiomyosarcoma,DOID:5288,leiomiosarcoma de laringe
1,DOID:5289,uterus leiomyosarcoma,DOID:5289,leiomiosarcoma uterino
1,DOID:529,blepharospasm,DOID:529,blefaroespasmo
1,DOID:5292,mediastinum leiomyosarcoma,DOID:5292,leiomiosarcoma de mediastino
1,DOID:5293,extrahepatic bile duct leiomyosarcoma,DOID:5293,leiomiosarcoma de la vía biliar extrahepática
1,DOID:5295,intestinal disease,DOID:5295,enfermedad intestinal
1,DOID:5296,liver leiomyosarcoma,DOID:5296,leiomiosarcoma hepático
1,DOID:5297,rectum leiomyosarcoma,DOID:5297,leiomiosarcoma de recto
1,DOID:5299,endometrial clear cell adenocarcinoma,DOID:5299,adenocarcinoma endometrial de células claras
1,DOID:53,pituitary gland disease,DOID:53,enfermedad de la glándula pituitaria
1,DOID:530,eyelid disease,DOID:530,enfermedad del párpado
1,DOID:5301,fallopian tube clear cell adenocarcinoma,DOID:5301,adenocarcinoma de células claras de las trompas de Falopio
1,DOID:5302,uterine ligament clear cell adenocarcinoma,DOID:5302,adenocarcinoma de células claras del ligamento uterino
1,DOID:5303,cervical clear cell adenocarcinoma,DOID:5303,adenocarcinoma cervical de células claras
1,DOID:5304,ovarian clear cell adenocarcinoma,DOID:5304,adenocarcinoma ovárico de células claras
1,DOID:5306,bladder clear cell adenocarcinoma,DOID:5306,adenocarcinoma de células claras de vejiga
1,DOID:5307,urethra clear cell adenocarcinoma,DOID:5307,adenocarcinoma de células claras de la uretra
1,DOID:5308,ampulla of Vater clear cell adenocarcinoma,DOID:5308,adenocarcinoma de células claras de la ampolla de Vater
1,DOID:5309,epithelial-myoepithelial carcinoma,DOID:5309,carcinoma epitelial-mioepitelial
1,DOID:5310,glycogen-rich clear cell breast carcinoma,DOID:5310,carcinoma de mama de células claras rico en glucógeno
1,DOID:5313,vulvar alveolar soft part sarcoma,DOID:5313,sarcoma vulvar alveolar de partes blandas
1,DOID:5324,fallopian tube germ cell cancer,DOID:5324,cáncer de células germinales de las trompas de Falopio
1,DOID:5325,Roberts syndrome,DOID:5325,Síndrome de Roberts
1,DOID:5327,retinal detachment,DOID:5327,desprendimiento de retina
1,DOID:533,thymus gland disease,DOID:533,enfermedad del timo
1,DOID:5330,dental pulp disease,DOID:5330,La enfermedad de la pulpa dental
1,DOID:5331,testicular granulosa cell tumor,DOID:5331,tumor de células de la granulosa testicular
1,DOID:5334,paraphimosis,DOID:5334,parafimosis
1,DOID:5337,epulis,DOID:5337,epulis
1,DOID:5338,gingival hypertrophy,DOID:5338,hipertrofia gingival
1,DOID:5339,cyclic hematopoiesis,DOID:5339,hematopoyesis cíclica
1,DOID:5340,anterograde amnesia,DOID:5340,amnesia anterógrada
1,DOID:5341,pineal region yolk sac tumor,DOID:5341,tumor del saco vitelino de la región pineal
1,DOID:5342,childhood endodermal sinus tumor,DOID:5342,tumor del seno endodérmico infantil
1,DOID:5343,central nervous system endodermal sinus tumor,DOID:5343,tumor del seno endodérmico del sistema nervioso central
1,DOID:5344,testicular yolk sac tumor,DOID:5344,tumor del saco vitelino testicular
1,DOID:5345,testicular non-seminomatous germ cell cancer,DOID:5345,cáncer testicular de células germinales no seminomatoso
1,DOID:5348,adult endodermal sinus tumor,DOID:5348,tumor del seno endodérmico adulto
1,DOID:5349,central nervous system adult germ cell tumor,DOID:5349,tumor de células germinales adultas del sistema nervioso central
1,DOID:535,sleep disorder,DOID:535,trastorno del sueño
1,DOID:5350,ovarian endodermal sinus tumor,DOID:5350,tumor del seno endodérmico ovárico
1,DOID:5351,ovarian primitive germ cell tumor,DOID:5351,tumor germinal primitivo de ovario
1,DOID:5353,colonic disease,DOID:5353,enfermedad colónica
1,DOID:5362,focal epithelial hyperplasia,DOID:5362,hiperplasia epitelial focal
1,DOID:5363,myxoid liposarcoma,DOID:5363,liposarcoma mixoide
1,DOID:5364,pulmonary coin lesion,DOID:5364,lesión pulmonar en moneda
1,DOID:5368,Wolffian duct adenocarcinoma,DOID:5368,adenocarcinoma del conducto de Wolff
1,DOID:5370,breast hemangiopericytoma,DOID:5370,hemangiopericitoma mamario
1,DOID:5373,retroperitoneal hemangiopericytoma,DOID:5373,hemangiopericitoma retroperitoneal
1,DOID:5374,pilomatrixoma,DOID:5374,pilomatrixoma
1,DOID:5375,hair follicle neoplasm,DOID:5375,neoplasia del folículo piloso
1,DOID:5376,skin pilomatrix carcinoma,DOID:5376,carcinoma pilomatriz cutáneo
1,DOID:538,internuclear ophthalmoplegia,DOID:538,oftalmoplejia internuclear
1,DOID:5381,bile duct adenoma,DOID:5381,adenoma de vías biliares
1,DOID:5382,Bartholin's gland adenoma,DOID:5382,adenoma de la glándula de Bartolino
1,DOID:5384,bile duct cystadenoma,DOID:5384,cistadenoma de vías biliares
1,DOID:5385,mixed cell adenoma,DOID:5385,adenoma de células mixtas
1,DOID:5386,lung adenoma,DOID:5386,adenoma pulmonar
1,DOID:5387,middle ear adenoma,DOID:5387,adenoma del oído medio
1,DOID:5389,oxyphilic adenoma,DOID:5389,adenoma oxifílico
1,DOID:539,ophthalmoplegia,DOID:539,oftalmoplejia
1,DOID:5390,clear cell adenoma,DOID:5390,adenoma de células claras
1,DOID:5391,bronchus adenoma,DOID:5391,adenoma bronquial
1,DOID:5392,acidophil adenoma,DOID:5392,adenoma acidófilo
1,DOID:5393,brain angioma,DOID:5393,angioma cerebral
1,DOID:5394,prolactinoma,DOID:5394,prolactinoma
1,DOID:5395,functioning pituitary adenoma,DOID:5395,adenoma hipofisario funcionante
1,DOID:5396,prolactin producing pituitary tumor,DOID:5396,tumor hipofisario productor de prolactina
1,DOID:5398,lipoadenoma,DOID:5398,lipoadenoma
1,DOID:540,strabismus,DOID:540,estrabismo
1,DOID:5401,water-clear cell adenoma,DOID:5401,adenoma de células claras
1,DOID:5402,vaginal adenoma,DOID:5402,adenoma vaginal
1,DOID:5403,microcystic adenoma,DOID:5403,adenoma microquístico
1,DOID:5408,Paget's disease of bone,DOID:5408,Enfermedad de Paget ósea
1,DOID:5409,lung small cell carcinoma,DOID:5409,carcinoma pulmonar de células pequeñas
1,DOID:5410,pulmonary neuroendocrine tumor,DOID:5410,tumor neuroendocrino pulmonar
1,DOID:5411,lung oat cell carcinoma,DOID:5411,carcinoma pulmonar de células de avena
1,DOID:5414,lung occult small cell carcinoma,DOID:5414,carcinoma pulmonar oculto de células pequeñas
1,DOID:5418,schizoaffective disorder,DOID:5418,trastorno esquizoafectivo
1,DOID:5419,schizophrenia,DOID:5419,esquizofrenia
1,DOID:5421,lung combined type small cell carcinoma,DOID:5421,carcinoma pulmonar de células pequeñas de tipo combinado
1,DOID:5425,ovarian hyperstimulation syndrome,DOID:5425,síndrome de hiperestimulación ovárica
2,DOID:5426,primary ovarian insufficiency,DOID:5426,Insuficiencia ovárica primaria
1,DOID:5427,urinary bladder villous adenoma,DOID:5427,adenoma velloso de vejiga urinaria
1,DOID:5429,bladder flat intraepithelial lesion,DOID:5429,lesión intraepitelial plana vesical
1,DOID:543,dystonia,DOID:543,distonía
1,DOID:5432,bladder papillary transitional cell neoplasm,DOID:5432,neoplasia papilar vesical de células de transición
1,DOID:5433,urinary tract papillary transitional cell benign neoplasm,DOID:5433,neoplasia benigna papilar de células transicionales del tracto urinario
1,DOID:5434,scrapie,DOID:5434,tembladera
1,DOID:5435,variant Creutzfeldt-Jakob disease,DOID:5435,variante de la enfermedad de Creutzfeldt-Jakob
1,DOID:5437,intrahepatic bile duct adenoma,DOID:5437,adenoma de la vía biliar intrahepática
1,DOID:5438,extrahepatic bile duct adenoma,DOID:5438,adenoma de la vía biliar extrahepática
1,DOID:5439,papillary hidradenoma,DOID:5439,hidradenoma papilar
1,DOID:5442,eccrine acrospiroma,DOID:5442,acrospiroma ecrino
1,DOID:5443,clear cell hidradenoma,DOID:5443,hidradenoma de células claras
1,DOID:5444,spiradenoma,DOID:5444,espiradenoma
1,DOID:5445,syringocystadenoma papilliferum,DOID:5445,siringocistadenoma papilífero
1,DOID:5446,eccrine papillary adenoma,DOID:5446,adenoma papilar ecrino
2,DOID:5453,pulmonary venoocclusive disease,DOID:5453,enfermedad venooclusiva pulmonar
1,DOID:5457,laryngeal neuroendocrine tumor,DOID:5457,tumor neuroendocrino laríngeo
1,DOID:5463,cochlear disease,DOID:5463,enfermedad coclear
1,DOID:5465,conjunctival intraepithelial neoplasm,DOID:5465,neoplasia intraepitelial conjuntival
1,DOID:5467,conjunctival cancer,DOID:5467,cáncer conjuntival
1,DOID:5468,biliary papillomatosis,DOID:5468,papilomatosis biliar
1,DOID:5469,biliary tract intraductal papillary mucinous neoplasm,DOID:5469,neoplasia mucinosa papilar intraductal del tracto biliar
1,DOID:5474,ovarian serous adenofibroma,DOID:5474,adenofibroma seroso ovárico
1,DOID:5475,uterine corpus adenofibroma,DOID:5475,adenofibroma del cuerpo uterino
1,DOID:5476,cervical adenofibroma,DOID:5476,adenofibroma cervical
1,DOID:5477,clear cell adenofibroma,DOID:5477,adenofibroma de células claras
1,DOID:5478,fallopian tube adenofibroma,DOID:5478,adenofibroma de las trompas de Falopio
1,DOID:5479,papillary adenofibroma,DOID:5479,adenofibroma papilar
1,DOID:5480,ovarian endometrioid adenofibroma,DOID:5480,adenofibroma endometrioide ovárico
1,DOID:5482,cystadenofibroma,DOID:5482,cistadenofibroma
1,DOID:5484,fibrous synovial sarcoma,DOID:5484,sarcoma sinovial fibroso
1,DOID:5485,synovial sarcoma,DOID:5485,sarcoma sinovial
1,DOID:5487,spindle cell synovial sarcoma,DOID:5487,sarcoma sinovial de células fusiformes
1,DOID:5488,mediastinum synovial sarcoma,DOID:5488,sarcoma sinovial del mediastino
1,DOID:5492,biphasic synovial sarcoma,DOID:5492,sarcoma sinovial bifásico
1,DOID:5494,epithelioid cell synovial sarcoma,DOID:5494,sarcoma sinovial de células epitelioides
1,DOID:5495,monophasic synovial sarcoma,DOID:5495,sarcoma sinovial monofásico
1,DOID:5500,cellular ependymoma,DOID:5500,ependimoma celular
1,DOID:5501,Pediculus humanus capitis infestation,DOID:5501,infestación por Pediculus humanus capitis
1,DOID:5502,lice infestation,DOID:5502,infestación por piojos
2,DOID:5503,spinal cord ependymoma,DOID:5503,Ependimoma de la médula espinal
1,DOID:5504,tanycytic ependymoma,DOID:5504,ependimoma tanicitico
1,DOID:5505,papillary ependymoma,DOID:5505,ependimoma papilar
1,DOID:5507,clear cell ependymoma,DOID:5507,ependimoma de células claras
1,DOID:5508,brain stem ependymoma,DOID:5508,ependimoma de tronco cerebral
1,DOID:5509,childhood ependymoma,DOID:5509,ependimoma infantil
1,DOID:551,toxic pneumonitis,DOID:551,neumonitis tóxica
1,DOID:5510,pineal dysgerminoma,DOID:5510,disgerminoma pineal
1,DOID:5511,dysgerminoma of ovary,DOID:5511,disgerminoma de ovario
1,DOID:5513,Pediculus humanus corporis infestation,DOID:5513,Infestación por Pediculus humanus corporis
1,DOID:5514,breast squamous cell carcinoma,DOID:5514,carcinoma de células escamosas de mama
1,DOID:5515,nasal cavity squamous cell carcinoma,DOID:5515,carcinoma de células escamosas de la cavidad nasal
1,DOID:5516,gastric squamous cell carcinoma,DOID:5516,carcinoma gástrico de células escamosas
1,DOID:5517,stomach carcinoma,DOID:5517,carcinoma de estómago
1,DOID:5518,penis squamous cell carcinoma,DOID:5518,carcinoma de células escamosas del pene
1,DOID:5519,colon squamous cell carcinoma,DOID:5519,carcinoma de células escamosas de colon
1,DOID:552,pneumonia,DOID:552,neumonía
1,DOID:5520,head and neck squamous cell carcinoma,DOID:5520,carcinoma de células escamosas de cabeza y cuello
1,DOID:5521,keratinizing squamous cell carcinoma,DOID:5521,carcinoma escamoso queratinizante
1,DOID:5522,basaloid squamous cell carcinoma,DOID:5522,carcinoma basaloide de células escamosas
1,DOID:5524,adenoid squamous cell carcinoma,DOID:5524,carcinoma adenoide de células escamosas
1,DOID:5525,anal squamous cell carcinoma,DOID:5525,carcinoma escamocelular anal
1,DOID:5526,middle ear squamous cell carcinoma,DOID:5526,carcinoma de células escamosas del oído medio
1,DOID:5527,ampulla of Vater squamous cell carcinoma,DOID:5527,carcinoma de células escamosas de la ampolla de Vater
1,DOID:5528,rectum squamous cell carcinoma,DOID:5528,carcinoma de células escamosas de recto
1,DOID:5529,lacrimal gland squamous cell carcinoma,DOID:5529,carcinoma de células escamosas de la glándula lagrimal
1,DOID:5530,thymus squamous cell carcinoma,DOID:5530,carcinoma de células escamosas del timo
1,DOID:5531,ovarian squamous cell carcinoma,DOID:5531,carcinoma ovárico de células escamosas
1,DOID:5533,endometrial squamous cell carcinoma,DOID:5533,carcinoma endometrial de células escamosas
1,DOID:5534,renal pelvis squamous cell carcinoma,DOID:5534,carcinoma de células escamosas de la pelvis renal
1,DOID:5535,gallbladder squamous cell carcinoma,DOID:5535,carcinoma de células escamosas de vesícula biliar
1,DOID:5536,sarcomatoid squamous cell skin carcinoma,DOID:5536,carcinoma escamoso sarcomatoide de piel
1,DOID:5537,squamous cell bile duct carcinoma,DOID:5537,carcinoma de células escamosas de vías biliares
1,DOID:5538,external ear squamous cell carcinoma,DOID:5538,carcinoma de células escamosas del oído externo
1,DOID:5539,ureter squamous cell carcinoma,DOID:5539,carcinoma de células escamosas de uréter
1,DOID:5540,fallopian tube squamous cell carcinoma,DOID:5540,carcinoma de células escamosas de las trompas de Falopio
1,DOID:5545,anal neuroendocrine tumor,DOID:5545,tumor neuroendocrino anal
1,DOID:5546,femoral cancer,DOID:5546,cáncer de fémur
1,DOID:5547,pulmonary artery choriocarcinoma,DOID:5547,coriocarcinoma de la arteria pulmonar
1,DOID:5550,choriocarcinoma of ovary,DOID:5550,coriocarcinoma de ovario
1,DOID:5551,choriocarcinoma of the testis,DOID:5551,coriocarcinoma de testículo
1,DOID:5553,pineal region choriocarcinoma,DOID:5553,coriocarcinoma de la región pineal
1,DOID:5556,testicular malignant germ cell cancer,DOID:5556,cáncer germinal maligno de testículo
1,DOID:5557,testicular germ cell cancer,DOID:5557,cáncer testicular de células germinales
1,DOID:5559,mediastinal cancer,DOID:5559,cáncer mediastínico
1,DOID:5560,mediastinal mesenchymal tumor,DOID:5560,tumor mesenquimal mediastinal
1,DOID:5561,gastric teratoma,DOID:5561,teratoma gástrico
1,DOID:5563,malignant teratoma,DOID:5563,teratoma maligno
1,DOID:5564,fallopian tube teratoma,DOID:5564,teratoma de las trompas de falopio
1,DOID:5565,adult teratoma,DOID:5565,teratoma adulto
1,DOID:5566,mature teratoma,DOID:5566,teratoma maduro
1,DOID:5567,ovarian germ cell teratoma,DOID:5567,teratoma ovárico de células germinales
1,DOID:5568,mediastinum teratoma,DOID:5568,teratoma mediastino
1,DOID:5569,malignant syringoma,DOID:5569,siringoma maligno
1,DOID:557,kidney disease,DOID:557,enfermedad renal
1,DOID:5570,malignant acrospiroma,DOID:5570,acrospiroma maligno
1,DOID:5572,Beckwith-Wiedemann syndrome,DOID:5572,síndrome de Beckwith-Wiedemann
1,DOID:5574,VIPoma,DOID:5574,VIPoma
1,DOID:5576,inhibited male orgasm,DOID:5576,orgasmo masculino inhibido
1,DOID:5577,gastrinoma,DOID:5577,gastrinoma
1,DOID:5579,gastric gastrinoma,DOID:5579,gastrinoma gástrico
1,DOID:5580,pancreatic gastrinoma,DOID:5580,gastrinoma pancreático
1,DOID:5583,lung giant cell carcinoma,DOID:5583,carcinoma pulmonar de células gigantes
1,DOID:5585,Ferguson-Smith tumor,DOID:5585,tumor Ferguson-Smith
1,DOID:5587,Volkmann contracture,DOID:5587,contractura de Volkmann
1,DOID:5588,lung papillary adenocarcinoma,DOID:5588,adenocarcinoma papilar de pulmón
1,DOID:559,acute pyelonephritis,DOID:559,pielonefritis aguda
1,DOID:5590,aggressive digital papillary adenocarcinoma,DOID:5590,adenocarcinoma papilar digital agresivo
1,DOID:5591,eccrine papillary adenocarcinoma,DOID:5591,adenocarcinoma papilar ecrino
1,DOID:5592,breast papillary carcinoma,DOID:5592,carcinoma papilar de mama
1,DOID:5593,gastric papillary adenocarcinoma,DOID:5593,adenocarcinoma papilar gástrico
1,DOID:5595,papillary thymic adenocarcinoma,DOID:5595,adenocarcinoma papilar tímico
1,DOID:5597,fallopian tube papillary adenocarcinoma,DOID:5597,adenocarcinoma papilar de las trompas de Falopio
1,DOID:5598,fallopian tube serous adenocarcinoma,DOID:5598,adenocarcinoma seroso de las trompas de Falopio
1,DOID:560,jaw-winking syndrome,DOID:560,síndrome del parpadeo mandibular
1,DOID:5602,T-cell adult acute lymphocytic leukemia,DOID:5602,Leucemia linfocítica aguda de células T en adultos
1,DOID:5603,T-cell acute lymphoblastic leukemia,DOID:5603,leucemia linfoblástica aguda de células T
1,DOID:5604,adult acute lymphocytic leukemia,DOID:5604,leucemia linfocítica aguda del adulto
1,DOID:5605,breast medullary carcinoma,DOID:5605,carcinoma medular de mama
1,DOID:5608,dental pulp calcification,DOID:5608,calcificación de la pulpa dental
1,DOID:561,trigeminal nerve disease,DOID:561,enfermedad del nervio trigémino
1,DOID:5612,spinal cancer,DOID:5612,cáncer medular
1,DOID:5614,eye disease,DOID:5614,enfermedad ocular
1,DOID:5615,spinal canal intradural extramedullary neoplasm,DOID:5615,neoplasia extramedular intradural del canal medular
1,DOID:562,third cranial nerve disease,DOID:562,enfermedad del tercer nervio craneal
2,DOID:5621,histiocytic and dendritic cell cancer,DOID:5621,Cáncer histiocítico y de células dendríticas
1,DOID:5623,adenosquamous breast carcinoma,DOID:5623,carcinoma adenoescamoso de mama
1,DOID:5624,adenosquamous bile duct carcinoma,DOID:5624,carcinoma adenoescamoso de vías biliares
1,DOID:5625,esophageal adenosquamous carcinoma,DOID:5625,carcinoma esofágico adenoescamoso
1,DOID:5626,thymus adenosquamous carcinoma,DOID:5626,carcinoma adenoescamoso de timo
1,DOID:5627,adenosquamous gallbladder carcinoma,DOID:5627,carcinoma adenoescamoso de vesícula biliar
1,DOID:5628,ampulla of Vater adenosquamous carcinoma,DOID:5628,carcinoma adenoescamoso de la ampolla de Vater
1,DOID:5629,adenosquamous colon carcinoma,DOID:5629,carcinoma de colon adenoescamoso
1,DOID:5630,Bartholin's gland adenosquamous carcinoma,DOID:5630,carcinoma adenoescamoso de la glándula de Bartolino
1,DOID:5631,endometrial adenosquamous carcinoma,DOID:5631,carcinoma endometrial adenoescamoso
1,DOID:5632,optic nerve sheath meningioma,DOID:5632,meningioma de la vaina del nervio óptico
1,DOID:5634,adenosquamous prostate carcinoma,DOID:5634,carcinoma adenoescamoso de próstata
1,DOID:5635,gastric adenosquamous carcinoma,DOID:5635,carcinoma adenoescamoso gástrico
1,DOID:5636,cervical adenosquamous carcinoma,DOID:5636,carcinoma adenoescamoso cervical
1,DOID:5637,pancreatic adenosquamous carcinoma,DOID:5637,carcinoma adenoescamoso pancreático
1,DOID:5638,malignant giant cell tumor of soft parts,DOID:5638,tumor maligno de células gigantes de partes blandas
1,DOID:5639,rete testis neoplasm,DOID:5639,neoplasia de rete testis
1,DOID:5641,diffuse pulmonary fibrosis,DOID:5641,fibrosis pulmonar difusa
1,DOID:5642,localized pulmonary fibrosis,DOID:5642,fibrosis pulmonar localizada
1,DOID:5643,urethral villous adenoma,DOID:5643,adenoma velloso uretral
1,DOID:5644,tricuspid valve prolapse,DOID:5644,prolapso de la válvula tricúspide
1,DOID:5648,choroid plexus carcinoma,DOID:5648,carcinoma del plexo coroideo
1,DOID:565,bilateral hypoactive labyrinth,DOID:565,laberinto hipoactivo bilateral
1,DOID:5655,chiasmal syndrome,DOID:5655,síndrome quiasmático
1,DOID:5656,cranial nerve disease,DOID:5656,enfermedad de los nervios craneales
1,DOID:5658,lipid-rich carcinoma,DOID:5658,carcinoma rico en lípidos
1,DOID:566,labyrinthine dysfunction,DOID:566,disfunción laberíntica
1,DOID:5660,lymphoepithelioma-like carcinoma,DOID:5660,carcinoma de tipo linfoepitelioma
NA,DOID:5662,pleomorphic carcinoma,DOID:5662,NA
1,DOID:5665,external ear cancer,DOID:5665,cáncer de oído externo
1,DOID:5667,sweat gland carcinoma,DOID:5667,carcinoma de la glándula sudorípara
1,DOID:5670,comedo carcinoma,DOID:5670,carcinoma comedón
1,DOID:5672,large intestine cancer,DOID:5672,cáncer del intestino grueso
1,DOID:5675,cribriform carcinoma,DOID:5675,carcinoma cribiforme
1,DOID:5677,malignant extragonadal nonseminomatous germ cell tumor,DOID:5677,tumor germinal extragonadal maligno no seminomatoso
1,DOID:5678,nerve fibre bundle defect,DOID:5678,defecto del haz de fibras nerviosas
1,DOID:5679,retinal disease,DOID:5679,enfermedad retiniana
1,DOID:5680,embryonal testis carcinoma,DOID:5680,carcinoma embrionario de testículo
1,DOID:5681,ovarian embryonal carcinoma,DOID:5681,carcinoma embrionario de ovario
1,DOID:5683,hereditary breast ovarian cancer syndrome,DOID:5683,síndrome hereditario de cáncer de mama y ovario
1,DOID:5684,"spondyloepimetaphyseal dysplasia, Sponastrime type",DOID:5684,"displasia espondiloepimetafisaria, tipo Sponastrime"
1,DOID:5688,Werner syndrome,DOID:5688,Síndrome de Werner
1,DOID:5690,well-differentiated liposarcoma,DOID:5690,liposarcoma bien diferenciado
1,DOID:5691,visual cortex disease,DOID:5691,enfermedad de la corteza visual
1,DOID:5692,cellular myxoid liposarcoma,DOID:5692,liposarcoma mixoide celular
1,DOID:5693,adult liposarcoma,DOID:5693,liposarcoma adulto
1,DOID:5694,esophagus liposarcoma,DOID:5694,liposarcoma de esófago
1,DOID:5695,childhood liposarcoma,DOID:5695,liposarcoma infantil
1,DOID:5696,larynx liposarcoma,DOID:5696,liposarcoma de laringe
1,DOID:5697,liposarcoma of the ovary,DOID:5697,liposarcoma de ovario
1,DOID:5698,fibroblastic liposarcoma,DOID:5698,liposarcoma fibroblástico
1,DOID:5699,kidney liposarcoma,DOID:5699,liposarcoma renal
1,DOID:57,aortic valve insufficiency,DOID:57,insuficiencia de la válvula aórtica
1,DOID:5700,gastric liposarcoma,DOID:5700,liposarcoma gástrico
1,DOID:5701,breast liposarcoma,DOID:5701,liposarcoma de mama
1,DOID:5702,pleomorphic liposarcoma,DOID:5702,liposarcoma pleomórfico
1,DOID:5703,mixed liposarcoma,DOID:5703,liposarcoma mixto
1,DOID:5704,sclerosing liposarcoma,DOID:5704,liposarcoma esclerosante
1,DOID:5705,spindle cell liposarcoma,DOID:5705,liposarcoma de células fusiformes
1,DOID:5709,mixed-type liposarcoma,DOID:5709,liposarcoma de tipo mixto
1,DOID:571,median neuropathy,DOID:571,neuropatía media
1,DOID:5711,vulvar liposarcoma,DOID:5711,liposarcoma vulvar
1,DOID:5712,cutaneous liposarcoma,DOID:5712,liposarcoma cutáneo
1,DOID:5713,mediastinum liposarcoma,DOID:5713,liposarcoma de mediastino
1,DOID:5714,intracranial liposarcoma,DOID:5714,liposarcoma intracraneal
1,DOID:5715,functionless pituitary adenoma,DOID:5715,adenoma hipofisario no funcionante
1,DOID:5716,hormone producing pituitary cancer,DOID:5716,cáncer de hipófisis productor de hormonas
1,DOID:5718,adrenal neuroblastoma,DOID:5718,neuroblastoma suprarrenal
2,DOID:5719,adrenal medulla cancer,DOID:5719,Cáncer de la médula suprarrenal
1,DOID:572,mononeuritis of upper limb and mononeuritis multiplex,DOID:572,mononeuritis del miembro superior y mononeuritis múltiple
2,DOID:5723,optic atrophy,DOID:5723,Atrofia óptica
1,DOID:5724,seminal vesicle cystadenoma,DOID:5724,cistoadenoma de la vesícula seminal
1,DOID:5725,rete ovarii cystadenoma,DOID:5725,cistadenoma rete ovarii
1,DOID:5726,uterine ligament papillary cystadenoma associated with von Hippel-Lindau disease,DOID:5726,Cistoadenoma papilar del ligamento uterino asociado a la enfermedad de von Hippel-Lindau.
1,DOID:5727,uterine ligament cancer,DOID:5727,cáncer del ligamento uterino
1,DOID:5728,diffuse peritoneal leiomyomatosis,DOID:5728,leiomiomatosis peritoneal difusa
1,DOID:5729,intravenous leiomyomatosis,DOID:5729,leiomiomatosis intravenosa
1,DOID:573,nerve compression syndrome,DOID:573,síndrome de compresión nerviosa
1,DOID:5730,salpingitis isthmica nodosa,DOID:5730,salpingitis ístmica nodosa
1,DOID:5731,chronic salpingitis,DOID:5731,salpingitis crónica
1,DOID:5732,pyosalpinx,DOID:5732,pyosalpinx
1,DOID:5733,salpingitis,DOID:5733,salpingitis
1,DOID:574,peripheral nervous system disease,DOID:574,enfermedad del sistema nervioso periférico
1,DOID:5740,small intestinal vasoactive intestinal peptide producing tumor,DOID:5740,tumor productor de péptido intestinal vasoactivo del intestino delgado
1,DOID:5741,pancreatic vasoactive intestinal peptide producing tumor,DOID:5741,tumor pancreático productor de péptido intestinal vasoactivo
1,DOID:5742,pancreatic acinar cell adenocarcinoma,DOID:5742,adenocarcinoma de células acinares pancreáticas
1,DOID:5743,acinic cell breast carcinoma,DOID:5743,carcinoma de mama de células acínicas
1,DOID:5744,ovary serous adenocarcinoma,DOID:5744,adenocarcinoma seroso de ovario
1,DOID:5746,ovarian serous cystadenocarcinoma,DOID:5746,cistoadenocarcinoma seroso de ovario
1,DOID:5747,uterine ligament serous adenocarcinoma,DOID:5747,adenocarcinoma seroso del ligamento uterino
1,DOID:5748,rheumatic pulmonary valve disease,DOID:5748,valvulopatía pulmonar reumática
1,DOID:5749,pulmonary valve disease,DOID:5749,valvulopatía pulmonar
1,DOID:5750,endometrial serous adenocarcinoma,DOID:5750,adenocarcinoma seroso endometrial
1,DOID:5751,pancreatic serous cystadenocarcinoma,DOID:5751,cistadenocarcinoma seroso pancreático
1,DOID:5752,cervical serous adenocarcinoma,DOID:5752,adenocarcinoma seroso cervical
1,DOID:5757,endocervicitis,DOID:5757,endocervicitis
1,DOID:5758,malignant mesenchymoma,DOID:5758,mesenquimoma maligno
1,DOID:5759,sebaceous gland neoplasm,DOID:5759,neoplasia de las glándulas sebáceas
1,DOID:576,proteinuria,DOID:576,proteinuria
1,DOID:5760,sebaceous breast carcinoma,DOID:5760,carcinoma sebáceo de mama
1,DOID:5761,vulvar sebaceous carcinoma,DOID:5761,carcinoma sebáceo vulvar
1,DOID:5763,lung clear cell-sugar-tumor,DOID:5763,tumor pulmonar de células claras
1,DOID:5764,lung meningioma,DOID:5764,meningioma pulmonar
1,DOID:5766,pulmonary sclerosing hemangioma,DOID:5766,hemangioma esclerosante pulmonar
1,DOID:5767,hilar lung neoplasm,DOID:5767,neoplasia pulmonar hiliar
1,DOID:5768,Nager acrofacial dysostosis,DOID:5768,Disostosis acrofacial de Nager
1,DOID:5769,verruciform xanthoma of skin,DOID:5769,xantoma verruciforme de la piel
1,DOID:5772,central nervous system hematologic cancer,DOID:5772,cáncer hematológico del sistema nervioso central
1,DOID:5773,oral submucous fibrosis,DOID:5773,fibrosis submucosa oral
1,DOID:5774,giant hemangioma,DOID:5774,hemangioma gigante
1,DOID:5775,cavernous hemangioma of colon,DOID:5775,hemangioma cavernoso de colon
1,DOID:5776,cavernous hemangioma of face,DOID:5776,hemangioma cavernoso de cara
1,DOID:5777,rectum neuroendocrine neoplasm,DOID:5777,neoplasia neuroendocrina del recto
1,DOID:5781,atrophic flaccid tympanic membrane,DOID:5781,membrana timpánica flácida atrófica
1,DOID:5782,tympanic membrane disease,DOID:5782,enfermedad de la membrana timpánica
1,DOID:5784,esophageal neuroendocrine tumor,DOID:5784,tumor neuroendocrino esofágico
1,DOID:5789,mixed hepatoblastoma,DOID:5789,hepatoblastoma mixto
1,DOID:5798,macrotrabecular hepatoblastoma,DOID:5798,hepatoblastoma macrotrabecular
1,DOID:580,uric acid nephrolithiasis,DOID:580,nefrolitiasis por ácido úrico
1,DOID:5804,discrete subaortic stenosis,DOID:5804,estenosis subaórtica discreta
1,DOID:5805,subvalvular aortic stenosis,DOID:5805,estenosis aórtica subvalvular
1,DOID:5806,stork bite,DOID:5806,picadura de cigüeña
1,DOID:5809,childhood parosteal osteogenic sarcoma,DOID:5809,sarcoma osteogénico parosteal infantil
1,DOID:5810,adenosine deaminase deficiency,DOID:5810,deficiencia de adenosina deaminasa
1,DOID:5812,MHC class II deficiency,DOID:5812,deficiencia de MHC clase II
1,DOID:5813,purine nucleoside phosphorylase deficiency,DOID:5813,deficiencia de purina nucleósido fosforilasa
1,DOID:5815,cerebral lymphoma,DOID:5815,linfoma cerebral
1,DOID:582,hemoglobinuria,DOID:582,hemoglobinuria
1,DOID:5820,composite lymphoma,DOID:5820,linfoma compuesto
1,DOID:5821,methotrexate-associated lymphoproliferation,DOID:5821,linfoproliferación asociada al metotrexato
1,DOID:5822,gray zone lymphoma,DOID:5822,linfoma de la zona gris
1,DOID:5823,childhood lymphoma,DOID:5823,linfoma infantil
1,DOID:5825,adult lymphoma,DOID:5825,linfoma adulto
1,DOID:5826,breast lymphoma,DOID:5826,linfoma mamario
1,DOID:5828,endometrioid ovary carcinoma,DOID:5828,carcinoma endometrioide de ovario
1,DOID:5829,uterine ligament endometrioid adenocarcinoma,DOID:5829,adenocarcinoma endometrioide del ligamento uterino
1,DOID:583,hemolytic anemia,DOID:583,anemia hemolítica
1,DOID:5830,cervical endometrioid adenocarcinoma,DOID:5830,adenocarcinoma endometrioide cervical
1,DOID:5831,fallopian tube endometrioid adenocarcinoma,DOID:5831,adenocarcinoma endometrioide de las trompas de Falopio
1,DOID:5834,spermatocytoma,DOID:5834,espermatocitoma
1,DOID:5838,extragonadal seminoma,DOID:5838,seminoma extragonadal
1,DOID:5842,testis seminoma,DOID:5842,seminoma de testículo
1,DOID:5843,posteroinferior myocardial infarction,DOID:5843,infarto de miocardio posteroinferior
1,DOID:5844,myocardial infarction,DOID:5844,infarto de miocardio
1,DOID:5845,anterolateral myocardial infarction,DOID:5845,infarto de miocardio anterolateral
1,DOID:5846,septal myocardial infarction,DOID:5846,infarto septal de miocardio
1,DOID:5847,posterior myocardial infarction,DOID:5847,infarto de miocardio posterior
1,DOID:5848,apical myocardial infarction,DOID:5848,infarto de miocardio apical
1,DOID:5849,subendocardial myocardial infarction,DOID:5849,infarto de miocardio subendocárdico
NA,DOID:585,nephrolithiasis,DOID:585,NA
1,DOID:5850,inferior myocardial infarction,DOID:5850,infarto de miocardio inferior
1,DOID:5851,posterolateral myocardial infarction,DOID:5851,infarto de miocardio posterolateral
1,DOID:5852,inferolateral myocardial infarct,DOID:5852,infarto de miocardio inferolateral
1,DOID:5853,lateral myocardial infarction,DOID:5853,infarto lateral de miocardio
1,DOID:5854,silent myocardial infarction,DOID:5854,infarto de miocardio silencioso
1,DOID:5855,anteroseptal myocardial infarction,DOID:5855,infarto de miocardio anteroseptal
1,DOID:5859,periosteal chondrosarcoma,DOID:5859,condrosarcoma perióstico
1,DOID:5861,myxoid chondrosarcoma,DOID:5861,condrosarcoma mixoide
1,DOID:5862,localized chondrosarcoma,DOID:5862,condrosarcoma localizado
1,DOID:5866,juxtacortical chondrosarcoma,DOID:5866,condrosarcoma yuxtacortical
1,DOID:5867,clear cell chondrosarcoma,DOID:5867,condrosarcoma de células claras
1,DOID:5870,eosinophilic pneumonia,DOID:5870,neumonía eosinofílica
1,DOID:5874,retroperitoneal germ cell neoplasm,DOID:5874,neoplasia retroperitoneal de células germinales
1,DOID:5875,retroperitoneal cancer,DOID:5875,cáncer retroperitoneal
1,DOID:5876,apocrine sweat gland neoplasm,DOID:5876,neoplasia de la glándula sudorípara apocrina
1,DOID:5877,endocardium cancer,DOID:5877,cáncer de endocardio
1,DOID:5884,benign intermediate mesothelioma,DOID:5884,mesotelioma benigno intermedio
1,DOID:5889,anaplastic ependymoma,DOID:5889,ependimoma anaplásico
1,DOID:5890,malignant adult ependymoma,DOID:5890,ependimoma maligno adulto
1,DOID:5893,childhood malignant mesenchymoma,DOID:5893,mesenquimoma maligno infantil
1,DOID:5894,adult malignant mesenchymoma,DOID:5894,mesenquimoma maligno adulto
1,DOID:5895,clear cell cystadenofibroma,DOID:5895,cistoestadenofibroma de células claras
1,DOID:5896,ovarian clear cell cystadenofibroma,DOID:5896,cistodenofibroma ovárico de células claras
1,DOID:5897,ovarian clear cell adenofibroma,DOID:5897,adenofibroma ovárico de células claras
1,DOID:5900,meningeal melanocytoma,DOID:5900,melanocitoma meníngeo
1,DOID:5907,penis non-invasive verrucous carcinoma,DOID:5907,carcinoma verrugoso no invasivo de pene
1,DOID:5908,penis verrucous carcinoma,DOID:5908,carcinoma verrucoso de pene
1,DOID:591,phobic disorder,DOID:591,trastorno fóbico
1,DOID:5913,brachial plexus neoplasm,DOID:5913,neoplasia del plexo braquial
1,DOID:5914,nonencapsulated sclerosing carcinoma,DOID:5914,carcinoma esclerosante no encapsulado
1,DOID:5915,uterus intravascular leiomyomatosis,DOID:5915,leiomiomatosis intravascular uterina
1,DOID:5916,uterine corpus leiomyomatosis,DOID:5916,leiomiomatosis del cuerpo uterino
1,DOID:5917,uterine corpus diffuse leiomyomatosis,DOID:5917,leiomiomatosis difusa del cuerpo uterino
1,DOID:5921,adult brainstem mixed glioma,DOID:5921,glioma mixto del tronco encefálico adulto
1,DOID:5922,adult brainstem astrocytoma,DOID:5922,astrocitoma adulto del tronco encefálico
1,DOID:5923,distal biliary tract carcinoma,DOID:5923,carcinoma distal de vías biliares
1,DOID:5926,extrahepatic bile duct small cell adenocarcinoma,DOID:5926,adenocarcinoma de células pequeñas de la vía biliar extrahepática
1,DOID:593,agoraphobia,DOID:593,agorafobia
1,DOID:5936,ovarian mixed germ cell neoplasm,DOID:5936,neoplasia mixta de células germinales de ovario
1,DOID:594,panic disorder,DOID:594,trastorno de pánico
1,DOID:5940,malignant peripheral nerve sheath tumor,DOID:5940,tumor maligno de la vaina nerviosa periférica
1,DOID:5948,angiokeratoma of mibelli,DOID:5948,angioqueratoma de mibelli
1,DOID:5949,angiokeratoma circumscriptum,DOID:5949,angioqueratoma circunscrito
1,DOID:5957,bladder urachal squamous cell carcinoma,DOID:5957,carcinoma de células escamosas de vejiga uracal
1,DOID:5958,bladder urachal carcinoma,DOID:5958,carcinoma uracal de vejiga
1,DOID:5973,kidney pelvis papillary carcinoma,DOID:5973,carcinoma papilar de pelvis renal
1,DOID:5974,renal pelvis transitional cell carcinoma,DOID:5974,carcinoma de células de transición de la pelvis renal
1,DOID:5975,renal pelvis papillary tumor,DOID:5975,tumor papilar de pelvis renal
1,DOID:5976,occlusion precerebral artery,DOID:5976,oclusión de la arteria precerebral
1,DOID:5977,renal pelvis benign neoplasm,DOID:5977,neoplasia benigna de la pelvis renal
1,DOID:5982,kidney fibrosarcoma,DOID:5982,fibrosarcoma renal
1,DOID:5983,kidney osteogenic sarcoma,DOID:5983,sarcoma osteogénico renal
1,DOID:599,specific phobia,DOID:599,fobia específica
1,DOID:5990,internal auditory canal meningioma,DOID:5990,meningioma del conducto auditivo interno
1,DOID:5997,non-proliferative fibrocystic change of the breast,DOID:5997,cambio fibroquístico no proliferativo de la mama
1,DOID:5998,microglandular adenosis,DOID:5998,adenosis microglandular
1,DOID:5999,apocrine adenosis of breast,DOID:5999,adenosis apocrina de mama
1,DOID:600,animal phobia,DOID:600,fobia a los animales
1,DOID:6000,congestive heart failure,DOID:6000,insuficiencia cardíaca congestiva
1,DOID:60000,appendix disease,DOID:60000,enfermedad apendicular
1,DOID:60001,pulmonary artery disease,DOID:60001,arteriopatía pulmonar
1,DOID:60002,Bartholin's gland disease,DOID:60002,Enfermedad de la glándula de Bartolino
1,DOID:60003,Bartholin's gland cancer,DOID:60003,cáncer de la glándula de Bartolino
1,DOID:60004,malignant cystadenoma,DOID:60004,cistadenoma maligno
1,DOID:60006,benign vascular tumor,DOID:60006,tumor vascular benigno
1,DOID:60007,cerebrovascular benign neoplasm,DOID:60007,neoplasia benigna cerebrovascular
1,DOID:60008,parathyroid gland benign neoplasm,DOID:60008,neoplasia benigna de la glándula paratiroides
1,DOID:60009,pituitary gland benign neoplasm,DOID:60009,neoplasia benigna de hipófisis
1,DOID:6001,breast fibrosarcoma,DOID:6001,fibrosarcoma de mama
1,DOID:6003,aleukemic leukemia cutis,DOID:6003,leucemia aleucémica cutis
1,DOID:6004,aleukemic leukemia,DOID:6004,leucemia aleucémica
1,DOID:6015,adult central nervous system teratoma,DOID:6015,teratoma adulto del sistema nervioso central
1,DOID:6016,adult central nervous system mature teratoma,DOID:6016,teratoma maduro del sistema nervioso central adulto
1,DOID:6017,central nervous system mature teratoma,DOID:6017,teratoma maduro del sistema nervioso central
1,DOID:6018,adult central nervous system immature teratoma,DOID:6018,teratoma inmaduro del sistema nervioso central adulto
1,DOID:6019,central nervous system immature teratoma,DOID:6019,teratoma inmaduro del sistema nervioso central
1,DOID:602,cancerophobia,DOID:602,cancerofobia
1,DOID:6024,selective IgE deficiency disease,DOID:6024,enfermedad por deficiencia selectiva de IgE
1,DOID:6025,selective immunoglobulin deficiency disease,DOID:6025,enfermedad por deficiencia selectiva de inmunoglobulinas
1,DOID:603,AIDS phobia,DOID:603,fobia al sida
1,DOID:6032,juvenile type testicular granulosa cell tumor,DOID:6032,tumor de células de la granulosa testicular de tipo juvenil
1,DOID:6033,heart fibrosarcoma,DOID:6033,fibrosarcoma cardíaco
1,DOID:6034,heart malignant hemangiopericytoma,DOID:6034,hemangiopericitoma maligno cardíaco
1,DOID:6037,spindle cell intraocular melanoma,DOID:6037,melanoma intraocular de células fusiformes
1,DOID:6039,uveal melanoma,DOID:6039,melanoma uveal
1,DOID:6041,choroid spindle cell melanoma,DOID:6041,melanoma de células fusiformes de la coroides
1,DOID:6043,ciliary body spindle cell melanoma,DOID:6043,melanoma de células fusiformes del cuerpo ciliar
1,DOID:6048,telangiectatic glomangioma,DOID:6048,glomangioma telangiectásico
1,DOID:605,flying phobia,DOID:605,fobia a volar
1,DOID:6050,esophageal disease,DOID:6050,enfermedad esofágica
1,DOID:6052,central nervous system childhood germ cell tumor,DOID:6052,tumor germinal infantil del sistema nervioso central
1,DOID:6053,childhood germ cell cancer,DOID:6053,cáncer de células germinales infantil
1,DOID:6054,frontal sinus Schneiderian papilloma,DOID:6054,papiloma schneideriano del seno frontal
1,DOID:6059,nasal vestibule papilloma,DOID:6059,papiloma del vestíbulo nasal
1,DOID:606,Brown-Sequard syndrome,DOID:606,síndrome de Brown-Sequard
1,DOID:6065,urinary tract non-invasive transitional cell neoplasm,DOID:6065,neoplasia de células de transición no invasiva del tracto urinario
1,DOID:6067,ovarian mucinous neoplasm,DOID:6067,neoplasia mucinosa ovárica
1,DOID:607,paraplegia,DOID:607,paraplejia
1,DOID:6082,childhood testicular germ cell tumor,DOID:6082,tumor germinal testicular infantil
1,DOID:6083,childhood ovarian endodermal sinus tumor,DOID:6083,tumor del seno endodérmico ovárico infantil
1,DOID:6084,childhood ovarian germ cell tumor,DOID:6084,tumor germinal de ovario infantil
1,DOID:6085,meningeal melanoma,DOID:6085,melanoma meníngeo
1,DOID:6086,malignant leptomeningeal neoplasm,DOID:6086,neoplasia leptomeníngea maligna
1,DOID:6088,acute stress disorder,DOID:6088,trastorno por estrés agudo
1,DOID:6089,childhood leptomeningeal melanoma,DOID:6089,melanoma leptomeníngeo infantil
1,DOID:6090,adult leptomeningeal melanoma,DOID:6090,melanoma leptomeníngeo adulto
1,DOID:6098,thalamic neoplasm,DOID:6098,neoplasia talámica
1,DOID:61,mitral valve disease,DOID:61,enfermedad de la válvula mitral
1,DOID:6101,signet ring cell variant cervical mucinous adenocarcinoma,DOID:6101,adenocarcinoma mucinoso cervical variante de células en anillo de sello
1,DOID:6102,herpetic gastritis,DOID:6102,gastritis herpética
1,DOID:6103,thoracic spinal canal and spinal cord meningioma,DOID:6103,meningioma del canal medular torácico y de la médula espinal
1,DOID:6110,jugular foramen meningioma,DOID:6110,meningioma del agujero yugular
1,DOID:6112,cerebral meningioma,DOID:6112,meningioma cerebral
1,DOID:6113,intracerebral cystic meningioma,DOID:6113,meningioma quístico intracerebral
1,DOID:6114,cerebral convexity meningioma,DOID:6114,meningioma de convexidad cerebral
1,DOID:6115,lateral ventricle meningioma,DOID:6115,meningioma del ventrículo lateral
1,DOID:6118,renal pelvis inverted papilloma,DOID:6118,papiloma invertido de la pelvis renal
1,DOID:6119,renal pelvis urothelial papilloma,DOID:6119,papiloma urotelial de la pelvis renal
1,DOID:612,primary immunodeficiency disease,DOID:612,enfermedad de inmunodeficiencia primaria
1,DOID:6126,anal canal carcinoma,DOID:6126,carcinoma del canal anal
1,DOID:6128,gliomatosis cerebri,DOID:6128,gliomatosis cerebral
1,DOID:6132,bronchitis,DOID:6132,bronquitis
1,DOID:6139,uterine corpus epithelioid leiomyosarcoma,DOID:6139,leiomiosarcoma epitelioide del cuerpo uterino
1,DOID:614,lymphopenia,DOID:614,linfopenia
1,DOID:6148,nasal cavity carcinoma in situ,DOID:6148,carcinoma in situ de cavidad nasal
1,DOID:615,leukopenia,DOID:615,leucopenia
1,DOID:6160,childhood choriocarcinoma of the testis,DOID:6160,coriocarcinoma testicular infantil
1,DOID:6161,childhood testicular mixed germ cell tumor,DOID:6161,tumor testicular mixto de células germinales infantil
1,DOID:6162,childhood embryonal testis carcinoma,DOID:6162,carcinoma embrionario de testículo infantil
1,DOID:6163,familial renal papillary carcinoma,DOID:6163,carcinoma papilar renal familiar
1,DOID:6166,prostatic urethra urothelial carcinoma,DOID:6166,carcinoma urotelial de uretra prostática
1,DOID:6167,prostatic urethral cancer,DOID:6167,cáncer de próstata y uretra
1,DOID:6170,ovarian carcinosarcoma,DOID:6170,carcinosarcoma ovárico
1,DOID:6171,uterine carcinosarcoma,DOID:6171,carcinosarcoma uterino
1,DOID:6175,mediastinal neurilemmoma,DOID:6175,neurilemmoma mediastínico
1,DOID:6179,ovarian small cell carcinoma,DOID:6179,carcinoma ovárico de células pequeñas
1,DOID:6190,rectum Kaposi's sarcoma,DOID:6190,recto Sarcoma de Kaposi
1,DOID:6192,malignant inflammatory fibrous histiocytoma,DOID:6192,histiocitoma fibroso inflamatorio maligno
1,DOID:6193,epithelioid sarcoma,DOID:6193,sarcoma epitelioide
1,DOID:6195,conjunctivitis,DOID:6195,conjuntivitis
1,DOID:6196,reactive arthritis,DOID:6196,artritis reactiva
1,DOID:6197,conventional malignant hemangiopericytoma,DOID:6197,hemangiopericitoma maligno convencional
1,DOID:6198,corneal intraepithelial neoplasm,DOID:6198,neoplasia intraepitelial corneal
1,DOID:6199,cornea cancer,DOID:6199,cáncer de córnea
2,DOID:62,aortic valve disease,DOID:62,Valvulopatía aórtica
1,DOID:620,blood protein disease,DOID:620,enfermedad de las proteínas de la sangre
1,DOID:6201,pericardial mesothelioma,DOID:6201,mesotelioma pericárdico
1,DOID:6203,thyroid hyalinizing trabecular adenoma,DOID:6203,adenoma trabecular hialinizante tiroideo
1,DOID:6204,follicular adenoma,DOID:6204,adenoma folicular
1,DOID:6208,mediastinal osteogenic sarcoma,DOID:6208,sarcoma osteogénico mediastínico
1,DOID:6209,malignant mediastinum hemangiopericytoma,DOID:6209,hemangiopericitoma maligno del mediastino
1,DOID:6210,bladder diffuse clear cell adenocarcinoma,DOID:6210,adenocarcinoma difuso de células claras de vejiga
1,DOID:6211,mixed epithelial tumor of ovary,DOID:6211,tumor epitelial mixto de ovario
1,DOID:6212,ovarian endometrial cancer,DOID:6212,cáncer de ovario y endometrio
1,DOID:6214,ovarian papillary neoplasm,DOID:6214,neoplasia papilar ovárica
1,DOID:6217,gastric diffuse adenocarcinoma,DOID:6217,adenocarcinoma difuso gástrico
1,DOID:6225,Cronkhite-Canada syndrome,DOID:6225,Síndrome Cronkhite-Canadá
1,DOID:6227,articular cartilage disease,DOID:6227,enfermedad del cartílago articular
1,DOID:6228,peritoneal serous papillary adenocarcinoma,DOID:6228,adenocarcinoma papilar seroso peritoneal
1,DOID:6229,childhood mature teratoma of the ovary,DOID:6229,teratoma infantil maduro de ovario
1,DOID:6230,childhood teratoma of the ovary,DOID:6230,teratoma infantil de ovario
1,DOID:6231,mature teratoma of the ovary,DOID:6231,teratoma maduro de ovario
1,DOID:6232,ovarian biphasic or triphasic teratoma,DOID:6232,teratoma ovárico bifásico o trifásico
1,DOID:6239,non-invasive bladder papillary urothelial neoplasm,DOID:6239,neoplasia urotelial papilar vesical no invasiva
1,DOID:624,transient hypogammaglobulinemia of infancy,DOID:624,hipogammaglobulinemia infantil transitoria
1,DOID:6244,familial renal oncocytoma,DOID:6244,oncocitoma renal familiar
1,DOID:6245,renal oncocytoma,DOID:6245,oncocitoma renal
1,DOID:6249,mediastinum seminoma,DOID:6249,mediastino seminoma
1,DOID:625,transient hypogammaglobulinemia,DOID:625,hipogammaglobulinemia transitoria
1,DOID:6255,growth hormone secreting pituitary adenoma,DOID:6255,adenoma hipofisario secretor de hormona de crecimiento
1,DOID:6256,malignant growth hormone secreting neoplasm of pituitary,DOID:6256,neoplasia maligna hipofisaria secretora de hormona de crecimiento
1,DOID:6257,chromophil adenoma of the kidney,DOID:6257,adenoma cromófilo del riñón
1,DOID:6258,type 1 papillary adenoma of the kidney,DOID:6258,adenoma papilar renal de tipo 1
1,DOID:6259,type 2 papillary adenoma of the kidney,DOID:6259,adenoma papilar renal de tipo 2
1,DOID:626,complement deficiency,DOID:626,deficiencia del complemento
1,DOID:6262,follicular dendritic cell sarcoma,DOID:6262,sarcoma folicular de células dendríticas
1,DOID:6263,inflammatory breast carcinoma,DOID:6263,carcinoma inflamatorio de mama
1,DOID:627,severe combined immunodeficiency,DOID:627,inmunodeficiencia combinada grave
1,DOID:6270,gastric cardia carcinoma,DOID:6270,carcinoma de cardias gástrico
1,DOID:6271,gastric cardia adenocarcinoma,DOID:6271,adenocarcinoma de cardias gástrico
1,DOID:6274,malignant thyroid stimulating hormone producing neoplasm of pituitary gland,DOID:6274,neoplasia maligna de la hipófisis productora de hormona estimulante del tiroides
1,DOID:6275,TSH producing pituitary tumor,DOID:6275,tumor hipofisario productor de TSH
1,DOID:6276,malignant ACTH producing neoplasm of pituitary gland,DOID:6276,neoplasia maligna de la hipófisis productora de ACTH
1,DOID:6278,ovarian mucinous malignant adenofibroma,DOID:6278,adenofibroma maligno mucinoso ovárico
1,DOID:628,combined T cell and B cell immunodeficiency,DOID:628,inmunodeficiencia combinada de células T y células B
1,DOID:6284,epicardium lipoma,DOID:6284,lipoma epicárdico
1,DOID:6285,heart lipoma,DOID:6285,lipoma cardíaco
1,DOID:6286,childhood cerebellar astrocytic neoplasm,DOID:6286,neoplasia astrocítica cerebelosa infantil
1,DOID:6291,cerebral hemisphere lipoma,DOID:6291,lipoma hemisferio cerebral
1,DOID:6293,central nervous system lipoma,DOID:6293,lipoma del sistema nervioso central
1,DOID:6294,corpus callosum lipoma,DOID:6294,lipoma del cuerpo calloso
1,DOID:6297,viral esophagitis,DOID:6297,esofagitis vírica
1,DOID:630,genetic disease,DOID:630,enfermedad genética
1,DOID:6307,ectopic thymus,DOID:6307,timo ectópico
1,DOID:631,fibromyalgia,DOID:631,fibromialgia
1,DOID:6312,clivus chordoma,DOID:6312,cordoma del clivus
1,DOID:6313,clivus chondroid chordoma,DOID:6313,cordoma condroide del clivus
1,DOID:6314,ovarian fetiform teratoma,DOID:6314,teratoma ovárico fetiforme
1,DOID:6315,ovarian solid teratoma,DOID:6315,teratoma sólido ovárico
1,DOID:6316,Bartholin's gland adenocarcinoma,DOID:6316,Adenocarcinoma de la glándula de Bartolino
1,DOID:6322,tibial adamantinoma,DOID:6322,adamantinoma tibial
1,DOID:633,myositis,DOID:633,Miositis
1,DOID:6331,immature teratoma of ovary,DOID:6331,teratoma inmaduro de ovario
1,DOID:6332,adult malignant hemangiopericytoma,DOID:6332,hemangiopericitoma maligno adulto
1,DOID:6333,adult intracranial malignant hemangiopericytoma,DOID:6333,hemangiopericitoma maligno intracraneal adulto
1,DOID:6334,anterior optic tract meningioma,DOID:6334,meningioma del tracto óptico anterior
1,DOID:6335,bilateral meningioma of optic nerve,DOID:6335,meningioma bilateral del nervio óptico
1,DOID:6337,cerebellopontine angle meningioma,DOID:6337,meningioma del ángulo pontocerebeloso
1,DOID:6339,vulvar eccrine adenocarcinoma,DOID:6339,adenocarcinoma ecrino vulvar
1,DOID:6344,melanotic psammomatous malignant peripheral nerve sheath tumor,DOID:6344,tumor melanótico psammomatoso maligno de la vaina del nervio periférico
1,DOID:6345,malignant melanocytic neoplasm of the peripheral nerve sheath,DOID:6345,neoplasia melanocítica maligna de la vaina del nervio periférico
1,DOID:635,acquired immunodeficiency syndrome,DOID:635,síndrome de inmunodeficiencia adquirida
1,DOID:6354,chronic lymphocytic leukemia/small lymphocytic lymphoma,DOID:6354,leucemia linfocítica crónica/linfoma linfocítico pequeño
1,DOID:636,central pontine myelinolysis,DOID:636,mielinolisis central pontina
1,DOID:6364,migraine,DOID:6364,migraña
1,DOID:6367,acral lentiginous melanoma,DOID:6367,melanoma lentiginoso acral
1,DOID:6370,hepatic osteogenic sarcoma,DOID:6370,sarcoma osteogénico hepático
1,DOID:6376,hypersplenism,DOID:6376,hiperesplenismo
1,DOID:6379,diffuse meningeal melanocytosis,DOID:6379,melanocitosis meníngea difusa
1,DOID:6381,anterior foramen magnum meningioma,DOID:6381,meningioma del foramen magnum anterior
1,DOID:6383,childhood brain stem glioma,DOID:6383,glioma de tronco encefálico infantil
1,DOID:6386,childhood brainstem astrocytoma,DOID:6386,astrocitoma del tronco encefálico infantil
1,DOID:639,acute disseminated encephalomyelitis,DOID:639,encefalomielitis aguda diseminada
1,DOID:640,encephalomyelitis,DOID:640,encefalomielitis
1,DOID:6404,metanephric adenoma,DOID:6404,adenoma metanéfrico
1,DOID:6405,ovarian papillary cystadenoma,DOID:6405,cistoadenoma papilar ovárico
1,DOID:6407,ovarian surface papilloma,DOID:6407,papiloma ovárico superficial
1,DOID:6408,ovary papillary carcinoma,DOID:6408,carcinoma papilar de ovario
1,DOID:6420,pulmonary valve stenosis,DOID:6420,estenosis de la válvula pulmonar
1,DOID:6423,childhood central nervous system mature teratoma,DOID:6423,teratoma maduro del sistema nervioso central infantil
1,DOID:6425,eyelid carcinoma,DOID:6425,carcinoma de párpado
1,DOID:6428,cervical adenoid basal carcinoma,DOID:6428,carcinoma adenoide basal cervical
1,DOID:643,progressive multifocal leukoencephalopathy,DOID:643,leucoencefalopatía multifocal progresiva
1,DOID:6432,pulmonary hypertension,DOID:6432,hipertensión pulmonar
1,DOID:6438,malignant choroid melanoma,DOID:6438,melanoma coroideo maligno
1,DOID:6445,ovarian endometrioid malignant adenofibroma,DOID:6445,adenofibroma maligno endometrioide ovárico
1,DOID:6446,ceruminous adenocarcinoma,DOID:6446,adenocarcinoma ceruminoso
1,DOID:6448,vulvar apocrine adenocarcinoma,DOID:6448,adenocarcinoma apocrino vulvar
1,DOID:6451,central nervous system fibrosarcoma,DOID:6451,fibrosarcoma del sistema nervioso central
1,DOID:6457,Cowden syndrome,DOID:6457,síndrome de Cowden
1,DOID:6458,cerebellar liponeurocytoma,DOID:6458,liponeurocitoma cerebeloso
1,DOID:6459,rectal lipoma,DOID:6459,lipoma rectal
1,DOID:646,viral encephalitis,DOID:646,encefalitis vírica
1,DOID:6460,large intestine lipoma,DOID:6460,lipoma de intestino grueso
1,DOID:6468,mucinous cystadenofibroma,DOID:6468,cistodenofibroma mucinoso
1,DOID:6469,ovarian mucinous adenofibroma,DOID:6469,adenofibroma mucinoso ovárico
1,DOID:6474,childhood teratocarcinoma of the testis,DOID:6474,teratocarcinoma testicular infantil
1,DOID:6476,clear cell variant infiltrating bladder urothelial carcinoma,DOID:6476,carcinoma urotelial de vejiga infiltrante con variante de células claras
1,DOID:6477,invasive bladder transitional cell carcinoma,DOID:6477,carcinoma invasivo de células transicionales de vejiga
1,DOID:648,kuru,DOID:648,kuru
1,DOID:6481,bladder signet ring cell adenocarcinoma,DOID:6481,adenocarcinoma vesical de células en anillo de sello
1,DOID:6482,lung acinar adenocarcinoma,DOID:6482,adenocarcinoma acinar de pulmón
1,DOID:6483,rete testis adenoma,DOID:6483,adenoma testicular de rete
1,DOID:6484,mediastinal melanocytic neurilemmoma,DOID:6484,neurilemmoma melanocítico mediastínico
1,DOID:6489,periosteal osteogenic sarcoma,DOID:6489,sarcoma osteogénico perióstico
1,DOID:649,prion disease,DOID:649,enfermedad priónica
1,DOID:6491,breast capillary hemangioma,DOID:6491,hemangioma capilar mamario
1,DOID:6492,breast epithelioid hemangioma,DOID:6492,hemangioma epitelioide de mama
1,DOID:6494,childhood myxoid chondrosarcoma,DOID:6494,condrosarcoma mixoide infantil
1,DOID:6498,seborrheic keratosis,DOID:6498,queratosis seborreica
1,DOID:65,connective tissue disease,DOID:65,enfermedad del tejido conectivo
1,DOID:6500,cerebellar angioblastoma,DOID:6500,angioblastoma cerebeloso
1,DOID:6501,brain stem angioblastoma,DOID:6501,angioblastoma de tronco cerebral
1,DOID:6505,vaginal spindle cell epithelioma,DOID:6505,epitelioma fusocelular vaginal
1,DOID:6510,lung occult squamous cell carcinoma,DOID:6510,carcinoma espinocelular oculto de pulmón
1,DOID:6511,glandular pattern ovarian yolk sac tumor,DOID:6511,tumor de saco vitelino de ovario de patrón glandular
1,DOID:6512,hepatoid pattern ovarian yolk sac tumor,DOID:6512,tumor de saco vitelino de ovario de patrón hepatoide
1,DOID:6514,polyvesicular vitelline pattern ovarian yolk sac tumor,DOID:6514,tumor del saco vitelino ovárico de patrón polivesicular
1,DOID:6517,clivus meningioma,DOID:6517,meningioma de clivus
1,DOID:6518,Bartholin's gland adenomyoma,DOID:6518,adenomioma de la glándula de Bartolino
1,DOID:6522,mixed cell uveal melanoma,DOID:6522,melanoma uveal de células mixtas
1,DOID:6523,ciliary body mixed cell melanoma,DOID:6523,melanoma de células mixtas del cuerpo ciliar
1,DOID:6524,malignant ciliary body melanoma,DOID:6524,melanoma maligno del cuerpo ciliar
1,DOID:6525,choroid mixed cell melanoma,DOID:6525,melanoma de células mixtas de la coroides
1,DOID:653,purine-pyrimidine metabolic disorder,DOID:653,trastorno metabólico purina-pirimidina
1,DOID:6530,thymoma type B2,DOID:6530,timoma tipo B2
1,DOID:6536,plasma cell neoplasm,DOID:6536,neoplasia de células plasmáticas
1,DOID:654,overnutrition,DOID:654,sobrealimentación
1,DOID:6543,acne,DOID:6543,acné
1,DOID:6547,heart lymphoma,DOID:6547,linfoma cardíaco
1,DOID:6548,angiomatous meningioma,DOID:6548,meningioma angiomatoso
1,DOID:655,inherited metabolic disorder,DOID:655,trastorno metabólico hereditario
1,DOID:6552,gastric small cell carcinoma,DOID:6552,carcinoma gástrico de células pequeñas
1,DOID:6553,posterior foramen magnum meningioma,DOID:6553,meningioma del foramen magnum posterior
1,DOID:6554,ovarian clear cell malignant adenofibroma,DOID:6554,adenofibroma maligno ovárico de células claras
1,DOID:6559,ethmoid sinus Schneiderian papilloma,DOID:6559,papiloma schneideriano del seno etmoidal
1,DOID:656,adrenal adenoma,DOID:656,adenoma suprarrenal
1,DOID:6562,ethmoid sinus inverted papilloma,DOID:6562,papiloma invertido del seno etmoidal
1,DOID:6564,neurilemmoma of the pleura,DOID:6564,neurilemmoma de la pleura
1,DOID:6566,posterior uveal melanoma,DOID:6566,melanoma uveal posterior
1,DOID:6567,uterine corpus myxoid leiomyosarcoma,DOID:6567,leiomiosarcoma mixoide del cuerpo uterino
1,DOID:6569,micropapillomatosis labialis,DOID:6569,micropapilomatosis labial
1,DOID:657,adenoma,DOID:657,adenoma
1,DOID:6571,non-invasive bladder urothelial carcinoma,DOID:6571,carcinoma urotelial de vejiga no invasivo
1,DOID:6575,childhood optic tract astrocytoma,DOID:6575,astrocitoma del tracto óptico infantil
1,DOID:6576,childhood optic nerve glioma,DOID:6576,glioma del nervio óptico infantil
1,DOID:6579,chest wall bone cancer,DOID:6579,cáncer óseo de la pared torácica
1,DOID:6581,breast apocrine carcinoma,DOID:6581,carcinoma apocrino de mama
1,DOID:6585,breast oncocytic carcinoma,DOID:6585,carcinoma oncocítico de mama
1,DOID:6587,breast tubular carcinoma,DOID:6587,carcinoma tubular de mama
1,DOID:6590,spondylitis,DOID:6590,espondilitis
1,DOID:6594,bladder colonic type adenocarcinoma,DOID:6594,adenocarcinoma vesical de tipo colónico
1,DOID:6595,gastric tubular adenocarcinoma,DOID:6595,adenocarcinoma tubular gástrico
1,DOID:66,muscle tissue disease,DOID:66,enfermedad del tejido muscular
1,DOID:660,adrenal cortex cancer,DOID:660,cáncer de corteza suprarrenal
1,DOID:6603,Kummell's disease,DOID:6603,Enfermedad de Kummell
1,DOID:6605,classic variant of chromophobe renal cell carcinoma,DOID:6605,variante clásica del carcinoma cromófobo de células renales
1,DOID:6606,eosinophilic variant of chromophobe renal cell carcinoma,DOID:6606,variante eosinofílica del carcinoma cromófobo de células renales
1,DOID:6607,nervous system hibernoma,DOID:6607,hibernoma del sistema nervioso
1,DOID:6608,endobronchial leiomyoma,DOID:6608,leiomioma endobronquial
1,DOID:6610,bone epithelioid hemangioma,DOID:6610,hemangioma epitelioide óseo
2,DOID:6612,leukocyte adhesion deficiency,DOID:6612,Deficiencia de adhesión leucocitaria
1,DOID:6613,vaginal villous adenoma,DOID:6613,adenoma velloso vaginal
1,DOID:6620,X-linked hyper IgM syndrome,DOID:6620,Síndrome de hiper IgM ligado al X
1,DOID:6621,cerebral angioma,DOID:6621,angioma cerebral
1,DOID:6627,cervical adenoma malignum,DOID:6627,adenoma cervical maligno
1,DOID:6629,nipple carcinoma,DOID:6629,carcinoma de pezón
1,DOID:663,scrotal angioma,DOID:663,angioma escrotal
1,DOID:6634,adult central nervous system choriocarcinoma,DOID:6634,coriocarcinoma adulto del sistema nervioso central
1,DOID:6639,childhood CNS choriocarcinoma,DOID:6639,coriocarcinoma del SNC infantil
1,DOID:664,angiokeratoma of Fordyce,DOID:664,angioqueratoma de Fordyce
1,DOID:6641,breast juvenile papillomatosis,DOID:6641,papilomatosis juvenil mamaria
1,DOID:6643,Baastrup's syndrome,DOID:6643,síndrome de Baastrup
1,DOID:6648,adult pineoblastoma,DOID:6648,pineoblastoma adulto
1,DOID:6652,diffuse idiopathic skeletal hyperostosis,DOID:6652,hiperostosis esquelética idiopática difusa
1,DOID:6654,childhood central nervous system immature teratoma,DOID:6654,teratoma inmaduro del sistema nervioso central infantil
1,DOID:6657,breast large cell neuroendocrine carcinoma,DOID:6657,carcinoma neuroendocrino de células grandes de mama
1,DOID:6658,pulmonary large cell neuroendocrine carcinoma,DOID:6658,carcinoma neuroendocrino pulmonar de células grandes
1,DOID:6659,cervical large cell neuroendocrine carcinoma,DOID:6659,carcinoma neuroendocrino cervical de células grandes
1,DOID:6676,Froelich syndrome,DOID:6676,Síndrome de Froelich
1,DOID:6677,diffuse infiltrative lymphocytosis syndrome,DOID:6677,síndrome de linfocitosis infiltrativa difusa
1,DOID:6678,tooth and nail syndrome,DOID:6678,síndrome del diente y la uña
1,DOID:668,myositis ossificans,DOID:668,miositis osificante
1,DOID:6680,Capgras syndrome,DOID:6680,síndrome de Capgras
1,DOID:6682,spondylolisthesis,DOID:6682,espondilolistesis
1,DOID:6683,X-linked Aarskog syndrome,DOID:6683,síndrome de Aarskog ligado al cromosoma X
1,DOID:6686,Achard syndrome,DOID:6686,síndrome de Achard
1,DOID:6687,Achenbach syndrome,DOID:6687,síndrome de Achenbach
2,DOID:6688,autoimmune lymphoproliferative syndrome,DOID:6688,Síndrome linfoproliferativo autoinmune
1,DOID:6691,Aagenaes syndrome,DOID:6691,síndrome de Aagenaes
1,DOID:6692,Barre-Lieou syndrome,DOID:6692,síndrome de Barre-Lieou
1,DOID:6693,testicular monophasic choriocarcinoma,DOID:6693,coriocarcinoma testicular monofásico
1,DOID:6696,synchronous multifocal osteogenic sarcoma,DOID:6696,sarcoma osteogénico multifocal sincrónico
1,DOID:6697,asynchronous multifocal osteogenic sarcoma,DOID:6697,sarcoma osteogénico multifocal asincrónico
1,DOID:670,amphetamine abuse,DOID:670,abuso de anfetaminas
1,DOID:6700,gastric fundus carcinoma,DOID:6700,carcinoma del fondo gástrico
1,DOID:6703,gastric pylorus carcinoma,DOID:6703,carcinoma de píloro gástrico
1,DOID:6705,gastric body carcinoma,DOID:6705,carcinoma del cuerpo gástrico
1,DOID:6706,tubular variant testicular seminoma,DOID:6706,variante tubular del seminoma testicular
1,DOID:6707,malignant triton tumor,DOID:6707,tumor tritón maligno
1,DOID:6712,anterior spinal artery syndrome,DOID:6712,síndrome de la arteria espinal anterior
1,DOID:6713,cerebrovascular disease,DOID:6713,enfermedad cerebrovascular
1,DOID:672,spleen cancer,DOID:672,cáncer de bazo
1,DOID:6721,Littre gland carcinoma,DOID:6721,carcinoma de la glándula de Littre
1,DOID:6723,malignant type AB thymoma,DOID:6723,timoma maligno tipo AB
1,DOID:6725,spinal stenosis,DOID:6725,estenosis espinal
1,DOID:6726,fibrillary astrocytoma,DOID:6726,astrocitoma fibrilar
1,DOID:6727,colon small cell carcinoma,DOID:6727,carcinoma de colon de células pequeñas
1,DOID:6733,intrahepatic bile duct cystadenoma,DOID:6733,cistoadenoma de la vía biliar intrahepática
1,DOID:6735,schwannoma of jugular foramen,DOID:6735,schwannoma de foramen yugular
1,DOID:6740,cervix small cell carcinoma,DOID:6740,carcinoma de células pequeñas de cuello uterino
1,DOID:6741,bilateral breast cancer,DOID:6741,cáncer de mama bilateral
1,DOID:6742,synchronous bilateral breast carcinoma,DOID:6742,carcinoma bilateral sincrónico de mama
1,DOID:6752,internal auditory canal lipoma,DOID:6752,lipoma del conducto auditivo interno
1,DOID:6755,amyloid tumor,DOID:6755,tumor amiloide
1,DOID:6758,chest wall lymphoma,DOID:6758,linfoma de la pared torácica
1,DOID:6759,bone lymphoma,DOID:6759,linfoma óseo
1,DOID:676,juvenile rheumatoid arthritis,DOID:676,artritis reumatoide juvenil
1,DOID:6760,lung lymphoma,DOID:6760,linfoma pulmonar
1,DOID:6762,sternum lymphoma,DOID:6762,linfoma de esternón
1,DOID:6774,polyembryoma of the ovary,DOID:6774,poliembrioma de ovario
1,DOID:6776,breast myoepithelial carcinoma,DOID:6776,carcinoma mioepitelial de mama
1,DOID:6777,villoglandular endometrial endometrioid adenocarcinoma,DOID:6777,adenocarcinoma endometrial villoglandular endometrioide
1,DOID:678,progressive supranuclear palsy,DOID:678,parálisis supranuclear progresiva
1,DOID:6785,desmoplastic small round cell tumor,DOID:6785,tumor desmoplásico de células redondas pequeñas
1,DOID:6786,childhood botryoid rhabdomyosarcoma,DOID:6786,rabdomiosarcoma botrioide infantil
1,DOID:6787,childhood vagina botryoid rhabdomyosarcoma,DOID:6787,rabdomiosarcoma botrioide de vagina infantil
1,DOID:6788,vagina botryoid rhabdomyosarcoma,DOID:6788,rabdomiosarcoma botrioide de vagina
1,DOID:6789,vulvar childhood botryoid-type embryonal rhabdomyosarcoma,DOID:6789,rabdomiosarcoma embrionario vulvar infantil de tipo botrioide
1,DOID:679,basal ganglia disease,DOID:679,enfermedad de los ganglios basales
2,DOID:680,tauopathy,DOID:680,tauopatía
1,DOID:6804,colon Kaposi sarcoma,DOID:6804,sarcoma de Kaposi de colon
1,DOID:681,progressive bulbar palsy,DOID:681,parálisis bulbar progresiva
1,DOID:6811,juvenile pilocytic astrocytoma,DOID:6811,astrocitoma pilocítico juvenil
1,DOID:6812,childhood pilocytic astrocytoma,DOID:6812,astrocitoma pilocítico infantil
1,DOID:682,compartment syndrome,DOID:682,síndrome compartimental
1,DOID:6823,pancreatoblastoma,DOID:6823,pancreatoblastoma
1,DOID:6827,pancreatic solid pseudopapillary carcinoma,DOID:6827,carcinoma pseudopapilar pancreático sólido
1,DOID:683,motor neuritis,DOID:683,neuritis motora
1,DOID:6837,rete ovarii adenoma,DOID:6837,adenoma de rete ovarii
1,DOID:6838,rete ovarii cystadenofibroma,DOID:6838,rete ovarii cystadenofibroma
1,DOID:6839,breast intraductal proliferative lesion,DOID:6839,lesión proliferativa intraductal mamaria
1,DOID:684,hepatocellular carcinoma,DOID:684,carcinoma hepatocelular
1,DOID:6841,flat ductal epithelial atypia,DOID:6841,atipia epitelial ductal plana
1,DOID:6844,kidney pelvis sarcomatoid transitional cell carcinoma,DOID:6844,carcinoma de células de transición sarcomatoide de pelvis renal
1,DOID:6845,infiltrating ureter transitional cell carcinoma,DOID:6845,carcinoma de células transicionales infiltrante de uréter
1,DOID:6846,familial melanoma,DOID:6846,melanoma familiar
1,DOID:6847,adult botryoid rhabdomyosarcoma,DOID:6847,rabdomiosarcoma botrioide adulto
1,DOID:6848,adult vagina botryoid rhabdomyosarcoma,DOID:6848,rabdomiosarcoma botrioide de la vagina adulta
1,DOID:6854,ethmoid sinus ectopic meningioma,DOID:6854,meningioma ectópico del seno etmoidal
1,DOID:6856,pineal region teratoma,DOID:6856,teratoma de la región pineal
1,DOID:6857,pineal region mature teratoma,DOID:6857,teratoma maduro de la región pineal
1,DOID:6858,pineal region immature teratoma,DOID:6858,teratoma inmaduro de la región pineal
1,DOID:686,liver carcinoma,DOID:686,carcinoma hepático
1,DOID:6865,oxyphilic endometrial endometrioid adenocarcinoma,DOID:6865,adenocarcinoma endometrial endometrioide oxifílico
1,DOID:6867,mediastinal gray zone lymphoma,DOID:6867,linfoma mediastínico de la zona gris
1,DOID:6868,mediastinal malignant lymphoma,DOID:6868,linfoma maligno mediastínico
1,DOID:6869,parasagittal meningioma,DOID:6869,meningioma parasagital
1,DOID:687,hepatoblastoma,DOID:687,hepatoblastoma
1,DOID:6871,spinal cord neuroblastoma,DOID:6871,neuroblastoma medular
1,DOID:6872,spinal cord primitive neuroectodermal neoplasm,DOID:6872,neoplasia neuroectodérmica primitiva de la médula espinal
1,DOID:6873,skin tag,DOID:6873,papiloma cutáneo
1,DOID:688,embryonal cancer,DOID:688,cáncer embrionario
1,DOID:6880,small bowel fibrosarcoma,DOID:6880,fibrosarcoma del intestino delgado
1,DOID:6886,ureter small cell carcinoma,DOID:6886,carcinoma de células pequeñas de uréter
1,DOID:6888,ureter transitional cell carcinoma,DOID:6888,carcinoma de células transicionales de uréter
1,DOID:6898,ovarian seromucinous carcinoma,DOID:6898,carcinoma seromucinoso de ovario
1,DOID:6901,familiar ovarian carcinoma,DOID:6901,carcinoma ovárico familiar
1,DOID:6903,eye lymphoma,DOID:6903,linfoma ocular
1,DOID:6906,glomangiomatosis,DOID:6906,glomangiomatosis
1,DOID:6917,predominantly cortical thymoma,DOID:6917,timoma predominantemente cortical
1,DOID:6925,peroneal nerve paralysis,DOID:6925,parálisis del nervio peroneo
1,DOID:6929,retinal edema,DOID:6929,edema retiniano
1,DOID:693,dental enamel hypoplasia,DOID:693,hipoplasia del esmalte dental
1,DOID:6931,papillary extrahepatic bile duct adenocarcinoma,DOID:6931,adenocarcinoma papilar de vías biliares extrahepáticas
1,DOID:6932,urinary bladder inverted papilloma,DOID:6932,papiloma invertido de vejiga urinaria
1,DOID:6933,bladder transitional cell papilloma,DOID:6933,papiloma de células transicionales de la vejiga
1,DOID:6934,urethra inverted papilloma,DOID:6934,papiloma invertido de la uretra
1,DOID:6935,ureter inverted papilloma,DOID:6935,papiloma invertido del uréter
1,DOID:6936,ureter urothelial papilloma,DOID:6936,papiloma urotelial del uréter
1,DOID:6938,childhood intraocular retinoblastoma,DOID:6938,retinoblastoma intraocular infantil
1,DOID:6939,childhood brain meningioma,DOID:6939,meningioma cerebral infantil
1,DOID:6943,vulvar inverted follicular keratosis,DOID:6943,queratosis folicular invertida vulvar
1,DOID:6944,vulvar seborrheic keratosis,DOID:6944,queratosis seborreica vulvar
1,DOID:6945,inverted follicular keratosis,DOID:6945,queratosis folicular invertida
1,DOID:6947,sphenoidal sinus benign neoplasm,DOID:6947,neoplasia benigna del seno esfenoidal
1,DOID:6948,malignant gastric teratoma,DOID:6948,teratoma gástrico maligno
1,DOID:6950,combat disorder,DOID:6950,trastorno de combate
1,DOID:6951,telangiectatic osteogenic sarcoma,DOID:6951,sarcoma osteogénico telangiectásico
1,DOID:6958,aleukemic monocytic leukemia cutis,DOID:6958,leucemia monocítica aleucémica cutis
1,DOID:6959,rectal cloacogenic carcinoma,DOID:6959,carcinoma cloacogénico rectal
1,DOID:6961,Bartholin's gland squamous cell carcinoma,DOID:6961,carcinoma de células escamosas de la glándula de Bartolino
1,DOID:6969,acute canaliculitis,DOID:6969,canaliculitis aguda
1,DOID:6970,acute inflammation of lacrimal passage,DOID:6970,inflamación aguda del conducto lagrimal
1,DOID:6975,bladder urothelial papillary carcinoma,DOID:6975,carcinoma papilar urotelial de vejiga
1,DOID:6976,micropapillary variant infiltrating bladder urothelial carcinoma,DOID:6976,carcinoma urotelial vesical infiltrante variante micropapilar
1,DOID:6977,pancreatic cholera,DOID:6977,cólera pancreático
1,DOID:698,dentin sensitivity,DOID:698,sensibilidad dentinaria
1,DOID:6988,peripheral epithelioid sarcoma,DOID:6988,sarcoma epitelioide periférico
NA,DOID:699,mitochondrial myopathy,DOID:699,NA
1,DOID:6992,intraocular mixed cell type melanoma,DOID:6992,melanoma intraocular de células mixtas
1,DOID:6993,iris mixed cell melanoma,DOID:6993,melanoma de células mixtas del iris
1,DOID:6994,malignant iris melanoma,DOID:6994,melanoma maligno del iris
1,DOID:6996,intermediate cell type choroid melanoma,DOID:6996,melanoma de coroides de tipo celular intermedio
1,DOID:6997,intermediate cell type ciliary body melanoma,DOID:6997,melanoma del cuerpo ciliar de tipo celular intermedio
1,DOID:6998,gallbladder mucinous carcinoma,DOID:6998,carcinoma mucinoso de vesícula biliar
1,DOID:7,disease of anatomical entity,DOID:7,enfermedad de entidad anatómica
1,DOID:700,mitochondrial metabolism disease,DOID:700,enfermedad del metabolismo mitocondrial
1,DOID:7004,ACTH-secreting pituitary adenoma,DOID:7004,adenoma hipofisario secretor de ACTH
1,DOID:7005,gemistocytic astrocytoma,DOID:7005,astrocitoma gemistocítico
1,DOID:7007,childhood cerebral astrocytoma,DOID:7007,astrocitoma cerebral infantil
1,DOID:7008,protoplasmic astrocytoma,DOID:7008,astrocitoma protoplasmático
1,DOID:701,dentin dysplasia,DOID:701,displasia dentinaria
1,DOID:7013,ovarian mucinous cystadenofibroma,DOID:7013,cistofibroma mucinoso ovárico
1,DOID:7014,infiltrating lipoma,DOID:7014,lipoma infiltrante
1,DOID:7016,tendon sheath lipoma,DOID:7016,lipoma de la vaina tendinosa
1,DOID:7017,lumbosacral lipoma,DOID:7017,lipoma lumbosacro
1,DOID:7024,mucinous intrahepatic cholangiocarcinoma,DOID:7024,colangiocarcinoma mucinoso intrahepático
1,DOID:7030,bronchial mucus gland adenoma,DOID:7030,adenoma de la glándula mucosa bronquial
1,DOID:7031,glottis squamous cell carcinoma,DOID:7031,carcinoma de células escamosas de glotis
1,DOID:7032,bile duct clear cell adenocarcinoma,DOID:7032,adenocarcinoma de células claras del conducto biliar
1,DOID:7033,anisakiasis,DOID:7033,anisakiasis
1,DOID:7037,childhood immature teratoma of ovary,DOID:7037,teratoma inmaduro infantil de ovario
1,DOID:7039,Borst-Jadassohn intraepidermal carcinoma,DOID:7039,Carcinoma intraepidérmico de Borst-Jadassohn
1,DOID:7040,uveal epithelioid cell melanoma,DOID:7040,melanoma uveal de células epitelioides
1,DOID:7041,choroid epithelioid cell melanoma,DOID:7041,melanoma de células epitelioides coroideas
1,DOID:7042,ciliary body epithelioid cell melanoma,DOID:7042,melanoma de células epitelioides del cuerpo ciliar
1,DOID:7045,basaloid lung carcinoma,DOID:7045,carcinoma basaloide de pulmón
1,DOID:7046,cervical basaloid squamous cell carcinoma,DOID:7046,carcinoma escamoso basaloide cervical
1,DOID:7047,penis basaloid carcinoma,DOID:7047,carcinoma basaloide de pene
1,DOID:7048,vulvar basaloid squamous cell carcinoma,DOID:7048,carcinoma escamoso basaloide vulvar
1,DOID:7049,basaloid squamous cell skin carcinoma,DOID:7049,carcinoma basaloide de células escamosas de la piel
1,DOID:705,Leber hereditary optic neuropathy,DOID:705,neuropatía óptica hereditaria de Leber
1,DOID:7050,thymus basaloid carcinoma,DOID:7050,carcinoma basaloide de timo
1,DOID:7051,esophageal basaloid squamous cell carcinoma,DOID:7051,carcinoma esofágico basaloide de células escamosas
1,DOID:7054,multiple skull base meningioma,DOID:7054,meningioma múltiple de la base del cráneo
1,DOID:706,mature B-cell neoplasm,DOID:706,neoplasia de células B maduras
1,DOID:707,B-cell lymphoma,DOID:707,linfoma de células B
1,DOID:7071,spinal cord dermoid cyst,DOID:7071,quiste dermoide de la médula espinal
1,DOID:7076,breast lipid-rich carcinoma,DOID:7076,carcinoma rico en lípidos de mama
1,DOID:7077,malignant melanocytic peripheral nerve sheath tumor of mediastinum,DOID:7077,tumor melanocítico maligno de vaina nerviosa periférica del mediastino
1,DOID:7079,adult cystic teratoma,DOID:7079,teratoma quístico del adulto
1,DOID:7081,lung mixed small cell and squamous cell carcinoma,DOID:7081,carcinoma mixto de células pequeñas y células escamosas de pulmón
1,DOID:7086,multicentric papillary thyroid carcinoma,DOID:7086,carcinoma papilar de tiroides multicéntrico
1,DOID:7088,columnar cell variant papillary carcinoma,DOID:7088,carcinoma papilar variante de células columnares
1,DOID:7089,tall cell variant papillary carcinoma,DOID:7089,carcinoma papilar variante de células altas
1,DOID:709,splenic manifestation of hairy cell leukemia,DOID:709,manifestación esplénica de la leucemia de células pilosas
1,DOID:7095,childhood epithelioid sarcoma,DOID:7095,sarcoma epitelioide infantil
1,DOID:7097,macrocystic pattern testicular yolk sac tumor,DOID:7097,tumor del saco vitelino testicular con patrón macroquístico
1,DOID:710,splenic manifestation of leukemia,DOID:710,manifestación esplénica de la leucemia
1,DOID:7103,diaphragma sellae meningioma,DOID:7103,meningioma del diafragma estrellado
1,DOID:7105,epiglottis neoplasm,DOID:7105,neoplasia de epiglotis
1,DOID:711,refractory hairy cell leukemia,DOID:711,leucemia de células pilosas refractaria
1,DOID:712,refractory hematologic cancer,DOID:712,cáncer hematológico refractario
1,DOID:7127,radiation cystitis,DOID:7127,cistitis por radiación
1,DOID:713,HCL-V,DOID:713,HCL-V
1,DOID:7132,urinary bladder small cell neuroendocrine carcinoma,DOID:7132,carcinoma neuroendocrino de células pequeñas de vejiga urinaria
1,DOID:7133,gallbladder small cell carcinoma,DOID:7133,carcinoma de células pequeñas de la vesícula biliar
1,DOID:7134,esophagus small cell carcinoma,DOID:7134,carcinoma de células pequeñas de esófago
1,DOID:7136,ampulla of Vater small cell carcinoma,DOID:7136,carcinoma de células pequeñas de la ampolla de Vater
1,DOID:7138,cystitis cystica,DOID:7138,cistitis quística
1,DOID:7139,endometrial small cell carcinoma,DOID:7139,carcinoma endometrial de células pequeñas
1,DOID:7140,Bartholin's gland small cell carcinoma,DOID:7140,Carcinoma de células pequeñas de la glándula de Bartolino
1,DOID:7141,prostate small cell carcinoma,DOID:7141,carcinoma de células pequeñas de próstata
1,DOID:7142,thymus small cell carcinoma,DOID:7142,carcinoma de células pequeñas del timo
1,DOID:7144,laryngeal small cell carcinoma,DOID:7144,carcinoma laríngeo de células pequeñas
1,DOID:7146,Langerhans cell sarcoma,DOID:7146,sarcoma de células de Langerhans
2,DOID:7147,ankylosing spondylitis,DOID:7147,espondilitis anquilosante
1,DOID:7148,rheumatoid arthritis,DOID:7148,artritis reumatoide
1,DOID:7152,prostate stromal sarcoma,DOID:7152,sarcoma estromal de próstata
2,DOID:7154,anaplastic oligodendroglioma,DOID:7154,oligodendroglioma anaplásico
1,DOID:7160,rectal leiomyoma,DOID:7160,leiomioma rectal
1,DOID:7165,subacute thyroiditis,DOID:7165,tiroiditis subaguda
1,DOID:7166,thyroiditis,DOID:7166,tiroiditis
1,DOID:7168,lung occult adenocarcinoma,DOID:7168,adenocarcinoma oculto de pulmón
1,DOID:7169,lung occult large cell carcinoma,DOID:7169,carcinoma pulmonar oculto de células grandes
1,DOID:7173,cloacogenic carcinoma,DOID:7173,carcinoma cloacogénico
1,DOID:7174,anus basaloid carcinoma,DOID:7174,carcinoma basaloide de ano
1,DOID:7175,anal Buschke-Lowenstein tumor,DOID:7175,tumor anal de Buschke-Lowenstein
1,DOID:7177,anal canal squamous cell carcinoma,DOID:7177,carcinoma de células escamosas del canal anal
1,DOID:7179,mixed eosinophil-basophil adenoma,DOID:7179,adenoma mixto eosinófilo-basófilo
1,DOID:718,autoimmune hemolytic anemia,DOID:718,anemia hemolítica autoinmune
1,DOID:7181,benign dermal neurilemmoma,DOID:7181,neurilemmoma dérmico benigno
1,DOID:7187,subacute lymphocytic thyroiditis,DOID:7187,tiroiditis linfocítica subaguda
1,DOID:7188,autoimmune thyroiditis,DOID:7188,tiroiditis autoinmune
1,DOID:7191,ovarian endometrioid cystadenoma,DOID:7191,cistadenoma endometrioide ovárico
1,DOID:7192,hereditary conventional renal cell carcinoma,DOID:7192,carcinoma hereditario convencional de células renales
1,DOID:7198,maxillary sinus adenoid cystic carcinoma,DOID:7198,carcinoma adenoide quístico del seno maxilar
1,DOID:720,normocytic anemia,DOID:720,anemia normocítica
1,DOID:7202,intermediate malignant teratoma,DOID:7202,teratoma maligno intermedio
1,DOID:7206,melanomatosis,DOID:7206,melanomatosis
1,DOID:7207,lung combined large cell neuroendocrine carcinoma,DOID:7207,carcinoma neuroendocrino combinado de células grandes de pulmón
1,DOID:7210,psammomatous meningioma,DOID:7210,meningioma psammomatoso
1,DOID:7211,fibrous meningioma,DOID:7211,meningioma fibroso
1,DOID:7212,meningothelial meningioma,DOID:7212,meningioma meningotelial
1,DOID:7213,transitional meningioma,DOID:7213,meningioma transicional
1,DOID:7214,noninvasive malignant thymoma,DOID:7214,timoma maligno no invasivo
1,DOID:7221,gallbladder papillary carcinoma,DOID:7221,carcinoma papilar de vesícula biliar
1,DOID:7222,gallbladder pleomorphic giant cell adenocarcinoma,DOID:7222,adenocarcinoma pleomórfico de células gigantes de la vesícula biliar
1,DOID:7223,breast giant fibroadenoma,DOID:7223,fibroadenoma gigante de mama
1,DOID:7224,spinal meninges cancer,DOID:7224,cáncer de meninges espinales
1,DOID:7230,postgerminal center chronic lymphocytic leukemia/small lymphocytic lymphoma,DOID:7230,leucemia linfocítica crónica de centro postgerminal/linfoma linfocítico pequeño
1,DOID:7231,childhood CNS embryonal cell carcinoma,DOID:7231,carcinoma embrionario de células del SNC infantil
1,DOID:7232,central nervous system embryonal carcinoma,DOID:7232,carcinoma embrionario del sistema nervioso central
1,DOID:7233,adult central nervous system embryonal carcinoma,DOID:7233,carcinoma embrionario adulto del sistema nervioso central
1,DOID:7234,mucinous cystadenocarcinoma of pancreas,DOID:7234,cistoadenocarcinoma mucinoso de páncreas
1,DOID:7235,pancreatic mucinous cystadenoma,DOID:7235,cistadenoma mucinoso pancreático
1,DOID:7236,pancreatic invasive mucinous cystadenocarcinoma,DOID:7236,cistadenocarcinoma mucinoso invasivo pancreático
1,DOID:7237,pancreatic non-invasive mucinous cystadenocarcinoma,DOID:7237,cistadenocarcinoma mucinoso pancreático no invasivo
1,DOID:724,female stress incontinence,DOID:724,incontinencia femenina de esfuerzo
1,DOID:7241,uterine corpus apoplectic leiomyoma,DOID:7241,leiomioma apoplético del cuerpo uterino
1,DOID:7242,uterine corpus cellular leiomyoma,DOID:7242,leiomioma celular del cuerpo uterino
1,DOID:7244,bladder urachal urothelial carcinoma,DOID:7244,carcinoma urotelial uracal de vejiga
1,DOID:7246,lymphoepithelioma-like acinar prostate adenocarcinoma,DOID:7246,adenocarcinoma acinar de próstata de tipo linfoepitelioma
1,DOID:7263,selective IgD deficiency disease,DOID:7263,enfermedad por deficiencia selectiva de IgD
1,DOID:7266,familiar fallopian tube carcinoma,DOID:7266,carcinoma familiar de las trompas de Falopio
1,DOID:7267,lung clear cell carcinoma,DOID:7267,carcinoma pulmonar de células claras
1,DOID:7269,cribriform variant testicular seminoma,DOID:7269,seminoma testicular variante cribriforme
1,DOID:727,premenstrual tension,DOID:727,tensión premenstrual
1,DOID:728,nodular episcleritis,DOID:728,epiescleritis nodular
1,DOID:7281,uterine corpus adenocarcinofibroma,DOID:7281,adenocarcinofibroma del cuerpo uterino
1,DOID:7284,Skene gland carcinoma,DOID:7284,carcinoma de la glándula de Skene
1,DOID:7289,"endometrial endometrioid adenocarcinoma, secretory variant",DOID:7289,"adenocarcinoma endometrial endometrioide, variante secretora"
1,DOID:7293,mucin-rich endometrial endometrioid adenocarcinoma,DOID:7293,adenocarcinoma endometrial endometrioide rico en mucina
1,DOID:7297,childhood extraosseous osteosarcoma,DOID:7297,osteosarcoma extraóseo infantil
1,DOID:730,urethral benign neoplasm,DOID:730,neoplasia benigna uretral
1,DOID:7302,endodermal sinus pattern testicular yolk sac tumor,DOID:7302,tumor del saco vitelino testicular con patrón de seno endodérmico
2,DOID:7305,astroblastoma,DOID:7305,astroblastoma
1,DOID:731,urinary system benign neoplasm,DOID:731,neoplasia benigna del sistema urinario
1,DOID:7312,breast adenomyoepithelial adenosis,DOID:7312,adenosis adenomioepitelial mamaria
1,DOID:7315,Jewett-Marshall bladder cancer,DOID:7315,cáncer de vejiga Jewett-Marshall
1,DOID:7319,axonal neuropathy,DOID:7319,neuropatía axonal
1,DOID:732,urethral disease,DOID:732,enfermedad uretral
1,DOID:7320,ovarian serous cystadenofibroma,DOID:7320,cistoestenofibroma seroso ovárico
1,DOID:7326,cranial pseudosarcomatous fasciitis,DOID:7326,fascitis pseudosarcomatosa craneal
1,DOID:7327,pseudosarcomatous fibromatosis,DOID:7327,fibromatosis pseudosarcomatosa
1,DOID:7328,iris spindle cell melanoma,DOID:7328,melanoma de células fusiformes del iris
1,DOID:7332,esophageal tuberculosis,DOID:7332,tuberculosis esofágica
1,DOID:7333,nephrogenic adenoma of urinary bladder,DOID:7333,adenoma nefrogénico de vejiga urinaria
1,DOID:7334,nephrogenic adenoma,DOID:7334,adenoma nefrogénico
1,DOID:734,urethra cancer,DOID:734,cáncer de uretra
1,DOID:7340,childhood ovarian dysgerminoma,DOID:7340,disgerminoma ovárico infantil
1,DOID:7347,ovarian stromal hyperthecosis,DOID:7347,hipertecosis estromal ovárica
1,DOID:7350,thymic dysplasia,DOID:7350,displasia tímica
1,DOID:7356,rectum sarcomatoid carcinoma,DOID:7356,carcinoma sarcomatoide de recto
1,DOID:736,male urethral cancer,DOID:736,cáncer de uretra masculino
1,DOID:7360,solid pattern testicular yolk sac tumor,DOID:7360,tumor de saco vitelino testicular de patrón sólido
1,DOID:7363,vulvar keratinizing squamous cell carcinoma,DOID:7363,carcinoma escamoso queratinizante vulvar
1,DOID:7365,Kimura disease,DOID:7365,enfermedad de Kimura
1,DOID:7371,superficial urinary bladder cancer,DOID:7371,cáncer superficial de vejiga urinaria
1,DOID:7378,pituitary hypoplasia,DOID:7378,hipoplasia hipofisaria
1,DOID:7379,adrenal medulla carcinoma,DOID:7379,carcinoma de la médula suprarrenal
1,DOID:738,female urethral cancer,DOID:738,cáncer de uretra femenino
1,DOID:7380,squamous cell papilloma of skin,DOID:7380,papiloma de células escamosas de la piel
1,DOID:7381,lymphohistiocytoid mesothelioma,DOID:7381,mesotelioma linfohistiocitoide
1,DOID:7388,pulmonary vein leiomyosarcoma,DOID:7388,leiomiosarcoma de la vena pulmonar
1,DOID:7389,pulmonary artery leiomyosarcoma,DOID:7389,leiomiosarcoma de la arteria pulmonar
1,DOID:7390,superior vena cava leiomyosarcoma,DOID:7390,leiomiosarcoma de la vena cava superior
1,DOID:7398,cerebral primitive neuroectodermal tumor,DOID:7398,tumor neuroectodérmico primitivo cerebral
2,DOID:74,hematopoietic system disease,DOID:74,enfermedad del sistema hematopoyético
1,DOID:7400,Nijmegen breakage syndrome,DOID:7400,sndrome de rotura de Nijmegen
1,DOID:7401,colonic L-cell glucagon-like peptide producing tumor,DOID:7401,tumor colónico de células L productoras de péptido similar al glucagón
1,DOID:7402,L-cell glucagon-like peptide producing tumor,DOID:7402,tumor productor de péptido similar al glucagón de células L
1,DOID:7408,vulvar keratoacanthoma,DOID:7408,queratoacantoma vulvar
1,DOID:7409,vulvar non-keratinizing squamous cell carcinoma,DOID:7409,carcinoma vulvar de células escamosas no queratinizante
1,DOID:7411,ovarian endometrioid cystadenofibroma,DOID:7411,cistodenofibroma endometrioide ovárico
1,DOID:7426,cutaneous anthrax,DOID:7426,carbunco cutáneo
1,DOID:7427,anthrax disease,DOID:7427,enfermedad del carbunco
1,DOID:7428,pineal region germinoma,DOID:7428,germinoma de la región pineal
1,DOID:7429,childhood brain germinoma,DOID:7429,germinoma cerebral infantil
1,DOID:743,dermatographia,DOID:743,dermatographia
1,DOID:7430,childhood germ cell brain tumor,DOID:7430,tumor cerebral germinal infantil
1,DOID:7435,polyvesicular vitelline pattern testicular yolk sac tumor,DOID:7435,tumor del saco vitelino testicular con patrón polivesicular
1,DOID:7436,sarcomatoid uterine corpus endometrioid adenocarcinoma,DOID:7436,adenocarcinoma endometrioide sarcomatoide del cuerpo uterino
1,DOID:7437,uterus perivascular epithelioid cell tumor,DOID:7437,tumor de células epitelioides perivasculares del útero
1,DOID:7438,ovarian clear cell cystadenocarcinoma,DOID:7438,cistadenocarcinoma ovárico de células claras
1,DOID:7439,polyp of middle ear,DOID:7439,pólipo del oído medio
1,DOID:7441,chronic metabolic polyneuropathy,DOID:7441,polineuropatía metabólica crónica
1,DOID:7442,monoclonal gammopathy of uncertain significance,DOID:7442,gammapatía monoclonal de significado incierto
1,DOID:745,epididymis adenomatoid tumor,DOID:745,tumor adenomatoide del epidídimo
1,DOID:7457,enterobiasis,DOID:7457,enterobiasis
1,DOID:7459,acantholytic variant squamous cell breast carcinoma,DOID:7459,carcinoma de mama de células escamosas variante acantolítica
1,DOID:746,adenomatoid tumor,DOID:746,tumor adenomatoide
1,DOID:7460,spindle cell variant squamous cell breast carcinoma,DOID:7460,carcinoma de mama de células escamosas variante fusiforme
1,DOID:7461,large cell keratinizing variant squamous cell breast carcinoma,DOID:7461,carcinoma de mama de células escamosas variante queratinizante de célula grande
1,DOID:7463,childhood pleomorphic rhabdomyosarcoma,DOID:7463,rabdomiosarcoma pleomórfico infantil
1,DOID:7465,chronic NK-cell lymphocytosis,DOID:7465,linfocitosis crónica de células NK
1,DOID:7474,malignant pleural mesothelioma,DOID:7474,mesotelioma pleural maligno
1,DOID:7475,diverticulitis,DOID:7475,diverticulitis
1,DOID:7479,duodenal somatostatinoma,DOID:7479,somatostatinoma duodenal
1,DOID:7480,large cell carcinoma with rhabdoid phenotype,DOID:7480,carcinoma de células grandes con fenotipo rabdoide
1,DOID:7482,petrous apex meningioma,DOID:7482,meningioma del ápex petroso
1,DOID:7483,cervical keratinizing squamous cell carcinoma,DOID:7483,carcinoma escamoso queratinizante cervical
1,DOID:7488,posterior urethra cancer,DOID:7488,cáncer de uretra posterior
1,DOID:7489,Osgood-Schlatter's disease,DOID:7489,enfermedad de Osgood-Schlatter
1,DOID:749,active peptic ulcer disease,DOID:749,úlcera péptica activa
1,DOID:7491,vulvar proximal-type epithelioid sarcoma,DOID:7491,sarcoma epitelioide vulvar de tipo proximal
1,DOID:7492,central epithelioid sarcoma,DOID:7492,sarcoma epitelioide central
1,DOID:7497,brain ependymoma,DOID:7497,ependimoma cerebral
1,DOID:75,lymphatic system disease,DOID:75,enfermedad del sistema linfático
1,DOID:750,peptic ulcer disease,DOID:750,úlcera péptica
1,DOID:7501,childhood infratentorial ependymoma,DOID:7501,ependimoma infratentorial infantil
1,DOID:7502,childhood supratentorial ependymoma,DOID:7502,ependimoma supratentorial infantil
1,DOID:7503,extrahepatic bile duct papillary adenoma,DOID:7503,adenoma papilar de la vía biliar extrahepática
1,DOID:7505,small intestine benign neoplasm,DOID:7505,neoplasia benigna del intestino delgado
1,DOID:7506,small intestinal L-cell glucagon-like peptide producing tumor,DOID:7506,tumor intestinal de células L productoras de péptido similar al glucagón
1,DOID:7511,breast intraductal papillomatosis,DOID:7511,papilomatosis intraductal mamaria
1,DOID:7514,Wolffian adnexal neoplasm,DOID:7514,neoplasia anexial de Wolff
1,DOID:7515,lumbar spinal canal and spinal cord meningioma,DOID:7515,meningioma del canal medular lumbar y de la médula espinal
1,DOID:7516,childhood central nervous system mixed germ cell tumor,DOID:7516,tumor mixto de células germinales del sistema nervioso central infantil
1,DOID:7518,inhibited female orgasm,DOID:7518,orgasmo femenino inhibido
1,DOID:7519,endocervical carcinoma,DOID:7519,carcinoma endocervical
1,DOID:752,peptic ulcer perforation,DOID:752,perforación de úlcera péptica
1,DOID:7520,periductal breast myoepitheliosis,DOID:7520,mioepiteliosis mamaria periductal
1,DOID:7521,breast myoepitheliosis,DOID:7521,mioepiteliosis mamaria
1,DOID:7522,"childhood infratentorial embryonal tumor with multilayered rosettes, C19MC-altered",DOID:7522,"tumor embrionario infratentorial infantil con rosetas multicapa, C19MC alterado"
1,DOID:7527,acute gonococcal endometritis,DOID:7527,endometritis gonocócica aguda
1,DOID:7528,acute endometritis,DOID:7528,endometritis aguda
1,DOID:7531,anal gland adenocarcinoma,DOID:7531,adenocarcinoma de glándula anal
1,DOID:7532,squamous papillomatosis,DOID:7532,papilomatosis escamosa
1,DOID:7533,subareolar duct papillomatosis,DOID:7533,papilomatosis del conducto subareolar
1,DOID:7537,breast cystic hypersecretory carcinoma,DOID:7537,carcinoma quístico hipersecretor de mama
1,DOID:7538,breast ductal adenoma,DOID:7538,adenoma ductal mamario
1,DOID:7539,pregnancy adenoma,DOID:7539,adenoma del embarazo
1,DOID:754,bladder tuberculosis,DOID:754,tuberculosis vesical
1,DOID:7540,breast apocrine adenoma,DOID:7540,adenoma apocrino de mama
1,DOID:7541,mixed epithelial/mesenchymal metaplastic breast carcinoma,DOID:7541,carcinoma de mama metaplásico mixto epitelial/mesenquimal
1,DOID:7542,osteosarcoma arising in bone Paget's disease,DOID:7542,osteosarcoma óseo enfermedad de Paget
1,DOID:7549,ceruminoma,DOID:7549,ceruminoma
1,DOID:7551,gonorrhea,DOID:7551,gonorrea
1,DOID:7553,infiltrating bladder urothelial carcinoma sarcomatoid variant,DOID:7553,carcinoma urotelial infiltrante de vejiga variante sarcomatoide
1,DOID:7558,glossopharyngeal motor neuropathy,DOID:7558,neuropatía motora glosofaríngea
1,DOID:7559,asymmetric motor neuropathy,DOID:7559,neuropatía motora asimétrica
1,DOID:7565,vulvar eccrine porocarcinoma,DOID:7565,porocarcinoma ecrino vulvar
1,DOID:7566,eccrine porocarcinoma,DOID:7566,porocarcinoma ecrino
1,DOID:7567,vulvar clear cell hidradenocarcinoma,DOID:7567,hidradenocarcinoma vulvar de células claras
1,DOID:7571,malignant cystic nephroma,DOID:7571,nefroma quístico maligno
1,DOID:7574,pancreatic intraductal papillary-colloid carcinoma,DOID:7574,carcinoma papilar-coloide intraductal pancreático
1,DOID:7575,pancreatic intraductal papillary-mucinous neoplasm,DOID:7575,neoplasia papilar mucinosa intraductal pancreática
1,DOID:7577,pancreatic foamy gland adenocarcinoma,DOID:7577,adenocarcinoma pancreático de glándula espumosa
1,DOID:7578,breast scirrhous carcinoma,DOID:7578,carcinoma escirroso de mama
1,DOID:7583,glottis verrucous carcinoma,DOID:7583,carcinoma verrucoso de glotis
1,DOID:7584,subglottis verrucous carcinoma,DOID:7584,carcinoma verrucoso de la subglotis
1,DOID:7585,subglottis squamous cell carcinoma,DOID:7585,carcinoma de células escamosas de la subglotis
1,DOID:7586,supraglottis verrucous carcinoma,DOID:7586,carcinoma verrucoso supraglótico
1,DOID:7587,supraglottis squamous cell carcinoma,DOID:7587,carcinoma de células escamosas de la supraglotis
1,DOID:7591,gestational ovarian choriocarcinoma,DOID:7591,coriocarcinoma gestacional de ovario
1,DOID:7596,asbestos-related lung carcinoma,DOID:7596,carcinoma pulmonar relacionado con el amianto
1,DOID:7598,cervical lymphoepithelioma-like carcinoma,DOID:7598,carcinoma cervical de tipo linfoepitelioma
1,DOID:7599,lymphoepithelioma-like thymic carcinoma,DOID:7599,carcinoma tímico de tipo linfoepitelioma
1,DOID:76,stomach disease,DOID:76,enfermedad estomacal
1,DOID:7600,infiltrating bladder lymphoepithelioma-like carcinoma,DOID:7600,carcinoma infiltrante de vejiga de tipo linfoepitelioma
1,DOID:7602,conventional osteosarcoma,DOID:7602,osteosarcoma convencional
1,DOID:7603,fibrosarcomatous osteosarcoma,DOID:7603,osteosarcoma fibrosarcomatoso
1,DOID:7607,chief cell adenoma,DOID:7607,adenoma de células principales
1,DOID:7608,parathyroid adenoma,DOID:7608,adenoma paratiroideo
1,DOID:7609,parathyroid transitional clear cell adenoma,DOID:7609,adenoma transicional de células claras paratiroideo
1,DOID:7610,mixed cell type adenoma of parathyroid,DOID:7610,adenoma de paratiroides de tipo celular mixto
1,DOID:7611,parathyroid oncocytic adenoma,DOID:7611,adenoma oncocítico paratiroideo
1,DOID:7612,childhood intracortical osteosarcoma,DOID:7612,osteosarcoma intracortical infantil
1,DOID:7613,sarcomatosis of the meninges,DOID:7613,sarcomatosis de las meninges
1,DOID:7614,meninges sarcoma,DOID:7614,sarcoma de meninges
1,DOID:7615,sarcomatosis,DOID:7615,sarcomatosis
1,DOID:7631,"adult embryonal tumor with multilayered rosettes, C19MC-altered",DOID:7631,"tumor embrionario adulto con rosetas multicapa, C19MC alterado"
1,DOID:7632,Cowper gland carcinoma,DOID:7632,carcinoma de la glándula de Cowper
1,DOID:7633,macular holes,DOID:7633,agujeros maculares
1,DOID:7634,suprasellar meningioma,DOID:7634,meningioma supraselar
1,DOID:7635,Gasserian ganglion meningioma,DOID:7635,meningioma del ganglio de Gasserian
1,DOID:7639,malignant granular cell skin tumor,DOID:7639,tumor cutáneo maligno de células granulares
1,DOID:7642,cholangiolocellular carcinoma,DOID:7642,carcinoma colangiolocelular
1,DOID:7643,acantholytic squamous cell skin carcinoma,DOID:7643,carcinoma cutáneo de células escamosas acantolítico
1,DOID:7646,multiple spinal canal and spinal cord meningioma,DOID:7646,meningioma múltiple del canal medular y de la médula espinal
1,DOID:7650,pulmonary type ovarian small cell carcinoma,DOID:7650,carcinoma ovárico de células pequeñas de tipo pulmonar
1,DOID:7651,small-cell carcinoma of the ovary of hypercalcemic type,DOID:7651,carcinoma microcítico de ovario de tipo hipercalcémico
1,DOID:7656,adult infiltrating astrocytic neoplasm,DOID:7656,neoplasia astrocítica infiltrante del adulto
1,DOID:7664,endometrial mixed adenocarcinoma,DOID:7664,adenocarcinoma endometrial mixto
1,DOID:7665,non-gestational ovarian choriocarcinoma,DOID:7665,coriocarcinoma ovárico no gestacional
1,DOID:767,muscular atrophy,DOID:767,atrofia muscular
1,DOID:7675,testicular fibroma,DOID:7675,fibroma testicular
1,DOID:7676,testicular thecoma,DOID:7676,tecoma testicular
1,DOID:7678,sphenoid sinus inverted papilloma,DOID:7678,papiloma invertido del seno esfenoidal
1,DOID:7679,sphenoid sinus Schneiderian papilloma,DOID:7679,seno esfenoidal Papiloma de Schneider
1,DOID:768,retinoblastoma,DOID:768,retinoblastoma
1,DOID:7684,maxillary sinus adenocarcinoma,DOID:7684,adenocarcinoma del seno maxilar
1,DOID:7685,pancreatic non-invasive intraductal papillary-mucinous carcinoma,DOID:7685,carcinoma papilar mucinoso intraductal no invasivo de páncreas
1,DOID:7689,leptomeninges sarcoma,DOID:7689,sarcoma leptomeníngeo
1,DOID:769,neuroblastoma,DOID:769,neuroblastoma
1,DOID:7693,abdominal aortic aneurysm,DOID:7693,aneurisma aórtico abdominal
1,DOID:7694,bladder urachal adenocarcinoma,DOID:7694,adenocarcinoma uracal de vejiga
1,DOID:7696,lung hilum cancer,DOID:7696,cáncer de hilio pulmonar
1,DOID:7697,pancreatic ACTH hormone producing tumor,DOID:7697,tumor pancreático productor de la hormona ACTH
1,DOID:7698,non-functioning pancreatic endocrine tumor,DOID:7698,tumor endocrino pancreático no funcionante
1,DOID:77,gastrointestinal system disease,DOID:77,enfermedad del sistema gastrointestinal
1,DOID:7707,rectum signet ring adenocarcinoma,DOID:7707,adenocarcinoma en anillo de sello del recto
1,DOID:7708,perianal skin Paget's disease,DOID:7708,piel perianal enfermedad de Paget
1,DOID:771,retinal cell cancer,DOID:771,cáncer de células retinianas
1,DOID:7713,tuberculum sellae meningioma,DOID:7713,meningioma del tuberculum sellae
1,DOID:7716,mixed ductal-endocrine carcinoma,DOID:7716,carcinoma mixto ductal-endocrino
1,DOID:7717,colloid carcinoma of the pancreas,DOID:7717,carcinoma coloide de páncreas
1,DOID:7718,osteoclast-like giant cell neoplasm of the pancreas,DOID:7718,neoplasia de células gigantes del páncreas de tipo osteoclástico
1,DOID:7725,epilepsy with generalized tonic-clonic seizures,DOID:7725,epilepsia con crisis tónico-clónicas generalizadas
1,DOID:7729,acinar cell cystadenocarcinoma,DOID:7729,cistadenocarcinoma de células acinares
1,DOID:7731,childhood malignant hemangiopericytoma,DOID:7731,hemangiopericitoma maligno infantil
1,DOID:7732,childhood malignant schwannoma,DOID:7732,schwannoma maligno infantil
1,DOID:7733,signet ring cell intrahepatic cholangiocarcinoma,DOID:7733,colangiocarcinoma intrahepático de células en anillo de sello
1,DOID:7735,pancreatic colloid cystadenoma,DOID:7735,cistoadenoma coloide pancreático
1,DOID:7736,retinal telangiectasia,DOID:7736,telangiectasia retiniana
1,DOID:774,retina lymphoma,DOID:774,linfoma de retina
1,DOID:7747,childhood extraocular retinoblastoma,DOID:7747,retinoblastoma extraocular infantil
1,DOID:775,intraocular lymphoma,DOID:775,linfoma intraocular
1,DOID:7750,adult brain ependymoma,DOID:7750,ependimoma cerebral adulto
1,DOID:7752,extrahepatic biliary papillomatosis,DOID:7752,papilomatosis biliar extrahepática
1,DOID:7756,neonatal leukemia,DOID:7756,leucemia neonatal
1,DOID:7757,childhood leukemia,DOID:7757,leucemia infantil
1,DOID:7762,childhood multilocular cystic kidney neoplasm,DOID:7762,neoplasia renal quística multilocular infantil
1,DOID:7763,carcinoma of supraglottis,DOID:7763,carcinoma de supraglotis
1,DOID:7764,subglottis carcinoma,DOID:7764,carcinoma de subglotis
1,DOID:7765,Coats disease,DOID:7765,enfermedad de Coats
1,DOID:778,delusional disorder,DOID:778,trastorno delirante
1,DOID:7787,breast osteosarcoma,DOID:7787,osteosarcoma de mama
1,DOID:7788,adult spinal cord ependymoma,DOID:7788,ependimoma medular adulto
1,DOID:780,placenta disease,DOID:780,enfermedad placentaria
1,DOID:7806,adult spinal cord glioblastoma multiforme,DOID:7806,glioblastoma multiforme de la médula espinal en adultos
1,DOID:7807,choroid necrotic melanoma,DOID:7807,melanoma necrótico coroideo
1,DOID:7808,necrotic uveal melanoma,DOID:7808,melanoma uveal necrótico
1,DOID:7817,mixed astrocytoma-ependymoma-oligodendroglioma,DOID:7817,astrocitoma-ependimoma-oligodendroglioma mixto
1,DOID:7818,petroclival meningioma,DOID:7818,meningioma petroclival
1,DOID:7819,sphenoorbital meningioma,DOID:7819,meningioma esfenoorbital
1,DOID:782,renal infectious disease,DOID:782,enfermedad infecciosa renal
1,DOID:7820,sphenocavernous meningioma,DOID:7820,meningioma esfenocavernoso
1,DOID:7824,spinal multifocal clear cell meningioma,DOID:7824,meningioma espinal multifocal de células claras
1,DOID:7825,chronic toxic polyneuropathy,DOID:7825,polineuropatía tóxica crónica
1,DOID:7826,adult papillary meningioma,DOID:7826,meningioma papilar adulto
1,DOID:7827,adult extraosseous osteosarcoma,DOID:7827,osteosarcoma extraóseo del adulto
1,DOID:783,end stage renal disease,DOID:783,enfermedad renal terminal
1,DOID:7839,infiltrating nipple syringomatous adenoma,DOID:7839,adenoma siringomatoso infiltrante del pezón
1,DOID:784,chronic kidney disease,DOID:784,enfermedad renal crónica
1,DOID:7840,pancreatic non-functioning delta cell tumor,DOID:7840,tumor pancreático de células delta no funcionantes
2,DOID:7841,"childhood embryonal tumor with multilayered rosettes, C19MC-altered",DOID:7841,"tumor embrionario infantil con rosetas multicapa, C19MC-alterado"
1,DOID:7843,female breast carcinoma,DOID:7843,carcinoma de mama femenino
1,DOID:7848,interdigitating dendritic cell sarcoma,DOID:7848,sarcoma de células dendríticas interdigitantes
1,DOID:7849,dendritic cell sarcoma,DOID:7849,sarcoma de células dendríticas
1,DOID:7851,pancreatic intraductal papillary-mucinous adenoma,DOID:7851,adenoma papilar mucinoso intraductal pancreático
2,DOID:786,laryngeal disease,DOID:786,enfermedad laríngea
1,DOID:7867,adult central nervous system germinoma,DOID:7867,germinoma adulto del sistema nervioso central
1,DOID:7868,maxillary sinus inverted papilloma,DOID:7868,papiloma invertido del seno maxilar
1,DOID:7875,adult xanthogranuloma,DOID:7875,xantogranuloma adulto
1,DOID:7878,uterine corpus atypical polypoid adenomyoma,DOID:7878,adenomioma polipoide atípico del cuerpo uterino
1,DOID:7880,luteoma,DOID:7880,luteoma
1,DOID:7891,testicular spermatocytic seminoma,DOID:7891,seminoma espermatocítico testicular
1,DOID:7894,mite infestation,DOID:7894,infestación de ácaros
1,DOID:790,ocular hypotension,DOID:790,hipotensión ocular
1,DOID:7902,adult extraskeletal myxoid chondrosarcoma,DOID:7902,condrosarcoma mixoide extraesquelético adulto
1,DOID:7903,intracranial chondrosarcoma,DOID:7903,condrosarcoma intracraneal
1,DOID:7907,mixed astrocytoma-ependymoma,DOID:7907,astrocitoma-ependimoma mixto
1,DOID:7910,maxillary sinus squamous cell carcinoma,DOID:7910,carcinoma de células escamosas del seno maxilar
1,DOID:7912,mixed oligodendroglioma-astrocytoma,DOID:7912,oligodendroglioma-astrocitoma mixto
1,DOID:7915,cervical spinal canal and spinal cord meningioma,DOID:7915,meningioma del canal espinal cervical y de la médula espinal
1,DOID:7921,mediastinal psammomatous neurilemmoma,DOID:7921,neurilemmoma mediastínico psammomatoso
1,DOID:7926,epithelial malignant thymoma,DOID:7926,timoma epitelial maligno
1,DOID:7927,malignant type A thymoma,DOID:7927,timoma maligno de tipo A
1,DOID:7928,testis refractory cancer,DOID:7928,cáncer de testículo refractario
1,DOID:7930,glandular-alveolar pattern testicular yolk sac tumor,DOID:7930,tumor del saco vitelino testicular de patrón glandular-alveolar
1,DOID:7936,refractory T lymphoblastic leukemia/lymphoma,DOID:7936,linfoma/leucemia linfoblástica T refractaria
1,DOID:7941,Barrett's adenocarcinoma,DOID:7941,adenocarcinoma de Barrett
1,DOID:7945,adult central nervous system mixed germ cell tumor,DOID:7945,tumor germinal mixto del sistema nervioso central adulto
1,DOID:7949,stroma-dominant and stroma-poor composite ganglioneuroblastoma,DOID:7949,ganglioneuroblastoma compuesto con estroma dominante y estroma pobre
1,DOID:7951,Schwannian stroma-rich and stroma-poor composite ganglioneuroblastoma,DOID:7951,Ganglioneuroblastoma compuesto rico en estroma de Schwann y pobre en estroma
1,DOID:7953,nipple duct carcinoma,DOID:7953,carcinoma del conducto del pezón
1,DOID:7958,sarcomatoid penile squamous cell carcinoma,DOID:7958,carcinoma escamoso sarcomatoide de pene
1,DOID:7959,duodenal gastrinoma,DOID:7959,gastrinoma duodenal
1,DOID:7960,malignant spiradenoma,DOID:7960,espiradenoma maligno
1,DOID:7961,cervical non-keratinizing squamous cell carcinoma,DOID:7961,carcinoma cervical de células escamosas no queratinizante
1,DOID:7962,tamoxifen-related endometrial lesion,DOID:7962,lesión endometrial relacionada con el tamoxifeno
1,DOID:7967,lipid-cell variant infiltrating bladder urothelial carcinoma,DOID:7967,carcinoma urotelial de vejiga infiltrante con variante de células lipídicas
1,DOID:7968,plasmacytoid variant infiltrating bladder urothelial carcinoma,DOID:7968,carcinoma urotelial de vejiga infiltrante de variante plasmocitoide
1,DOID:7969,nested variant infiltrating bladder urothelial carcinoma,DOID:7969,carcinoma urotelial de vejiga infiltrante de variante anidada
1,DOID:7971,microcystic variant infiltrating bladder urothelial carcinoma,DOID:7971,carcinoma urotelial de vejiga infiltrante de variante microquística
1,DOID:7972,lymphoma-like variant infiltrating bladder urothelial carcinoma,DOID:7972,carcinoma urotelial de vejiga infiltrante con variante similar al linfoma
1,DOID:7983,breast malignant eccrine spiradenoma,DOID:7983,espiradenoma ecrino maligno de mama
1,DOID:7984,sclerosing breast papilloma,DOID:7984,papiloma mamario esclerosante
1,DOID:7986,cerebral falx meningioma,DOID:7986,meningioma de falx cerebral
1,DOID:799,varicose veins,DOID:799,varices
1,DOID:7994,central nervous system osteosarcoma,DOID:7994,osteosarcoma del sistema nervioso central
1,DOID:7996,familial glomangioma,DOID:7996,glomangioma familiar
NA,DOID:7997,thyrotoxicosis,DOID:7997,NA
1,DOID:7998,hyperthyroidism,DOID:7998,Hipertiroidismo
1,DOID:8000,frontal convexity meningioma,DOID:8000,meningioma de convexidad frontal
1,DOID:8002,supraglottis neoplasm,DOID:8002,neoplasia supraglótica
1,DOID:8003,alveoli adenoma,DOID:8003,adenoma alveolar
1,DOID:8006,skin meningioma,DOID:8006,meningioma cutáneo
1,DOID:8007,Pancoast tumor,DOID:8007,tumor de Pancoast
1,DOID:8009,penis mixed squamous cell carcinoma,DOID:8009,carcinoma escamoso mixto de pene
1,DOID:801,hemarthrosis,DOID:801,hemartrosis
1,DOID:8012,benign pericardial teratoma,DOID:8012,teratoma pericárdico benigno
1,DOID:8013,penis papillary carcinoma,DOID:8013,carcinoma papilar de pene
1,DOID:8020,glomangiomyoma,DOID:8020,glomangiomioma
1,DOID:8022,liver fibrosarcoma,DOID:8022,fibrosarcoma hepático
1,DOID:8023,myxoid liposarcoma of the ovary,DOID:8023,liposarcoma mixoide de ovario
1,DOID:8025,gastric signet ring cell adenocarcinoma,DOID:8025,adenocarcinoma gástrico de células en anillo de sello
1,DOID:8029,sporadic breast cancer,DOID:8029,cáncer de mama esporádico
1,DOID:8030,periocular meningioma,DOID:8030,meningioma periocular
1,DOID:8031,pineal region meningioma,DOID:8031,meningioma de la región pineal
1,DOID:8036,childhood ovarian embryonal carcinoma,DOID:8036,carcinoma embrionario de ovario infantil
1,DOID:8042,testis polyembryoma,DOID:8042,poliembrioma testicular
1,DOID:8043,chest wall parachordoma,DOID:8043,paracordoma de la pared torácica
1,DOID:8050,bladder tubulo-cystic clear cell adenocarcinoma,DOID:8050,adenocarcinoma túbulo-quístico de células claras de vejiga
1,DOID:8051,bladder papillary clear cell adenocarcinoma,DOID:8051,adenocarcinoma papilar de células claras de vejiga
1,DOID:8057,olfactory groove meningioma,DOID:8057,meningioma del surco olfativo
1,DOID:8058,pituitary stalk meningioma,DOID:8058,meningioma del tallo hipofisario
1,DOID:8060,frontal sinus inverted papilloma,DOID:8060,papiloma invertido del seno frontal
1,DOID:8068,intraductal breast myoepitheliosis,DOID:8068,mioepiteliosis mamaria intraductal
1,DOID:807,carotid artery occlusion,DOID:807,oclusión de la arteria carótida
1,DOID:8072,sarcomatous intrahepatic cholangiocarcinoma,DOID:8072,colangiocarcinoma intrahepático sarcomatoso
1,DOID:8078,childhood central nervous system germinoma,DOID:8078,germinoma infantil del sistema nervioso central
1,DOID:8081,myxomatous pattern testicular yolk sac tumor,DOID:8081,tumor del saco vitelino testicular de patrón mixomatoso
1,DOID:809,cocaine abuse,DOID:809,abuso de cocaína
1,DOID:8093,maxillary sinus Schneiderian papilloma,DOID:8093,papiloma schneideriano del seno maxilar
1,DOID:8096,bladder mixed adenocarcinoma,DOID:8096,adenocarcinoma mixto de vejiga
1,DOID:8097,bladder hepatoid adenocarcinoma,DOID:8097,adenocarcinoma hepatoide de vejiga
1,DOID:8102,fetal adenoma,DOID:8102,adenoma fetal
1,DOID:8104,vaginal tubulovillous adenoma,DOID:8104,adenoma tubulovelloso vaginal
1,DOID:8105,extrahepatic bile duct cystadenoma,DOID:8105,cistoadenoma de la vía biliar extrahepática
1,DOID:8106,cellular phase chronic idiopathic myelofibrosis,DOID:8106,mielofibrosis idiopática crónica en fase celular
1,DOID:8108,fibroepithelial polyp of urethra,DOID:8108,pólipo fibroepitelial de uretra
1,DOID:8109,nephrogenic adenoma of the urethra,DOID:8109,adenoma nefrogénico de la uretra
2,DOID:811,lipodystrophy,DOID:811,lipodistrofia
1,DOID:8110,periampullary adenocarcinoma,DOID:8110,adenocarcinoma periampular
1,DOID:8117,neuronitis,DOID:8117,neuronitis
1,DOID:8118,mature gastric teratoma,DOID:8118,teratoma gástrico maduro
1,DOID:8119,anal canal Paget's disease,DOID:8119,canal anal enfermedad de Paget
1,DOID:8122,pseudovascular skin squamous cell carcinoma,DOID:8122,carcinoma escamoso cutáneo pseudovascular
1,DOID:8125,osteochondrosis,DOID:8125,osteocondrosis
1,DOID:813,septic arthritis,DOID:813,artritis séptica
1,DOID:8130,breast columnar cell mucinous carcinoma,DOID:8130,carcinoma mucinoso de células columnares de mama
1,DOID:8133,epiglottis cancer,DOID:8133,cáncer de epiglotis
1,DOID:8135,gallbladder lymphoma,DOID:8135,linfoma de vesícula biliar
1,DOID:8137,thymus clear cell carcinoma,DOID:8137,carcinoma de células claras del timo
1,DOID:8138,thymus sarcomatoid carcinoma,DOID:8138,carcinoma sarcomatoide del timo
1,DOID:8140,adrenal gland ganglioneuroblastoma,DOID:8140,ganglioneuroblastoma de la glándula suprarrenal
1,DOID:8144,pregerminal center chronic lymphocytic leukemia/small lymphocytic lymphoma,DOID:8144,leucemia linfocítica crónica de centro pregerminal/linfoma linfocítico pequeño
1,DOID:8149,malignant childhood germ cell neoplasm,DOID:8149,neoplasia germinal infantil maligna
1,DOID:8150,pancreatic invasive intraductal papillary-mucinous carcinoma,DOID:8150,carcinoma papilar mucinoso intraductal invasivo pancreático
1,DOID:8151,appendiceal L-cell glucagon-like peptide producing tumor,DOID:8151,tumor apendicular de células L productoras de péptido similar al glucagón
1,DOID:8153,fibroosseous pseudotumor of digits,DOID:8153,pseudotumor fibroóseo de los dedos
1,DOID:8158,complement component 5 deficiency,DOID:8158,deficiencia del componente 5 del complemento
1,DOID:8161,thyroid gland Hurthle cell carcinoma,DOID:8161,carcinoma de células de Hurthle de la glándula de la tiroides
1,DOID:8162,thyroid Hurthle cell adenoma,DOID:8162,adenoma tiroideo de células de Hurthle
1,DOID:8167,gallbladder melanoma,DOID:8167,melanoma de vesícula biliar
1,DOID:817,interstitial myocarditis,DOID:817,miocarditis intersticial
1,DOID:8170,fibroepithelial polyp of the anus,DOID:8170,pólipo fibroepitelial del ano
1,DOID:8177,endocervical type cervical adenomyoma,DOID:8177,adenomioma cervical de tipo endocervical
1,DOID:8178,endometrial type cervical adenomyoma,DOID:8178,adenomioma cervical de tipo endometrial
1,DOID:8179,cervical atypical polypoid adenomyoma,DOID:8179,adenomioma polipoide atípico cervical
1,DOID:8186,fallopian tube gestational choriocarcinoma,DOID:8186,coriocarcinoma gestacional de las trompas de Falopio
1,DOID:8187,gestational uterine corpus choriocarcinoma,DOID:8187,coriocarcinoma gestacional del cuerpo uterino
1,DOID:8188,uterine corpus choriocarcinoma,DOID:8188,coriocarcinoma del cuerpo uterino
1,DOID:819,mediastinitis,DOID:819,mediastinitis
1,DOID:8193,papillary pattern testicular yolk sac tumor,DOID:8193,tumor del saco vitelino testicular de patrón papilar
1,DOID:8195,hepatoid pattern testicular yolk sac tumor,DOID:8195,tumor del saco vitelino testicular de patrón hepatoide
1,DOID:82,myotonic cataract,DOID:82,catarata miotónica
1,DOID:820,myocarditis,DOID:820,miocarditis
1,DOID:8200,tertiary syphilis,DOID:8200,sífilis terciaria
1,DOID:8203,sacral spinal canal and spinal cord meningioma,DOID:8203,meningioma del canal espinal sacro y de la médula espinal
1,DOID:8207,hilar lung carcinoma,DOID:8207,carcinoma pulmonar hiliar
1,DOID:8208,lung superior sulcus carcinoma,DOID:8208,carcinoma del surco pulmonar superior
1,DOID:8211,fallopian tube cystadenofibroma,DOID:8211,cistadenofibroma de las trompas de Falopio
1,DOID:8216,parapharyngeal meningioma,DOID:8216,meningioma parafaríngeo
1,DOID:8221,upper clivus meningioma,DOID:8221,meningioma del clivus superior
1,DOID:8223,penile urethral cancer,DOID:8223,cáncer uretral de pene
1,DOID:8224,central breast papilloma,DOID:8224,papiloma mamario central
1,DOID:8225,microscopic breast papilloma,DOID:8225,papiloma mamario microscópico
1,DOID:8227,atypical breast papilloma,DOID:8227,papiloma atípico de mama
1,DOID:823,periapical periodontitis,DOID:823,periodontitis periapical
1,DOID:8230,intrahepatic biliary papillomatosis,DOID:8230,papilomatosis biliar intrahepática
1,DOID:8233,inflammatory liposarcoma,DOID:8233,liposarcoma inflamatorio
1,DOID:8239,lower clivus meningioma,DOID:8239,meningioma del clivus inferior
1,DOID:824,periodontitis,DOID:824,periodontitis
1,DOID:8243,meningeal melanomatosis,DOID:8243,melanomatosis meníngea
1,DOID:8251,adult pleomorphic rhabdomyosarcoma,DOID:8251,rabdomiosarcoma pleomórfico adulto
1,DOID:8252,chronic rhinitis,DOID:8252,rinitis crónica
1,DOID:8255,vulva fibroepithelial polyp,DOID:8255,pólipo fibroepitelial vulvar
1,DOID:8256,olfactory neural tumor,DOID:8256,tumor neural olfativo
1,DOID:8259,bulbomembranous urethral cancer,DOID:8259,cáncer bulbomembranoso de uretra
1,DOID:827,ureter tuberculosis,DOID:827,tuberculosis ureteral
1,DOID:8272,anterior urethra cancer,DOID:8272,cáncer de uretra anterior
1,DOID:8274,synovial angioma,DOID:8274,angioma sinovial
1,DOID:8275,intratubular embryonal carcinoma,DOID:8275,carcinoma embrionario intratubular
1,DOID:8282,adult epithelioid sarcoma,DOID:8282,sarcoma epitelioide del adulto
1,DOID:8283,peritonitis,DOID:8283,peritonitis
1,DOID:8288,clear cell squamous cell skin carcinoma,DOID:8288,carcinoma cutáneo escamoso de células claras
1,DOID:8292,atypical follicular adenoma,DOID:8292,adenoma folicular atípico
1,DOID:8295,scabies,DOID:8295,sarna
1,DOID:83,cataract,DOID:83,cataratas
1,DOID:8302,mixed endometrial stromal and smooth muscle tumor,DOID:8302,tumor mixto de estroma endometrial y músculo liso
1,DOID:8304,lymph node palisaded myofibroblastoma,DOID:8304,miofibroblastoma de ganglio linfático empalizado
1,DOID:8305,nonossifying fibromyxoid tumor,DOID:8305,tumor fibromixoide no osificante
1,DOID:8307,early invasive cervical adenocarcinoma,DOID:8307,adenocarcinoma cervical invasivo precoz
1,DOID:8310,sclerosing adenosis of breast,DOID:8310,adenosis esclerosante de mama
1,DOID:833,auditory system cancer,DOID:833,cáncer del sistema auditivo
1,DOID:8331,perineural angioma,DOID:8331,angioma perineural
1,DOID:8335,microglandular adenosis of breast,DOID:8335,adenosis microglandular de mama
1,DOID:8336,childhood choriocarcinoma of the ovary,DOID:8336,coriocarcinoma infantil de ovario
1,DOID:8337,appendicitis,DOID:8337,apendicitis
1,DOID:8338,villoglandular variant cervical mucinous adenocarcinoma,DOID:8338,adenocarcinoma mucinoso cervical variante villoglandular
1,DOID:8339,intestinal variant cervical mucinous adenocarcinoma,DOID:8339,adenocarcinoma mucinoso cervical variante intestinal
1,DOID:8340,endocervical type cervical mucinous adenocarcinoma,DOID:8340,adenocarcinoma mucinoso cervical de tipo endocervical
1,DOID:8352,aortic malignant tumor,DOID:8352,tumor maligno aórtico
1,DOID:8353,epithelioid malignant peripheral nerve sheath tumor,DOID:8353,tumor epitelioide maligno de la vaina del nervio periférico
1,DOID:8354,complement component 3 deficiency,DOID:8354,deficiencia del componente 3 del complemento
1,DOID:8358,pseudoglandular variant testicular seminoma,DOID:8358,seminoma testicular variante pseudoglandular
1,DOID:8361,glassy cell variant cervical adenosquamous carcinoma,DOID:8361,carcinoma adenoescamoso cervical variante de células vítreas
1,DOID:8362,enteric pattern testicular yolk sac tumor,DOID:8362,tumor de saco vitelino testicular de patrón entérico
1,DOID:8368,chordoid meningioma,DOID:8368,meningioma cordoide
1,DOID:8369,adult malignant schwannoma,DOID:8369,schwannoma maligno adulto
1,DOID:8389,lumbar plexus neoplasm,DOID:8389,neoplasia del plexo lumbar
1,DOID:8392,reticular pattern testicular yolk sac tumor,DOID:8392,tumor del saco vitelino testicular de patrón reticular
1,DOID:8394,adult type testicular granulosa cell tumor,DOID:8394,tumor de células de la granulosa testicular de tipo adulto
1,DOID:8398,osteoarthritis,DOID:8398,osteoartritis
1,DOID:8399,trombiculiasis,DOID:8399,trombiculiasis
1,DOID:84,osteochondritis dissecans,DOID:84,osteocondritis disecante
1,DOID:840,cork-handlers' disease,DOID:840,enfermedad de los taponeros
1,DOID:8400,malignant cornea melanoma,DOID:8400,melanoma maligno de córnea
1,DOID:8408,Meckel's diverticulitis,DOID:8408,diverticulitis de Meckel
1,DOID:8409,microinvasive cervical squamous cell carcinoma,DOID:8409,carcinoma cervical microinvasivo de células escamosas
1,DOID:841,extrinsic allergic alveolitis,DOID:841,alveolitis alérgica extrínseca
1,DOID:8410,childhood kidney angiomyolipoma,DOID:8410,angiomiolipoma renal infantil
1,DOID:8411,kidney angiomyolipoma,DOID:8411,angiomiolipoma renal
1,DOID:8415,carcinoma arising in nasal papillomatosis,DOID:8415,carcinoma surgido en papilomatosis nasal
1,DOID:8419,colloid adenoma,DOID:8419,adenoma coloide
1,DOID:8420,malignant glandular tumor of peripheral nerve sheath,DOID:8420,tumor glandular maligno de vaina nerviosa periférica
1,DOID:8426,follicular infundibulum tumor,DOID:8426,tumor del infundíbulo folicular
1,DOID:8427,retinal melanoma,DOID:8427,melanoma de retina
1,DOID:8428,breast apocrine carcinoma in situ,DOID:8428,carcinoma apocrino de mama in situ
1,DOID:8431,physiological polycythemia,DOID:8431,policitemia fisiológica
1,DOID:8432,polycythemia,DOID:8432,policitemia
1,DOID:8433,thyroid malformation,DOID:8433,malformación tiroidea
1,DOID:8437,intestinal obstruction,DOID:8437,obstrucción intestinal
1,DOID:8438,afferent loop syndrome,DOID:8438,síndrome del bucle aferente
1,DOID:8439,postgastrectomy syndrome,DOID:8439,síndrome postgastrectomía
1,DOID:8440,ileus,DOID:8440,íleo
1,DOID:8442,paralytic ileus,DOID:8442,íleo paralítico
1,DOID:8443,brachial plexus lesion,DOID:8443,lesión del plexo braquial
1,DOID:8445,intestinal volvulus,DOID:8445,vólvulo intestinal
1,DOID:8446,intussusception,DOID:8446,intususcepción
1,DOID:8448,intestinal impaction,DOID:8448,impactación intestinal
1,DOID:845,cyclothymic disorder,DOID:845,trastorno ciclotímico
1,DOID:8454,riboflavin deficiency,DOID:8454,deficiencia de riboflavina
1,DOID:8455,pyridoxine deficiency anemia,DOID:8455,anemia por deficiencia de piridoxina
1,DOID:8456,choline deficiency disease,DOID:8456,enfermedad por deficiencia de colina
1,DOID:8457,pellagra,DOID:8457,pelagra
1,DOID:8461,Aicardi syndrome,DOID:8461,síndrome de Aicardi
1,DOID:8463,corneal ulcer,DOID:8463,úlcera corneal
1,DOID:8464,flat retinoschisis,DOID:8464,retinosquisis plana
1,DOID:8465,retinoschisis,DOID:8465,retinosquisis
1,DOID:8466,retinal degeneration,DOID:8466,degeneración retiniana
1,DOID:8469,influenza,DOID:8469,influenza
1,DOID:8472,localized scleroderma,DOID:8472,esclerodermia localizada
1,DOID:8476,Whipple disease,DOID:8476,enfermedad de Whipple
1,DOID:8478,actinomycosis,DOID:8478,actinomicosis
1,DOID:848,arthritis,DOID:848,artritis
1,DOID:8481,rheumatic myocarditis,DOID:8481,miocarditis reumática
1,DOID:8482,transient retinal arterial occlusion,DOID:8482,oclusión arterial retiniana transitoria
1,DOID:8483,retinal artery occlusion,DOID:8483,oclusión de la arteria retiniana
1,DOID:8484,maple bark strippers' lung,DOID:8484,pulmón de los descortezadores de arce
1,DOID:8485,mucormycosis,DOID:8485,mucormicosis
1,DOID:8488,polyhydramnios,DOID:8488,polihidramnios
1,DOID:849,rheumatoid arthritis interstitial lung disease,DOID:849,artritis reumatoide enfermedad pulmonar intersticial
1,DOID:8498,hereditary night blindness,DOID:8498,ceguera nocturna hereditaria
1,DOID:8499,night blindness,DOID:8499,ceguera nocturna
1,DOID:850,lung disease,DOID:850,enfermedad pulmonar
NA,DOID:8500,hereditary retinal dystrophy,DOID:8500,NA
1,DOID:8501,fundus dystrophy,DOID:8501,distrofia del fondo del ojo
2,DOID:8502,bullous skin disease,DOID:8502,Enfermedad bullosa de la piel
1,DOID:8503,impetigo herpetiformis,DOID:8503,impétigo herpetiforme
1,DOID:8504,impetigo,DOID:8504,impétigo
1,DOID:8505,dermatitis herpetiformis,DOID:8505,dermatitis herpetiforme
1,DOID:8506,bullous pemphigoid,DOID:8506,penfigoide bulloso
1,DOID:8507,juvenile dermatitis herpetiformis,DOID:8507,dermatitis herpetiforme juvenil
1,DOID:8508,subcorneal pustular dermatosis,DOID:8508,dermatosis pustulosa subcorneal
1,DOID:851,Bartholin's duct cyst,DOID:851,Quiste del conducto de Bartolino
1,DOID:8512,puerperal pulmonary embolism,DOID:8512,embolia pulmonar puerperal
1,DOID:8514,acute pulmonary heart disease,DOID:8514,cardiopatía pulmonar aguda
1,DOID:8515,Cor pulmonale,DOID:8515,Cor pulmonale
1,DOID:8516,pulmonary embolism and infarction,DOID:8516,embolia pulmonar e infarto
1,DOID:8517,acute cor pulmonale,DOID:8517,cor pulmonale agudo
1,DOID:8519,barbiturate abuse,DOID:8519,abuso de barbitúricos
1,DOID:8527,monocytic leukemia,DOID:8527,leucemia monocítica
1,DOID:8529,ulcer of lower limbs,DOID:8529,úlcera de miembros inferiores
1,DOID:853,polymyalgia rheumatica,DOID:853,polimialgia reumática
1,DOID:8533,hypopharynx cancer,DOID:8533,cáncer de hipofaringe
1,DOID:8534,gastroesophageal reflux disease,DOID:8534,enfermedad por reflujo gastroesofágico
1,DOID:8536,herpes zoster,DOID:8536,herpes zóster
1,DOID:8538,reticulosarcoma,DOID:8538,reticulosarcoma
1,DOID:854,collagen disease,DOID:854,enfermedad del colágeno
1,DOID:8541,Sezary's disease,DOID:8541,Enfermedad de Sezary
1,DOID:8543,"Hodgkin's lymphoma, lymphocytic-histiocytic predominance",DOID:8543,"linfoma de Hodgkin, predominio linfocítico-histiocítico"
1,DOID:8544,chronic fatigue syndrome,DOID:8544,síndrome de fatiga crónica
1,DOID:8545,malignant hyperthermia,DOID:8545,hipertermia maligna
1,DOID:8549,chronic ulcer of skin,DOID:8549,úlcera crónica de la piel
1,DOID:8552,chronic myeloid leukemia,DOID:8552,leucemia mieloide crónica
1,DOID:8553,pyoderma gangrenosum,DOID:8553,pioderma gangrenoso
1,DOID:8556,vallecula cancer,DOID:8556,cáncer de vallécula
1,DOID:8557,oropharynx cancer,DOID:8557,cáncer de orofaringe
1,DOID:856,biotinidase deficiency,DOID:856,deficiencia de biotinidasa
1,DOID:8564,lip cancer,DOID:8564,cáncer de labio
1,DOID:8566,herpes simplex,DOID:8566,herpes simplex
1,DOID:8567,Hodgkin's lymphoma,DOID:8567,linfoma de Hodgkin
1,DOID:8568,infectious mononucleosis,DOID:8568,mononucleosis infecciosa
1,DOID:857,multiple carboxylase deficiency,DOID:857,deficiencia múltiple de carboxilasa
1,DOID:8573,lichen nitidus,DOID:8573,liquen nitidus
1,DOID:8574,lichen disease,DOID:8574,enfermedad liquenoide
1,DOID:8577,ulcerative colitis,DOID:8577,colitis ulcerosa
1,DOID:8578,soft palate cancer,DOID:8578,cáncer de paladar blando
1,DOID:8584,Burkitt lymphoma,DOID:8584,Linfoma de Burkitt
1,DOID:859,holocarboxylase synthetase deficiency,DOID:859,deficiencia de holocarboxilasa sintetasa
1,DOID:8590,acute vascular insufficiency of intestine,DOID:8590,insuficiencia vascular aguda intestinal
1,DOID:8593,chronic monocytic leukemia,DOID:8593,leucemia monocítica crónica
1,DOID:8596,scarlet fever,DOID:8596,escarlatina
1,DOID:8601,upper gum cancer,DOID:8601,cáncer de encías superiores
1,DOID:8602,gum cancer,DOID:8602,cáncer de encías
1,DOID:8607,herpetic whitlow,DOID:8607,panadizo herpético
1,DOID:8616,Peyronie's disease,DOID:8616,enfermedad de Peyronie
1,DOID:8618,oral cavity cancer,DOID:8618,cáncer de la cavidad oral
1,DOID:8619,recurrent hypersomnia,DOID:8619,hipersomnia recurrente
1,DOID:862,diplegia of upper limb,DOID:862,diplejía del miembro superior
1,DOID:8622,measles,DOID:8622,sarampión
1,DOID:8628,"Hodgkin's lymphoma, lymphocytic depletion",DOID:8628,"linfoma de Hodgkin, depleción linfocítica"
1,DOID:863,nervous system disease,DOID:863,enfermedad del sistema nervioso
1,DOID:8630,upper lip cancer,DOID:8630,cáncer de labio superior
1,DOID:8632,Kaposi's sarcoma,DOID:8632,sarcoma de Kaposi
1,DOID:8633,chronic intestinal vascular insufficiency,DOID:8633,insuficiencia vascular intestinal crónica
1,DOID:8634,prostate carcinoma in situ,DOID:8634,carcinoma de próstata in situ
1,DOID:8635,uvula cancer,DOID:8635,cáncer de úvula
1,DOID:864,phlebitis,DOID:864,flebitis
1,DOID:8642,Hodgkin's paragranuloma,DOID:8642,Paragranuloma de Hodgkin
1,DOID:8643,duodenitis,DOID:8643,duodenitis
1,DOID:8644,gastroduodenitis,DOID:8644,gastroduodenitis
1,DOID:8645,subacute delirium,DOID:8645,delirio subagudo
1,DOID:8646,substance-induced psychosis,DOID:8646,psicosis inducida por sustancias
1,DOID:8649,tongue cancer,DOID:8649,cáncer de lengua
1,DOID:865,vasculitis,DOID:865,vasculitis
1,DOID:8651,Hodgkin's granuloma,DOID:8651,granuloma de Hodgkin
1,DOID:8654,"Hodgkin's lymphoma, mixed cellularity",DOID:8654,"linfoma de Hodgkin, celularidad mixta"
1,DOID:8659,chickenpox,DOID:8659,varicela
1,DOID:866,vein disease,DOID:866,enfermedad venosa
1,DOID:8660,postcricoid region cancer,DOID:8660,cáncer de la región postcricoidea
1,DOID:8661,lip carcinoma in situ,DOID:8661,carcinoma labial in situ
1,DOID:8663,aryepiglottic fold cancer,DOID:8663,cáncer del pliegue ariepiglótico
1,DOID:867,maxillary sinus cholesteatoma,DOID:867,colesteatoma del seno maxilar
1,DOID:8670,eating disorder,DOID:8670,trastorno de la alimentación
1,DOID:8672,viral exanthem,DOID:8672,exantema vírico
1,DOID:8677,perinatal necrotizing enterocolitis,DOID:8677,enterocolitis necrotizante perinatal
1,DOID:8680,alcoholic gastritis,DOID:8680,gastritis alcohólica
1,DOID:8681,paraneoplastic polyneuropathy,DOID:8681,polineuropatía paraneoplásica
1,DOID:8683,myeloid sarcoma,DOID:8683,sarcoma mieloide
1,DOID:8687,skin carcinoma in situ,DOID:8687,carcinoma cutáneo in situ
1,DOID:8688,tonsillar pillar cancer,DOID:8688,cáncer de pilar amigdalino
1,DOID:8689,anorexia nervosa,DOID:8689,anorexia nerviosa
1,DOID:869,cholesteatoma,DOID:869,colesteatoma
1,DOID:8691,mycosis fungoides,DOID:8691,micosis fungoide
1,DOID:8692,myeloid leukemia,DOID:8692,leucemia mieloide
1,DOID:8696,subacute monocytic leukemia,DOID:8696,leucemia monocítica subaguda
1,DOID:870,neuropathy,DOID:870,neuropatía
1,DOID:8702,cheek mucosa cancer,DOID:8702,cáncer de la mucosa de la mejilla
1,DOID:8704,genital herpes,DOID:8704,herpes genital
1,DOID:8712,neurofibromatosis,DOID:8712,neurofibromatosis
1,DOID:8717,decubitus ulcer,DOID:8717,úlcera de decúbito
1,DOID:8719,in situ carcinoma,DOID:8719,carcinoma in situ
1,DOID:8725,vascular dementia,DOID:8725,demencia vascular
1,DOID:8729,milker's nodule,DOID:8729,nódulo del ordeñador
1,DOID:873,anaerobic pneumonia,DOID:873,neumonía anaerobia
1,DOID:8731,carotid body cancer,DOID:8731,cáncer del cuerpo carotídeo
1,DOID:8736,smallpox,DOID:8736,viruela
1,DOID:8738,leukoplakia of penis,DOID:8738,leucoplasia de pene
1,DOID:874,bacterial pneumonia,DOID:874,neumonía bacteriana
1,DOID:8741,seborrheic dermatitis,DOID:8741,dermatitis seborreica
1,DOID:8743,erythema infectiosum,DOID:8743,eritema infeccioso
1,DOID:8757,gastric mucosal hypertrophy,DOID:8757,hipertrofia de la mucosa gástrica
1,DOID:876,pyomyositis,DOID:876,piomiositis
1,DOID:8761,acute megakaryocytic leukemia,DOID:8761,leucemia megacariocítica aguda
1,DOID:8771,contagious pustular dermatitis,DOID:8771,dermatitis pustulosa contagiosa
1,DOID:8778,Crohn's disease,DOID:8778,enfermedad de Crohn
1,DOID:8781,rubella,DOID:8781,rubéola
1,DOID:8787,disseminated chorioretinitis,DOID:8787,coriorretinitis diseminada
1,DOID:8791,breast carcinoma in situ,DOID:8791,carcinoma de mama in situ
1,DOID:8792,eye carcinoma in situ,DOID:8792,carcinoma ocular in situ
1,DOID:8800,lung carcinoma in situ,DOID:8800,carcinoma pulmonar in situ
1,DOID:8802,trachea carcinoma in situ,DOID:8802,carcinoma de tráquea in situ
1,DOID:8805,intermediate coronary syndrome,DOID:8805,síndrome coronario intermedio
1,DOID:882,heterophyiasis,DOID:882,heterofiasis
1,DOID:8826,colon carcinoma in situ,DOID:8826,carcinoma de colon in situ
1,DOID:883,parasitic helminthiasis infectious disease,DOID:883,enfermedad infecciosa por helmintiasis parasitaria
1,DOID:8838,"Hodgkin's lymphoma, nodular sclerosis",DOID:8838,"linfoma de Hodgkin, esclerosis nodular"
1,DOID:884,metagonimiasis,DOID:884,metagonimiasis
1,DOID:8849,sublingual gland cancer,DOID:8849,cáncer de glándula sublingual
1,DOID:885,fascioliasis,DOID:885,fascioliasis
1,DOID:8850,salivary gland cancer,DOID:8850,cáncer de glándulas salivales
1,DOID:8857,lupus erythematosus,DOID:8857,lupus eritematoso
1,DOID:8858,tonsil cancer,DOID:8858,cáncer de amígdalas
1,DOID:8861,pulmonary subvalvular stenosis,DOID:8861,estenosis subvalvular pulmonar
1,DOID:8864,acute monocytic leukemia,DOID:8864,leucemia monocítica aguda
1,DOID:8866,actinic keratosis,DOID:8866,queratosis actínica
1,DOID:8867,molluscum contagiosum,DOID:8867,molusco contagioso
1,DOID:8869,neuromyelitis optica,DOID:8869,neuromielitis óptica
1,DOID:8872,penis carcinoma in situ,DOID:8872,carcinoma de pene in situ
1,DOID:888,fasciolopsiasis,DOID:888,fasciolopsiasis
1,DOID:8881,rosacea,DOID:8881,rosácea
1,DOID:8883,lower lip cancer,DOID:8883,cáncer de labio inferior
1,DOID:8886,chorioretinitis,DOID:8886,coriorretinitis
1,DOID:8892,pityriasis rosea,DOID:8892,pitiriasis rosada
2,DOID:8893,psoriasis,DOID:8893,Psoriasis
1,DOID:890,mitochondrial encephalomyopathy,DOID:890,encefalomiopatía mitocondrial
1,DOID:891,progressive myoclonus epilepsy,DOID:891,epilepsia mioclónica progresiva
1,DOID:8912,tinea nigra,DOID:8912,tiña negra
1,DOID:8913,dermatophytosis,DOID:8913,dermatofitosis
1,DOID:8920,leukoplakia of vagina,DOID:8920,leucoplasia vaginal
1,DOID:8923,skin melanoma,DOID:8923,melanoma cutáneo
1,DOID:8924,autoimmune thrombocytopenic purpura,DOID:8924,púrpura trombocitopénica autoinmune
1,DOID:8925,primary thrombocytopenia,DOID:8925,trombocitopenia primaria
1,DOID:8927,learning disability,DOID:8927,problemas de aprendizaje
1,DOID:8929,atrophic gastritis,DOID:8929,gastritis atrófica
1,DOID:893,Wilson disease,DOID:893,enfermedad de Wilson
1,DOID:8930,retromolar area cancer,DOID:8930,cáncer de la zona retromolar
1,DOID:8931,Evans' syndrome,DOID:8931,síndrome de Evans
1,DOID:8936,plantar fascial fibromatosis,DOID:8936,fibromatosis fascial plantar
1,DOID:8937,Waldeyer's ring cancer,DOID:8937,cáncer del anillo de Waldeyer
1,DOID:8941,seborrheic infantile dermatitis,DOID:8941,dermatitis seborreica infantil
1,DOID:8943,lattice corneal dystrophy,DOID:8943,distrofia corneal reticular
1,DOID:8946,severe nonproliferative diabetic retinopathy,DOID:8946,retinopatía diabética no proliferativa grave
1,DOID:8947,diabetic retinopathy,DOID:8947,retinopatía diabética
1,DOID:8955,sideroblastic anemia,DOID:8955,anemia sideroblástica
1,DOID:8956,cowpox,DOID:8956,viruela vacuna
1,DOID:896,metal metabolism disorder,DOID:896,trastorno del metabolismo de los metales
1,DOID:8969,tonsillar fossa cancer,DOID:8969,cáncer de la fosa amigdalina
1,DOID:8970,subacute sclerosing panencephalitis,DOID:8970,panencefalitis esclerosante subaguda
1,DOID:898,autosomal dominant polycystic kidney disease,DOID:898,enfermedad renal poliquística autosómica dominante
1,DOID:8986,narcolepsy,DOID:8986,narcolepsia
1,DOID:899,choledochal cyst,DOID:899,quiste coledociano
1,DOID:8991,cervix uteri carcinoma in situ,DOID:8991,carcinoma in situ de cuello uterino
1,DOID:8997,polycythemia vera,DOID:8997,policitemia vera
1,DOID:90,degenerative disc disease,DOID:90,enfermedad degenerativa del disco
1,DOID:900,hepatopulmonary syndrome,DOID:900,síndrome hepatopulmonar
1,DOID:9007,sudden infant death syndrome,DOID:9007,síndrome de muerte súbita del lactante
1,DOID:9008,psoriatic arthritis,DOID:9008,artritis psoriásica
1,DOID:901,liver lymphoma,DOID:901,linfoma hepático
1,DOID:9011,larynx carcinoma in situ,DOID:9011,carcinoma in situ de laringe
1,DOID:9021,esophageal leukoplakia,DOID:9021,leucoplasia esofágica
1,DOID:9024,intestine carcinoma in situ,DOID:9024,carcinoma in situ de intestino
1,DOID:903,gastrointestinal lymphoma,DOID:903,linfoma gastrointestinal
1,DOID:9036,parotid gland cancer,DOID:9036,cáncer de glándula parótida
1,DOID:9042,polyp of corpus uteri,DOID:9042,pólipo del cuerpo uterino
1,DOID:9043,uterine cervix leukoplakia,DOID:9043,leucoplasia del cuello uterino
1,DOID:905,Zellweger syndrome,DOID:905,Síndrome de Zellweger
1,DOID:9053,bladder carcinoma in situ,DOID:9053,carcinoma de vejiga in situ
1,DOID:906,peroxisomal disease,DOID:906,enfermedad peroxisomal
1,DOID:9060,pityriasis versicolor,DOID:9060,pitiriasis versicolor
1,DOID:9063,Ritter's disease,DOID:9063,enfermedad de Ritter
1,DOID:9065,leishmaniasis,DOID:9065,leishmaniasis
1,DOID:907,liver fibroma,DOID:907,fibroma hepático
1,DOID:9072,lethal midline granuloma,DOID:9072,granuloma letal de la línea media
1,DOID:9074,systemic lupus erythematosus,DOID:9074,lupus eritematoso sistémico
1,DOID:9076,discoid lupus erythematosus of eyelid,DOID:9076,lupus eritematoso discoide del párpado
1,DOID:9080,macroglobulinemia,DOID:9080,macroglobulinemia
1,DOID:9087,anal carcinoma in situ,DOID:9087,carcinoma anal in situ
1,DOID:9088,parapsoriasis,DOID:9088,parapsoriasis
1,DOID:9091,REM sleep behavior disorder,DOID:9091,trastorno del comportamiento del sueño REM
1,DOID:9095,esophagus carcinoma in situ,DOID:9095,carcinoma de esófago in situ
1,DOID:9097,erythematosquamous dermatosis,DOID:9097,dermatosis eritematoescamosa
1,DOID:9098,sebaceous gland disease,DOID:9098,La enfermedad de las glándulas sebáceas
1,DOID:910,occipital lobe neoplasm,DOID:910,neoplasia del lóbulo occipital
1,DOID:9108,uterus carcinoma in situ,DOID:9108,carcinoma uterino in situ
1,DOID:9111,cutaneous leishmaniasis,DOID:9111,leishmaniasis cutánea
1,DOID:9113,granuloma inguinale,DOID:9113,granuloma inguinal
1,DOID:9119,acute myeloid leukemia,DOID:9119,leucemia mieloide aguda
1,DOID:9120,amyloidosis,DOID:9120,amiloidosis
1,DOID:9123,eczema herpeticum,DOID:9123,eczema herpético
1,DOID:9125,lower gum cancer,DOID:9125,reducir el cáncer de encías
1,DOID:913,atrophic muscular disease,DOID:913,enfermedad muscular atrófica
1,DOID:9132,liver carcinoma in situ,DOID:9132,carcinoma hepático in situ
1,DOID:9138,stomach carcinoma in situ,DOID:9138,carcinoma de estómago in situ
1,DOID:914,peliosis hepatis,DOID:914,peliosis hepática
1,DOID:9140,xeroderma of eyelid,DOID:9140,xerodermia del párpado
1,DOID:9146,visceral leishmaniasis,DOID:9146,leishmaniasis visceral
1,DOID:9149,hard palate cancer,DOID:9149,cáncer de paladar duro
1,DOID:9153,variola minor,DOID:9153,variola minor
1,DOID:9155,mucocutaneous leishmaniasis,DOID:9155,leishmaniasis mucocutánea
1,DOID:9159,gas gangrene,DOID:9159,gangrena gaseosa
1,DOID:916,liver benign neoplasm,DOID:916,neoplasia benigna hepática
1,DOID:9164,achalasia,DOID:9164,acalasia
1,DOID:9165,neurotic excoriation,DOID:9165,excoriación neurótica
1,DOID:9169,Wiskott-Aldrich syndrome,DOID:9169,síndrome de Wiskott-Aldrich
1,DOID:917,liver leiomyoma,DOID:917,leiomioma hepático
1,DOID:9173,submandibular gland cancer,DOID:9173,cáncer de glándula submandibular
1,DOID:9174,rectum carcinoma in situ,DOID:9174,carcinoma de recto in situ
1,DOID:918,liver inflammatory pseudotumor,DOID:918,pseudotumor inflamatorio hepático
1,DOID:9181,amebiasis,DOID:9181,amebiasis
1,DOID:9182,pemphigus,DOID:9182,penfigoide
1,DOID:9188,vestibule of mouth cancer,DOID:9188,vestíbulo del cáncer de boca
1,DOID:9191,diabetic macular edema,DOID:9191,edema macular diabético
1,DOID:9192,dyskinesia of esophagus,DOID:9192,discinesia esofágica
1,DOID:92,speech disorder,DOID:92,trastorno del habla
1,DOID:9201,lichen planus,DOID:9201,liquen plano
1,DOID:9206,Barrett's esophagus,DOID:9206,esófago de Barrett
1,DOID:9207,periodic limb movement disorder,DOID:9207,trastorno del movimiento periódico de las extremidades
1,DOID:9210,herpes zoster oticus,DOID:9210,herpes zóster ótico
1,DOID:9212,pityriasis rubra pilaris,DOID:9212,pitiriasis rubra pilaris
1,DOID:9220,central sleep apnea,DOID:9220,apnea central del sueño
1,DOID:9230,pompholyx,DOID:9230,ponfólix
1,DOID:9234,kidney carcinoma in situ,DOID:9234,carcinoma renal in situ
1,DOID:9235,pyriform sinus cancer,DOID:9235,cáncer de seno piriforme
1,DOID:9240,erythromelalgia,DOID:9240,eritromelalgia
1,DOID:9245,Alagille syndrome,DOID:9245,síndrome de Alagille
1,DOID:9246,cerebral amyloid angiopathy,DOID:9246,angiopatía amiloide cerebral
1,DOID:9248,Pallister-Hall syndrome,DOID:9248,síndrome de Pallister-Hall
1,DOID:9249,Beemer-Langer syndrome,DOID:9249,síndrome de Beemer-Langer
1,DOID:9250,acrocallosal syndrome,DOID:9250,síndrome acrocalloso
1,DOID:9252,amino acid metabolic disorder,DOID:9252,trastorno metabólico de los aminoácidos
1,DOID:9253,gastrointestinal stromal tumor,DOID:9253,tumor del estroma gastrointestinal
1,DOID:9254,mast-cell leukemia,DOID:9254,leucemia de mastocitos
1,DOID:9255,frontotemporal dementia,DOID:9255,demencia frontotemporal
2,DOID:9256,colorectal cancer,DOID:9256,Cáncer colorrectal
1,DOID:9258,Waardenburg syndrome,DOID:9258,síndrome de Waardenburg
1,DOID:9261,nasopharynx carcinoma,DOID:9261,carcinoma nasofaríngeo
1,DOID:9263,homocystinuria,DOID:9263,homocistinuria
1,DOID:9265,histidine metabolism disease,DOID:9265,enfermedad del metabolismo de la histidina
1,DOID:9266,cystinuria,DOID:9266,cistinuria
1,DOID:9267,urea cycle disorder,DOID:9267,trastorno del ciclo de la urea
1,DOID:9268,glycine encephalopathy,DOID:9268,encefalopatía por glicina
1,DOID:9269,maple syrup urine disease,DOID:9269,enfermedad de la orina con olor a jarabe de arce
1,DOID:9270,alkaptonuria,DOID:9270,alcaptonuria
1,DOID:9271,ornithine carbamoyltransferase deficiency,DOID:9271,deficiencia de ornitina carbamoiltransferasa
1,DOID:9273,citrullinemia,DOID:9273,citrulinemia
1,DOID:9274,hyperlysinemia,DOID:9274,hiperlisinemia
1,DOID:9275,tyrosinemia,DOID:9275,tirosinemia
1,DOID:9277,primary cerebellar degeneration,DOID:9277,degeneración cerebelosa primaria
1,DOID:9278,hyperargininemia,DOID:9278,hiperargininemia
1,DOID:9279,hyperhomocysteinemia,DOID:9279,hiperhomocisteinemia
1,DOID:9280,carbamoyl phosphate synthetase I deficiency disease,DOID:9280,enfermedad por deficiencia de carbamoil fosfato sintetasa I
1,DOID:9281,phenylketonuria,DOID:9281,fenilcetonuria
1,DOID:9282,ocular hypertension,DOID:9282,hipertensión ocular
1,DOID:9283,borderline glaucoma,DOID:9283,glaucoma borderline
1,DOID:9286,priapism,DOID:9286,priapismo
1,DOID:929,myopathy of extraocular muscle,DOID:929,miopatía del músculo extraocular
1,DOID:9297,lip disease,DOID:9297,enfermedad labial
1,DOID:9299,myocardium cancer,DOID:9299,cáncer de miocardio
1,DOID:93,language disorder,DOID:93,trastorno del lenguaje
1,DOID:930,orbital disease,DOID:930,La enfermedad orbitaria
1,DOID:9300,neurofibroma of the heart,DOID:9300,neurofibroma del corazón
1,DOID:9305,splenic tuberculosis,DOID:9305,tuberculosis esplénica
1,DOID:9306,mechanical strabismus,DOID:9306,estrabismo mecánico
1,DOID:9307,rectal prolapse,DOID:9307,prolapso rectal
1,DOID:931,monieziasis,DOID:931,monieziasis
1,DOID:9310,nasal cavity benign neoplasm,DOID:9310,neoplasia benigna de la cavidad nasal
1,DOID:9312,chronic ethmoiditis,DOID:9312,etmoiditis crónica
1,DOID:9317,lymphangitis,DOID:9317,linfangitis
1,DOID:9335,scotoma,DOID:9335,escotoma
1,DOID:9336,bestiality,DOID:9336,bestialidad
1,DOID:9339,urethral false passage,DOID:9339,falso conducto uretral
1,DOID:934,viral infectious disease,DOID:934,enfermedad infecciosa viral
1,DOID:9341,urethral diverticulum,DOID:9341,divertículo uretral
1,DOID:9346,Taylor's syndrome,DOID:9346,Síndrome de Taylor
1,DOID:9348,carotid artery dissection,DOID:9348,disección de la arteria carótida
1,DOID:9351,diabetes mellitus,DOID:9351,diabetes mellitus
1,DOID:9352,type 2 diabetes mellitus,DOID:9352,diabetes mellitus tipo 2
1,DOID:9358,fibular collateral ligament bursitis,DOID:9358,bursitis del ligamento colateral fibular
1,DOID:936,brain disease,DOID:936,enfermedad cerebral
2,DOID:9360,intrinsic asthma,DOID:9360,asma intrínseca
1,DOID:9362,status asthmaticus,DOID:9362,estado asmático
1,DOID:9365,vesiculitis,DOID:9365,vesiculitis
1,DOID:9368,keratoconjunctivitis,DOID:9368,queratoconjuntivitis
1,DOID:9369,orbital plasma cell granuloma,DOID:9369,granuloma orbitario de células plasmáticas
1,DOID:9373,postural kyphosis,DOID:9373,cifosis postural
1,DOID:9375,Fuchs' heterochromic uveitis,DOID:9375,uveítis heterocrómica de Fuchs
1,DOID:9378,glaucomatocyclitic crisis,DOID:9378,crisis glaucomatociclítica
1,DOID:9383,iridocyclitis,DOID:9383,iridociclitis
1,DOID:9384,gonococcal iridocyclitis,DOID:9384,iridociclitis gonocócica
1,DOID:9388,lens-induced iridocyclitis,DOID:9388,iridociclitis inducida por lentes
1,DOID:9389,infectious anterior uveitis,DOID:9389,uveítis anterior infecciosa
1,DOID:9392,tracheitis,DOID:9392,traqueítis
1,DOID:9395,croup,DOID:9395,crup
1,DOID:9396,acute laryngitis,DOID:9396,laringitis aguda
1,DOID:9398,epiglottitis,DOID:9398,epiglotitis
1,DOID:9401,epididymo-orchitis,DOID:9401,epididimo-orquitis
1,DOID:9402,epididymitis,DOID:9402,epididimitis
1,DOID:9406,hypopituitarism,DOID:9406,hipopituitarismo
1,DOID:9407,strictly posterior acute myocardial infarction,DOID:9407,infarto agudo de miocardio estrictamente posterior
1,DOID:9408,acute myocardial infarction,DOID:9408,infarto agudo de miocardio
2,DOID:9409,diabetes insipidus,DOID:9409,diabetes insípida
1,DOID:9410,panhypopituitarism,DOID:9410,panhipopituitarismo
1,DOID:9415,allergic asthma,DOID:9415,asma alérgico
1,DOID:9423,blepharitis,DOID:9423,blefaritis
1,DOID:9427,hypertensive encephalopathy,DOID:9427,encefalopatía hipertensiva
1,DOID:9428,intracranial hypertension,DOID:9428,hipertensión intracraneal
1,DOID:9432,renal glycosuria,DOID:9432,glucosuria renal
1,DOID:9439,chronic cholangitis,DOID:9439,colangitis crónica
1,DOID:9442,cervical Mullerian papilloma,DOID:9442,papiloma mülleriano cervical
1,DOID:9445,cervix squamous papilloma,DOID:9445,papiloma escamoso del cuello uterino
1,DOID:9446,cholangitis,DOID:9446,colangitis
1,DOID:9452,steatotic liver disease,DOID:9452,Enfermedad hepática esteatósica
1,DOID:9455,lipid storage disease,DOID:9455,enfermedad de depósito lisosomal
1,DOID:9459,isthmus cancer,DOID:9459,cáncer de istmo
1,DOID:946,dientamoebiasis,DOID:946,dientamoebiasis
1,DOID:9460,uterine corpus cancer,DOID:9460,cáncer del cuerpo uterino
1,DOID:9461,exposure keratitis,DOID:9461,queratitis por exposición
1,DOID:9462,cholesteatoma of external ear,DOID:9462,colesteatoma del oído externo
1,DOID:9463,otitis externa,DOID:9463,otitis externa
1,DOID:9467,nail-patella syndrome,DOID:9467,síndrome uña-patela
2,DOID:9470,bacterial meningitis,DOID:9470,meningitis bacteriana
1,DOID:9471,meningitis,DOID:9471,meningitis
1,DOID:9473,mononeuritis of lower limb,DOID:9473,mononeuritis del miembro inferior
1,DOID:9476,Sheehan syndrome,DOID:9476,Síndrome de Sheehan
1,DOID:9477,pulmonary embolism,DOID:9477,embolia pulmonar
1,DOID:9478,postpartum depression,DOID:9478,depresión posparto
1,DOID:9483,ulcerative blepharitis,DOID:9483,blefaritis ulcerosa
1,DOID:949,chronic dacryoadenitis,DOID:949,dacrioadenitis crónica
1,DOID:9496,unilateral hypoactive labyrinth,DOID:9496,laberinto hipoactivo unilateral
1,DOID:9498,pulmonary eosinophilia,DOID:9498,eosinofilia pulmonar
1,DOID:9499,disseminated eosinophilic collagen disease,DOID:9499,enfermedad del colágeno eosinofílica diseminada
1,DOID:950,dacryoadenitis,DOID:950,dacrioadenitis
2,DOID:9500,leukocyte disease,DOID:9500,Enfermedad eucocitaria
1,DOID:9502,chronic eosinophilic pneumonia,DOID:9502,neumonía eosinofílica crónica
1,DOID:9503,Loeffler syndrome,DOID:9503,Síndrome de Loeffler
1,DOID:9504,benign mammary dysplasia,DOID:9504,displasia mamaria benigna
1,DOID:9505,cannabis abuse,DOID:9505,abuso de cannabis
1,DOID:9506,acute ethmoiditis,DOID:9506,etmoiditis aguda
1,DOID:9507,ethmoid sinusitis,DOID:9507,sinusitis etmoidal
1,DOID:9512,simple chronic conjunctivitis,DOID:9512,conjuntivitis crónica simple
1,DOID:9513,plasma cell leukemia,DOID:9513,leucemia de células plasmáticas
1,DOID:952,acute dacryoadenitis,DOID:952,dacrioadenitis aguda
1,DOID:9521,Laron syndrome,DOID:9521,Síndrome de Laron
1,DOID:9531,latent syphilis,DOID:9531,sífilis latente
1,DOID:9534,tuberculous pneumothorax,DOID:9534,neumotórax tuberculoso
1,DOID:9537,Lassa fever,DOID:9537,fiebre de Lassa
1,DOID:9538,multiple myeloma,DOID:9538,mieloma múltiple
1,DOID:9540,vascular skin disease,DOID:9540,enfermedad vascular de la piel
1,DOID:9541,osteosclerotic myeloma,DOID:9541,mieloma osteosclerótico
1,DOID:9544,refractory plasma cell neoplasm,DOID:9544,neoplasia de células plasmáticas refractaria
1,DOID:9547,non-secretory myeloma,DOID:9547,mieloma no secretor
1,DOID:9550,indolent plasma cell myeloma,DOID:9550,mieloma indolente de células plasmáticas
1,DOID:9551,smoldering myeloma,DOID:9551,mieloma latente
1,DOID:9553,adrenal gland disease,DOID:9553,enfermedad de la glándula suprarrenal
1,DOID:956,peripheral nerve schwannoma,DOID:956,schwannoma de nervio periférico
1,DOID:9561,nasopharyngeal disease,DOID:9561,La enfermedad nasofaríngea
1,DOID:9562,primary ciliary dyskinesia,DOID:9562,discinesia ciliar primaria
2,DOID:9563,bronchiectasis,DOID:9563,bronquiectasia
1,DOID:9574,choanal atresia,DOID:9574,atresia coanal
1,DOID:9577,neonatal candidiasis,DOID:9577,candidiasis neonatal
1,DOID:9584,Venezuelan equine encephalitis,DOID:9584,encefalitis equina venezolana
1,DOID:9588,encephalitis,DOID:9588,encefalitis
1,DOID:9589,urethral calculus,DOID:9589,cálculo uretral
1,DOID:959,esophagus squamous cell papilloma,DOID:959,papiloma de células escamosas del esófago
1,DOID:9590,lower urinary tract calculus,DOID:9590,cálculo en el tracto urinario inferior
1,DOID:9597,Krukenberg carcinoma,DOID:9597,Carcinoma de Krukenberg
1,DOID:9598,fasciitis,DOID:9598,fascitis
1,DOID:9599,proliferative fasciitis,DOID:9599,fascitis proliferativa
1,DOID:96,staphyloenterotoxemia,DOID:96,estafiloderotoxemia
1,DOID:960,esophagus leiomyoma,DOID:960,leiomioma esofágico
1,DOID:9600,plantar fasciitis,DOID:9600,fascitis plantar
1,DOID:9601,ischemic fasciitis,DOID:9601,fascitis isquémica
1,DOID:9602,necrotizing fasciitis,DOID:9602,fascitis necrosante
1,DOID:9603,intravascular fasciitis,DOID:9603,fascitis intravascular
1,DOID:961,neurofibroma of the esophagus,DOID:961,neurofibroma del esófago
1,DOID:9617,orthostatic proteinuria,DOID:9617,proteinuria ortostática
1,DOID:962,neurofibroma,DOID:962,neurofibroma
1,DOID:9620,vesicoureteral reflux,DOID:9620,reflujo vesicoureteral
1,DOID:9622,kidney hypertrophy,DOID:9622,hipertrofia renal
1,DOID:963,episodic ataxia,DOID:963,ataxia episódica
1,DOID:9631,Pelger-Huet anomaly,DOID:9631,anomalía de Pelger-Huet
1,DOID:9637,stomatitis,DOID:9637,estomatitis
1,DOID:9640,sarcocystosis,DOID:9640,sarcocistosis
1,DOID:9643,babesiosis,DOID:9643,babesiosis
1,DOID:9650,pathologic nystagmus,DOID:9650,nistagmo patológico
1,DOID:9651,systolic heart failure,DOID:9651,insuficiencia cardiaca sistólica
1,DOID:9655,oral mucosa leukoplakia,DOID:9655,leucoplasia de la mucosa oral
1,DOID:9663,aphthous stomatitis,DOID:9663,estomatitis aftosa
1,DOID:9667,placental abruption,DOID:9667,desprendimiento de placenta
1,DOID:9669,senile cataract,DOID:9669,catarata senil
1,DOID:9672,noma,DOID:9672,noma
1,DOID:9673,ulcerative stomatitis,DOID:9673,estomatitis ulcerosa
1,DOID:9675,pulmonary emphysema,DOID:9675,enfisema pulmonar
1,DOID:9681,cervical incompetence,DOID:9681,incompetencia cervical
1,DOID:9682,yellow fever,DOID:9682,fiebre amarilla
1,DOID:9694,toxic myocarditis,DOID:9694,miocarditis tóxica
1,DOID:9697,gonococcal keratitis,DOID:9697,queratitis gonocócica
1,DOID:9698,gonococcal endophthalmia,DOID:9698,endoftalmia gonocócica
1,DOID:9699,ophthalmia neonatorum,DOID:9699,oftalmia neonatal
1,DOID:970,tenosynovitis,DOID:970,tenosinovitis
1,DOID:9700,bacterial conjunctivitis,DOID:9700,conjuntivitis bacteriana
1,DOID:9709,rosacea conjunctivitis,DOID:9709,conjuntivitis rosácea
1,DOID:971,tendinitis,DOID:971,tendinitis
1,DOID:9714,occlusion of gallbladder,DOID:9714,oclusión de la vesícula biliar
1,DOID:9717,hydrops of gallbladder,DOID:9717,hidropesía de la vesícula biliar
1,DOID:9719,neovascular inflammatory vitreoretinopathy,DOID:9719,vitreorretinopatía inflamatoria neovascular
1,DOID:9720,vitreous disease,DOID:9720,enfermedad vítrea
1,DOID:9722,ophthalmia nodosa,DOID:9722,oftalmia nodosa
1,DOID:9723,vitreous abscess,DOID:9723,absceso vítreo
1,DOID:9724,purulent endophthalmitis,DOID:9724,endoftalmitis purulenta
1,DOID:9726,vitreous detachment,DOID:9726,desprendimiento vítreo
1,DOID:9733,renal tuberculosis,DOID:9733,tuberculosis renal
1,DOID:9735,acute allergic mucoid otitis media,DOID:9735,otitis media alérgica aguda mucoide
1,DOID:9736,blue drum syndrome,DOID:9736,síndrome del tímpano azul
1,DOID:9739,eustachian tube disease,DOID:9739,enfermedad de la trompa de Eustaquio
1,DOID:974,upper respiratory tract disease,DOID:974,enfermedad del tracto respiratorio superior
1,DOID:9740,postcholecystectomy syndrome,DOID:9740,síndrome postcolecistectomía
1,DOID:9741,biliary tract disease,DOID:9741,enfermedad del tracto biliar
1,DOID:9742,pelvic varices,DOID:9742,varices pélvicas
1,DOID:9743,diabetic neuropathy,DOID:9743,neuropatía diabética
2,DOID:9744,type 1 diabetes mellitus,DOID:9744,Diabetes mellitus de tipo 1
1,DOID:9745,perianal hematoma,DOID:9745,hematoma perianal
1,DOID:9746,hemorrhoid,DOID:9746,hemorroides
1,DOID:9749,internal hemorrhoid,DOID:9749,hemorroides internas
1,DOID:9754,ganglion or cyst of synovium/tendon/bursa,DOID:9754,ganglio o quiste de sinovio/tendón/bursa
1,DOID:9765,emphysematous cholecystitis,DOID:9765,colecistitis enfisematosa
1,DOID:9766,xanthogranulomatous cholecystitis,DOID:9766,colecistitis xantogranulomatosa
1,DOID:9767,myocardial stunning,DOID:9767,aturdimiento miocárdico
1,DOID:9768,heart aneurysm,DOID:9768,aneurisma cardíaco
1,DOID:9771,transient neonatal thrombocytopenia,DOID:9771,trombocitopenia neonatal transitoria
1,DOID:9773,female breast upper-outer quadrant cancer,DOID:9773,cáncer de mama en el cuadrante superior externo
1,DOID:9775,diastolic heart failure,DOID:9775,insuficiencia cardíaca diastólica
1,DOID:9776,Senile atrophy of choroid,DOID:9776,atrofia senil de la coroides
1,DOID:9778,irritable bowel syndrome,DOID:9778,síndrome del intestino irritable
1,DOID:9779,bowel dysfunction,DOID:9779,disfunción intestinal
1,DOID:9784,trichinosis,DOID:9784,triquinosis
1,DOID:9786,bulbar polio,DOID:9786,poliomielitis bulbar
1,DOID:9788,myositis fibrosa,DOID:9788,miositis fibrosa
1,DOID:979,angioid streaks of choroid,DOID:979,estrías angioides de la coroides
1,DOID:9790,toxocariasis,DOID:9790,toxocariasis
1,DOID:9794,hereditary choroidal atrophy,DOID:9794,atrofia coroidea hereditaria
1,DOID:9799,eye degenerative disease,DOID:9799,enfermedad degenerativa ocular
1,DOID:980,choroidal sclerosis,DOID:980,esclerosis coroidea
1,DOID:9801,tuberculous peritonitis,DOID:9801,peritonitis tuberculosa
1,DOID:9808,Goodpasture syndrome,DOID:9808,síndrome de Goodpasture
1,DOID:9809,hypersensitivity vasculitis,DOID:9809,vasculitis por hipersensibilidad
1,DOID:981,diffuse secondary choroid atrophy,DOID:981,atrofia coroidea secundaria difusa
1,DOID:9810,polyarteritis nodosa,DOID:9810,poliarteritis nodosa
1,DOID:9811,partial circumpapillary choroid dystrophy,DOID:9811,distrofia coroidea circumpapilar parcial
1,DOID:9820,central gyrate choroidal dystrophy,DOID:9820,distrofia coroidea central girada
1,DOID:9821,choroideremia,DOID:9821,coroideremia
1,DOID:9822,partial central choroid dystrophy,DOID:9822,distrofia coroidea central parcial
1,DOID:9828,neonatal abstinence syndrome,DOID:9828,síndrome de abstinencia neonatal
1,DOID:9834,hyperopia,DOID:9834,hipermetropía
1,DOID:9835,refractive error,DOID:9835,error refractivo
1,DOID:9837,hypertropia,DOID:9837,hipertropía
1,DOID:9838,cyclotropia,DOID:9838,ciclotropía
1,DOID:9839,accommodative esotropia,DOID:9839,esotropía acomodativa
1,DOID:9840,esotropia,DOID:9840,esotropía
1,DOID:9841,hypotropia,DOID:9841,hipotropía
1,DOID:9842,total circumpapillary dystrophy of choroid,DOID:9842,distrofia circumpapilar total de coroides
1,DOID:9843,monofixation syndrome,DOID:9843,síndrome de monofijación
1,DOID:9847,peripheral vertigo,DOID:9847,vértigo periférico
1,DOID:9848,endolymphatic hydrops,DOID:9848,hidropesía endolinfática
1,DOID:9849,Meniere's disease,DOID:9849,enfermedad de Meniere
1,DOID:9854,lingual-facial-buccal dyskinesia,DOID:9854,discinesia lingual-facial-bucal
1,DOID:9857,interstitial keratitis,DOID:9857,queratitis intersticial
1,DOID:9858,deep keratitis,DOID:9858,queratitis profunda
1,DOID:986,alopecia areata,DOID:986,alopecia areata
1,DOID:9861,miliary tuberculosis,DOID:9861,tuberculosis miliar
1,DOID:9867,toxic maculopathy,DOID:9867,maculopatía tóxica
1,DOID:9868,intestinal disaccharidase deficiency,DOID:9868,deficiencia de disacaridasa intestinal
1,DOID:9869,hereditary fructose intolerance syndrome,DOID:9869,síndrome de intolerancia hereditaria a la fructosa
1,DOID:987,alopecia,DOID:987,alopecia
1,DOID:9870,galactosemia,DOID:9870,galactosemia
1,DOID:9877,urethral gland abscess,DOID:9877,absceso de la glándula uretral
1,DOID:988,mitral valve prolapse,DOID:988,prolapso de la válvula mitral
1,DOID:9880,cardiovascular syphilis,DOID:9880,sífilis cardiovascular
1,DOID:9883,Becker muscular dystrophy,DOID:9883,Distrofia muscular de Becker
1,DOID:9884,muscular dystrophy,DOID:9884,distrofia muscular
1,DOID:9888,alternating esotropia,DOID:9888,esotropía alternante
1,DOID:9892,median arcuate ligament syndrome,DOID:9892,síndrome del ligamento mediano arqueado
1,DOID:9893,periodontosis,DOID:9893,periodontosis
1,DOID:9898,villonodular synovitis,DOID:9898,sinovitis villonodular
1,DOID:9903,meibomian cyst,DOID:9903,quiste de meibomio
1,DOID:9905,follicular mucinosis,DOID:9905,mucinosis folicular
1,DOID:9908,internal hordeolum,DOID:9908,hordeolum interno
1,DOID:9909,hordeolum,DOID:9909,hordeolum
1,DOID:9910,central corneal ulcer,DOID:9910,úlcera corneal central
1,DOID:9911,infected hydrocele,DOID:9911,hidrocele infectado
1,DOID:9912,hydrocele,DOID:9912,hidrocele
1,DOID:992,Omsk hemorrhagic fever,DOID:992,fiebre hemorrágica de Omsk
1,DOID:9923,developmental coordination disorder,DOID:9923,trastorno del desarrollo de la coordinación
1,DOID:9931,Waterhouse-Friderichsen syndrome,DOID:9931,síndrome de Waterhouse-Friderichsen
1,DOID:9935,chronic inflammation of lacrimal passage,DOID:9935,inflamación crónica del conducto lagrimal
1,DOID:9936,chronic canaliculitis,DOID:9936,canaliculitis crónica
1,DOID:9937,chronic dacryocystitis,DOID:9937,dacriocistitis crónica
1,DOID:9938,dacryocystitis,DOID:9938,dacriocistitis
1,DOID:9939,dacryocystocele,DOID:9939,dacriocistocele
1,DOID:9942,lymph node disease,DOID:9942,enfermedad de los ganglios linfáticos
1,DOID:9945,constant exophthalmos,DOID:9945,exoftalmos constante
1,DOID:9946,steroid-induced glaucoma,DOID:9946,glaucoma inducido por esteroides
1,DOID:9948,residual stage corticosteroid-induced glaucoma,DOID:9948,glaucoma inducido por corticosteroides en estadio residual
1,DOID:9952,acute lymphoblastic leukemia,DOID:9952,leucemia linfoblástica aguda
2,DOID:9953,acute biphenotypic leukemia,DOID:9953,Leucemia aguda bifenotípica
1,DOID:9954,null-cell leukemia,DOID:9954,leucemia de células nulas
1,DOID:9957,periostitis,DOID:9957,periostitis
1,DOID:9958,hemometra,DOID:9958,hemometra
1,DOID:9965,toxoplasmosis,DOID:9965,toxoplasmosis
1,DOID:9969,carotenemia,DOID:9969,carotenemia
1,DOID:997,uterine inversion,DOID:997,inversión uterina
1,DOID:9970,obesity,DOID:9970,obesidad
1,DOID:9971,hypervitaminosis D,DOID:9971,hipervitaminosis D
1,DOID:9972,hypervitaminosis A,DOID:9972,hipervitaminosis A
1,DOID:9973,substance dependence,DOID:9973,dependencia de sustancias
1,DOID:9974,drug dependence,DOID:9974,drogodependencia
1,DOID:9975,cocaine dependence,DOID:9975,dependencia de la cocaína
1,DOID:9976,heroin dependence,DOID:9976,dependencia de la heroína
1,DOID:9977,hallucinogen dependence,DOID:9977,dependencia de alucinógenos
1,DOID:9978,acute female pelvic peritonitis,DOID:9978,peritonitis pélvica aguda femenina
1,DOID:998,eosinophilia-myalgia syndrome,DOID:998,síndrome eosinofilia-mialgia
1,DOID:9986,orbit lymphoma,DOID:9986,linfoma orbital
1,DOID:9987,orbit sarcoma,DOID:9987,sarcoma orbital
1,DOID:9988,tertiary neurosyphilis,DOID:9988,neurosífilis terciaria
1,DOID:999,hypereosinophilic syndrome,DOID:999,síndrome hipereosinofílico
1,DOID:9993,hypoglycemia,DOID:9993,hipoglucemia
1,DOID:9997,peripartum cardiomyopathy,DOID:9997,cardiomiopatía periparto
